Arrival Date,Market,Actual Price,Previous Price,Predicted Change,Hybrid Predicted Price
2026-06-30,Sankarankoil(Uzhavar Sandhai ),30.0,30.0,-2.1636379,27.83636212348938
2026-06-30,Kahithapattarai(Uzhavar Sandhai ),17.0,18.0,0.37125766,18.371257662773132
2026-06-30,Mayiladuthurai(Uzhavar Sandhai ),27.5,27.5,-0.13896215,27.361037850379944
2026-06-30,Peravurani(Uzhavar Sandhai),25.0,30.0,-2.096862,27.903137922286987
2026-06-30,Melur(Uzhavar Sandhai ),22.5,22.5,-0.57054114,21.92945885658264
2026-06-30,Pallapatti (Uzhavar Sandhai ),24.0,24.0,-1.1098452,22.89015483856201
2026-06-30,Sunguvarchatram(Uzhavar Sandhai ),25.0,25.0,-1.6080087,23.39199125766754
2026-06-30,Gudiyatham(Uzhavar Sandhai ),15.0,17.5,-0.17558876,17.324411243200302
2026-06-30,Athur(Uzhavar Sandhai ),16.5,17.5,-0.045955554,17.454044446349144
2026-06-30,Aruppukottai(Uzhavar Sandhai ),22.5,27.5,-2.315721,25.184278964996338
2026-06-30,Jeyankondam (Uzhavar Sandhai ),26.0,27.5,-1.3245012,26.175498843193054
2026-06-30,Ramanathapuram(Uzhavar Sandhai ),37.5,32.5,-1.1368816,31.363118410110474
2026-06-30,Padappai(Uzhavar Sandhai ),21.5,25.0,-1.9264348,23.073565244674683
2026-06-30,Medavakkam(Uzhavar Sandhai ),25.0,32.5,-3.8643305,28.635669469833374
2026-06-30,Ambattur(Uzhavar Sandhai ),35.0,35.0,-3.0325148,31.967485189437866
2026-06-30,Jameenrayapettai(Uzhavar Sandhai ),22.5,22.5,-0.3741355,22.125864505767822
2026-06-30,Melapalayam(Uzhavar Sandhai ),29.0,29.0,-1.2984606,27.701539397239685
2026-06-30,Vedasanthur(Uzhavar Sandhai ),17.5,17.5,1.1934435,18.693443536758423
2026-06-30,Vazhapadi(Uzhavar Sandhai),16.5,17.5,-0.4534889,17.046511113643646
2026-06-30,Tiruvannamalai(Uzhavar Sandhai ),16.5,17.5,-0.4019403,17.098059713840485
2026-06-30,Edapadi (Uzhavar Sandhai ),18.0,18.0,-0.050219625,17.949780374765396
2026-06-30,Viralimalai(Uzhavar Sandhai ),22.5,22.5,-0.82855636,21.67144364118576
2026-06-30,Palani(Uzhavar Sandhai ),17.5,17.5,-0.4716632,17.02833679318428
2026-06-30,Elampillai(Uzhavar Sandhai ),16.5,18.0,-0.059521325,17.940478675067425
2026-06-30,Tiruvallur(Uzhavar Sandhai ),32.5,30.0,0.14899836,30.148998364806175
2026-06-30,Usilampatti(Uzhavar Sandhai ),22.5,22.0,-0.18223353,21.817766472697258
2026-06-30,Bodinayakanur(Uzhavar Sandhai ),20.0,18.0,-0.10800726,17.89199274033308
2026-06-30,Coonoor(Uzhavar Sandhai ),25.0,27.0,-0.6810845,26.318915486335754
2026-06-30,Vaniyampadi(Uzhavar Sandhai ),20.0,20.0,-0.81349236,19.186507642269135
2026-06-30,Tiruthani(Uzhavar Sandhai ),20.0,20.0,-0.5635398,19.436460196971893
2026-06-30,Sampath Nagar(Uzhavar Sandhai ),21.0,19.0,-0.19694428,18.803055718541145
2026-06-30,Paramakudi(Uzhavar Sandhai ),32.5,32.5,-1.8228725,30.677127480506897
2026-06-30,Kaveripattinam(Uzhavar Sandhai ),20.0,20.0,-0.25722045,19.742779552936554
2026-06-30,Mecheri(Uzhavar Sandhai),16.5,16.5,-0.08855423,16.411445766687393
2026-06-30,Panruti(Uzhavar Sandhai ),20.0,20.0,-0.2315522,19.768447801470757
2026-06-30,Thalavadi(Uzhavar Sandhai ),14.0,14.0,0.8266513,14.826651275157928
2026-06-30,Ammapet(Uzhavar Sandhai ),16.5,17.0,-0.23121218,16.768787816166878
2026-06-30,KKNagar(Uzhavar Sandhai ),26.0,28.0,-1.2668241,26.73317587375641
2026-06-30,Paramathivelur(Uzhavar Sandhai ),25.0,26.0,-1.7530216,24.246978402137756
2026-06-30,Krishnagiri(Uzhavar Sandhai ),13.0,13.0,0.5421369,13.542136907577515
2026-06-30,Rasipuram(Uzhavar Sandhai ),16.0,16.0,1.1260118,17.126011848449707
2026-06-30,Virudhunagar(Uzhavar Sandhai ),22.5,18.0,2.0371785,20.03717851638794
2026-06-30,Dindigul(Uzhavar Sandhai ),22.0,18.0,0.090762295,18.09076229482889
2026-06-30,Keelpennathur(Uzhavar Sandhai ),25.0,25.0,-1.664196,23.335803985595703
2026-06-30,Ranipettai(Uzhavar Sandhai ),18.0,18.0,0.36802799,18.368027985095978
2026-06-30,Palayamkottai(Uzhavar Sandhai ),29.0,27.5,0.4963502,27.996350198984146
2026-06-30,Nagapattinam(Uzhavar Sandhai ),32.5,32.5,-0.84855425,31.651445746421814
2026-06-30,Chengam(Uzhavar Sandhai ),22.5,22.5,-0.5918365,21.908163487911224
2026-06-30,Gandarvakottai(Uzhavar Sandhai ),22.5,22.5,-0.26594794,22.234052062034607
2026-06-30,Nanganallur(Uzhavar Sandhai ),27.5,27.5,-1.1083108,26.39168918132782
2026-06-30,Theni(Uzhavar Sandhai ),18.0,15.0,0.54639906,15.546399056911469
2026-06-30,Tamarainagar(Uzhavar Sandhai ),16.5,18.0,-0.12548925,17.874510750174522
2026-06-30,Vadavalli(Uzhavar Sandhai ),16.5,18.0,0.2507935,18.250793486833572
2026-06-30,Devaram(Uzhavar Sandhai ),20.0,20.0,-0.665301,19.334698975086212
2026-06-30,Thirupathur APMC,20.0,20.0,-0.19481468,19.805185317993164
2026-06-30,Kurichi(Uzhavar Sandhai ),20.0,20.0,-0.1539802,19.84601980447769
2026-06-30,Ariyalur(Uzhavar Sandhai),26.0,27.5,-2.0351725,25.46482753753662
2026-06-30,Kangayam(Uzhavar Sandhai ),16.5,17.5,0.3171186,17.81711858510971
2026-06-30,Alangudi(Uzhavar Sandhai ),22.5,22.5,-0.42229015,22.07770985364914
2026-06-30,Thiruverumbur(Uzhavar Sandhai ),25.0,22.0,-0.36388108,21.636118918657303
2026-06-30,Hasthampatti(Uzhavar Sandhai ),16.5,17.0,-0.13797376,16.86202624440193
2026-06-30,Sivagangai (Uzhavar Sandhai ),24.0,24.0,-0.43731138,23.56268861889839
2026-06-30,Pollachi(Uzhavar Sandhai ),20.0,22.0,-0.86053985,21.139460146427155
2026-06-30,Arcot(Uzhavar Sandhai ),20.0,20.0,-0.42490354,19.57509645819664
2026-06-30,Katpadi (Uzhavar Sandhai ),18.0,18.0,0.3395301,18.339530110359192
2026-06-30,Pennagaram(Uzhavar Sandhai ),17.5,14.5,0.69635224,15.196352243423462
2026-06-30,Mohanur(Uzhavar Sandhai ),25.0,27.0,-1.5273439,25.47265613079071
2026-06-30,Kovilpatti(Uzhavar Sandhai ),22.5,22.5,-0.46870098,22.031299024820328
2026-06-30,Villupuram(Uzhavar Sandhai ),22.5,22.5,-0.46428975,22.035710245370865
2026-06-30,Thuraiyur APMC,22.5,21.0,-0.16151983,20.838480174541473
2026-06-30,Udhagamandalam(Uzhavar Sandhai ),23.0,26.5,-1.5598285,24.940171480178833
2026-06-30,Sirkali(Uzhavar Sandhai ),27.5,27.5,-0.18797484,27.312025159597397
2026-06-30,Devakottai (Uzhavar Sandhai ),27.5,27.5,-1.5929512,25.90704882144928
2026-06-30,Needamangalam(Uzhavar Sandhai ),22.0,18.0,0.41486174,18.414861738681793
2026-06-30,Sundarapuram(Uzhavar Sandhai ),20.0,20.0,-0.3725288,19.627471208572388
2026-06-30,Madhuranthagam(Uzhavar Sandhai ),30.0,30.0,-0.7348583,29.26514172554016
2026-06-30,Papanasam(Uzhavar Sandhai ),27.0,27.0,-0.6795754,26.320424616336823
2026-06-30,Lalgudi(Uzhavar Sandhai ),24.0,22.0,-0.2386969,21.76130309700966
2026-06-30,Sivakasi(Uzhavar Sandhai ),23.5,17.5,1.6293616,19.129361629486084
2026-06-30,Karaikudi(Uzhavar Sandhai ),26.0,26.0,-1.1323855,24.86761450767517
2026-06-30,Palanganatham(Uzhavar Sandhai ),22.5,22.5,-0.33981758,22.160182416439056
2026-06-30,Kumarapalayam(Uzhavar Sandhai ),17.5,17.5,1.100816,18.600816011428833
2026-06-30,Karimangalam(Uzhavar Sandhai),16.5,17.0,-0.3349307,16.665069311857224
2026-06-30,Sulur(Uzhavar Sandhai ),20.0,21.5,-0.8533575,20.64664250612259
2026-06-30,Vadalur(Uzhavar Sandhai ),20.0,20.0,0.0721444,20.072144396603107
2026-06-30,Harur(Uzhavar Sandhai ),16.5,16.5,0.22650236,16.72650235891342
2026-06-30,Anna nagar(Uzhavar Sandhai ),25.0,22.5,-0.2746098,22.225390195846558
2026-06-30,Cheyyar(Uzhavar Sandhai ),17.5,18.0,0.8895188,18.889518797397614
2026-06-30,Karur(Uzhavar Sandhai ),22.5,22.5,-0.32410946,22.175890535116196
2026-06-30,Chidambaram(Uzhavar Sandhai ),20.0,20.0,-0.014281687,19.98571831267327
2026-06-30,Thirukalukundram(Uzhavar Sandhai ),17.5,17.5,1.7760401,19.276040077209473
2026-06-30,Ambasamudram(Uzhavar Sandhai ),31.5,27.5,0.55327773,28.053277730941772
2026-06-30,Srivilliputhur(Uzhavar Sandhai ),18.5,18.5,0.25720835,18.757208347320557
2026-06-30,Vadaseri APMC,28.5,28.5,0.14172369,28.641723692417145
2026-06-30,Anaiyur(Uzhavar Sandhai ),22.5,22.0,-0.18468769,21.815312311053276
2026-06-30,Perambakkam(Uzhavar Sandhai ),32.5,30.0,-0.32402635,29.675973653793335
2026-06-30,Dharmapuri(Uzhavar Sandhai ),17.5,14.5,0.36888984,14.868889838457108
2026-06-30,Udumalpet APMC,22.5,22.5,-0.2761614,22.223838597536087
2026-06-30,Musiri(Uzhavar Sandhai ),22.0,22.0,-0.34040377,21.659596234560013
2026-06-30,Kumbakonam (Uzhavar Sandhai ),26.0,27.0,-1.4048594,25.59514057636261
2026-06-30,Chokkikulam(Uzhavar Sandhai ),22.5,22.5,-0.31296748,22.187032520771027
2026-06-30,Vellore APMC,18.0,17.0,0.40619376,17.406193763017654
2026-06-30,Karambakkudi(Uzhavar Sandhai ),22.5,22.5,-0.7756203,21.72437971830368
2026-06-30,Vedaranyam(Uzhavar Sandhai),35.0,35.0,-1.8941633,33.10583674907684
2026-06-30,Gobichettipalayam(Uzhavar Sandhai ),19.0,19.0,-0.036301766,18.963698234409094
2026-06-30,Thirumangalam(Uzhavar Sandhai ),22.5,22.5,-0.21886612,22.281133875250816
2026-06-30,Myladi(Uzhavar Sandhai ),27.5,27.5,-0.35802263,27.14197736978531
2026-06-30,Sooramangalam(Uzhavar Sandhai ),12.5,16.5,0.1203948,16.620394803583622
2026-06-30,Attayampatti(Uzhavar Sandhai ),16.5,18.0,-0.55227655,17.44772344827652
2026-06-30,Kundrathur(Uzhavar Sandhai ),25.0,25.0,-1.1771668,23.82283318042755
2026-06-30,Perambalur(Uzhavar Sandhai ),25.0,25.0,-0.38728654,24.61271345615387
2026-06-30,Gingee(Uzhavar Sandhai ),15.0,15.0,0.93272173,15.932721734046936
2026-06-30,Kandiyaperi(Uzhavar Sandhai ),29.0,29.0,-1.1055368,27.894463181495667
2026-06-30,Velayuthampalayam(Uzhavar Sandhai ),22.5,22.5,-0.5293308,21.970669209957123
2026-06-30,Tiruchengode APMC,23.5,24.0,-1.4771943,22.52280569076538
2026-06-30,Tenkasi(Uzhavar Sandhai ),25.0,25.0,-0.8903332,24.10966682434082
2026-06-30,Thathakapatti(Uzhavar Sandhai ),16.0,16.0,0.3428095,16.34280949831009
2026-06-30,Singampunari(Uzhavar Sandhai ),24.0,24.0,-0.45497707,23.545022934675217
2026-06-30,Mettur(Uzhavar Sandhai ),15.5,15.0,0.8235327,15.823532700538635
2026-06-30,Chinnalapatti(Uzhavar Sandhai ),22.0,18.0,-0.239096,17.760903999209404
2026-06-30,AJattihalli(Uzhavar Sandhai ),16.5,13.5,1.391938,14.891937971115112
2026-06-30,Periyar Nagar(Uzhavar Sandhai ),21.0,19.0,-0.21942931,18.780570685863495
2026-06-30,Palladam(Uzhavar Sandhai ),22.0,22.0,-0.33223695,21.66776305437088
2026-06-30,Sathur(Uzhavar Sandhai ),17.5,27.5,-0.80910826,26.6908917427063
2026-06-30,Gudalur(Uzhavar Sandhai ),23.5,23.5,-0.16846353,23.33153647184372
2026-06-30,Dharapuram(Uzhavar Sandhai ),22.5,22.5,-0.41537526,22.084624737501144
2026-06-30,Sankarapuram(Uzhavar Sandhai ),25.0,25.0,-1.6620905,23.33790946006775
2026-06-30,Ponnamaravathi(Uzhavar Sandhai),22.5,22.5,-1.022075,21.477924942970276
2026-06-30,Gandhigramam(Uzhavar Sandhai),22.5,22.5,-0.5049904,21.99500960111618
2026-06-30,NGO Colony(Uzhavar Sandhai ),26.0,26.0,-0.3220512,25.67794880270958
2026-06-30,Kambam(Uzhavar Sandhai ),19.0,17.0,0.08392984,17.08392983675003
2026-06-30,Mettupalayam(Uzhavar Sandhai ),20.0,22.0,-0.48950574,21.510494261980057
2026-06-30,Ulundurpettai APMC,20.0,20.0,0.12448787,20.12448786944151
2026-06-30,Chengalpet(Uzhavar Sandhai ),22.5,27.5,-1.3786584,26.121341586112976
2026-06-30,Vandavasi(Uzhavar Sandhai ),13.5,13.5,2.2663078,15.766307830810547
2026-06-30,Kulithalai(Uzhavar Sandhai ),22.0,22.0,-0.37530428,21.62469571828842
2026-06-30,Palacode(Uzhavar Sandhai ),17.0,15.0,0.36624008,15.366240084171295
2026-06-30,Tirupatthur(Uzhavar Sandhai ),27.5,27.5,-1.0731075,26.426892518997192
2026-06-30,Tuticorin(Uzhavar Sandhai ),27.5,27.5,-1.6311059,25.86889410018921
2026-06-30,Pattukottai(Uzhavar Sandhai ),26.0,26.0,-0.91434246,25.08565753698349
2026-06-30,Muthupettai(Uzhavar Sandhai ),22.0,20.0,-0.019767905,19.980232095345855
2026-06-30,Mannargudi II(Uzhavar Sandhai ),24.0,22.0,-0.33259782,21.667402178049088
2026-06-30,RSPuram(Uzhavar Sandhai ),19.0,16.0,0.419507,16.41950699687004
2026-06-30,Kariyapatti(Uzhavar Sandhai ),22.5,19.0,0.53671694,19.5367169380188
2026-06-30,Denkanikottai(Uzhavar Sandhai ),17.5,17.5,-0.47961822,17.020381778478622
2026-06-30,Polur(Uzhavar Sandhai ),17.5,17.5,1.6087419,19.108741879463196
2026-06-30,Guduvancheri(Uzhavar Sandhai ),22.5,22.5,-0.2587285,22.241271495819092
2026-06-30,Arani(Uzhavar Sandhai ),17.5,17.5,1.7536074,19.253607392311096
2026-06-30,Tindivanam APMC,16.0,16.0,-0.0021171505,15.997882849536836
2026-06-30,Pallavaram(Uzhavar Sandhai ),22.5,22.5,-0.48923185,22.0107681453228
2026-06-30,Aranthangi(Uzhavar Sandhai ),22.5,22.5,-0.20024754,22.299752458930016
2026-06-30,Periyakulam(Uzhavar Sandhai ),19.0,19.0,-0.26802805,18.731971949338913
2026-06-30,Viruthachalam(Uzhavar Sandhai ),20.0,20.0,0.24444185,20.244441851973534
2026-06-30,Tiruppur (North) (Uzhavar Sandhai ),23.0,20.0,0.051186733,20.051186732947826
2026-06-30,Sathiyamagalam(Uzhavar Sandhai ),16.0,16.0,0.50495225,16.504952251911163
2026-06-30,Chinnamanur(Uzhavar Sandhai ),20.0,18.5,-0.47051302,18.02948698401451
2026-06-30,Jalagandapuram(Uzhavar Sandhai ),16.5,16.5,0.14223377,16.64223377406597
2026-06-30,Singanallur(Uzhavar Sandhai ),21.5,21.5,-0.8885834,20.611416578292847
2026-06-30,Thanjavur(Uzhavar Sandhai ),24.0,24.0,-0.95964795,23.040352046489716
2026-06-30,Naravarikuppam(Uzhavar Sandhai ),30.0,30.0,-1.2970623,28.702937722206116
2026-06-30,Manachanallur(Uzhavar Sandhai ),26.0,22.0,-0.3134659,21.686534106731415
2026-06-30,Valangaiman APMC,24.0,20.0,-0.27373683,19.726263165473938
2026-06-30,Hosur(Uzhavar Sandhai ),17.5,17.5,-0.5050103,16.994989693164825
2026-06-30,Manapparai(Uzhavar Sandhai ),25.0,22.0,-0.32625097,21.673749029636383
2026-06-30,Paruthipattu(Uzhavar Sandhai ),30.0,30.0,-1.400029,28.599971055984497
2026-07-01,Peravurani(Uzhavar Sandhai),25.0,25.0,0.6861847,25.68618470430374
2026-07-01,Vadalur(Uzhavar Sandhai ),20.0,20.0,1.4722149,21.472214937210083
2026-07-01,Palani(Uzhavar Sandhai ),22.5,17.5,1.612472,19.11247205734253
2026-07-01,Cheyyar(Uzhavar Sandhai ),22.5,17.5,3.2606263,20.760626316070557
2026-07-01,Ambasamudram(Uzhavar Sandhai ),31.5,31.5,-1.8495799,29.65042006969452
2026-07-01,Periyar Nagar(Uzhavar Sandhai ),22.5,21.0,0.23380016,21.233800157904625
2026-07-01,Thalavadi(Uzhavar Sandhai ),16.5,14.0,1.4676003,15.467600345611572
2026-07-01,Keelpennathur(Uzhavar Sandhai ),25.0,25.0,-1.3319247,23.66807532310486
2026-07-01,Krishnagiri(Uzhavar Sandhai ),14.0,13.0,0.24265103,13.242651030421257
2026-07-01,Periyakulam(Uzhavar Sandhai ),22.0,19.0,1.306507,20.306506991386414
2026-07-01,Kovilpatti(Uzhavar Sandhai ),27.5,22.5,0.36857536,22.868575364351273
2026-07-01,Usilampatti(Uzhavar Sandhai ),27.5,22.5,0.4773378,22.977337807416916
2026-07-01,Katpadi (Uzhavar Sandhai ),22.0,18.0,1.4330552,19.43305516242981
2026-07-01,Thalavaipuram(Uzhavar Sandhai ),22.5,18.0,2.3127065,20.312706470489502
2026-07-01,Panruti(Uzhavar Sandhai ),20.0,20.0,1.3506477,21.350647687911987
2026-07-01,Kaveripattinam(Uzhavar Sandhai ),20.0,20.0,1.0601646,21.06016457080841
2026-07-01,Tamarainagar(Uzhavar Sandhai ),22.5,16.5,1.8860041,18.386004090309143
2026-07-01,Thammampatti (Uzhavar Sandhai ),16.0,17.5,1.5815024,19.081502437591553
2026-07-01,Myladi(Uzhavar Sandhai ),27.5,27.5,-1.0820035,26.417996525764465
2026-07-01,NGO Colony(Uzhavar Sandhai ),26.5,26.0,-0.24819122,25.751808777451515
2026-07-01,Andipatti(Uzhavar Sandhai ),23.0,19.0,1.3390397,20.33903968334198
2026-07-01,Vellore APMC,19.0,18.0,0.8448833,18.84488332271576
2026-07-01,Dharapuram(Uzhavar Sandhai ),22.5,22.5,0.28702307,22.787023067474365
2026-07-01,Thanjavur(Uzhavar Sandhai ),28.0,24.0,-0.5877571,23.412242889404297
2026-07-01,Tenkasi(Uzhavar Sandhai ),27.5,25.0,-1.252044,23.747956037521362
2026-07-01,Attayampatti(Uzhavar Sandhai ),21.0,16.5,1.84604,18.34604001045227
2026-07-01,Thuraiyur APMC,30.0,22.5,0.30060866,22.800608664751053
2026-07-01,Villupuram(Uzhavar Sandhai ),27.5,22.5,0.5443844,23.04438441991806
2026-07-01,Mohanur(Uzhavar Sandhai ),25.0,25.0,-0.8624391,24.13756090402603
2026-07-01,Dindigul(Uzhavar Sandhai ),27.5,22.0,0.37443596,22.37443596124649
2026-07-01,Thirukalukundram(Uzhavar Sandhai ),17.5,17.5,2.6209002,20.12090015411377
2026-07-01,Rasipuram(Uzhavar Sandhai ),19.0,16.0,1.8514154,17.851415395736694
2026-07-01,Sathiyamagalam(Uzhavar Sandhai ),17.5,16.0,1.5818691,17.58186912536621
2026-07-01,Palacode(Uzhavar Sandhai ),17.0,17.0,1.0019727,18.001972675323486
2026-07-01,Srivilliputhur(Uzhavar Sandhai ),18.5,18.5,1.5034645,20.003464460372925
2026-07-01,Vadaseri APMC,42.5,28.5,0.6311069,29.131106913089752
2026-07-01,Paramathivelur(Uzhavar Sandhai ),26.0,25.0,-1.3981794,23.601820588111877
2026-07-01,KKNagar(Uzhavar Sandhai ),30.0,26.0,-0.42557305,25.5744269490242
2026-07-01,Lalgudi(Uzhavar Sandhai ),26.0,24.0,-0.6924689,23.307531118392944
2026-07-01,Ammapet(Uzhavar Sandhai ),17.5,16.5,1.220211,17.720211029052734
2026-07-01,Anaiyur(Uzhavar Sandhai ),27.5,22.5,0.4730838,22.973083794116974
2026-07-01,Pennagaram(Uzhavar Sandhai ),19.0,17.5,0.9534111,18.453411102294922
2026-07-01,Mettupalayam(Uzhavar Sandhai ),26.0,20.0,1.4984863,21.498486280441284
2026-07-01,Tirupatthur(Uzhavar Sandhai ),31.0,27.5,-1.8487504,25.651249647140503
2026-07-01,Melur(Uzhavar Sandhai ),27.5,22.5,0.75663954,23.256639540195465
2026-07-01,Udhagamandalam(Uzhavar Sandhai ),26.5,23.0,-0.12616803,22.87383197247982
2026-07-01,Sirkali(Uzhavar Sandhai ),22.5,27.5,-0.5284736,26.971526384353638
2026-07-01,Elampillai(Uzhavar Sandhai ),21.0,16.5,1.8180399,18.318039894104004
2026-07-01,Papanasam(Uzhavar Sandhai ),30.0,27.0,-0.59154546,26.408454537391663
2026-07-01,Mannargudi I(Uzhavar Sandhai ),28.0,20.0,1.5214474,21.52144742012024
2026-07-01,Chengam(Uzhavar Sandhai ),22.5,22.5,0.40314814,22.903148144483566
2026-07-01,Perundurai(Uzhavar Sandhai ),18.0,19.0,1.1917169,20.19171690940857
2026-07-01,Tiruvallur(Uzhavar Sandhai ),30.0,32.5,-0.47665098,32.02334901690483
2026-07-01,Kumarapalayam(Uzhavar Sandhai ),16.0,17.5,1.5878105,19.087810516357422
2026-07-01,Madhuranthagam(Uzhavar Sandhai ),30.0,30.0,0.06613288,30.06613288074732
2026-07-01,Arcot(Uzhavar Sandhai ),20.0,20.0,1.1155889,21.115588903427124
2026-07-01,Bodinayakanur(Uzhavar Sandhai ),24.0,20.0,1.1198258,21.119825839996338
2026-07-01,Natrampalli(Uzhavar Sandhai ),17.5,17.5,1.6693219,19.16932189464569
2026-07-01,Karimangalam(Uzhavar Sandhai),19.0,16.5,1.1329906,17.63299059867859
2026-07-01,Harur(Uzhavar Sandhai ),16.5,16.5,1.1602907,17.660290718078613
2026-07-01,Vandavasi(Uzhavar Sandhai ),18.0,13.5,3.5748923,17.074892282485962
2026-07-01,Pollachi(Uzhavar Sandhai ),25.0,20.0,1.1864034,21.186403393745422
2026-07-01,Pallikonda(Uzhavar Sandhai),19.0,19.0,1.1748365,20.17483651638031
2026-07-01,Anna nagar(Uzhavar Sandhai ),25.0,25.0,-1.984103,23.015897035598755
2026-07-01,Devakottai (Uzhavar Sandhai ),31.0,27.5,-1.6578277,25.842172265052795
2026-07-01,Kandiyaperi(Uzhavar Sandhai ),31.5,29.0,-0.21748525,28.78251475095749
2026-07-01,Sulur(Uzhavar Sandhai ),26.0,20.0,0.7082464,20.708246409893036
2026-07-01,Vedaranyam(Uzhavar Sandhai),33.5,35.0,-1.2725645,33.72743546962738
2026-07-01,Perambakkam(Uzhavar Sandhai ),30.0,32.5,-1.3718768,31.12812316417694
2026-07-01,Sooramangalam(Uzhavar Sandhai ),16.5,12.5,2.9080276,15.408027648925781
2026-07-01,Kurichi(Uzhavar Sandhai ),20.0,20.0,0.8281907,20.828190684318542
2026-07-01,Paruthipattu(Uzhavar Sandhai ),30.0,30.0,-1.3369447,28.663055300712585
2026-07-01,Chinnalapatti(Uzhavar Sandhai ),25.0,22.0,-0.2981495,21.70185050368309
2026-07-01,Thirupathur APMC,20.0,20.0,0.9010202,20.901020228862762
2026-07-01,Aranthangi(Uzhavar Sandhai ),22.5,22.5,0.30136973,22.801369726657867
2026-07-01,Kahithapattarai(Uzhavar Sandhai ),16.0,17.0,1.1796008,18.179600834846497
2026-07-01,Vadavalli(Uzhavar Sandhai ),20.0,16.5,2.0755627,18.575562715530396
2026-07-01,Mayiladuthurai(Uzhavar Sandhai ),22.5,27.5,-0.5601461,26.93985390663147
2026-07-01,Gandarvakottai(Uzhavar Sandhai ),22.5,22.5,-0.23091468,22.269085317850113
2026-07-01,Palanganatham(Uzhavar Sandhai ),26.5,22.5,0.26450774,22.764507740736008
2026-07-01,Kundrathur(Uzhavar Sandhai ),30.0,25.0,-0.90418154,24.09581845998764
2026-07-01,RSPuram(Uzhavar Sandhai ),21.0,19.0,0.853912,19.853911995887756
2026-07-01,Nanganallur(Uzhavar Sandhai ),27.5,27.5,-1.3021994,26.197800636291504
2026-07-01,Sankarankoil(Uzhavar Sandhai ),30.0,30.0,-1.7393868,28.260613203048706
2026-07-01,Needamangalam(Uzhavar Sandhai ),26.0,22.0,-0.1908282,21.80917179584503
2026-07-01,Karaikudi(Uzhavar Sandhai ),30.0,26.0,-1.2090558,24.79094421863556
2026-07-01,Pallapatti (Uzhavar Sandhai ),26.5,24.0,-0.6063124,23.39368760585785
2026-07-01,Coonoor(Uzhavar Sandhai ),24.0,25.0,-0.12939295,24.870607048273087
2026-07-01,Ariyalur(Uzhavar Sandhai),32.0,26.0,-0.8501854,25.14981460571289
2026-07-01,Tiruthani(Uzhavar Sandhai ),20.0,20.0,0.8182847,20.818284690380096
2026-07-01,Dharmapuri(Uzhavar Sandhai ),19.0,17.5,0.8357279,18.335727870464325
2026-07-01,Sankarapuram(Uzhavar Sandhai ),28.0,25.0,-1.3092374,23.690762639045715
2026-07-01,Udumalpet APMC,22.5,22.5,0.12923095,22.629230946302414
2026-07-01,Pudukottai(Uzhavar Sandhai ),25.0,22.5,0.49258268,22.99258267879486
2026-07-01,Tiruppur (North) (Uzhavar Sandhai ),23.0,23.0,-0.898407,22.101593017578125
2026-07-01,Kumbakonam (Uzhavar Sandhai ),30.0,26.0,-0.67821383,25.321786165237427
2026-07-01,Hasthampatti(Uzhavar Sandhai ),20.0,16.5,1.5229073,18.022907257080078
2026-07-01,Mecheri(Uzhavar Sandhai),22.0,16.5,1.8555763,18.355576276779175
2026-07-01,Gandhigramam(Uzhavar Sandhai),26.5,22.5,0.18279894,22.68279893696308
2026-07-01,Mannargudi II(Uzhavar Sandhai ),28.0,24.0,-1.0617458,22.938254237174988
2026-07-01,Thiruverumbur(Uzhavar Sandhai ),30.0,25.0,-1.6507616,23.349238395690918
2026-07-01,Alangudi(Uzhavar Sandhai ),22.5,22.5,-0.23516873,22.26483127474785
2026-07-01,Karambakkudi(Uzhavar Sandhai ),22.5,22.5,-0.13097154,22.369028463959694
2026-07-01,Vaniyampadi(Uzhavar Sandhai ),10.0,20.0,-0.22996284,19.770037159323692
2026-07-01,Sampath Nagar(Uzhavar Sandhai ),22.5,21.0,0.34105682,21.34105682373047
2026-07-01,Thirumangalam(Uzhavar Sandhai ),27.5,22.5,0.44463852,22.944638520479202
2026-07-01,Kangayam(Uzhavar Sandhai ),17.5,16.5,1.7389728,18.238972783088684
2026-07-01,Jalagandapuram(Uzhavar Sandhai ),20.0,16.5,1.5013444,18.001344442367554
2026-07-01,Paramakudi(Uzhavar Sandhai ),32.5,32.5,-1.9411362,30.558863759040833
2026-07-01,Kambam(Uzhavar Sandhai ),20.0,19.0,1.207018,20.20701801776886
2026-07-01,Ranipettai(Uzhavar Sandhai ),23.0,18.0,1.2887462,19.288746237754822
2026-07-01,Gingee(Uzhavar Sandhai ),25.0,15.0,2.803068,17.803067922592163
2026-07-01,Kulithalai(Uzhavar Sandhai ),22.5,22.0,-0.11393587,21.886064127087593
2026-07-01,Jameenrayapettai(Uzhavar Sandhai ),22.5,22.5,0.43675533,22.9367553293705
2026-07-01,Chinnamanur(Uzhavar Sandhai ),22.0,20.0,0.59256196,20.592561960220337
2026-07-01,Cuddalore(Uzhavar Sandhai ),20.0,18.0,1.6450645,19.64506447315216
2026-07-01,AJattihalli(Uzhavar Sandhai ),17.5,16.5,0.91094327,17.410943269729614
2026-07-01,Ulundurpettai APMC,20.0,20.0,1.7296685,21.729668498039246
2026-07-01,Gudalur(Uzhavar Sandhai ),27.5,23.5,0.29528135,23.79528135061264
2026-07-01,Thathakapatti(Uzhavar Sandhai ),19.0,16.0,1.3244505,17.324450492858887
2026-07-01,Velayuthampalayam(Uzhavar Sandhai ),26.5,22.5,0.2290846,22.729084596037865
2026-07-01,Palladam(Uzhavar Sandhai ),24.5,22.0,0.23262568,22.23262567818165
2026-07-01,Muthupettai(Uzhavar Sandhai ),26.0,22.0,0.26644015,22.26644015312195
2026-07-01,Vengamedu(Uzhavar Sandhai ),26.0,22.5,0.5169283,23.01692831516266
2026-07-01,Viruthachalam(Uzhavar Sandhai ),20.0,20.0,1.3746201,21.3746200799942
2026-07-01,Guduvancheri(Uzhavar Sandhai ),22.5,22.5,0.45849606,22.958496063947678
2026-07-01,Pallavaram(Uzhavar Sandhai ),22.5,22.5,0.42005622,22.920056223869324
2026-07-01,Padappai(Uzhavar Sandhai ),27.5,21.5,1.0285314,22.528531432151794
2026-07-01,Medavakkam(Uzhavar Sandhai ),30.0,25.0,-0.5682334,24.431766629219055
2026-07-01,Melapalayam(Uzhavar Sandhai ),31.5,29.0,-0.562543,28.437457025051117
2026-07-01,Singanallur(Uzhavar Sandhai ),26.0,21.5,0.07119775,21.571197748184204
2026-07-01,Manachanallur(Uzhavar Sandhai ),26.0,26.0,-2.007358,23.992641925811768
2026-07-01,Tiruchengode APMC,23.5,23.5,-0.51585215,22.98414784669876
2026-07-01,Pattukottai(Uzhavar Sandhai ),30.0,26.0,-0.7688375,25.23116248846054
2026-07-01,Kamuthi(Uzhavar Sandhai ),30.0,32.5,-1.5307919,30.969208121299744
2026-07-01,Edapadi (Uzhavar Sandhai ),22.0,18.0,1.5544478,19.554447770118713
2026-07-01,Viralimalai(Uzhavar Sandhai ),22.5,22.5,-0.08229013,22.41770987212658
2026-07-01,Tiruvannamalai(Uzhavar Sandhai ),17.5,16.5,1.4467423,17.946742296218872
2026-07-01,Manapparai(Uzhavar Sandhai ),25.0,25.0,-1.6464471,23.35355293750763
2026-07-01,Sunguvarchatram(Uzhavar Sandhai ),27.5,25.0,-0.8388744,24.161125600337982
2026-07-01,Virudhunagar(Uzhavar Sandhai ),18.0,22.5,1.1272125,23.627212524414062
2026-07-01,Singampunari(Uzhavar Sandhai ),28.0,24.0,-0.24375485,23.756245151162148
2026-07-01,Hosur(Uzhavar Sandhai ),17.5,17.5,-0.16338772,17.336612284183502
2026-07-01,Vazhapadi(Uzhavar Sandhai),17.5,16.5,1.8715388,18.371538758277893
2026-07-01,Palayamkottai(Uzhavar Sandhai ),31.5,29.0,-0.28380045,28.716199547052383
2026-07-01,Valangaiman APMC,24.0,24.0,-1.0628444,22.937155604362488
2026-07-01,Naravarikuppam(Uzhavar Sandhai ),30.0,30.0,-0.48256606,29.51743394136429
2026-07-01,Mettur(Uzhavar Sandhai ),19.0,15.5,1.6982782,17.198278188705444
2026-07-01,Vedasanthur(Uzhavar Sandhai ),22.5,17.5,2.676164,20.176163911819458
2026-07-01,Kariyapatti(Uzhavar Sandhai ),19.0,22.5,0.3474632,22.847463190555573
2026-07-01,Tirukattupalli(Uzhavar Sandhai ),28.0,24.0,-0.047128383,23.95287161692977
2026-07-01,Sivakasi(Uzhavar Sandhai ),22.5,23.5,-0.979218,22.520781993865967
2026-07-01,Sathur(Uzhavar Sandhai ),17.5,17.5,3.546235,21.04623508453369
2026-07-01,Kancheepuram(Uzhavar Sandhai ),27.5,26.0,-1.1097349,24.890265107154846
2026-07-01,Perambalur(Uzhavar Sandhai ),27.5,25.0,-0.55048525,24.449514746665955
2026-07-01,Athur(Uzhavar Sandhai ),22.0,16.5,1.4951632,17.995163202285767
2026-07-01,Chengalpet(Uzhavar Sandhai ),22.5,22.5,0.5069464,23.00694638490677
2026-07-01,Sundarapuram(Uzhavar Sandhai ),24.0,20.0,0.8427145,20.842714488506317
2026-07-01,Tindivanam APMC,24.0,16.0,1.2171621,17.217162132263184
2026-07-01,Theni(Uzhavar Sandhai ),18.0,18.0,0.7932813,18.793281316757202
2026-07-01,Chidambaram(Uzhavar Sandhai ),20.0,20.0,1.3834124,21.38341236114502
2026-07-01,Jeyankondam (Uzhavar Sandhai ),27.5,26.0,-1.261296,24.738703966140747
2026-07-01,Rajapalayam(Uzhavar Sandhai ),27.5,17.5,2.9254446,20.42544460296631
2026-07-01,Denkanikottai(Uzhavar Sandhai ),17.5,17.5,-0.14177161,17.358228385448456
2026-07-01,Ramanathapuram(Uzhavar Sandhai ),37.5,37.5,-3.7842803,33.71571969985962
2026-07-01,Polur(Uzhavar Sandhai ),22.5,17.5,3.0867403,20.586740255355835
2026-07-01,Ponnamaravathi(Uzhavar Sandhai),22.5,22.5,0.24917227,22.749172270298004
2026-07-01,Chokkikulam(Uzhavar Sandhai ),27.5,22.5,0.4012843,22.90128430724144
2026-07-02,Hosur(Uzhavar Sandhai ),17.5,17.5,0.28671792,17.786717921495438
2026-07-02,Denkanikottai(Uzhavar Sandhai ),17.5,17.5,0.26217052,17.762170523405075
2026-07-02,Sathiyamagalam(Uzhavar Sandhai ),20.0,17.5,0.9658234,18.46582341194153
2026-07-02,Kurichi(Uzhavar Sandhai ),24.0,20.0,1.1286205,21.128620505332947
2026-07-02,Mannargudi I(Uzhavar Sandhai ),28.0,28.0,-3.2378554,24.762144565582275
2026-07-02,Mettur(Uzhavar Sandhai ),20.0,19.0,0.57354003,19.573540031909943
2026-07-02,Paruthipattu(Uzhavar Sandhai ),30.0,30.0,-0.9580354,29.04196459054947
2026-07-02,Valangaiman APMC,24.0,24.0,-1.0096855,22.990314483642578
2026-07-02,Ariyalur(Uzhavar Sandhai),32.5,32.0,-3.087178,28.912822008132935
2026-07-02,Jalagandapuram(Uzhavar Sandhai ),18.0,20.0,0.2786044,20.278604388237
2026-07-02,Kangayam(Uzhavar Sandhai ),17.5,17.5,1.8626641,19.362664103507996
2026-07-02,Singampunari(Uzhavar Sandhai ),27.0,28.0,-2.5461104,25.45388960838318
2026-07-02,Thirupathur APMC,20.0,20.0,0.9011746,20.90117460489273
2026-07-02,Chengalpet(Uzhavar Sandhai ),22.5,22.5,0.6450564,23.145056426525116
2026-07-02,Devaram(Uzhavar Sandhai ),24.0,20.0,1.3922255,21.39222550392151
2026-07-02,Pollachi(Uzhavar Sandhai ),25.0,25.0,-2.2472422,22.752757787704468
2026-07-02,Tiruchengode APMC,22.5,23.5,-0.4983076,23.001692414283752
2026-07-02,Needamangalam(Uzhavar Sandhai ),26.0,26.0,-2.651807,23.348192930221558
2026-07-02,Villupuram(Uzhavar Sandhai ),22.5,27.5,-3.0546472,24.445352792739868
2026-07-02,Ponnamaravathi(Uzhavar Sandhai),22.5,22.5,-0.04769277,22.452307231724262
2026-07-02,Pattukottai(Uzhavar Sandhai ),32.0,30.0,-2.329421,27.670578956604004
2026-07-02,Nanganallur(Uzhavar Sandhai ),27.5,27.5,-1.2256432,26.274356842041016
2026-07-02,Tamarainagar(Uzhavar Sandhai ),20.0,22.5,-0.4732674,22.026732593774796
2026-07-02,Kamuthi(Uzhavar Sandhai ),32.5,30.0,-0.07653356,29.923466436564922
2026-07-02,Papanasam(Uzhavar Sandhai ),30.0,30.0,-1.9122214,28.087778568267822
2026-07-02,Manapparai(Uzhavar Sandhai ),28.0,25.0,-1.9453272,23.054672837257385
2026-07-02,Gandarvakottai(Uzhavar Sandhai ),22.5,22.5,-0.1502613,22.349738702178
2026-07-02,Vadavalli(Uzhavar Sandhai ),20.0,20.0,1.1043264,21.104326367378235
2026-07-02,Aranthangi(Uzhavar Sandhai ),22.5,22.5,0.59366655,23.093666553497314
2026-07-02,Chinnalapatti(Uzhavar Sandhai ),22.5,25.0,-2.4637625,22.536237478256226
2026-07-02,Madhuranthagam(Uzhavar Sandhai ),30.0,30.0,-0.41958928,29.580410718917847
2026-07-02,Kandiyaperi(Uzhavar Sandhai ),31.5,31.5,-1.7292671,29.770732879638672
2026-07-02,Natrampalli(Uzhavar Sandhai ),17.5,17.5,1.5149039,19.014903903007507
2026-07-02,Alangudi(Uzhavar Sandhai ),22.5,22.5,0.0012116126,22.501211612601765
2026-07-02,Vandavasi(Uzhavar Sandhai ),22.5,18.0,1.6196615,19.619661450386047
2026-07-02,Gandhigramam(Uzhavar Sandhai),26.5,26.5,-2.6008503,23.899149656295776
2026-07-02,Pennagaram(Uzhavar Sandhai ),23.0,19.0,0.8821939,19.88219392299652
2026-07-02,Udhagamandalam(Uzhavar Sandhai ),26.5,26.5,-1.7847449,24.71525514125824
2026-07-02,Tirupatthur(Uzhavar Sandhai ),29.0,31.0,-2.8237538,28.176246166229248
2026-07-02,Thuraiyur APMC,26.0,30.0,-4.1018705,25.8981294631958
2026-07-02,Lalgudi(Uzhavar Sandhai ),25.0,26.0,-2.3966918,23.60330820083618
2026-07-02,Arcot(Uzhavar Sandhai ),20.0,20.0,1.1438953,21.143895268440247
2026-07-02,Mettupalayam(Uzhavar Sandhai ),26.0,26.0,-2.8479383,23.152061700820923
2026-07-02,Tindivanam APMC,20.0,24.0,-1.7407013,22.25929868221283
2026-07-02,Sathur(Uzhavar Sandhai ),27.5,17.5,3.5151253,21.015125274658203
2026-07-02,Palacode(Uzhavar Sandhai ),17.0,17.0,1.0226195,18.022619485855103
2026-07-02,Tirukattupalli(Uzhavar Sandhai ),28.0,28.0,-2.7899842,25.210015773773193
2026-07-02,Pallavaram(Uzhavar Sandhai ),22.5,22.5,0.5060473,23.006047308444977
2026-07-02,Mohanur(Uzhavar Sandhai ),27.5,25.0,-0.79326946,24.206730544567108
2026-07-02,Kovilpatti(Uzhavar Sandhai ),27.5,27.5,-3.33608,24.163919925689697
2026-07-02,Palladam(Uzhavar Sandhai ),17.5,24.5,-2.4232378,22.076762199401855
2026-07-02,Mannargudi II(Uzhavar Sandhai ),28.0,28.0,-3.096888,24.903111934661865
2026-07-02,Sirkali(Uzhavar Sandhai ),22.5,22.5,1.2903526,23.79035258293152
2026-07-02,Sivagangai (Uzhavar Sandhai ),27.0,24.0,-0.33971936,23.660280644893646
2026-07-02,Manachanallur(Uzhavar Sandhai ),26.0,26.0,-2.2974787,23.702521324157715
2026-07-02,Dharapuram(Uzhavar Sandhai ),22.5,22.5,0.39162114,22.89162114262581
2026-07-02,Polur(Uzhavar Sandhai ),22.5,22.5,-0.3015366,22.198463410139084
2026-07-02,Tuticorin(Uzhavar Sandhai ),27.5,27.5,-1.4193473,26.080652713775635
2026-07-02,NGO Colony(Uzhavar Sandhai ),31.5,26.5,-0.085658856,26.414341144263744
2026-07-02,Thiruverumbur(Uzhavar Sandhai ),28.0,30.0,-4.0133853,25.98661470413208
2026-07-02,Singanallur(Uzhavar Sandhai ),24.0,26.0,-2.786779,23.213221073150635
2026-07-02,Kambam(Uzhavar Sandhai ),21.5,20.0,0.79628307,20.796283066272736
2026-07-02,Tiruppur (North) (Uzhavar Sandhai ),20.0,23.0,-0.8802553,22.1197447180748
2026-07-02,Velayuthampalayam(Uzhavar Sandhai ),25.0,26.5,-2.7679956,23.732004404067993
2026-07-02,Hasthampatti(Uzhavar Sandhai ),19.0,20.0,0.6245336,20.624533593654633
2026-07-02,Kancheepuram(Uzhavar Sandhai ),27.5,27.5,-1.3960514,26.10394859313965
2026-07-02,Chinnamanur(Uzhavar Sandhai ),17.0,22.0,-0.7727575,21.227242529392242
2026-07-02,Thanjavur(Uzhavar Sandhai ),28.0,28.0,-2.3918896,25.608110427856445
2026-07-02,AJattihalli(Uzhavar Sandhai ),17.5,17.5,0.41305187,17.91305187344551
2026-07-02,Sankarapuram(Uzhavar Sandhai ),28.0,28.0,-2.884317,25.11568307876587
2026-07-02,Devakottai (Uzhavar Sandhai ),29.0,31.0,-2.6411638,28.35883617401123
2026-07-02,Periyakulam(Uzhavar Sandhai ),23.0,22.0,-0.22441179,21.77558821439743
2026-07-02,Tenkasi(Uzhavar Sandhai ),30.0,27.5,-2.1960561,25.303943872451782
2026-07-02,Gudalur(Uzhavar Sandhai ),27.5,27.5,-2.2081397,25.291860342025757
2026-07-02,Harur(Uzhavar Sandhai ),22.5,16.5,1.4260926,17.926092624664307
2026-07-02,Melur(Uzhavar Sandhai ),25.0,27.5,-2.5159032,24.98409676551819
2026-07-02,Muthupettai(Uzhavar Sandhai ),26.0,26.0,-2.5354776,23.46452236175537
2026-07-02,Medavakkam(Uzhavar Sandhai ),30.0,30.0,-1.960894,28.039106011390686
2026-07-02,Ulundurpettai APMC,20.0,20.0,1.6188536,21.61885356903076
2026-07-02,Karur(Uzhavar Sandhai ),25.5,22.5,0.53350425,23.033504247665405
2026-07-02,Ambattur(Uzhavar Sandhai ),30.0,35.0,-2.5862925,32.41370749473572
2026-07-02,Dindigul(Uzhavar Sandhai ),22.5,27.5,-3.4610856,24.038914442062378
2026-07-02,Keelpennathur(Uzhavar Sandhai ),25.0,25.0,-1.3343788,23.665621161460876
2026-07-02,Ambasamudram(Uzhavar Sandhai ),31.5,31.5,-1.5957937,29.90420627593994
2026-07-02,Guduvancheri(Uzhavar Sandhai ),22.5,22.5,0.6789372,23.178937196731567
2026-07-02,Thirukalukundram(Uzhavar Sandhai ),17.5,17.5,2.2338006,19.733800649642944
2026-07-02,Rasipuram(Uzhavar Sandhai ),18.0,19.0,1.0581133,20.05811333656311
2026-07-02,Jameenrayapettai(Uzhavar Sandhai ),22.5,22.5,0.54405695,23.044056951999664
2026-07-02,Srivilliputhur(Uzhavar Sandhai ),17.5,18.5,1.6822423,20.182242274284363
2026-07-02,Kulithalai(Uzhavar Sandhai ),22.0,22.5,-0.24463905,22.255360946059227
2026-07-02,Vadaseri APMC,32.5,42.5,-10.0802965,32.41970348358154
2026-07-02,Paramathivelur(Uzhavar Sandhai ),28.0,26.0,-1.7032014,24.296798586845398
2026-07-02,Ammapet(Uzhavar Sandhai ),18.0,17.5,1.0461878,18.54618775844574
2026-07-02,Ramanathapuram(Uzhavar Sandhai ),32.5,37.5,-3.2974415,34.202558517456055
2026-07-02,Melapalayam(Uzhavar Sandhai ),31.5,31.5,-1.7618877,29.738112330436707
2026-07-02,Mecheri(Uzhavar Sandhai),21.0,22.0,-0.39429465,21.605705350637436
2026-07-02,Thathakapatti(Uzhavar Sandhai ),19.0,19.0,0.6139659,19.613965928554535
2026-07-02,Elampillai(Uzhavar Sandhai ),20.0,21.0,-0.22162017,20.77837982773781
2026-07-02,Cheyyar(Uzhavar Sandhai ),22.5,22.5,0.11605652,22.616056516766548
2026-07-02,Padappai(Uzhavar Sandhai ),27.5,27.5,-2.804933,24.695066928863525
2026-07-02,Chokkikulam(Uzhavar Sandhai ),25.0,27.5,-3.3044677,24.19553232192993
2026-07-02,Aruppukottai(Uzhavar Sandhai ),17.5,22.5,0.42300722,22.92300722002983
2026-07-02,Chidambaram(Uzhavar Sandhai ),20.0,20.0,1.6233468,21.62334680557251
2026-07-02,Athur(Uzhavar Sandhai ),22.0,22.0,-0.9255292,21.074470818042755
2026-07-02,Theni(Uzhavar Sandhai ),16.5,18.0,0.62551546,18.625515460968018
2026-07-02,Sundarapuram(Uzhavar Sandhai ),23.0,24.0,-1.2286175,22.771382451057434
2026-07-02,Vadalur(Uzhavar Sandhai ),20.0,20.0,1.4398674,21.43986737728119
2026-07-02,Perambalur(Uzhavar Sandhai ),27.5,27.5,-1.525411,25.974588990211487
2026-07-02,Sulur(Uzhavar Sandhai ),24.0,26.0,-2.7891302,23.210869789123535
2026-07-02,Rajapalayam(Uzhavar Sandhai ),27.5,27.5,-3.3759403,24.124059677124023
2026-07-02,Tiruvallur(Uzhavar Sandhai ),32.5,30.0,0.62210244,30.622102439403534
2026-07-02,Chengam(Uzhavar Sandhai ),22.5,22.5,0.25674683,22.75674682855606
2026-07-02,Kumarapalayam(Uzhavar Sandhai ),16.0,16.0,2.0237393,18.023739337921143
2026-07-02,Bodinayakanur(Uzhavar Sandhai ),24.0,24.0,-1.0108654,22.989134550094604
2026-07-02,Usilampatti(Uzhavar Sandhai ),25.0,27.5,-3.162941,24.337059020996094
2026-07-02,Periyar Nagar(Uzhavar Sandhai ),21.0,22.5,-0.05062104,22.449378959834576
2026-07-02,Andipatti(Uzhavar Sandhai ),23.0,23.0,-0.7899433,22.210056722164154
2026-07-02,Karimangalam(Uzhavar Sandhai),19.0,19.0,0.9171904,19.917190372943878
2026-07-02,Kariyapatti(Uzhavar Sandhai ),19.0,19.0,1.890634,20.890633940696716
2026-07-02,Peravurani(Uzhavar Sandhai),25.0,25.0,-0.17526427,24.82473573088646
2026-07-02,Pallikonda(Uzhavar Sandhai),21.0,19.0,1.0966899,20.0966899394989
2026-07-02,Anna nagar(Uzhavar Sandhai ),25.0,25.0,-1.9749136,23.025086402893066
2026-07-02,Ranipettai(Uzhavar Sandhai ),18.5,23.0,-1.4059258,21.594074249267578
2026-07-02,Panruti(Uzhavar Sandhai ),20.0,20.0,1.3108174,21.31081736087799
2026-07-02,Vedaranyam(Uzhavar Sandhai),35.0,33.5,-0.51179785,32.98820215463638
2026-07-02,Jeyankondam (Uzhavar Sandhai ),26.0,27.5,-1.8165814,25.68341863155365
2026-07-02,Nagapattinam(Uzhavar Sandhai ),37.5,32.5,-0.049270574,32.45072942599654
2026-07-02,Vazhapadi(Uzhavar Sandhai),17.5,17.5,1.1108519,18.610851883888245
2026-07-02,Tiruthani(Uzhavar Sandhai ),20.0,20.0,1.0491381,21.049138069152832
2026-07-02,Myladi(Uzhavar Sandhai ),27.5,27.5,-0.80805665,26.69194334745407
2026-07-02,Virudhunagar(Uzhavar Sandhai ),18.0,18.0,2.9563396,20.956339597702026
2026-07-02,Kundrathur(Uzhavar Sandhai ),30.0,30.0,-2.9580731,27.041926860809326
2026-07-02,Palanganatham(Uzhavar Sandhai ),23.0,26.5,-2.8539927,23.646007299423218
2026-07-02,Perambakkam(Uzhavar Sandhai ),30.0,30.0,-0.20471878,29.79528121650219
2026-07-02,Coonoor(Uzhavar Sandhai ),27.5,24.0,-0.0055639734,23.99443602655083
2026-07-02,Sooramangalam(Uzhavar Sandhai ),17.0,16.5,0.3228932,16.82289320230484
2026-07-02,Sunguvarchatram(Uzhavar Sandhai ),30.0,27.5,-2.127675,25.37232494354248
2026-07-02,Thalavadi(Uzhavar Sandhai ),16.5,16.5,0.8060196,17.306019604206085
2026-07-02,Pallapatti (Uzhavar Sandhai ),25.0,26.5,-2.5740275,23.92597246170044
2026-07-02,Edapadi (Uzhavar Sandhai ),20.0,22.0,-0.2972783,21.702721685171127
2026-07-02,Tiruvarur(Uzhavar Sandhai ),30.0,25.0,1.0603096,26.060309648513794
2026-07-02,Viralimalai(Uzhavar Sandhai ),22.5,22.5,0.24527511,22.745275110006332
2026-07-02,Attayampatti(Uzhavar Sandhai ),19.0,21.0,0.108975515,21.108975514769554
2026-07-02,Mayiladuthurai(Uzhavar Sandhai ),27.5,22.5,1.2717125,23.7717125415802
2026-07-02,Tiruvannamalai(Uzhavar Sandhai ),16.5,17.5,0.19444856,17.694448560476303
2026-07-02,Viruthachalam(Uzhavar Sandhai ),20.0,20.0,1.0413657,21.04136574268341
2026-07-02,Kahithapattarai(Uzhavar Sandhai ),22.0,16.0,1.8788279,17.878827929496765
2026-07-02,Sampath Nagar(Uzhavar Sandhai ),21.0,22.5,-0.32705855,22.17294144630432
2026-07-02,Krishnagiri(Uzhavar Sandhai ),13.5,14.0,0.30645126,14.306451261043549
2026-07-02,Kumbakonam (Uzhavar Sandhai ),30.0,30.0,-2.2571363,27.742863655090332
2026-07-02,Vedasanthur(Uzhavar Sandhai ),17.5,22.5,-0.45277673,22.047223269939423
2026-07-02,Karaikudi(Uzhavar Sandhai ),29.0,30.0,-2.8497288,27.15027117729187
2026-07-02,Sankarankoil(Uzhavar Sandhai ),27.5,30.0,-2.1643116,27.83568835258484
2026-07-02,Kaveripattinam(Uzhavar Sandhai ),20.0,20.0,1.1342419,21.134241938591003
2026-07-02,Musiri(Uzhavar Sandhai ),23.0,22.0,0.1588287,22.15882870554924
2026-07-02,Palayamkottai(Uzhavar Sandhai ),31.5,31.5,-1.7184916,29.781508445739746
2026-07-02,Udumalpet APMC,22.5,22.5,0.28083453,22.780834525823593
2026-07-02,Palani(Uzhavar Sandhai ),18.0,22.5,-0.61355263,21.886447370052338
2026-07-02,Vellore APMC,19.0,19.0,0.6202267,19.620226681232452
2026-07-02,Cuddalore(Uzhavar Sandhai ),22.0,20.0,1.112688,21.112687945365906
2026-07-02,Vaniyampadi(Uzhavar Sandhai ),15.0,10.0,3.8872926,13.887292623519897
2026-07-02,RSPuram(Uzhavar Sandhai ),21.0,21.0,-0.18361178,20.816388219594955
2026-07-02,Dharmapuri(Uzhavar Sandhai ),19.0,19.0,0.39581057,19.395810574293137
2026-07-02,Gobichettipalayam(Uzhavar Sandhai ),18.0,19.0,1.3481249,20.348124861717224
2026-07-02,Thirumangalam(Uzhavar Sandhai ),25.0,27.5,-3.498853,24.001147031784058
2026-07-02,Paramakudi(Uzhavar Sandhai ),32.5,32.5,-1.6109066,30.88909339904785
2026-07-03,Tuticorin(Uzhavar Sandhai ),27.5,27.5,-1.3812194,26.118780612945557
2026-07-03,Tenkasi(Uzhavar Sandhai ),30.0,25.0,-0.7728668,24.227133214473724
2026-07-03,Tiruvannamalai(Uzhavar Sandhai ),14.5,18.0,0.08036825,18.080368250608444
2026-07-03,Tirukattupalli(Uzhavar Sandhai ),32.0,28.0,-2.36051,25.639489889144897
2026-07-03,Tiruvannamalai(Uzhavar Sandhai ),18.0,16.5,0.863344,17.36334401369095
2026-07-03,NGO Colony(Uzhavar Sandhai ),31.5,31.5,-3.7025638,27.797436237335205
2026-07-03,Thammampatti (Uzhavar Sandhai ),18.5,16.0,1.9241306,17.92413055896759
2026-07-03,Singampunari(Uzhavar Sandhai ),24.0,27.0,-1.915333,25.084666967391968
2026-07-03,Kamuthi(Uzhavar Sandhai ),32.5,32.5,-0.5015258,31.998474180698395
2026-07-03,Viralimalai(Uzhavar Sandhai ),22.5,22.5,0.096640825,22.596640825271606
2026-07-03,Andipatti(Uzhavar Sandhai ),21.0,23.0,-0.7938503,22.206149697303772
2026-07-03,Padappai(Uzhavar Sandhai ),26.0,27.5,-2.8885,24.611500024795532
2026-07-03,Palladam(Uzhavar Sandhai ),17.5,17.5,1.7144251,19.214425086975098
2026-07-03,Vazhapadi(Uzhavar Sandhai),17.0,17.5,1.249009,18.749009013175964
2026-07-03,Medavakkam(Uzhavar Sandhai ),22.5,30.0,-2.5483868,27.451613187789917
2026-07-03,Mettur(Uzhavar Sandhai ),15.5,20.0,0.3749479,20.374947905540466
2026-07-03,Jameenrayapettai(Uzhavar Sandhai ),22.5,22.5,0.36333206,22.86333206295967
2026-07-03,Cuddalore(Uzhavar Sandhai ),22.0,22.0,-0.113777176,21.886222824454308
2026-07-03,Velayuthampalayam(Uzhavar Sandhai ),25.0,25.0,-1.9145176,23.085482358932495
2026-07-03,Vedasanthur(Uzhavar Sandhai ),22.0,17.5,1.9813836,19.481383562088013
2026-07-03,Melapalayam(Uzhavar Sandhai ),31.5,31.5,-2.473173,29.026827096939087
2026-07-03,Naravarikuppam(Uzhavar Sandhai ),30.0,30.0,-1.1805731,28.819426894187927
2026-07-03,Rajapalayam(Uzhavar Sandhai ),27.5,27.5,-3.3239067,24.176093339920044
2026-07-03,Tiruppur (South) (Uzhavar Sandhai ),16.5,17.5,2.5214415,20.02144145965576
2026-07-03,Ranipettai(Uzhavar Sandhai ),18.5,18.5,1.3073967,19.80739665031433
2026-07-03,Chengalpet(Uzhavar Sandhai ),22.5,22.5,0.6489286,23.148928582668304
2026-07-03,Sankarapuram(Uzhavar Sandhai ),28.0,28.0,-2.4899597,25.510040283203125
2026-07-03,Panruti(Uzhavar Sandhai ),21.0,20.0,1.396893,21.39689302444458
2026-07-03,Kaveripattinam(Uzhavar Sandhai ),20.0,20.0,1.3200343,21.32003426551819
2026-07-03,Pudukottai(Uzhavar Sandhai ),22.5,25.0,-2.0732093,22.926790714263916
2026-07-03,Paramakudi(Uzhavar Sandhai ),27.5,32.5,-1.4843336,31.015666365623474
2026-07-03,Tiruppur (North) (Uzhavar Sandhai ),19.0,20.0,1.3116449,21.311644911766052
2026-07-03,Vaniyampadi(Uzhavar Sandhai ),15.0,15.0,1.6299536,16.629953622817993
2026-07-03,Mannargudi II(Uzhavar Sandhai ),24.0,28.0,-3.0572052,24.942794799804688
2026-07-03,Sampath Nagar(Uzhavar Sandhai ),19.0,21.0,0.2684177,21.268417686223984
2026-07-03,Tiruthani(Uzhavar Sandhai ),20.0,20.0,0.8923302,20.89233022928238
2026-07-03,Jalagandapuram(Uzhavar Sandhai ),18.0,18.0,0.9335227,18.933522701263428
2026-07-03,Gandhigramam(Uzhavar Sandhai),26.5,26.5,-2.6047122,23.89528775215149
2026-07-03,Coonoor(Uzhavar Sandhai ),28.0,27.5,-2.2375298,25.262470245361328
2026-07-03,Thalavadi(Uzhavar Sandhai ),16.5,16.5,0.8194598,17.319459795951843
2026-07-03,Pallapatti (Uzhavar Sandhai ),26.5,25.0,-1.7406653,23.259334683418274
2026-07-03,Tiruvarur(Uzhavar Sandhai ),30.0,30.0,-2.2206755,27.779324531555176
2026-07-03,Chinnalapatti(Uzhavar Sandhai ),27.0,22.5,0.090335906,22.59033590555191
2026-07-03,Tenkasi(Uzhavar Sandhai ),25.0,30.0,-3.909957,26.09004306793213
2026-07-03,Mayiladuthurai(Uzhavar Sandhai ),27.5,27.5,-2.0991058,25.400894165039062
2026-07-03,Aranthangi(Uzhavar Sandhai ),27.5,22.5,0.43933916,22.93933916091919
2026-07-03,Gandarvakottai(Uzhavar Sandhai ),22.5,22.5,0.096640825,22.596640825271606
2026-07-03,Kahithapattarai(Uzhavar Sandhai ),18.0,22.0,-0.7425787,21.25742131471634
2026-07-03,RSPuram(Uzhavar Sandhai ),21.0,21.0,-0.48149428,20.518505722284317
2026-07-03,Sankarankoil(Uzhavar Sandhai ),27.5,27.5,-0.85903454,26.640965461730957
2026-07-03,Paruthipattu(Uzhavar Sandhai ),30.0,30.0,-1.3386284,28.66137158870697
2026-07-03,Mecheri(Uzhavar Sandhai),19.0,21.0,0.011212314,21.01121231354773
2026-07-03,Ammapet(Uzhavar Sandhai ),16.5,18.0,1.0105395,19.010539531707764
2026-07-03,KKNagar(Uzhavar Sandhai ),25.0,30.0,-2.2600546,27.73994541168213
2026-07-03,Jeyankondam (Uzhavar Sandhai ),26.0,26.0,-1.1324403,24.867559671401978
2026-07-03,Aruppukottai(Uzhavar Sandhai ),27.5,17.5,3.1065392,20.606539249420166
2026-07-03,Ponnamaravathi(Uzhavar Sandhai),22.5,22.5,0.01119917,22.511199169792235
2026-07-03,Kambam(Uzhavar Sandhai ),22.0,21.5,-0.263261,21.23673900961876
2026-07-03,Gudiyatham(Uzhavar Sandhai ),16.5,15.0,2.0211613,17.021161317825317
2026-07-03,Athur(Uzhavar Sandhai ),21.0,22.0,-0.37678587,21.62321412563324
2026-07-03,Tiruvallur(Uzhavar Sandhai ),30.0,32.5,-1.3623531,31.137646913528442
2026-07-03,Bodinayakanur(Uzhavar Sandhai ),22.0,24.0,-1.1376987,22.862301349639893
2026-07-03,Usilampatti(Uzhavar Sandhai ),22.0,25.0,-2.3095646,22.6904354095459
2026-07-03,Mannargudi I(Uzhavar Sandhai ),24.0,28.0,-3.1747491,24.82525086402893
2026-07-03,Peravurani(Uzhavar Sandhai),30.0,25.0,-0.16127169,24.838728308677673
2026-07-03,Natrampalli(Uzhavar Sandhai ),17.5,17.5,0.8495495,18.349549472332
2026-07-03,Needamangalam(Uzhavar Sandhai ),22.0,26.0,-2.6517744,23.348225593566895
2026-07-03,Elampillai(Uzhavar Sandhai ),18.0,20.0,1.0544486,21.05444860458374
2026-07-03,Vandavasi(Uzhavar Sandhai ),18.0,22.5,-1.0291876,21.470812439918518
2026-07-03,Vandavasi(Uzhavar Sandhai ),13.5,18.0,0.9178675,18.917867481708527
2026-07-03,Tirupatthur(Uzhavar Sandhai ),26.5,29.0,-1.7070719,27.292928099632263
2026-07-03,Palacode(Uzhavar Sandhai ),17.0,17.0,0.9440007,17.944000720977783
2026-07-03,Melur(Uzhavar Sandhai ),22.0,25.0,-1.4305537,23.569446325302124
2026-07-03,Dindigul(Uzhavar Sandhai ),22.5,22.5,0.43423682,22.93423682451248
2026-07-03,Sathiyamagalam(Uzhavar Sandhai ),17.5,20.0,0.6010782,20.6010782122612
2026-07-03,Keelpennathur(Uzhavar Sandhai ),25.0,25.0,-1.6603621,23.339637875556946
2026-07-03,Dharapuram(Uzhavar Sandhai ),22.5,22.5,0.03550672,22.53550672158599
2026-07-03,Rasipuram(Uzhavar Sandhai ),23.5,18.0,1.3316809,19.33168089389801
2026-07-03,Mettupalayam(Uzhavar Sandhai ),22.5,26.0,-2.836096,23.163903951644897
2026-07-03,Ramanathapuram(Uzhavar Sandhai ),32.5,32.5,1.7808566,34.28085660934448
2026-07-03,Thanjavur(Uzhavar Sandhai ),24.0,28.0,-2.4270864,25.572913646697998
2026-07-03,Chinnamanur(Uzhavar Sandhai ),20.0,17.0,1.7407368,18.740736842155457
2026-07-03,Pattukottai(Uzhavar Sandhai ),32.0,32.0,-3.0018234,28.99817657470703
2026-07-03,Karaikudi(Uzhavar Sandhai ),26.0,29.0,-2.125129,26.874871015548706
2026-07-03,Kundrathur(Uzhavar Sandhai ),25.0,30.0,-3.309348,26.690651893615723
2026-07-03,Palanganatham(Uzhavar Sandhai ),22.0,23.0,-0.38620415,22.61379584670067
2026-07-03,Viruthachalam(Uzhavar Sandhai ),20.0,20.0,1.2180798,21.218079805374146
2026-07-03,Dharmapuri(Uzhavar Sandhai ),19.0,19.0,0.4284155,19.42841550707817
2026-07-03,Sooramangalam(Uzhavar Sandhai ),19.0,17.0,1.1434745,18.143474459648132
2026-07-03,Sivakasi(Uzhavar Sandhai ),22.5,22.5,-0.021568613,22.478431386873126
2026-07-03,Sooramangalam(Uzhavar Sandhai ),12.5,19.0,0.11955527,19.11955527216196
2026-07-03,Thirumangalam(Uzhavar Sandhai ),22.0,25.0,-2.2437105,22.7562894821167
2026-07-03,Gobichettipalayam(Uzhavar Sandhai ),22.5,18.0,1.5187087,19.5187087059021
2026-07-03,Karambakkudi(Uzhavar Sandhai ),22.5,22.5,-0.00020396245,22.49979603754764
2026-07-03,Vellore APMC,19.0,19.0,0.6703495,19.67034947872162
2026-07-03,Kumbakonam (Uzhavar Sandhai ),29.0,30.0,-2.38704,27.61296010017395
2026-07-03,Musiri(Uzhavar Sandhai ),22.5,23.0,-0.90453345,22.095466554164886
2026-07-03,Myladi(Uzhavar Sandhai ),27.5,27.5,-1.1578858,26.342114210128784
2026-07-03,Pollachi(Uzhavar Sandhai ),22.5,25.0,-2.4118218,22.588178157806396
2026-07-03,Tamarainagar(Uzhavar Sandhai ),16.5,20.0,0.8801064,20.880106389522552
2026-07-03,Nanganallur(Uzhavar Sandhai ),27.5,27.5,-1.3071319,26.19286811351776
2026-07-03,Mohanur(Uzhavar Sandhai ),27.5,27.5,-2.1598685,25.340131521224976
2026-07-03,Lalgudi(Uzhavar Sandhai ),26.0,25.0,-2.1482186,22.851781368255615
2026-07-03,Katpadi (Uzhavar Sandhai ),22.5,22.0,-0.48423666,21.515763342380524
2026-07-03,Pennagaram(Uzhavar Sandhai ),21.0,23.0,-1.6479158,21.352084159851074
2026-07-03,Arcot(Uzhavar Sandhai ),20.0,20.0,1.0094503,21.009450316429138
2026-07-03,Sivagangai (Uzhavar Sandhai ),24.0,27.0,-2.4212043,24.578795671463013
2026-07-03,Hasthampatti(Uzhavar Sandhai ),18.0,19.0,1.1967618,20.19676184654236
2026-07-03,Thiruverumbur(Uzhavar Sandhai ),26.0,28.0,-2.8037167,25.1962833404541
2026-07-03,Alangudi(Uzhavar Sandhai ),22.5,22.5,0.026704637,22.52670463733375
2026-07-03,Ariyalur(Uzhavar Sandhai),27.5,32.5,-3.3004148,29.19958519935608
2026-07-03,Kurichi(Uzhavar Sandhai ),23.0,24.0,-1.1761435,22.823856472969055
2026-07-03,Thirupathur APMC,20.0,20.0,0.6583038,20.658303797245026
2026-07-03,Devaram(Uzhavar Sandhai ),23.0,24.0,-1.023972,22.976027965545654
2026-07-03,Vadavalli(Uzhavar Sandhai ),24.0,21.0,0.36213297,21.362132966518402
2026-07-03,Vadavalli(Uzhavar Sandhai ),21.0,20.0,1.0326729,21.032672882080078
2026-07-03,Udumalpet APMC,19.5,22.5,-0.56442064,21.935579359531403
2026-07-03,Kovilpatti(Uzhavar Sandhai ),27.5,27.5,-2.9589105,24.54108953475952
2026-07-03,Vedaranyam(Uzhavar Sandhai),33.5,35.0,-0.9024827,34.09751731157303
2026-07-03,Anaiyur(Uzhavar Sandhai ),22.0,27.5,-3.5407834,23.959216594696045
2026-07-03,Periyar Nagar(Uzhavar Sandhai ),19.0,21.0,0.5571326,21.557132601737976
2026-07-03,Kariyapatti(Uzhavar Sandhai ),27.5,19.0,1.8322332,20.8322331905365
2026-07-03,Muthupettai(Uzhavar Sandhai ),24.0,26.0,-2.5615418,23.43845820426941
2026-07-03,Ulundurpettai APMC,20.0,20.0,1.0553552,21.055355191230774
2026-07-03,Thathakapatti(Uzhavar Sandhai ),17.5,19.0,0.717374,19.71737402677536
2026-07-03,Kulithalai(Uzhavar Sandhai ),22.0,22.0,-0.12071353,21.879286468029022
2026-07-03,Perambalur(Uzhavar Sandhai ),26.5,27.5,-2.4125834,25.087416648864746
2026-07-03,Gudalur(Uzhavar Sandhai ),27.5,27.5,-2.532615,24.967385053634644
2026-07-03,Palayamkottai(Uzhavar Sandhai ),31.5,31.5,-2.6313195,28.868680477142334
2026-07-03,Virudhunagar(Uzhavar Sandhai ),18.0,18.0,1.545314,19.545313954353333
2026-07-03,Krishnagiri(Uzhavar Sandhai ),12.5,13.5,0.84664994,14.346649944782257
2026-07-03,Sunguvarchatram(Uzhavar Sandhai ),25.0,30.0,-3.5804183,26.419581651687622
2026-07-03,Edapadi (Uzhavar Sandhai ),17.5,20.0,1.0476457,21.047645688056946
2026-07-03,Vadalur(Uzhavar Sandhai ),20.0,20.0,1.035654,21.035653948783875
2026-07-03,Nagapattinam(Uzhavar Sandhai ),37.5,37.5,-2.7586782,34.74132180213928
2026-07-03,Sundarapuram(Uzhavar Sandhai ),22.0,23.0,-0.8848512,22.115148782730103
2026-07-03,Theni(Uzhavar Sandhai ),16.5,16.5,1.2511712,17.751171231269836
2026-07-03,Guduvancheri(Uzhavar Sandhai ),22.5,22.5,0.4665722,22.96657219529152
2026-07-03,Vadaseri APMC,28.5,32.5,-2.0092225,30.490777492523193
2026-07-03,Srivilliputhur(Uzhavar Sandhai ),17.5,17.5,1.3513564,18.851356387138367
2026-07-03,Thirukalukundram(Uzhavar Sandhai ),17.5,17.5,2.3994973,19.899497270584106
2026-07-03,Ambasamudram(Uzhavar Sandhai ),31.5,31.5,-2.4052837,29.0947163105011
2026-07-03,Harur(Uzhavar Sandhai ),17.5,22.5,-1.2983348,21.20166516304016
2026-07-03,Cheyyar(Uzhavar Sandhai ),17.5,22.5,-0.36379057,22.136209428310394
2026-07-03,Anna nagar(Uzhavar Sandhai ),25.0,22.0,1.0248306,23.02483057975769
2026-07-03,Anna nagar(Uzhavar Sandhai ),22.0,25.0,-2.1311715,22.868828535079956
2026-07-03,Pallikonda(Uzhavar Sandhai),20.0,21.0,0.0869308,21.08693079650402
2026-07-03,Karimangalam(Uzhavar Sandhai),25.0,19.0,0.79502547,19.79502546787262
2026-07-03,Kumarapalayam(Uzhavar Sandhai ),16.0,16.0,1.7603441,17.76034414768219
2026-07-03,Perundurai(Uzhavar Sandhai ),21.0,18.0,1.6405265,19.64052653312683
2026-07-03,Chengam(Uzhavar Sandhai ),22.5,22.5,0.13941939,22.63941939175129
2026-07-03,Sulur(Uzhavar Sandhai ),21.5,24.0,-1.2934376,22.706562399864197
2026-07-03,Chidambaram(Uzhavar Sandhai ),20.0,20.0,1.4342554,21.434255361557007
2026-07-03,Udumalpet APMC,17.5,19.5,1.3262328,20.82623279094696
2026-07-03,Thuraiyur APMC,22.5,26.0,-2.7077653,23.292234659194946
2026-07-03,Attayampatti(Uzhavar Sandhai ),20.0,19.0,1.3532817,20.3532817363739
2026-07-03,Palani(Uzhavar Sandhai ),20.0,18.0,1.379672,19.379672050476074
2026-07-03,Hosur(Uzhavar Sandhai ),17.5,17.5,0.6983756,18.198375582695007
2026-07-03,Kandiyaperi(Uzhavar Sandhai ),31.5,31.5,-2.6500065,28.849993467330933
2026-07-03,Valangaiman APMC,20.0,24.0,-0.98119754,23.01880246400833
2026-07-03,Madhuranthagam(Uzhavar Sandhai ),30.0,30.0,-1.034267,28.96573305130005
2026-07-03,Papanasam(Uzhavar Sandhai ),29.0,30.0,-1.9181001,28.081899881362915
2026-07-03,Gingee(Uzhavar Sandhai ),25.0,25.0,-2.7958953,22.20410466194153
2026-07-03,Villupuram(Uzhavar Sandhai ),22.5,22.5,0.6299542,23.12995421886444
2026-07-03,Kancheepuram(Uzhavar Sandhai ),26.0,27.5,-1.5505886,25.949411392211914
2026-07-03,Singanallur(Uzhavar Sandhai ),21.5,24.0,-1.5030222,22.49697780609131
2026-07-03,Periyakulam(Uzhavar Sandhai ),21.0,23.0,-0.70311695,22.296883046627045
2026-07-03,Denkanikottai(Uzhavar Sandhai ),17.5,17.5,0.65367997,18.153679966926575
2026-07-03,Tindivanam APMC,20.0,20.0,0.5943834,20.594383418560028
2026-07-03,Pallavaram(Uzhavar Sandhai ),32.5,22.5,0.50420177,23.004201769828796
2026-07-03,Polur(Uzhavar Sandhai ),17.5,22.5,-0.51534563,21.984654366970062
2026-07-03,Arani(Uzhavar Sandhai ),17.5,17.5,3.1397755,20.63977551460266
2026-07-03,Manapparai(Uzhavar Sandhai ),25.0,28.0,-3.1908703,24.80912971496582
2026-07-03,Devakottai (Uzhavar Sandhai ),26.5,29.0,-1.6483073,27.35169267654419
2026-07-03,Manachanallur(Uzhavar Sandhai ),26.0,26.0,-2.3138342,23.686165809631348
2026-07-03,Udhagamandalam(Uzhavar Sandhai ),26.0,26.5,-1.7799362,24.72006380558014
2026-07-04,Kamuthi(Uzhavar Sandhai ),32.5,32.5,-0.462142,32.03785800933838
2026-07-04,Tenkasi(Uzhavar Sandhai ),22.5,30.0,-3.1119497,26.888050317764282
2026-07-04,Keelpennathur(Uzhavar Sandhai ),25.0,25.0,-1.3979596,23.60204041004181
2026-07-04,Tindivanam APMC,20.0,20.0,0.9098959,20.90989589691162
2026-07-04,Ambasamudram(Uzhavar Sandhai ),26.5,31.5,-2.1307273,29.369272708892822
2026-07-04,Karur(Uzhavar Sandhai ),26.0,25.5,-1.9767219,23.52327811717987
2026-07-04,Dindigul(Uzhavar Sandhai ),22.0,22.5,0.62786293,23.12786293029785
2026-07-04,Viralimalai(Uzhavar Sandhai ),17.5,22.5,0.21240956,22.712409555912018
2026-07-04,Melur(Uzhavar Sandhai ),22.0,22.0,0.9211394,22.921139419078827
2026-07-04,Harur(Uzhavar Sandhai ),16.5,17.5,1.3313552,18.831355214118958
2026-07-04,Periyakulam(Uzhavar Sandhai ),21.0,21.0,0.28699353,21.28699353337288
2026-07-04,Anna nagar(Uzhavar Sandhai ),24.0,25.0,-1.5130097,23.486990332603455
2026-07-04,Elampillai(Uzhavar Sandhai ),18.0,18.0,1.6987908,19.698790788650513
2026-07-04,Cheyyar(Uzhavar Sandhai ),17.5,17.5,2.0366108,19.5366108417511
2026-07-04,Vadalur(Uzhavar Sandhai ),20.0,20.0,1.340595,21.34059500694275
2026-07-04,Ranipettai(Uzhavar Sandhai ),18.5,18.5,1.5511847,20.05118465423584
2026-07-04,Chinnamanur(Uzhavar Sandhai ),20.0,20.0,1.4605395,21.46053946018219
2026-07-04,AJattihalli(Uzhavar Sandhai ),15.0,17.5,0.84755903,18.34755903482437
2026-07-04,Pallikonda(Uzhavar Sandhai),19.0,20.0,1.1658148,21.165814757347107
2026-07-04,Singanallur(Uzhavar Sandhai ),21.5,21.5,0.36540303,21.865403026342392
2026-07-04,Srivilliputhur(Uzhavar Sandhai ),27.5,17.5,2.0358295,19.535829544067383
2026-07-04,Palladam(Uzhavar Sandhai ),17.5,17.5,1.9880961,19.488096117973328
2026-07-04,Rasipuram(Uzhavar Sandhai ),20.0,23.5,-1.0852635,22.41473650932312
2026-07-04,Edapadi (Uzhavar Sandhai ),21.0,17.5,2.1790628,19.679062843322754
2026-07-04,Kumbakonam (Uzhavar Sandhai ),26.0,29.0,-1.7414063,27.258593678474426
2026-07-04,Paramakudi(Uzhavar Sandhai ),27.5,27.5,0.8305485,28.330548524856567
2026-07-04,NGO Colony(Uzhavar Sandhai ),24.0,31.5,-3.408335,28.091665029525757
2026-07-04,Musiri(Uzhavar Sandhai ),22.0,22.5,0.4604595,22.960459500551224
2026-07-04,Kaveripattinam(Uzhavar Sandhai ),20.0,20.0,1.4797406,21.479740619659424
2026-07-04,Panruti(Uzhavar Sandhai ),20.0,21.0,0.7341997,21.734199702739716
2026-07-04,Pallavaram(Uzhavar Sandhai ),22.5,32.5,-3.4428046,29.05719542503357
2026-07-04,Vedaranyam(Uzhavar Sandhai),33.5,33.5,-0.43442088,33.06557911634445
2026-07-04,Mecheri(Uzhavar Sandhai),17.5,19.0,1.7265807,20.7265807390213
2026-07-04,Ammapet(Uzhavar Sandhai ),16.5,16.5,1.9120854,18.4120854139328
2026-07-04,Sathur(Uzhavar Sandhai ),23.5,27.5,-3.4586625,24.041337490081787
2026-07-04,Udumalpet APMC,22.0,17.5,1.818489,19.31848895549774
2026-07-04,Vellore APMC,19.0,19.0,0.8911303,19.891130328178406
2026-07-04,Thalavaipuram(Uzhavar Sandhai ),27.5,22.5,0.5151411,23.015141129493713
2026-07-04,Thanjavur(Uzhavar Sandhai ),24.0,24.0,-0.1550974,23.844902604818344
2026-07-04,Tiruvannamalai(Uzhavar Sandhai ),18.0,14.5,2.233475,16.73347496986389
2026-07-04,Anaiyur(Uzhavar Sandhai ),22.0,22.0,0.7536305,22.75363051891327
2026-07-04,Paramathivelur(Uzhavar Sandhai ),22.0,28.0,-2.9766068,25.023393154144287
2026-07-04,Vadaseri APMC,28.5,28.5,0.122891285,28.622891284525394
2026-07-04,Usilampatti(Uzhavar Sandhai ),22.0,22.0,1.2304982,23.23049819469452
2026-07-04,Karimangalam(Uzhavar Sandhai),19.0,25.0,-2.5987782,22.401221752166748
2026-07-04,Kumarapalayam(Uzhavar Sandhai ),17.5,16.0,1.9478045,17.94780445098877
2026-07-04,Tenkasi(Uzhavar Sandhai ),30.0,22.5,1.656565,24.156564950942993
2026-07-04,Theni(Uzhavar Sandhai ),16.5,16.5,1.7184416,18.218441605567932
2026-07-04,Valangaiman APMC,24.0,20.0,1.7166398,21.716639757156372
2026-07-04,Mettur(Uzhavar Sandhai ),14.5,15.5,1.8795888,17.379588842391968
2026-07-04,Sundarapuram(Uzhavar Sandhai ),22.0,22.0,0.05088336,22.05088336020708
2026-07-04,Melapalayam(Uzhavar Sandhai ),26.0,31.5,-2.2413797,29.258620262145996
2026-07-04,Perambalur(Uzhavar Sandhai ),26.5,26.5,-1.8031156,24.696884393692017
2026-07-04,Rajapalayam(Uzhavar Sandhai ),27.5,27.5,-3.1166825,24.383317470550537
2026-07-04,Andipatti(Uzhavar Sandhai ),21.0,21.0,0.52560294,21.52560293674469
2026-07-04,Hosur(Uzhavar Sandhai ),12.5,17.5,1.1040527,18.604052662849426
2026-07-04,Periyar Nagar(Uzhavar Sandhai ),16.5,19.0,1.9151452,20.9151451587677
2026-07-04,Kariyapatti(Uzhavar Sandhai ),27.5,27.5,-3.951945,23.548054933547974
2026-07-04,Singampunari(Uzhavar Sandhai ),24.0,24.0,0.2492582,24.24925820529461
2026-07-04,Muthupettai(Uzhavar Sandhai ),20.0,24.0,-0.7870748,23.21292519569397
2026-07-04,Nagapattinam(Uzhavar Sandhai ),34.5,37.5,-2.6119766,34.888023376464844
2026-07-04,Padappai(Uzhavar Sandhai ),25.0,26.0,-1.7607245,24.239275455474854
2026-07-04,Ulundurpettai APMC,20.0,20.0,1.2854478,21.28544783592224
2026-07-04,Jameenrayapettai(Uzhavar Sandhai ),22.5,22.5,0.102662906,22.602662906050682
2026-07-04,Manapparai(Uzhavar Sandhai ),25.0,25.0,-1.6551476,23.344852447509766
2026-07-04,Kulithalai(Uzhavar Sandhai ),22.0,22.0,0.031581566,22.031581565737724
2026-07-04,Pattukottai(Uzhavar Sandhai ),28.0,32.0,-2.6502533,29.349746704101562
2026-07-04,Ramanathapuram(Uzhavar Sandhai ),23.5,32.5,-0.4419606,32.05803939700127
2026-07-04,Palayamkottai(Uzhavar Sandhai ),26.0,31.5,-2.310114,29.18988609313965
2026-07-04,Guduvancheri(Uzhavar Sandhai ),22.5,22.5,0.20590305,22.70590305328369
2026-07-04,Perundurai(Uzhavar Sandhai ),19.0,21.0,0.49467173,21.49467173218727
2026-07-04,Bodinayakanur(Uzhavar Sandhai ),22.0,22.0,-0.01790286,21.982097139582038
2026-07-04,Velayuthampalayam(Uzhavar Sandhai ),25.0,25.0,-1.5428114,23.457188606262207
2026-07-04,Naravarikuppam(Uzhavar Sandhai ),30.0,30.0,-0.9894525,29.010547518730164
2026-07-04,Chengam(Uzhavar Sandhai ),22.5,22.5,0.06790072,22.567900717258453
2026-07-04,Avallapalli(Uzhavar Sandhai ),13.5,17.5,0.9108955,18.41089552640915
2026-07-04,Tiruvallur(Uzhavar Sandhai ),30.0,30.0,-0.3533573,29.646642714738846
2026-07-04,Athur(Uzhavar Sandhai ),17.5,21.0,0.44084468,21.44084468483925
2026-07-04,Sunguvarchatram(Uzhavar Sandhai ),25.0,25.0,-0.7037966,24.29620337486267
2026-07-04,Gudalur(Uzhavar Sandhai ),31.0,27.5,-2.0245426,25.475457429885864
2026-07-04,Vazhapadi(Uzhavar Sandhai),16.5,17.0,1.7779427,18.777942657470703
2026-07-04,Peravurani(Uzhavar Sandhai),30.0,30.0,-2.2192092,27.78079080581665
2026-07-04,Gudiyatham(Uzhavar Sandhai ),17.5,16.5,1.5498153,18.04981529712677
2026-07-04,Sulur(Uzhavar Sandhai ),21.5,21.5,0.543673,22.04367297887802
2026-07-04,Virudhunagar(Uzhavar Sandhai ),19.0,18.0,1.8835541,19.883554100990295
2026-07-04,Vedasanthur(Uzhavar Sandhai ),17.5,22.0,0.31272796,22.312727957963943
2026-07-04,Chidambaram(Uzhavar Sandhai ),20.0,20.0,1.4587259,21.458725929260254
2026-07-04,Manachanallur(Uzhavar Sandhai ),24.0,26.0,-1.7352197,24.264780282974243
2026-07-04,Chokkikulam(Uzhavar Sandhai ),22.0,25.0,-1.7277702,23.27222979068756
2026-07-04,Jeyankondam (Uzhavar Sandhai ),26.0,26.0,-1.048589,24.95141100883484
2026-07-04,Krishnagiri(Uzhavar Sandhai ),12.5,12.5,1.8041049,14.304104924201965
2026-07-04,Karambakkudi(Uzhavar Sandhai ),22.5,22.5,0.21372733,22.713727325201035
2026-07-04,Thuraiyur APMC,22.0,22.5,0.63452345,23.134523451328278
2026-07-04,Polur(Uzhavar Sandhai ),17.5,17.5,1.7915586,19.291558623313904
2026-07-04,Kambam(Uzhavar Sandhai ),21.0,22.0,-0.03632143,21.96367856860161
2026-07-04,Tamarainagar(Uzhavar Sandhai ),18.5,16.5,1.8705093,18.370509266853333
2026-07-04,Ponnamaravathi(Uzhavar Sandhai),22.5,22.5,0.38862452,22.888624519109726
2026-07-04,Pollachi(Uzhavar Sandhai ),22.5,22.5,0.22951579,22.72951579093933
2026-07-04,Villupuram(Uzhavar Sandhai ),25.0,22.5,0.8646135,23.364613473415375
2026-07-04,Papanasam(Uzhavar Sandhai ),26.0,29.0,-1.75675,27.243250012397766
2026-07-04,Sivakasi(Uzhavar Sandhai ),27.5,22.5,0.6664401,23.16644012928009
2026-07-04,Gandhigramam(Uzhavar Sandhai),26.5,26.5,-2.0878057,24.41219425201416
2026-07-04,Nanganallur(Uzhavar Sandhai ),17.5,27.5,-2.5634713,24.93652868270874
2026-07-04,Sankarankoil(Uzhavar Sandhai ),30.0,27.5,-0.19480775,27.30519224703312
2026-07-04,Sirkali(Uzhavar Sandhai ),22.5,22.5,1.1736226,23.673622608184814
2026-07-04,Karaikudi(Uzhavar Sandhai ),26.0,26.0,-0.5092564,25.490743577480316
2026-07-04,Katpadi (Uzhavar Sandhai ),20.0,22.5,-0.20867434,22.2913256585598
2026-07-04,Kundrathur(Uzhavar Sandhai ),25.0,25.0,-0.4195674,24.58043259382248
2026-07-04,Mettupalayam(Uzhavar Sandhai ),22.5,22.5,0.6779465,23.177946507930756
2026-07-04,RSPuram(Uzhavar Sandhai ),21.0,21.0,0.37778756,21.377787560224533
2026-07-04,Devakottai (Uzhavar Sandhai ),26.0,26.5,-0.11629093,26.38370907306671
2026-07-04,Kallakurichi(Uzhavar Sandhai ),22.0,25.0,-0.53027695,24.46972304582596
2026-07-04,Devaram(Uzhavar Sandhai ),22.0,23.0,-0.49743572,22.502564281225204
2026-07-04,Needamangalam(Uzhavar Sandhai ),20.0,22.0,-0.08776447,21.912235528230667
2026-07-04,Gandarvakottai(Uzhavar Sandhai ),22.5,22.5,0.32728246,22.827282458543777
2026-07-04,Vaniyampadi(Uzhavar Sandhai ),15.0,15.0,1.8950163,16.895016312599182
2026-07-04,Thiruverumbur(Uzhavar Sandhai ),24.0,26.0,-1.6637764,24.336223602294922
2026-07-04,Hasthampatti(Uzhavar Sandhai ),16.5,18.0,1.5049992,19.5049991607666
2026-07-04,Kandiyaperi(Uzhavar Sandhai ),26.0,31.5,-2.2536688,29.246331214904785
2026-07-04,Alangudi(Uzhavar Sandhai ),22.5,22.5,0.32728246,22.827282458543777
2026-07-04,Mannargudi II(Uzhavar Sandhai ),22.0,24.0,-0.7572134,23.242786586284637
2026-07-04,Kangayam(Uzhavar Sandhai ),20.0,17.5,1.7916244,19.291624426841736
2026-07-04,Ariyalur(Uzhavar Sandhai),27.5,27.5,-0.5127082,26.98729181289673
2026-07-04,Jalagandapuram(Uzhavar Sandhai ),16.5,18.0,1.0744548,19.07445478439331
2026-07-04,Aranthangi(Uzhavar Sandhai ),22.5,27.5,-3.4130986,24.086901426315308
2026-07-04,Natrampalli(Uzhavar Sandhai ),12.5,17.5,1.009842,18.509842038154602
2026-07-04,Arcot(Uzhavar Sandhai ),20.0,20.0,1.6001443,21.600144267082214
2026-07-04,Kurichi(Uzhavar Sandhai ),22.0,23.0,-0.6166179,22.383382081985474
2026-07-04,Gingee(Uzhavar Sandhai ),25.0,25.0,-2.234424,22.765575885772705
2026-07-04,Thirupathur APMC,20.0,20.0,1.0846362,21.084636211395264
2026-07-04,Sankarapuram(Uzhavar Sandhai ),22.0,28.0,-2.5895875,25.410412549972534
2026-07-04,Vadavalli(Uzhavar Sandhai ),20.0,24.0,-0.81397855,23.1860214471817
2026-07-04,Chinnalapatti(Uzhavar Sandhai ),22.0,27.0,-2.3212135,24.678786516189575
2026-07-04,Pennagaram(Uzhavar Sandhai ),15.5,21.0,0.24649371,21.246493712067604
2026-07-04,Paruthipattu(Uzhavar Sandhai ),30.0,30.0,-0.92473394,29.07526606321335
2026-07-04,Udhagamandalam(Uzhavar Sandhai ),26.5,26.0,-1.4786804,24.52131962776184
2026-07-04,Tiruppur (South) (Uzhavar Sandhai ),16.5,16.5,2.7993877,19.29938769340515
2026-07-04,Kahithapattarai(Uzhavar Sandhai ),16.0,18.0,1.3350239,19.335023880004883
2026-07-04,Vandavasi(Uzhavar Sandhai ),13.5,17.5,1.5791863,19.07918632030487
2026-07-04,Palani(Uzhavar Sandhai ),17.5,20.0,1.5138812,21.51388120651245
2026-07-04,Sooramangalam(Uzhavar Sandhai ),16.5,12.5,3.7153819,16.215381860733032
2026-07-04,Sooramangalam(Uzhavar Sandhai ),12.5,16.5,0.94902647,17.449026465415955
2026-07-04,Sathiyamagalam(Uzhavar Sandhai ),16.0,17.5,1.358259,18.858258962631226
2026-07-04,Palacode(Uzhavar Sandhai ),15.0,17.0,1.2309517,18.23095166683197
2026-07-04,Myladi(Uzhavar Sandhai ),27.5,27.5,-0.9923781,26.50762188434601
2026-07-04,Sampath Nagar(Uzhavar Sandhai ),16.5,19.0,1.5967492,20.596749186515808
2026-07-04,Tirukattupalli(Uzhavar Sandhai ),24.0,32.0,-3.7151783,28.28482174873352
2026-07-04,Arani(Uzhavar Sandhai ),17.5,17.5,3.1064248,20.606424808502197
2026-07-04,Tiruthani(Uzhavar Sandhai ),20.0,20.0,1.3614577,21.36145770549774
2026-07-04,Tirupatthur(Uzhavar Sandhai ),26.0,26.5,-0.07697385,26.423026151955128
2026-07-04,Gobichettipalayam(Uzhavar Sandhai ),21.0,22.5,-0.041395307,22.45860469341278
2026-07-04,Kancheepuram(Uzhavar Sandhai ),26.0,26.0,-0.51861835,25.48138165473938
2026-07-04,Thirumangalam(Uzhavar Sandhai ),22.0,22.0,1.2934918,23.29349184036255
2026-07-04,Thalavadi(Uzhavar Sandhai ),16.5,16.5,1.2869469,17.786946892738342
2026-07-04,Coonoor(Uzhavar Sandhai ),26.0,28.0,-2.2020187,25.79798126220703
2026-07-04,Chengalpet(Uzhavar Sandhai ),22.5,22.5,0.73627573,23.236275732517242
2026-07-04,Denkanikottai(Uzhavar Sandhai ),12.5,17.5,1.2260147,18.726014733314514
2026-07-04,Lalgudi(Uzhavar Sandhai ),24.0,26.0,-2.1663203,23.833679676055908
2026-07-04,Palanganatham(Uzhavar Sandhai ),22.0,22.0,0.94950897,22.94950896501541
2026-07-04,Mayiladuthurai(Uzhavar Sandhai ),22.5,27.5,-2.427286,25.07271409034729
2026-07-04,Kovilpatti(Uzhavar Sandhai ),27.5,27.5,-2.4138324,25.086167573928833
2026-07-04,Mohanur(Uzhavar Sandhai ),27.0,27.5,-2.1092591,25.390740871429443
2026-07-04,Tiruchengode APMC,21.0,22.5,0.6123712,23.11237120628357
2026-07-04,Attayampatti(Uzhavar Sandhai ),20.0,20.0,1.1672493,21.16724932193756
2026-07-04,Viruthachalam(Uzhavar Sandhai ),20.0,20.0,1.3274723,21.32747232913971
2026-07-04,Pudukottai(Uzhavar Sandhai ),22.5,22.5,0.53098387,23.030983865261078
2026-07-04,Dharmapuri(Uzhavar Sandhai ),15.5,19.0,0.9024545,19.902454495429993
2026-07-04,Vandavasi(Uzhavar Sandhai ),17.5,13.5,2.7722902,16.272290229797363
2026-07-04,Pallapatti (Uzhavar Sandhai ),25.0,26.5,-2.1065679,24.393432140350342
2026-07-05,Kariyapatti(Uzhavar Sandhai ),22.5,27.5,-3.4360125,24.063987493515015
2026-07-05,Tiruchengode APMC,22.0,21.0,1.3463959,22.34639585018158
2026-07-05,Hasthampatti(Uzhavar Sandhai ),13.0,16.5,2.340843,18.840842962265015
2026-07-05,Pattukottai(Uzhavar Sandhai ),28.0,28.0,-0.46697205,27.533027946949005
2026-07-05,Tiruvannamalai(Uzhavar Sandhai ),18.0,18.0,1.132647,19.132647037506104
2026-07-05,Vedasanthur(Uzhavar Sandhai ),17.5,17.5,2.1153624,19.615362405776978
2026-07-05,Virudhunagar(Uzhavar Sandhai ),21.0,19.0,1.5938201,20.593820095062256
2026-07-05,Pennagaram(Uzhavar Sandhai ),11.0,15.5,2.3952737,17.895273685455322
2026-07-05,Hasthampatti(Uzhavar Sandhai ),15.0,13.0,4.864515,17.86451482772827
2026-07-05,Padappai(Uzhavar Sandhai ),26.0,25.0,-1.1606479,23.839352130889893
2026-07-05,Palacode(Uzhavar Sandhai ),15.0,15.0,2.3685615,17.368561506271362
2026-07-05,Velayuthampalayam(Uzhavar Sandhai ),25.0,25.0,-1.4162483,23.583751678466797
2026-07-05,Thammampatti (Uzhavar Sandhai ),14.0,18.5,1.3505765,19.850576519966125
2026-07-05,Kamuthi(Uzhavar Sandhai ),32.5,32.5,-0.28863198,32.21136802434921
2026-07-05,Ulundurpettai APMC,20.0,20.0,1.3959326,21.39593255519867
2026-07-05,Udhagamandalam(Uzhavar Sandhai ),26.5,26.5,-1.4967592,25.003240823745728
2026-07-05,Tirupatthur(Uzhavar Sandhai ),26.5,26.0,0.08827761,26.088277608156204
2026-07-05,Edapadi (Uzhavar Sandhai ),17.5,21.0,0.8389377,21.83893769979477
2026-07-05,Karambakkudi(Uzhavar Sandhai ),22.5,22.5,0.5258672,23.025867223739624
2026-07-05,Thiruverumbur(Uzhavar Sandhai ),24.0,24.0,-0.16452163,23.835478365421295
2026-07-05,Kancheepuram(Uzhavar Sandhai ),26.0,26.0,-0.96499616,25.03500384092331
2026-07-05,Harur(Uzhavar Sandhai ),16.5,16.5,1.8948687,18.39486873149872
2026-07-05,Attayampatti(Uzhavar Sandhai ),18.0,20.0,1.6706519,21.67065191268921
2026-07-05,Dharmapuri(Uzhavar Sandhai ),15.5,15.5,1.9222198,17.42221975326538
2026-07-05,Udumalpet APMC,22.5,22.0,0.24601875,22.24601875245571
2026-07-05,KKNagar(Uzhavar Sandhai ),23.0,25.0,-0.23519826,24.764801740646362
2026-07-05,Paramakudi(Uzhavar Sandhai ),22.5,27.5,0.40706915,27.907069146633148
2026-07-05,Ambasamudram(Uzhavar Sandhai ),26.5,26.5,-0.28213382,26.21786618232727
2026-07-05,Tirukattupalli(Uzhavar Sandhai ),24.0,24.0,-0.018473538,23.981526462361217
2026-07-05,Thirumangalam(Uzhavar Sandhai ),21.0,22.0,1.1733851,23.17338514328003
2026-07-05,Perambakkam(Uzhavar Sandhai ),30.0,30.0,-0.30018026,29.69981974363327
2026-07-05,Thuraiyur APMC,22.0,22.0,1.1829985,23.182998538017273
2026-07-05,Panruti(Uzhavar Sandhai ),20.0,20.0,1.8099781,21.809978127479553
2026-07-05,Kaveripattinam(Uzhavar Sandhai ),20.0,20.0,1.5048479,21.50484788417816
2026-07-05,NGO Colony(Uzhavar Sandhai ),24.0,24.0,-0.04088324,23.959116760641336
2026-07-05,Tiruthani(Uzhavar Sandhai ),20.0,20.0,1.3278949,21.327894926071167
2026-07-05,Ammapet(Uzhavar Sandhai ),14.0,16.5,1.7885761,18.288576126098633
2026-07-05,Palanganatham(Uzhavar Sandhai ),21.0,22.0,0.4238412,22.423841208219528
2026-07-05,Dindigul(Uzhavar Sandhai ),22.5,22.0,1.2283823,23.228382349014282
2026-07-05,Kahithapattarai(Uzhavar Sandhai ),16.0,16.0,2.0421255,18.042125463485718
2026-07-05,Tiruppur (North) (Uzhavar Sandhai ),21.0,19.0,1.819963,20.819962978363037
2026-07-05,Kandiyaperi(Uzhavar Sandhai ),26.0,26.0,-0.09685167,25.90314833074808
2026-07-05,Theni(Uzhavar Sandhai ),19.0,16.5,2.0221684,18.522168397903442
2026-07-05,Jalagandapuram(Uzhavar Sandhai ),16.5,16.5,1.857572,18.357571959495544
2026-07-05,Paruthipattu(Uzhavar Sandhai ),30.0,30.0,-0.9763266,29.02367341518402
2026-07-05,Jeyankondam (Uzhavar Sandhai ),26.0,26.0,-1.0415059,24.958494067192078
2026-07-05,Aruppukottai(Uzhavar Sandhai ),22.5,27.5,-2.9720917,24.527908325195312
2026-07-05,Chidambaram(Uzhavar Sandhai ),20.0,20.0,1.6178104,21.617810368537903
2026-07-05,Peravurani(Uzhavar Sandhai),25.0,30.0,-2.4159281,27.58407187461853
2026-07-05,Chinnalapatti(Uzhavar Sandhai ),22.5,22.0,0.73652893,22.73652893304825
2026-07-05,Tiruvallur(Uzhavar Sandhai ),30.0,30.0,-0.70435965,29.295640349388123
2026-07-05,Karimangalam(Uzhavar Sandhai),19.0,19.0,1.8814614,20.88146138191223
2026-07-05,Denkanikottai(Uzhavar Sandhai ),17.5,12.5,4.164884,16.664884090423584
2026-07-05,Karaikudi(Uzhavar Sandhai ),25.0,26.0,-0.50576055,25.494239449501038
2026-07-05,Chinnamanur(Uzhavar Sandhai ),16.0,20.0,1.5983521,21.598352074623108
2026-07-05,Tiruppur (South) (Uzhavar Sandhai ),17.5,16.5,2.4256322,18.92563223838806
2026-07-05,Needamangalam(Uzhavar Sandhai ),16.0,20.0,1.9957225,21.99572253227234
2026-07-05,Hosur(Uzhavar Sandhai ),17.5,12.5,4.2977138,16.79771375656128
2026-07-05,Nanganallur(Uzhavar Sandhai ),17.5,17.5,3.6297672,21.129767179489136
2026-07-05,Viralimalai(Uzhavar Sandhai ),22.5,17.5,2.3631542,19.86315417289734
2026-07-05,Gandhigramam(Uzhavar Sandhai),26.5,26.5,-1.7794279,24.720572113990784
2026-07-05,Pallikonda(Uzhavar Sandhai),20.0,19.0,1.2885213,20.28852128982544
2026-07-05,Anna nagar(Uzhavar Sandhai ),21.0,24.0,-0.37968335,23.62031665444374
2026-07-05,Anna nagar(Uzhavar Sandhai ),24.0,21.0,1.5960666,22.59606659412384
2026-07-05,Thalavadi(Uzhavar Sandhai ),15.5,16.5,1.4892076,17.9892076253891
2026-07-05,Vandavasi(Uzhavar Sandhai ),17.5,13.5,3.0622685,16.562268495559692
2026-07-05,Srivilliputhur(Uzhavar Sandhai ),27.5,27.5,-3.3734803,24.126519680023193
2026-07-05,Vadaseri APMC,28.5,28.5,0.289706,28.789705991744995
2026-07-05,Ponnamaravathi(Uzhavar Sandhai),22.5,22.5,0.53116924,23.03116923570633
2026-07-05,Vedaranyam(Uzhavar Sandhai),33.0,33.5,-0.3795002,33.12049978971481
2026-07-05,Musiri(Uzhavar Sandhai ),22.0,22.0,0.6922138,22.692213773727417
2026-07-05,Palladam(Uzhavar Sandhai ),17.5,17.5,2.092558,19.592557907104492
2026-07-05,Kumbakonam (Uzhavar Sandhai ),24.0,26.0,-0.7244157,25.275584280490875
2026-07-05,AJattihalli(Uzhavar Sandhai ),14.0,15.0,1.9991086,16.99910855293274
2026-07-05,Gobichettipalayam(Uzhavar Sandhai ),19.0,21.0,0.85094905,21.85094904899597
2026-07-05,Mettur(Uzhavar Sandhai ),15.5,14.5,2.0751526,16.57515263557434
2026-07-05,Sooramangalam(Uzhavar Sandhai ),12.5,16.5,1.3256844,17.825684428215027
2026-07-05,Sooramangalam(Uzhavar Sandhai ),16.5,12.5,4.589104,17.089104175567627
2026-07-05,Singampunari(Uzhavar Sandhai ),23.0,24.0,0.047885224,24.047885224223137
2026-07-05,Viruthachalam(Uzhavar Sandhai ),25.0,20.0,1.5942715,21.594271540641785
2026-07-05,Kundrathur(Uzhavar Sandhai ),25.0,25.0,-0.3698733,24.63012671470642
2026-07-05,Keelpennathur(Uzhavar Sandhai ),25.0,25.0,-1.2799911,23.720008850097656
2026-07-05,Melapalayam(Uzhavar Sandhai ),26.5,26.0,-0.20550157,25.794498428702354
2026-07-05,Devaram(Uzhavar Sandhai ),18.0,22.0,0.041707456,22.041707456111908
2026-07-05,Manapparai(Uzhavar Sandhai ),25.0,25.0,-1.2045496,23.795450448989868
2026-07-05,Sivakasi(Uzhavar Sandhai ),22.5,27.5,-2.90064,24.59935998916626
2026-07-05,Pollachi(Uzhavar Sandhai ),22.5,22.5,0.35451528,22.85451528429985
2026-07-05,Usilampatti(Uzhavar Sandhai ),22.0,22.0,1.1350257,23.1350257396698
2026-07-05,Vadavalli(Uzhavar Sandhai ),18.0,20.0,1.3865389,21.386538863182068
2026-07-05,Vadavalli(Uzhavar Sandhai ),24.0,18.0,2.4042363,20.404236316680908
2026-07-05,Sathiyamagalam(Uzhavar Sandhai ),16.0,16.0,2.0627382,18.062738180160522
2026-07-05,Kurichi(Uzhavar Sandhai ),22.0,22.0,0.19819953,22.198199525475502
2026-07-05,Perundurai(Uzhavar Sandhai ),18.0,19.0,1.5179701,20.517970085144043
2026-07-05,Mettupalayam(Uzhavar Sandhai ),22.0,22.5,0.63870615,23.138706147670746
2026-07-05,Elampillai(Uzhavar Sandhai ),17.5,18.0,1.7240947,19.72409474849701
2026-07-05,Rasipuram(Uzhavar Sandhai ),17.0,20.0,1.2859716,21.285971641540527
2026-07-05,Kovilpatti(Uzhavar Sandhai ),27.5,27.5,-2.0347052,25.46529483795166
2026-07-05,Tamarainagar(Uzhavar Sandhai ),18.0,18.5,1.4565582,19.956558227539062
2026-07-05,Myladi(Uzhavar Sandhai ),27.5,27.5,-1.0311744,26.468825578689575
2026-07-05,Athur(Uzhavar Sandhai ),17.5,17.5,2.1626997,19.662699699401855
2026-07-05,Ranipettai(Uzhavar Sandhai ),16.0,18.0,1.8136696,19.813669562339783
2026-07-05,Ranipettai(Uzhavar Sandhai ),18.0,18.5,2.5303736,21.030373573303223
2026-07-05,Bodinayakanur(Uzhavar Sandhai ),18.0,22.0,0.24104108,22.24104107916355
2026-07-05,Cheyyar(Uzhavar Sandhai ),17.5,17.5,2.024789,19.524789094924927
2026-07-05,Periyar Nagar(Uzhavar Sandhai ),16.0,16.5,3.4158516,19.915851593017578
2026-07-05,Periyakulam(Uzhavar Sandhai ),19.0,21.0,0.7782237,21.77822369337082
2026-07-05,Tenkasi(Uzhavar Sandhai ),25.0,30.0,-2.59397,27.40602993965149
2026-07-05,Krishnagiri(Uzhavar Sandhai ),12.0,12.5,1.8343937,14.334393739700317
2026-07-05,Mecheri(Uzhavar Sandhai),17.5,17.5,2.0749018,19.574901819229126
2026-07-05,Vadalur(Uzhavar Sandhai ),25.0,20.0,1.67044,21.670439958572388
2026-07-05,Sunguvarchatram(Uzhavar Sandhai ),25.0,25.0,-0.59276015,24.407239854335785
2026-07-05,Coonoor(Uzhavar Sandhai ),26.5,26.0,-1.4115504,24.588449597358704
2026-07-05,Pallapatti (Uzhavar Sandhai ),23.0,25.0,-1.5395217,23.46047830581665
2026-07-05,Palayamkottai(Uzhavar Sandhai ),26.0,26.0,-0.24084021,25.75915978848934
2026-07-05,Gudalur(Uzhavar Sandhai ),27.5,31.0,-3.2794704,27.720529556274414
2026-07-05,Muthupettai(Uzhavar Sandhai ),18.0,20.0,1.9943888,21.994388818740845
2026-07-05,RSPuram(Uzhavar Sandhai ),17.0,21.0,0.45423427,21.454234272241592
2026-07-05,Sankarankoil(Uzhavar Sandhai ),30.0,30.0,-1.6798356,28.320164442062378
2026-07-05,Sundarapuram(Uzhavar Sandhai ),22.0,22.0,0.14992808,22.14992807805538
2026-07-05,Rajapalayam(Uzhavar Sandhai ),27.5,27.5,-2.8416288,24.658371210098267
2026-07-05,Mannargudi II(Uzhavar Sandhai ),48.0,22.0,1.5413226,23.541322588920593
2026-07-05,Pudukottai(Uzhavar Sandhai ),22.5,22.5,0.46260116,22.96260115504265
2026-07-05,Sankarapuram(Uzhavar Sandhai ),25.0,22.0,0.73083776,22.730837762355804
2026-07-05,Sulur(Uzhavar Sandhai ),21.5,21.5,0.5364578,22.036457777023315
2026-07-05,Vazhapadi(Uzhavar Sandhai),16.5,16.5,2.2522376,18.752237558364868
2026-07-05,Melur(Uzhavar Sandhai ),21.0,22.0,0.7369412,22.73694121837616
2026-07-05,Gingee(Uzhavar Sandhai ),20.0,25.0,-2.1812277,22.818772315979004
2026-07-05,Sivagangai (Uzhavar Sandhai ),23.0,24.0,-0.07909981,23.92090018838644
2026-07-05,Polur(Uzhavar Sandhai ),17.5,17.5,1.8619281,19.36192810535431
2026-07-05,Devakottai (Uzhavar Sandhai ),26.5,26.0,0.09033891,26.09033890813589
2026-07-05,Sirkali(Uzhavar Sandhai ),22.5,22.5,1.1485146,23.64851462841034
2026-07-05,Arani(Uzhavar Sandhai ),17.5,17.5,2.288881,19.788881063461304
2026-07-05,Lalgudi(Uzhavar Sandhai ),24.0,24.0,-0.44158533,23.558414667844772
2026-07-05,Arcot(Uzhavar Sandhai ),20.0,20.0,1.7022852,21.702285170555115
2026-07-05,Alangudi(Uzhavar Sandhai ),22.5,22.5,0.34155348,22.84155347943306
2026-07-05,Mohanur(Uzhavar Sandhai ),25.0,27.0,-1.9305551,25.06944489479065
2026-07-05,Manachanallur(Uzhavar Sandhai ),24.0,24.0,-0.22194481,23.77805519104004
2026-07-05,Singanallur(Uzhavar Sandhai ),21.5,21.5,0.46476468,21.964764684438705
2026-07-06,Hasthampatti(Uzhavar Sandhai ),13.0,15.0,2.254336,17.25433611869812
2026-07-06,Vandavasi(Uzhavar Sandhai ),17.5,17.5,0.78192294,18.281922936439514
2026-07-06,Vadalur(Uzhavar Sandhai ),20.0,25.0,-1.76918,23.230819940567017
2026-07-06,Tirupatthur(Uzhavar Sandhai ),23.5,26.5,-0.2828291,26.217170894145966
2026-07-06,Sathiyamagalam(Uzhavar Sandhai ),17.5,16.0,1.6751094,17.675109386444092
2026-07-06,Thalavadi(Uzhavar Sandhai ),13.5,15.5,1.3297839,16.82978391647339
2026-07-06,Perampet(Uzhavar Sandhai),13.5,17.5,1.0570395,18.557039499282837
2026-07-06,Sampath Nagar(Uzhavar Sandhai ),16.0,16.5,2.677182,19.17718195915222
2026-07-06,Anna nagar(Uzhavar Sandhai ),20.0,24.0,-0.60618246,23.39381754398346
2026-07-06,Arcot(Uzhavar Sandhai ),16.0,20.0,1.0234656,21.023465633392334
2026-07-06,Sunguvarchatram(Uzhavar Sandhai ),25.0,25.0,-0.7127858,24.28721421957016
2026-07-06,Palacode(Uzhavar Sandhai ),15.0,15.0,1.7356079,16.735607862472534
2026-07-06,Pallikonda(Uzhavar Sandhai),20.0,20.0,0.79766965,20.797669649124146
2026-07-06,Karimangalam(Uzhavar Sandhai),17.0,19.0,1.8414237,20.841423749923706
2026-07-06,Vaniyampadi(Uzhavar Sandhai ),20.0,15.0,1.7772276,16.777227640151978
2026-07-06,Harur(Uzhavar Sandhai ),16.5,16.5,1.3376334,17.83763337135315
2026-07-06,Natrampalli(Uzhavar Sandhai ),12.5,12.5,3.7271788,16.227178812026978
2026-07-06,Denkanikottai(Uzhavar Sandhai ),17.5,17.5,1.6725049,19.172504901885986
2026-07-06,Paramakudi(Uzhavar Sandhai ),22.5,22.5,2.2514663,24.751466274261475
2026-07-06,Chengalpet(Uzhavar Sandhai ),22.5,22.5,0.84537065,23.345370650291443
2026-07-06,Kaveripattinam(Uzhavar Sandhai ),20.0,20.0,1.184567,21.184566974639893
2026-07-06,Krishnagiri(Uzhavar Sandhai ),13.0,12.0,3.3835995,15.383599519729614
2026-07-06,Lalgudi(Uzhavar Sandhai ),20.0,24.0,-0.6268858,23.373114228248596
2026-07-06,Thanjavur(Uzhavar Sandhai ),24.0,24.0,-0.22191668,23.778083324432373
2026-07-06,Kambam(Uzhavar Sandhai ),17.0,21.0,0.32885346,21.328853458166122
2026-07-06,Tiruvallur(Uzhavar Sandhai ),30.0,30.0,-0.7978119,29.202188074588776
2026-07-06,Anaiyur(Uzhavar Sandhai ),19.0,22.0,0.3904888,22.39048880338669
2026-07-06,Ammapet(Uzhavar Sandhai ),13.5,14.0,3.264533,17.264533042907715
2026-07-06,Ambattur(Uzhavar Sandhai ),30.0,30.0,-0.45680007,29.54319992661476
2026-07-06,Vadaseri APMC,28.5,28.5,1.0475868,29.547586798667908
2026-07-06,Udumalpet APMC,22.5,22.5,-0.21895033,22.28104966878891
2026-07-06,Mecheri(Uzhavar Sandhai),15.5,17.5,1.3912439,18.891243934631348
2026-07-06,Sivagangai (Uzhavar Sandhai ),21.0,23.0,0.44881612,23.448816120624542
2026-07-06,Srivilliputhur(Uzhavar Sandhai ),22.5,27.5,-3.1288838,24.371116161346436
2026-07-06,Palani(Uzhavar Sandhai ),13.0,17.5,0.73973334,18.239733338356018
2026-07-06,Viralimalai(Uzhavar Sandhai ),17.5,22.5,0.43656382,22.936563819646835
2026-07-06,Gingee(Uzhavar Sandhai ),15.0,20.0,1.5350868,21.535086750984192
2026-07-06,Vazhapadi(Uzhavar Sandhai),16.5,16.5,1.6877732,18.18777322769165
2026-07-06,Jalagandapuram(Uzhavar Sandhai ),14.0,16.5,1.8419155,18.341915488243103
2026-07-06,Chinnalapatti(Uzhavar Sandhai ),17.0,22.5,-0.09360205,22.406397953629494
2026-07-06,Theni(Uzhavar Sandhai ),16.0,19.0,2.015628,21.01562809944153
2026-07-06,Mayiladuthurai(Uzhavar Sandhai ),22.5,22.5,0.9695124,23.469512403011322
2026-07-06,Aranthangi(Uzhavar Sandhai ),22.5,22.5,1.0601996,23.56019961833954
2026-07-06,Kulithalai(Uzhavar Sandhai ),19.0,22.0,-0.081599,21.91840100288391
2026-07-06,Sundarapuram(Uzhavar Sandhai ),19.0,22.0,-0.019971505,21.980028495192528
2026-07-06,Thathakapatti(Uzhavar Sandhai ),14.0,17.5,0.7302606,18.230260610580444
2026-07-06,Perambalur(Uzhavar Sandhai ),22.0,26.5,-2.001459,24.498541116714478
2026-07-06,Jeyankondam (Uzhavar Sandhai ),24.0,26.0,-1.6613235,24.33867645263672
2026-07-06,Kariyapatti(Uzhavar Sandhai ),22.5,22.5,0.30616793,22.80616793036461
2026-07-06,Gandarvakottai(Uzhavar Sandhai ),17.5,22.5,0.09104821,22.5910482108593
2026-07-06,Ulundurpettai APMC,20.0,20.0,0.9102086,20.910208582878113
2026-07-06,Sankarankoil(Uzhavar Sandhai ),25.0,30.0,-2.1886146,27.8113853931427
2026-07-06,Mohanur(Uzhavar Sandhai ),25.0,25.0,-1.2433845,23.75661551952362
2026-07-06,Dharapuram(Uzhavar Sandhai ),21.0,22.5,0.117683336,22.617683336138725
2026-07-06,RSPuram(Uzhavar Sandhai ),14.0,17.0,1.8512052,18.851205229759216
2026-07-06,Tiruppur (South) (Uzhavar Sandhai ),17.5,17.5,0.44472805,17.944728046655655
2026-07-06,Needamangalam(Uzhavar Sandhai ),16.0,16.0,2.9477737,18.947773694992065
2026-07-06,Vengamedu(Uzhavar Sandhai ),22.5,26.0,-1.802827,24.19717299938202
2026-07-06,Ramanathapuram(Uzhavar Sandhai ),26.5,23.5,2.475824,25.975824117660522
2026-07-06,Coonoor(Uzhavar Sandhai ),26.0,26.5,-1.8273846,24.6726154088974
2026-07-06,Pennagaram(Uzhavar Sandhai ),17.5,11.0,3.9119825,14.911982536315918
2026-07-06,Paruthipattu(Uzhavar Sandhai ),30.0,30.0,-0.9616173,29.038382709026337
2026-07-06,Madhuranthagam(Uzhavar Sandhai ),30.0,30.0,-1.2294252,28.770574808120728
2026-07-06,Pallapatti (Uzhavar Sandhai ),23.0,23.0,-0.22497015,22.775029852986336
2026-07-06,Sulur(Uzhavar Sandhai ),18.0,21.5,-0.058515016,21.441484984010458
2026-07-06,Mettupalayam(Uzhavar Sandhai ),17.5,22.0,0.16893621,22.16893620789051
2026-07-06,Padappai(Uzhavar Sandhai ),20.0,26.0,-1.7669501,24.233049869537354
2026-07-06,Papanasam(Uzhavar Sandhai ),22.0,26.0,-0.68044376,25.31955623626709
2026-07-06,Gandhigramam(Uzhavar Sandhai),23.5,26.5,-1.5905069,24.90949308872223
2026-07-06,Medavakkam(Uzhavar Sandhai ),25.0,22.5,1.7938831,24.293883085250854
2026-07-06,Palayamkottai(Uzhavar Sandhai ),26.0,26.0,-0.44731525,25.552684754133224
2026-07-06,Chidambaram(Uzhavar Sandhai ),20.0,20.0,1.3359088,21.33590877056122
2026-07-06,Gudiyatham(Uzhavar Sandhai ),14.0,17.5,0.9403784,18.440378427505493
2026-07-06,Tiruvarur(Uzhavar Sandhai ),30.0,30.0,-2.1657073,27.83429265022278
2026-07-06,Pudukottai(Uzhavar Sandhai ),17.5,22.5,0.30040494,22.80040493607521
2026-07-06,Tiruppur (North) (Uzhavar Sandhai ),21.5,21.0,0.46774134,21.46774134039879
2026-07-06,Virudhunagar(Uzhavar Sandhai ),18.0,21.0,-0.043072898,20.956927102059126
2026-07-06,Chokkikulam(Uzhavar Sandhai ),19.0,22.0,0.6164817,22.616481721401215
2026-07-06,NGO Colony(Uzhavar Sandhai ),24.0,24.0,-0.25463915,23.745360851287842
2026-07-06,Mannargudi II(Uzhavar Sandhai ),16.0,48.0,-12.751724,35.24827575683594
2026-07-06,Gudalur(Uzhavar Sandhai ),22.0,27.5,-1.9830812,25.516918778419495
2026-07-06,Rajapalayam(Uzhavar Sandhai ),22.5,27.5,-2.3596292,25.140370845794678
2026-07-06,Tuticorin(Uzhavar Sandhai ),27.5,27.5,-1.2868071,26.2131929397583
2026-07-06,Ponnamaravathi(Uzhavar Sandhai),22.5,22.5,0.11556025,22.61556024849415
2026-07-06,KKNagar(Uzhavar Sandhai ),20.0,23.0,-0.1953735,22.804626494646072
2026-07-06,Manapparai(Uzhavar Sandhai ),20.0,25.0,-1.4691646,23.530835390090942
2026-07-06,Sirkali(Uzhavar Sandhai ),22.5,22.5,1.0004761,23.500476121902466
2026-07-06,Melapalayam(Uzhavar Sandhai ),26.0,26.5,-0.7077246,25.792275428771973
2026-07-06,Tindivanam APMC,15.0,20.0,0.6678002,20.667800188064575
2026-07-06,Devaram(Uzhavar Sandhai ),18.0,18.0,1.2569658,19.25696575641632
2026-07-06,Myladi(Uzhavar Sandhai ),27.5,27.5,-1.1762807,26.323719263076782
2026-07-06,Keelpennathur(Uzhavar Sandhai ),25.0,25.0,-1.3914983,23.60850167274475
2026-07-06,Karaikudi(Uzhavar Sandhai ),23.0,25.0,0.029070236,25.029070235788822
2026-07-06,Athur(Uzhavar Sandhai ),16.5,17.5,2.2825282,19.782528162002563
2026-07-06,Palanganatham(Uzhavar Sandhai ),17.5,21.0,0.43691546,21.436915457248688
2026-07-06,Edapadi (Uzhavar Sandhai ),17.0,17.5,2.4717386,19.971738576889038
2026-07-06,Pattukottai(Uzhavar Sandhai ),24.0,28.0,-0.4896636,27.51033639907837
2026-07-06,Ambasamudram(Uzhavar Sandhai ),26.5,26.5,-0.14925832,26.350741684436798
2026-07-06,Thalavaipuram(Uzhavar Sandhai ),22.5,27.5,-3.046344,24.45365595817566
2026-07-06,Viruthachalam(Uzhavar Sandhai ),20.0,25.0,-1.9563384,23.04366159439087
2026-07-06,Polur(Uzhavar Sandhai ),17.5,17.5,1.4216863,18.92168629169464
2026-07-06,Tiruchengode APMC,22.0,22.0,0.23531461,22.23531460762024
2026-07-06,Kangayam(Uzhavar Sandhai ),16.0,20.0,0.4416934,20.441693395376205
2026-07-06,Sivakasi(Uzhavar Sandhai ),22.5,22.5,0.37681806,22.87681806087494
2026-07-06,Pollachi(Uzhavar Sandhai ),22.5,22.5,0.34020612,22.840206116437912
2026-07-06,Chinnamanur(Uzhavar Sandhai ),18.0,16.0,2.186435,18.186434984207153
2026-07-06,Ariyalur(Uzhavar Sandhai),22.5,27.5,-1.217225,26.282775044441223
2026-07-06,Manachanallur(Uzhavar Sandhai ),20.0,24.0,-0.43278468,23.56721532344818
2026-07-06,Elampillai(Uzhavar Sandhai ),16.5,17.5,1.2103838,18.710383772850037
2026-07-06,Udhagamandalam(Uzhavar Sandhai ),22.0,26.5,-1.9217347,24.5782653093338
2026-07-06,Kurichi(Uzhavar Sandhai ),22.0,22.0,-0.16218112,21.83781887590885
2026-07-06,Dindigul(Uzhavar Sandhai ),16.0,22.5,-0.018388301,22.48161169886589
2026-07-06,Valangaiman APMC,28.0,24.0,-0.83326346,23.16673654317856
2026-07-06,Thirupathur APMC,20.0,20.0,0.76255447,20.762554466724396
2026-07-06,Attayampatti(Uzhavar Sandhai ),18.0,18.0,1.9507961,19.950796127319336
2026-07-06,Vadavalli(Uzhavar Sandhai ),18.0,24.0,-0.2591999,23.740800112485886
2026-07-06,Kovilpatti(Uzhavar Sandhai ),22.5,27.5,-2.249617,25.250382900238037
2026-07-06,Hosur(Uzhavar Sandhai ),17.5,17.5,1.5582684,19.058268427848816
2026-07-06,Nanganallur(Uzhavar Sandhai ),17.5,17.5,2.693304,20.19330406188965
2026-07-06,Katpadi (Uzhavar Sandhai ),18.0,20.0,0.8733173,20.873317301273346
2026-07-06,Kundrathur(Uzhavar Sandhai ),26.0,25.0,-0.47352904,24.526470959186554
2026-07-06,Peravurani(Uzhavar Sandhai),30.0,25.0,-0.13363048,24.866369515657425
2026-07-06,Rasipuram(Uzhavar Sandhai ),17.0,17.0,1.6785837,18.67858374118805
2026-07-06,Vedasanthur(Uzhavar Sandhai ),14.0,17.5,1.0609442,18.560944199562073
2026-07-06,Singanallur(Uzhavar Sandhai ),17.5,21.5,-0.11082095,21.389179050922394
2026-07-06,Velayuthampalayam(Uzhavar Sandhai ),22.5,25.0,-1.4686005,23.531399488449097
2026-07-06,Muthupettai(Uzhavar Sandhai ),15.0,18.0,1.4470975,19.447097539901733
2026-07-06,Thuraiyur APMC,18.0,22.0,0.8156086,22.815608620643616
2026-07-06,Devakottai (Uzhavar Sandhai ),23.5,26.5,-0.3037063,26.196293711662292
2026-07-06,Bodinayakanur(Uzhavar Sandhai ),18.0,18.0,1.6338799,19.633879899978638
2026-07-06,Andipatti(Uzhavar Sandhai ),17.0,21.0,0.28971177,21.28971177339554
2026-07-06,Kandiyaperi(Uzhavar Sandhai ),26.0,26.0,-0.3883065,25.611693501472473
2026-07-06,Gobichettipalayam(Uzhavar Sandhai ),17.0,19.0,1.3955913,20.395591259002686
2026-07-06,Thirumangalam(Uzhavar Sandhai ),19.0,21.0,0.7688328,21.768832802772522
2026-07-06,Mettur(Uzhavar Sandhai ),16.0,15.5,1.6500927,17.150092720985413
2026-07-06,Aruppukottai(Uzhavar Sandhai ),22.5,22.5,0.4907944,22.990794390439987
2026-07-06,Alangudi(Uzhavar Sandhai ),22.5,22.5,0.18645906,22.686459064483643
2026-07-06,Palladam(Uzhavar Sandhai ),17.5,17.5,1.4916238,18.991623759269714
2026-07-06,Karur(Uzhavar Sandhai ),22.5,26.0,-2.1550276,23.844972372055054
2026-07-06,Karambakkudi(Uzhavar Sandhai ),22.5,22.5,0.18645906,22.686459064483643
2026-07-06,AJattihalli(Uzhavar Sandhai ),15.0,14.0,2.0001476,16.000147581100464
2026-07-06,Ranipettai(Uzhavar Sandhai ),15.0,16.0,1.6959816,17.69598162174225
2026-07-06,Dharmapuri(Uzhavar Sandhai ),15.5,15.5,1.9656134,17.46561336517334
2026-07-06,Panruti(Uzhavar Sandhai ),20.0,20.0,1.4133062,21.41330623626709
2026-07-06,Periyakulam(Uzhavar Sandhai ),17.0,19.0,1.6682419,20.66824185848236
2026-07-06,Musiri(Uzhavar Sandhai ),20.0,22.0,0.11862986,22.11862985789776
2026-07-06,Periyar Nagar(Uzhavar Sandhai ),16.0,16.0,1.8574983,17.857498288154602
2026-07-06,Kumbakonam (Uzhavar Sandhai ),24.0,24.0,0.2761202,24.27612018585205
2026-07-06,Singampunari(Uzhavar Sandhai ),21.0,23.0,0.27769467,23.277694672346115
2026-07-06,Thiruverumbur(Uzhavar Sandhai ),20.0,24.0,-0.38848186,23.611518144607544
2026-07-06,Kamuthi(Uzhavar Sandhai ),27.5,32.5,-1.2027004,31.29729962348938
2026-07-06,Tirukattupalli(Uzhavar Sandhai ),24.0,24.0,-0.06626354,23.933736458420753
2026-07-06,Cheyyar(Uzhavar Sandhai ),17.5,17.5,1.4827801,18.9827800989151
2026-07-06,Tenkasi(Uzhavar Sandhai ),25.0,25.0,-0.72409785,24.275902152061462
2026-07-06,Kancheepuram(Uzhavar Sandhai ),21.5,26.0,-2.242459,23.757540941238403
2026-07-07,Kahithapattarai(Uzhavar Sandhai ),15.0,16.0,1.8845365,17.884536504745483
2026-07-07,Katpadi (Uzhavar Sandhai ),16.5,18.0,1.7555739,19.755573868751526
2026-07-07,Kulithalai(Uzhavar Sandhai ),18.0,19.0,1.4029857,20.40298569202423
2026-07-07,Kandiyaperi(Uzhavar Sandhai ),23.5,26.0,-0.57557327,25.42442673444748
2026-07-07,Karur(Uzhavar Sandhai ),19.5,22.5,0.34934172,22.849341720342636
2026-07-07,Thanjavur(Uzhavar Sandhai ),20.0,24.0,-0.2383019,23.761698096990585
2026-07-07,Thathakapatti(Uzhavar Sandhai ),16.0,14.0,2.69813,16.698129892349243
2026-07-07,Ulundurpettai APMC,15.0,20.0,1.2355026,21.23550260066986
2026-07-07,Sirkali(Uzhavar Sandhai ),22.5,22.5,1.0045193,23.50451934337616
2026-07-07,Udhagamandalam(Uzhavar Sandhai ),22.0,22.0,0.6539694,22.653969407081604
2026-07-07,Edapadi (Uzhavar Sandhai ),17.0,17.0,2.1106992,19.11069917678833
2026-07-07,Paramakudi(Uzhavar Sandhai ),27.5,22.5,2.0437272,24.543727159500122
2026-07-07,Needamangalam(Uzhavar Sandhai ),16.0,16.0,3.5140376,19.514037609100342
2026-07-07,Muthupettai(Uzhavar Sandhai ),16.0,15.0,4.1021647,19.10216474533081
2026-07-07,Kovilpatti(Uzhavar Sandhai ),27.5,22.5,1.3210211,23.82102108001709
2026-07-07,Mayiladuthurai(Uzhavar Sandhai ),22.5,22.5,1.0701463,23.570146322250366
2026-07-07,Gudalur(Uzhavar Sandhai ),22.0,22.0,1.2930015,23.293001532554626
2026-07-07,Periyar Nagar(Uzhavar Sandhai ),16.0,16.0,2.1551533,18.155153274536133
2026-07-07,Perampet(Uzhavar Sandhai),17.5,13.5,2.9224594,16.422459363937378
2026-07-07,Athur(Uzhavar Sandhai ),13.0,16.5,2.296719,18.796719074249268
2026-07-07,Sampath Nagar(Uzhavar Sandhai ),16.0,16.0,2.0985837,18.098583698272705
2026-07-07,Sunguvarchatram(Uzhavar Sandhai ),26.0,25.0,-0.72912157,24.270878434181213
2026-07-07,Ambasamudram(Uzhavar Sandhai ),23.5,26.5,-0.63815504,25.861844956874847
2026-07-07,Cheyyar(Uzhavar Sandhai ),22.5,17.5,2.0439095,19.543909549713135
2026-07-07,Tiruthani(Uzhavar Sandhai ),20.0,20.0,1.578686,21.578685998916626
2026-07-07,Coonoor(Uzhavar Sandhai ),22.0,26.0,-1.7524291,24.247570872306824
2026-07-07,Vaniyampadi(Uzhavar Sandhai ),15.0,20.0,-0.8587481,19.141251921653748
2026-07-07,KKNagar(Uzhavar Sandhai ),24.0,20.0,1.9744554,21.9744553565979
2026-07-07,Pallapatti (Uzhavar Sandhai ),19.0,23.0,0.15923257,23.159232571721077
2026-07-07,Mecheri(Uzhavar Sandhai),15.5,15.5,2.6048625,18.104862451553345
2026-07-07,Madhuranthagam(Uzhavar Sandhai ),30.0,30.0,-0.8410774,29.158922612667084
2026-07-07,Thuraiyur APMC,20.0,18.0,2.2718902,20.27189016342163
2026-07-07,Gingee(Uzhavar Sandhai ),15.0,15.0,4.0456514,19.04565143585205
2026-07-07,Palayamkottai(Uzhavar Sandhai ),23.5,26.0,-0.7304408,25.2695592045784
2026-07-07,Myladi(Uzhavar Sandhai ),27.5,27.5,-1.1992891,26.300710916519165
2026-07-07,Tiruvarur(Uzhavar Sandhai ),20.0,30.0,-2.5837672,27.41623282432556
2026-07-07,Virudhunagar(Uzhavar Sandhai ),22.5,18.0,1.7072501,19.707250118255615
2026-07-07,Tamarainagar(Uzhavar Sandhai ),16.5,18.0,1.1758624,19.175862431526184
2026-07-07,Paramathivelur(Uzhavar Sandhai ),23.0,22.0,0.8354297,22.83542972803116
2026-07-07,Rasipuram(Uzhavar Sandhai ),19.0,17.0,2.354862,19.354861974716187
2026-07-07,Lalgudi(Uzhavar Sandhai ),20.0,20.0,2.1009614,22.100961446762085
2026-07-07,Devakottai (Uzhavar Sandhai ),19.0,23.5,0.8585899,24.35858988761902
2026-07-07,Vadalur(Uzhavar Sandhai ),20.0,20.0,2.0597432,22.05974316596985
2026-07-07,Jalagandapuram(Uzhavar Sandhai ),16.5,14.0,3.052521,17.052520990371704
2026-07-07,Sulur(Uzhavar Sandhai ),18.0,18.0,1.9120104,19.912010431289673
2026-07-07,RSPuram(Uzhavar Sandhai ),14.0,14.0,2.4536622,16.453662157058716
2026-07-07,Dharmapuri(Uzhavar Sandhai ),15.5,15.5,2.883518,18.38351798057556
2026-07-07,Kamuthi(Uzhavar Sandhai ),26.5,27.5,0.99113667,28.49113667011261
2026-07-07,Singampunari(Uzhavar Sandhai ),19.0,21.0,2.134897,23.134896993637085
2026-07-07,Alangudi(Uzhavar Sandhai ),22.5,22.5,0.24884297,22.74884296953678
2026-07-07,Mettur(Uzhavar Sandhai ),15.5,16.0,1.4295726,17.429572582244873
2026-07-07,Thirumangalam(Uzhavar Sandhai ),16.5,19.0,1.620243,20.620242953300476
2026-07-07,Naravarikuppam(Uzhavar Sandhai ),30.0,30.0,-0.8211687,29.1788312792778
2026-07-07,AJattihalli(Uzhavar Sandhai ),14.0,15.0,2.580857,17.580857038497925
2026-07-07,Gobichettipalayam(Uzhavar Sandhai ),17.0,17.0,2.1788568,19.17885684967041
2026-07-07,Thiruverumbur(Uzhavar Sandhai ),22.0,20.0,1.9639499,21.96394991874695
2026-07-07,Aruppukottai(Uzhavar Sandhai ),22.5,22.5,0.43746078,22.937460780143738
2026-07-07,Kumbakonam (Uzhavar Sandhai ),22.0,24.0,0.047805414,24.047805413603783
2026-07-07,Arani(Uzhavar Sandhai ),22.5,17.5,1.916528,19.41652798652649
2026-07-07,Gandhigramam(Uzhavar Sandhai),20.5,23.5,0.09060673,23.590606726706028
2026-07-07,Sathur(Uzhavar Sandhai ),23.5,23.5,-0.32218567,23.177814334630966
2026-07-07,Karambakkudi(Uzhavar Sandhai ),22.5,22.5,0.41947246,22.919472455978394
2026-07-07,Palladam(Uzhavar Sandhai ),17.5,17.5,1.5741651,19.074165105819702
2026-07-07,Musiri(Uzhavar Sandhai ),20.0,20.0,1.4217862,21.421786189079285
2026-07-07,Tuticorin(Uzhavar Sandhai ),27.5,27.5,-1.2504176,26.249582409858704
2026-07-07,Kancheepuram(Uzhavar Sandhai ),18.5,21.5,0.6532262,22.1532261967659
2026-07-07,Perambakkam(Uzhavar Sandhai ),30.0,30.0,-0.82741815,29.17258185148239
2026-07-07,Velayuthampalayam(Uzhavar Sandhai ),20.0,22.5,0.78217113,23.28217113018036
2026-07-07,Chengalpet(Uzhavar Sandhai ),22.5,22.5,0.29129872,22.79129871726036
2026-07-07,Attayampatti(Uzhavar Sandhai ),16.0,18.0,1.7241694,19.724169373512268
2026-07-07,Viruthachalam(Uzhavar Sandhai ),20.0,20.0,1.2761015,21.27610146999359
2026-07-07,Manachanallur(Uzhavar Sandhai ),20.0,20.0,2.3714874,22.371487379074097
2026-07-07,Kurichi(Uzhavar Sandhai ),19.0,22.0,0.029459722,22.029459722340107
2026-07-07,Ammapet(Uzhavar Sandhai ),14.0,13.5,4.357394,17.857394218444824
2026-07-07,Valangaiman APMC,20.0,28.0,-2.725234,25.274765968322754
2026-07-07,Vadavalli(Uzhavar Sandhai ),18.0,18.0,2.4021666,20.402166604995728
2026-07-07,Singanallur(Uzhavar Sandhai ),17.5,17.5,1.8427337,19.34273374080658
2026-07-07,Hosur(Uzhavar Sandhai ),17.5,17.5,1.8403814,19.340381383895874
2026-07-07,Nanganallur(Uzhavar Sandhai ),17.5,17.5,2.850616,20.350615978240967
2026-07-07,Kundrathur(Uzhavar Sandhai ),26.0,26.0,-0.9503012,25.04969882965088
2026-07-07,Pollachi(Uzhavar Sandhai ),18.0,22.5,0.09900776,22.59900776296854
2026-07-07,Chinnamanur(Uzhavar Sandhai ),20.0,18.0,2.445291,20.44529104232788
2026-07-07,Kangayam(Uzhavar Sandhai ),13.5,16.0,1.7809317,17.7809317111969
2026-07-07,Sivakasi(Uzhavar Sandhai ),22.5,22.5,0.88811237,23.388112366199493
2026-07-07,Manapparai(Uzhavar Sandhai ),22.0,20.0,2.2645059,22.264505863189697
2026-07-07,Tindivanam APMC,15.0,15.0,2.8724313,17.87243127822876
2026-07-07,Pallavaram(Uzhavar Sandhai ),19.0,22.5,1.0689782,23.568978190422058
2026-07-07,Devaram(Uzhavar Sandhai ),20.0,18.0,1.9515862,19.95158624649048
2026-07-07,Karaikudi(Uzhavar Sandhai ),20.0,23.0,0.8179055,23.817905485630035
2026-07-07,Polur(Uzhavar Sandhai ),22.5,17.5,1.8027195,19.302719473838806
2026-07-07,Palanganatham(Uzhavar Sandhai ),16.5,17.5,2.2595768,19.75957679748535
2026-07-07,Pattukottai(Uzhavar Sandhai ),25.0,24.0,1.1310959,25.13109588623047
2026-07-07,Tiruchengode APMC,22.0,22.0,0.291472,22.291471987962723
2026-07-07,Vengamedu(Uzhavar Sandhai ),19.5,22.5,0.66728634,23.167286336421967
2026-07-07,Sivagangai (Uzhavar Sandhai ),18.0,21.0,2.026107,23.0261070728302
2026-07-07,Kambam(Uzhavar Sandhai ),18.0,17.0,2.15387,19.153870105743408
2026-07-07,Mettupalayam(Uzhavar Sandhai ),17.5,17.5,1.7197264,19.21972644329071
2026-07-07,Chidambaram(Uzhavar Sandhai ),20.0,20.0,1.7864215,21.786421537399292
2026-07-07,Sankarapuram(Uzhavar Sandhai ),20.0,25.0,-1.265274,23.734725952148438
2026-07-07,Villupuram(Uzhavar Sandhai ),22.5,25.0,-1.6174681,23.382531881332397
2026-07-07,Pudukottai(Uzhavar Sandhai ),17.5,17.5,2.0486069,19.548606872558594
2026-07-07,Tiruppur (North) (Uzhavar Sandhai ),21.0,21.5,0.07602658,21.57602658122778
2026-07-07,Chokkikulam(Uzhavar Sandhai ),16.5,19.0,1.9806727,20.98067271709442
2026-07-07,Chengam(Uzhavar Sandhai ),18.0,22.5,0.056539953,22.556539952754974
2026-07-07,Pennagaram(Uzhavar Sandhai ),17.5,17.5,2.6922102,20.19221019744873
2026-07-07,Guduvancheri(Uzhavar Sandhai ),19.0,22.5,0.011820879,22.511820878833532
2026-07-07,Paruthipattu(Uzhavar Sandhai ),30.0,30.0,-0.68983895,29.31016105413437
2026-07-07,Theni(Uzhavar Sandhai ),16.0,16.0,1.6403445,17.640344500541687
2026-07-07,Chinnalapatti(Uzhavar Sandhai ),18.0,17.0,1.8375849,18.837584853172302
2026-07-07,Gandarvakottai(Uzhavar Sandhai ),17.5,17.5,2.0586994,19.558699369430542
2026-07-07,Aranthangi(Uzhavar Sandhai ),22.5,22.5,1.0448059,23.544805884361267
2026-07-07,Mohanur(Uzhavar Sandhai ),24.0,25.0,-1.4196962,23.58030378818512
2026-07-07,Sundarapuram(Uzhavar Sandhai ),18.0,19.0,1.7572861,20.757286071777344
2026-07-07,Perambalur(Uzhavar Sandhai ),23.0,22.0,0.8460063,22.846006274223328
2026-07-07,Kariyapatti(Uzhavar Sandhai ),22.5,22.5,0.38958952,22.88958951830864
2026-07-07,Sankarankoil(Uzhavar Sandhai ),22.0,25.0,-0.2010002,24.798999801278114
2026-07-07,Tiruppur (South) (Uzhavar Sandhai ),17.5,17.5,0.9417236,18.441723585128784
2026-07-07,Ariyalur(Uzhavar Sandhai),23.0,22.5,1.5209066,24.020906567573547
2026-07-07,Vedaranyam(Uzhavar Sandhai),35.0,33.0,-0.1507211,32.84927889704704
2026-07-07,Papanasam(Uzhavar Sandhai ),24.0,22.0,1.3856225,23.38562250137329
2026-07-07,Denkanikottai(Uzhavar Sandhai ),17.5,17.5,1.9622679,19.462267875671387
2026-07-07,Ponnamaravathi(Uzhavar Sandhai),22.5,22.5,0.27923277,22.779232770204544
2026-07-07,Vadaseri APMC,28.5,28.5,0.94487244,29.444872438907623
2026-07-07,Anaiyur(Uzhavar Sandhai ),16.5,19.0,1.7229788,20.722978830337524
2026-07-07,Mannargudi I(Uzhavar Sandhai ),18.0,24.0,-0.582733,23.41726702451706
2026-07-07,Udumalpet APMC,22.5,22.5,-0.17984797,22.320152029395103
2026-07-07,Srivilliputhur(Uzhavar Sandhai ),22.5,22.5,0.07219801,22.572198010981083
2026-07-07,Dindigul(Uzhavar Sandhai ),18.0,16.0,2.252812,18.252811908721924
2026-07-07,Vandavasi(Uzhavar Sandhai ),22.5,17.5,1.297042,18.79704201221466
2026-07-07,Thirukalukundram(Uzhavar Sandhai ),27.5,17.5,2.4837086,19.98370862007141
2026-07-07,Hasthampatti(Uzhavar Sandhai ),16.5,13.0,3.3433912,16.343391180038452
2026-07-07,Tirupatthur(Uzhavar Sandhai ),21.0,23.5,0.8025868,24.302586793899536
2026-07-07,Harur(Uzhavar Sandhai ),16.5,16.5,2.925403,19.425403118133545
2026-07-07,Anna nagar(Uzhavar Sandhai ),21.0,20.0,1.589669,21.58966898918152
2026-07-07,Arcot(Uzhavar Sandhai ),16.0,16.0,2.2856178,18.28561782836914
2026-07-07,Pallikonda(Uzhavar Sandhai),18.0,20.0,1.5328653,21.532865285873413
2026-07-07,Karimangalam(Uzhavar Sandhai),17.0,17.0,3.224225,20.22422504425049
2026-07-07,Palacode(Uzhavar Sandhai ),15.0,15.0,2.410118,17.410118103027344
2026-07-07,Sathiyamagalam(Uzhavar Sandhai ),17.5,17.5,1.614243,19.114243030548096
2026-07-07,Kumarapalayam(Uzhavar Sandhai ),19.0,17.5,1.3849267,18.884926676750183
2026-07-07,Kallakurichi(Uzhavar Sandhai ),20.0,22.0,0.8454189,22.845418870449066
2026-07-07,Perundurai(Uzhavar Sandhai ),18.0,18.0,2.2842433,20.28424334526062
2026-07-07,Avallapalli(Uzhavar Sandhai ),17.5,13.5,3.3069642,16.80696415901184
2026-07-07,Natrampalli(Uzhavar Sandhai ),11.0,12.5,3.6746151,16.174615144729614
2026-07-07,Palani(Uzhavar Sandhai ),16.5,13.0,3.205574,16.20557403564453
2026-07-07,Vazhapadi(Uzhavar Sandhai),16.5,16.5,1.8128456,18.312845587730408
2026-07-07,Elampillai(Uzhavar Sandhai ),19.0,16.5,2.4058762,18.90587615966797
2026-07-07,Rajapalayam(Uzhavar Sandhai ),17.5,22.5,1.1086748,23.60867476463318
2026-07-07,Melapalayam(Uzhavar Sandhai ),23.5,26.0,-0.7192928,25.28070718050003
2026-07-07,Tiruvannamalai(Uzhavar Sandhai ),14.0,18.0,1.0589522,19.05895221233368
2026-07-07,Thalavadi(Uzhavar Sandhai ),13.5,13.5,3.1210802,16.62108016014099
2026-07-07,NGO Colony(Uzhavar Sandhai ),22.5,24.0,-0.3390604,23.66093960404396
2026-07-07,Jameenrayapettai(Uzhavar Sandhai ),19.0,22.5,-0.09141926,22.408580742776394
2026-07-07,Padappai(Uzhavar Sandhai ),21.5,20.0,2.4279065,22.42790651321411
2026-07-07,Tiruvallur(Uzhavar Sandhai ),30.0,30.0,-1.0687684,28.93123161792755
2026-07-07,Panruti(Uzhavar Sandhai ),20.0,20.0,1.7288858,21.728885769844055
2026-07-07,Medavakkam(Uzhavar Sandhai ),25.0,25.0,-0.2658121,24.73418790102005
2026-07-07,Gudiyatham(Uzhavar Sandhai ),13.5,14.0,2.6142159,16.614215850830078
2026-07-07,Usilampatti(Uzhavar Sandhai ),16.5,22.0,0.20298365,22.202983647584915
2026-07-07,Vedasanthur(Uzhavar Sandhai ),15.0,14.0,3.1310713,17.13107132911682
2026-07-07,Cuddalore(Uzhavar Sandhai ),20.0,22.0,0.31288707,22.31288707256317
2026-07-07,Ramanathapuram(Uzhavar Sandhai ),26.5,26.5,1.2115182,27.711518168449402
2026-07-07,Viralimalai(Uzhavar Sandhai ),17.5,17.5,2.6949477,20.194947719573975
2026-07-07,Peravurani(Uzhavar Sandhai),30.0,30.0,-1.8840506,28.115949392318726
2026-07-07,Andipatti(Uzhavar Sandhai ),19.0,17.0,2.1589339,19.158933877944946
2026-07-07,Periyakulam(Uzhavar Sandhai ),19.0,17.0,2.386644,19.386643886566162
2026-07-07,Thalavaipuram(Uzhavar Sandhai ),17.5,22.5,0.12823611,22.62823611497879
2026-07-07,Keelpennathur(Uzhavar Sandhai ),25.0,25.0,-1.484284,23.515715956687927
2026-07-07,Kaveripattinam(Uzhavar Sandhai ),20.0,20.0,1.669978,21.66997802257538
2026-07-07,Ranipettai(Uzhavar Sandhai ),16.5,15.0,2.3896594,17.38965940475464
2026-07-07,Jeyankondam (Uzhavar Sandhai ),22.5,24.0,-0.3516409,23.648359090089798
2026-07-07,Dharapuram(Uzhavar Sandhai ),18.5,21.0,0.63596016,21.635960161685944
2026-07-07,Vellore APMC,12.5,19.0,0.9589304,19.958930373191833
2026-07-07,Bodinayakanur(Uzhavar Sandhai ),20.0,18.0,2.2832716,20.283271551132202
2026-07-07,Tenkasi(Uzhavar Sandhai ),20.0,25.0,-1.4210347,23.578965306282043
2026-07-08,Peravurani(Uzhavar Sandhai),30.0,30.0,-1.5174011,28.482598900794983
2026-07-08,Kundrathur(Uzhavar Sandhai ),26.0,26.0,-1.3778589,24.622141122817993
2026-07-08,Pallikonda(Uzhavar Sandhai),18.0,18.0,2.5131779,20.5131778717041
2026-07-08,Gudiyatham(Uzhavar Sandhai ),14.0,13.5,3.009495,16.50949501991272
2026-07-08,Papanasam(Uzhavar Sandhai ),24.0,24.0,0.31894866,24.318948656320572
2026-07-08,Villupuram(Uzhavar Sandhai ),22.5,22.5,0.9633529,23.463352918624878
2026-07-08,Harur(Uzhavar Sandhai ),16.5,16.5,2.9833376,19.48333764076233
2026-07-08,Tiruthani(Uzhavar Sandhai ),20.0,20.0,1.5725998,21.57259976863861
2026-07-08,Tirupatthur(Uzhavar Sandhai ),22.5,21.0,1.4373411,22.43734109401703
2026-07-08,Tiruvallur(Uzhavar Sandhai ),30.0,30.0,-0.84669363,29.153306365013123
2026-07-08,Sampath Nagar(Uzhavar Sandhai ),15.5,16.0,2.006408,18.006407976150513
2026-07-08,Sunguvarchatram(Uzhavar Sandhai ),26.0,26.0,-1.2317116,24.768288373947144
2026-07-08,Vedasanthur(Uzhavar Sandhai ),14.0,15.0,3.0484853,18.048485279083252
2026-07-08,Hosur(Uzhavar Sandhai ),17.5,17.5,1.5817131,19.08171308040619
2026-07-08,Pollachi(Uzhavar Sandhai ),18.0,18.0,1.8354757,19.83547568321228
2026-07-08,Medavakkam(Uzhavar Sandhai ),25.0,25.0,-0.9347477,24.06525230407715
2026-07-08,Anna nagar(Uzhavar Sandhai ),23.0,21.0,0.9883615,21.988361477851868
2026-07-08,Thalavadi(Uzhavar Sandhai ),11.5,13.5,3.7795076,17.279507637023926
2026-07-08,Guduvancheri(Uzhavar Sandhai ),19.0,19.0,2.0456305,21.04563045501709
2026-07-08,Sivakasi(Uzhavar Sandhai ),22.5,22.5,0.6510604,23.15106040239334
2026-07-08,Vandavasi(Uzhavar Sandhai ),17.5,22.5,-1.7399744,20.76002562046051
2026-07-08,Karaikudi(Uzhavar Sandhai ),23.0,20.0,2.2793508,22.279350757598877
2026-07-08,Kambam(Uzhavar Sandhai ),19.0,18.0,1.8309987,19.83099865913391
2026-07-08,Ponnamaravathi(Uzhavar Sandhai),22.5,22.5,1.286789,23.786788940429688
2026-07-08,Jalagandapuram(Uzhavar Sandhai ),15.5,16.5,1.5165402,18.01654016971588
2026-07-08,Edapadi (Uzhavar Sandhai ),16.0,17.0,1.4184247,18.41842472553253
2026-07-08,Bodinayakanur(Uzhavar Sandhai ),20.0,20.0,1.815277,21.815276980400085
2026-07-08,Paramakudi(Uzhavar Sandhai ),21.0,27.5,-1.9614751,25.538524866104126
2026-07-08,Vadaseri APMC,32.5,28.5,0.24262701,28.742627009749413
2026-07-08,Anaiyur(Uzhavar Sandhai ),19.0,16.5,2.6175196,19.11751961708069
2026-07-08,Lalgudi(Uzhavar Sandhai ),24.0,20.0,2.336742,22.33674192428589
2026-07-08,Devaram(Uzhavar Sandhai ),20.0,20.0,1.8357171,21.83571708202362
2026-07-08,Viralimalai(Uzhavar Sandhai ),17.5,17.5,2.6285179,20.128517866134644
2026-07-08,Mohanur(Uzhavar Sandhai ),25.0,24.0,-0.4657302,23.5342698097229
2026-07-08,Vaniyampadi(Uzhavar Sandhai ),15.0,15.0,2.0050197,17.005019664764404
2026-07-08,Krishnagiri(Uzhavar Sandhai ),11.0,13.0,2.6888416,15.688841581344604
2026-07-08,Mannargudi I(Uzhavar Sandhai ),18.0,18.0,2.1813576,20.181357622146606
2026-07-08,Pennagaram(Uzhavar Sandhai ),17.5,17.5,1.5662947,19.06629467010498
2026-07-08,Udumalpet APMC,22.5,22.5,-0.08256633,22.41743367165327
2026-07-08,Manapparai(Uzhavar Sandhai ),22.0,22.0,1.1167854,23.116785407066345
2026-07-08,Melapalayam(Uzhavar Sandhai ),23.5,23.5,0.05748885,23.557488851249218
2026-07-08,Thanjavur(Uzhavar Sandhai ),20.0,20.0,2.3783364,22.378336429595947
2026-07-08,Srivilliputhur(Uzhavar Sandhai ),22.5,22.5,0.848687,23.3486869931221
2026-07-08,Mecheri(Uzhavar Sandhai),15.5,15.5,2.566119,18.066118955612183
2026-07-08,Coonoor(Uzhavar Sandhai ),22.0,22.0,0.6428563,22.642856299877167
2026-07-08,Natrampalli(Uzhavar Sandhai ),11.0,11.0,3.6845129,14.684512853622437
2026-07-08,Usilampatti(Uzhavar Sandhai ),19.0,16.5,3.5113614,20.011361360549927
2026-07-08,Tenkasi(Uzhavar Sandhai ),20.0,20.0,2.1528392,22.152839183807373
2026-07-08,Vadalur(Uzhavar Sandhai ),20.0,20.0,1.882345,21.882344961166382
2026-07-08,Ambattur(Uzhavar Sandhai ),30.0,30.0,-0.60011715,29.39988285303116
2026-07-08,Sathiyamagalam(Uzhavar Sandhai ),17.5,17.5,1.7815461,19.281546115875244
2026-07-08,Palayamkottai(Uzhavar Sandhai ),24.0,23.5,-0.23434122,23.265658780932426
2026-07-08,Devakottai (Uzhavar Sandhai ),22.5,19.0,2.6222014,21.622201442718506
2026-07-08,Chokkikulam(Uzhavar Sandhai ),19.0,16.5,3.3238473,19.82384729385376
2026-07-08,Chengam(Uzhavar Sandhai ),18.0,18.0,1.6887524,19.68875241279602
2026-07-08,Singanallur(Uzhavar Sandhai ),17.5,17.5,1.9817221,19.481722116470337
2026-07-08,Mannargudi II(Uzhavar Sandhai ),18.0,16.0,3.8431242,19.84312415122986
2026-07-08,Needamangalam(Uzhavar Sandhai ),16.0,16.0,2.3482265,18.34822654724121
2026-07-08,Ulundurpettai APMC,15.0,15.0,2.750153,17.750153064727783
2026-07-08,Kulithalai(Uzhavar Sandhai ),18.0,18.0,1.7875813,19.78758132457733
2026-07-08,Thiruverumbur(Uzhavar Sandhai ),22.0,22.0,1.137997,23.137997031211853
2026-07-08,Paruthipattu(Uzhavar Sandhai ),30.0,30.0,-0.6998999,29.300100088119507
2026-07-08,Tiruvannamalai(Uzhavar Sandhai ),14.0,14.0,2.187719,16.187719106674194
2026-07-08,Alangudi(Uzhavar Sandhai ),17.5,22.5,0.09076861,22.590768612921238
2026-07-08,Rajapalayam(Uzhavar Sandhai ),22.5,17.5,3.197128,20.69712805747986
2026-07-08,Vazhapadi(Uzhavar Sandhai),15.5,16.5,2.8256087,19.325608730316162
2026-07-08,Chinnamanur(Uzhavar Sandhai ),18.5,20.0,2.2031405,22.20314049720764
2026-07-08,Muthupettai(Uzhavar Sandhai ),16.0,16.0,3.8846953,19.884695291519165
2026-07-08,Theni(Uzhavar Sandhai ),19.0,16.0,2.6469808,18.64698076248169
2026-07-08,Ramanathapuram(Uzhavar Sandhai ),22.5,26.5,0.5754384,27.075438380241394
2026-07-08,Jeyankondam (Uzhavar Sandhai ),22.5,22.5,0.70447546,23.204475462436676
2026-07-08,Tindivanam APMC,16.0,15.0,3.0795023,18.07950234413147
2026-07-08,Pallavaram(Uzhavar Sandhai ),19.0,19.0,2.590448,21.590447902679443
2026-07-08,Aranthangi(Uzhavar Sandhai ),17.5,22.5,0.14258477,22.642584770917892
2026-07-08,Perambalur(Uzhavar Sandhai ),23.0,23.0,-0.1969616,22.803038403391838
2026-07-08,Sundarapuram(Uzhavar Sandhai ),33.0,18.0,2.2675211,20.267521142959595
2026-07-08,Arani(Uzhavar Sandhai ),17.5,22.5,-0.69272625,21.807273745536804
2026-07-08,Kangayam(Uzhavar Sandhai ),16.5,13.5,2.9836607,16.48366069793701
2026-07-08,Vengamedu(Uzhavar Sandhai ),17.5,19.5,2.0403163,21.540316343307495
2026-07-08,Denkanikottai(Uzhavar Sandhai ),17.5,17.5,1.8024911,19.302491068840027
2026-07-08,Tiruppur (South) (Uzhavar Sandhai ),13.5,17.5,0.895767,18.395766973495483
2026-07-08,Gandarvakottai(Uzhavar Sandhai ),17.5,17.5,2.126981,19.626981019973755
2026-07-08,Polur(Uzhavar Sandhai ),17.5,22.5,-0.72931695,21.77068305015564
2026-07-08,RSPuram(Uzhavar Sandhai ),15.0,14.0,2.2361631,16.23616313934326
2026-07-08,Sankarankoil(Uzhavar Sandhai ),25.0,22.0,1.1936233,23.193623304367065
2026-07-08,Karimangalam(Uzhavar Sandhai),17.0,17.0,2.522945,19.522944927215576
2026-07-08,Tiruppur (North) (Uzhavar Sandhai ),18.0,21.0,0.47017717,21.470177173614502
2026-07-08,Ariyalur(Uzhavar Sandhai),22.5,23.0,0.41329187,23.4132918715477
2026-07-08,Pallapatti (Uzhavar Sandhai ),19.0,19.0,2.1207066,21.12070655822754
2026-07-08,Palacode(Uzhavar Sandhai ),13.5,15.0,1.9637531,16.9637531042099
2026-07-08,Keelpennathur(Uzhavar Sandhai ),25.0,25.0,-1.4503392,23.549660801887512
2026-07-08,Madhuranthagam(Uzhavar Sandhai ),30.0,30.0,-0.49814618,29.501853823661804
2026-07-08,Vadavalli(Uzhavar Sandhai ),17.5,18.0,1.9667124,19.96671235561371
2026-07-08,Arcot(Uzhavar Sandhai ),18.0,16.0,2.132719,18.132719039916992
2026-07-08,Kumarapalayam(Uzhavar Sandhai ),19.0,19.0,1.4042788,20.40427875518799
2026-07-08,Tiruvarur(Uzhavar Sandhai ),20.0,20.0,2.2678106,22.267810583114624
2026-07-08,Valangaiman APMC,20.0,20.0,1.8190424,21.819042444229126
2026-07-08,Kallakurichi(Uzhavar Sandhai ),20.0,20.0,2.1351755,22.135175466537476
2026-07-08,Ammapet(Uzhavar Sandhai ),13.5,14.0,3.1901324,17.19013237953186
2026-07-08,Mayiladuthurai(Uzhavar Sandhai ),22.5,22.5,1.0822197,23.58221971988678
2026-07-08,Perundurai(Uzhavar Sandhai ),16.5,18.0,1.7651762,19.76517617702484
2026-07-08,Nagapattinam(Uzhavar Sandhai ),32.0,34.5,-1.1508533,33.34914672374725
2026-07-08,Avallapalli(Uzhavar Sandhai ),17.5,17.5,0.792796,18.29279601573944
2026-07-08,Sulur(Uzhavar Sandhai ),18.0,18.0,2.3150725,20.315072536468506
2026-07-08,NGO Colony(Uzhavar Sandhai ),23.0,22.5,0.7375924,23.23759239912033
2026-07-08,Pudukottai(Uzhavar Sandhai ),17.5,17.5,2.0647306,19.564730644226074
2026-07-08,Manachanallur(Uzhavar Sandhai ),24.0,20.0,2.481974,22.481973886489868
2026-07-08,Sankarapuram(Uzhavar Sandhai ),20.0,20.0,2.019767,22.01976704597473
2026-07-08,Kancheepuram(Uzhavar Sandhai ),20.0,18.5,2.3823187,20.88231873512268
2026-07-08,Chidambaram(Uzhavar Sandhai ),20.0,20.0,1.8493222,21.849322199821472
2026-07-08,Kahithapattarai(Uzhavar Sandhai ),13.5,15.0,2.3383982,17.338398218154907
2026-07-08,Thathakapatti(Uzhavar Sandhai ),14.0,16.0,2.590383,18.590383052825928
2026-07-08,Gudalur(Uzhavar Sandhai ),27.5,22.0,1.0562335,23.056233525276184
2026-07-08,Cuddalore(Uzhavar Sandhai ),20.0,20.0,1.381785,21.381785035133362
2026-07-08,Sivagangai (Uzhavar Sandhai ),21.0,18.0,2.3477318,20.347731828689575
2026-07-08,Hasthampatti(Uzhavar Sandhai ),14.5,16.5,1.7722522,18.272252202033997
2026-07-08,Padappai(Uzhavar Sandhai ),20.0,21.5,1.248328,22.74832797050476
2026-07-08,Mettupalayam(Uzhavar Sandhai ),18.0,17.5,1.8082373,19.308237314224243
2026-07-08,Virudhunagar(Uzhavar Sandhai ),18.0,22.5,-0.77729017,21.722709834575653
2026-07-08,Kurichi(Uzhavar Sandhai ),18.0,19.0,2.1315258,21.13152575492859
2026-07-08,Vedaranyam(Uzhavar Sandhai),35.0,35.0,-1.0907946,33.90920543670654
2026-07-08,Kariyapatti(Uzhavar Sandhai ),22.5,22.5,0.98612374,23.486123740673065
2026-07-08,Gandhigramam(Uzhavar Sandhai),18.5,20.5,1.7000077,22.200007677078247
2026-07-08,Elampillai(Uzhavar Sandhai ),16.5,19.0,1.0899746,20.089974641799927
2026-07-08,Paramathivelur(Uzhavar Sandhai ),20.0,23.0,-0.22123939,22.778760612010956
2026-07-08,Melur(Uzhavar Sandhai ),19.0,21.0,1.1943716,22.194371581077576
2026-07-08,Gingee(Uzhavar Sandhai ),15.0,15.0,4.1248055,19.124805450439453
2026-07-08,Musiri(Uzhavar Sandhai ),17.5,20.0,1.5171622,21.517162203788757
2026-07-08,Tamarainagar(Uzhavar Sandhai ),14.0,16.5,1.8291118,18.3291118144989
2026-07-08,Udhagamandalam(Uzhavar Sandhai ),22.0,22.0,0.5290468,22.529046773910522
2026-07-08,Perambakkam(Uzhavar Sandhai ),30.0,30.0,-1.1436343,28.85636568069458
2026-07-08,Sathur(Uzhavar Sandhai ),27.5,23.5,-0.27513912,23.22486087679863
2026-07-08,KKNagar(Uzhavar Sandhai ),24.0,24.0,-0.5397597,23.460240304470062
2026-07-08,Dindigul(Uzhavar Sandhai ),17.5,18.0,1.6700568,19.67005681991577
2026-07-08,Thirumangalam(Uzhavar Sandhai ),17.5,16.5,2.671865,19.171864986419678
2026-07-08,Aruppukottai(Uzhavar Sandhai ),22.5,22.5,0.19014245,22.690142452716827
2026-07-08,Sooramangalam(Uzhavar Sandhai ),15.0,12.5,3.968155,16.468154907226562
2026-07-08,Jameenrayapettai(Uzhavar Sandhai ),19.0,19.0,1.9928832,20.99288320541382
2026-07-08,Nanganallur(Uzhavar Sandhai ),19.0,17.5,2.5523188,20.052318811416626
2026-07-08,Tiruchengode APMC,20.0,22.0,-0.03538307,21.964616928249598
2026-07-08,Panruti(Uzhavar Sandhai ),20.0,20.0,1.8302419,21.830241918563843
2026-07-08,Attayampatti(Uzhavar Sandhai ),17.0,16.0,2.736555,18.736555099487305
2026-07-08,Kovilpatti(Uzhavar Sandhai ),22.5,27.5,-2.1246004,25.375399589538574
2026-07-08,Katpadi (Uzhavar Sandhai ),17.5,16.5,2.4496162,18.949616193771362
2026-07-08,Tuticorin(Uzhavar Sandhai ),27.5,27.5,-1.2638594,26.236140608787537
2026-07-08,AJattihalli(Uzhavar Sandhai ),14.0,14.0,3.1061027,17.10610270500183
2026-07-08,Gobichettipalayam(Uzhavar Sandhai ),16.5,17.0,1.7904971,18.790497064590454
2026-07-08,Viruthachalam(Uzhavar Sandhai ),19.0,20.0,2.065084,22.065083980560303
2026-07-08,Karambakkudi(Uzhavar Sandhai ),22.5,22.5,0.2966916,22.796691596508026
2026-07-08,Kamuthi(Uzhavar Sandhai ),22.5,26.5,0.7339951,27.2339950799942
2026-07-08,Sirkali(Uzhavar Sandhai ),22.5,22.5,0.68338174,23.183381736278534
2026-07-08,Singampunari(Uzhavar Sandhai ),21.0,19.0,2.2599092,21.25990915298462
2026-07-08,Chengalpet(Uzhavar Sandhai ),22.5,22.5,0.17736496,22.677364960312843
2026-07-08,Kandiyaperi(Uzhavar Sandhai ),23.5,23.5,0.18233684,23.6823368370533
2026-07-08,Pattukottai(Uzhavar Sandhai ),25.0,25.0,0.12528351,25.125283509492874
2026-07-08,Periyar Nagar(Uzhavar Sandhai ),15.5,16.0,1.9582541,17.958254098892212
2026-07-08,Periyakulam(Uzhavar Sandhai ),19.0,19.0,1.7168047,20.71680474281311
2026-07-08,Thalavaipuram(Uzhavar Sandhai ),17.5,17.5,2.517948,20.017947912216187
2026-07-08,Velayuthampalayam(Uzhavar Sandhai ),18.0,20.0,1.8350414,21.835041403770447
2026-07-08,Dharapuram(Uzhavar Sandhai ),17.5,18.5,1.8697327,20.3697327375412
2026-07-08,Ranipettai(Uzhavar Sandhai ),15.0,16.5,1.585108,18.085108041763306
2026-07-08,Myladi(Uzhavar Sandhai ),27.5,27.5,-1.240213,26.25978696346283
2026-07-08,Cheyyar(Uzhavar Sandhai ),17.5,22.5,-0.6454069,21.854593098163605
2026-07-08,Mettur(Uzhavar Sandhai ),15.5,15.5,1.9796495,17.479649543762207
2026-07-08,Kumbakonam (Uzhavar Sandhai ),22.0,22.0,0.83594334,22.835943341255188
2026-07-08,Ambasamudram(Uzhavar Sandhai ),23.5,23.5,0.36016262,23.860162615776062
2026-07-08,Kaveripattinam(Uzhavar Sandhai ),20.0,20.0,1.4684831,21.468483090400696
2026-07-08,Thuraiyur APMC,22.0,20.0,1.5641803,21.56418025493622
2026-07-08,Rasipuram(Uzhavar Sandhai ),21.0,19.0,1.6147317,20.614731669425964
2026-07-08,Palani(Uzhavar Sandhai ),14.0,16.5,1.9960433,18.49604332447052
2026-07-08,Andipatti(Uzhavar Sandhai ),17.5,19.0,2.0209076,21.020907640457153
2026-07-08,Karur(Uzhavar Sandhai ),17.5,19.5,2.1079993,21.607999324798584
2026-07-08,Palanganatham(Uzhavar Sandhai ),19.0,16.5,2.6614132,19.161413192749023
2026-07-08,Vellore APMC,17.0,12.5,3.7857995,16.285799503326416
2026-07-08,Dharmapuri(Uzhavar Sandhai ),15.5,15.5,1.5346266,17.034626603126526
2026-07-08,Tirukattupalli(Uzhavar Sandhai ),20.0,24.0,-0.008063119,23.99193688109517
2026-07-08,Palladam(Uzhavar Sandhai ),17.5,17.5,1.3919752,18.891975164413452
2026-07-09,Hasthampatti(Uzhavar Sandhai ),9.0,14.5,2.1248245,16.62482452392578
2026-07-09,Virudhunagar(Uzhavar Sandhai ),18.0,18.0,1.8029737,19.802973747253418
2026-07-09,Mettupalayam(Uzhavar Sandhai ),18.0,18.0,1.4245217,19.424521684646606
2026-07-09,Paramathivelur(Uzhavar Sandhai ),20.0,20.0,1.5573862,21.55738615989685
2026-07-09,Sirkali(Uzhavar Sandhai ),22.5,22.5,0.16268177,22.66268177330494
2026-07-09,Sooramangalam(Uzhavar Sandhai ),13.0,15.0,2.4105165,17.410516500473022
2026-07-09,Gudalur(Uzhavar Sandhai ),25.0,27.5,-2.4163277,25.083672285079956
2026-07-09,Sivagangai (Uzhavar Sandhai ),21.0,21.0,0.77496564,21.77496564388275
2026-07-09,AJattihalli(Uzhavar Sandhai ),14.0,14.0,1.3279935,15.327993512153625
2026-07-09,Perundurai(Uzhavar Sandhai ),16.5,16.5,1.7512144,18.251214385032654
2026-07-09,Sulur(Uzhavar Sandhai ),19.0,18.0,1.8907028,19.890702843666077
2026-07-09,Gandhigramam(Uzhavar Sandhai),18.5,18.5,1.7401574,20.24015736579895
2026-07-09,Pallapatti (Uzhavar Sandhai ),19.0,19.0,1.3386133,20.338613271713257
2026-07-09,Padappai(Uzhavar Sandhai ),21.5,20.0,1.3783307,21.37833070755005
2026-07-09,Thalavaipuram(Uzhavar Sandhai ),18.0,17.5,1.7252885,19.22528851032257
2026-07-09,Palayamkottai(Uzhavar Sandhai ),23.5,24.0,-0.6139517,23.386048316955566
2026-07-09,Valangaiman APMC,20.0,20.0,2.106645,22.106645107269287
2026-07-09,Vadavalli(Uzhavar Sandhai ),18.0,17.5,1.6685916,19.168591618537903
2026-07-09,Thuraiyur APMC,20.0,22.0,-0.30383795,21.696162045001984
2026-07-09,Periyar Nagar(Uzhavar Sandhai ),13.5,15.5,1.6537747,17.153774738311768
2026-07-09,Kumarapalayam(Uzhavar Sandhai ),19.0,19.0,0.9475455,19.947545528411865
2026-07-09,Dharapuram(Uzhavar Sandhai ),17.5,17.5,1.6008013,19.10080134868622
2026-07-09,Edapadi (Uzhavar Sandhai ),12.0,16.0,1.6256382,17.625638246536255
2026-07-09,Tiruvarur(Uzhavar Sandhai ),20.0,20.0,1.750043,21.750043034553528
2026-07-09,Keelpennathur(Uzhavar Sandhai ),17.5,25.0,-1.9097397,23.09026026725769
2026-07-09,Kallakurichi(Uzhavar Sandhai ),20.0,20.0,1.4715923,21.47159230709076
2026-07-09,Cuddalore(Uzhavar Sandhai ),16.0,20.0,1.3190044,21.31900441646576
2026-07-09,Ammapet(Uzhavar Sandhai ),11.5,13.5,2.9625902,16.462590217590332
2026-07-09,Mayiladuthurai(Uzhavar Sandhai ),22.5,22.5,0.5331512,23.0331512093544
2026-07-09,Tamarainagar(Uzhavar Sandhai ),16.5,14.0,1.8614187,15.861418724060059
2026-07-09,Tiruchengode APMC,20.0,20.0,0.8988687,20.898868680000305
2026-07-09,Avallapalli(Uzhavar Sandhai ),17.5,17.5,0.3426656,17.8426656126976
2026-07-09,Aruppukottai(Uzhavar Sandhai ),22.5,22.5,-0.33559886,22.16440114378929
2026-07-09,Kancheepuram(Uzhavar Sandhai ),20.5,20.0,1.1607944,21.160794377326965
2026-07-09,Gobichettipalayam(Uzhavar Sandhai ),17.5,16.5,1.912261,18.41226100921631
2026-07-09,Chidambaram(Uzhavar Sandhai ),20.0,20.0,1.472165,21.47216498851776
2026-07-09,Vedaranyam(Uzhavar Sandhai),32.0,35.0,-1.1361353,33.86386466026306
2026-07-09,Kurichi(Uzhavar Sandhai ),17.5,18.0,2.1260316,20.126031637191772
2026-07-09,Muthupettai(Uzhavar Sandhai ),16.0,16.0,2.1564217,18.156421661376953
2026-07-09,Theni(Uzhavar Sandhai ),16.5,19.0,0.9791631,19.979163110256195
2026-07-09,Melur(Uzhavar Sandhai ),19.0,19.0,1.7179786,20.717978596687317
2026-07-09,Ramanathapuram(Uzhavar Sandhai ),22.5,22.5,1.7325605,24.232560515403748
2026-07-09,Chinnalapatti(Uzhavar Sandhai ),19.0,18.0,1.3389751,19.338975071907043
2026-07-09,Palani(Uzhavar Sandhai ),16.5,14.0,1.8878059,15.887805938720703
2026-07-09,Polur(Uzhavar Sandhai ),13.5,17.5,0.9567986,18.45679861307144
2026-07-09,Gandarvakottai(Uzhavar Sandhai ),17.5,17.5,1.9302831,19.430283069610596
2026-07-09,Tiruppur (South) (Uzhavar Sandhai ),16.5,13.5,2.4762962,15.976296186447144
2026-07-09,Kangayam(Uzhavar Sandhai ),16.0,16.5,1.3665735,17.866573452949524
2026-07-09,Vengamedu(Uzhavar Sandhai ),17.5,17.5,2.0322518,19.532251834869385
2026-07-09,Denkanikottai(Uzhavar Sandhai ),17.5,17.5,1.5785215,19.078521490097046
2026-07-09,Dharmapuri(Uzhavar Sandhai ),14.5,15.5,1.3304852,16.830485224723816
2026-07-09,Sankarankoil(Uzhavar Sandhai ),25.0,25.0,-1.148698,23.85130202770233
2026-07-09,Kamuthi(Uzhavar Sandhai ),27.5,22.5,2.534515,25.034514904022217
2026-07-09,Vazhapadi(Uzhavar Sandhai),13.0,15.5,1.6375066,17.13750660419464
2026-07-09,Sundarapuram(Uzhavar Sandhai ),16.0,33.0,-6.1252694,26.874730587005615
2026-07-09,Kumbakonam (Uzhavar Sandhai ),23.0,22.0,0.18547226,22.185472264885902
2026-07-09,Perambalur(Uzhavar Sandhai ),24.0,23.0,-0.5596877,22.440312325954437
2026-07-09,NGO Colony(Uzhavar Sandhai ),22.5,23.0,-0.5537895,22.446210503578186
2026-07-09,Pallavaram(Uzhavar Sandhai ),19.0,19.0,1.656851,20.656851053237915
2026-07-09,Aranthangi(Uzhavar Sandhai ),17.5,17.5,1.8391842,19.339184165000916
2026-07-09,Tindivanam APMC,16.0,16.0,1.6733087,17.673308730125427
2026-07-09,Velayuthampalayam(Uzhavar Sandhai ),18.0,18.0,1.6547719,19.65477192401886
2026-07-09,Jeyankondam (Uzhavar Sandhai ),22.0,22.5,0.0111026205,22.511102620512247
2026-07-09,Chinnamanur(Uzhavar Sandhai ),19.0,18.5,3.5380497,22.038049697875977
2026-07-09,Udhagamandalam(Uzhavar Sandhai ),22.0,22.0,0.20147762,22.201477617025375
2026-07-09,Alangudi(Uzhavar Sandhai ),17.5,17.5,1.6920835,19.192083477973938
2026-07-09,RSPuram(Uzhavar Sandhai ),15.5,15.0,1.8255316,16.825531601905823
2026-07-09,Thirumangalam(Uzhavar Sandhai ),17.5,17.5,1.9489489,19.448948860168457
2026-07-09,Manachanallur(Uzhavar Sandhai ),20.0,24.0,-0.9275148,23.072485208511353
2026-07-09,Sankarapuram(Uzhavar Sandhai ),20.0,20.0,1.8813373,21.88133728504181
2026-07-09,Rasipuram(Uzhavar Sandhai ),23.5,21.0,0.33611342,21.336113423109055
2026-07-09,Ariyalur(Uzhavar Sandhai),23.0,22.5,0.06758309,22.567583091557026
2026-07-09,Jameenrayapettai(Uzhavar Sandhai ),27.5,19.0,1.5969466,20.596946597099304
2026-07-09,Tiruppur (North) (Uzhavar Sandhai ),13.5,18.0,1.5920843,19.592084288597107
2026-07-09,Arani(Uzhavar Sandhai ),13.5,17.5,1.1246376,18.624637603759766
2026-07-09,Chokkikulam(Uzhavar Sandhai ),19.0,19.0,1.3346548,20.334654808044434
2026-07-09,Palacode(Uzhavar Sandhai ),13.5,13.5,1.8593407,15.35934066772461
2026-07-09,Chengam(Uzhavar Sandhai ),17.5,18.0,1.3113981,19.311398148536682
2026-07-09,Needamangalam(Uzhavar Sandhai ),16.0,16.0,1.7565244,17.756524443626404
2026-07-09,Dindigul(Uzhavar Sandhai ),17.5,17.5,1.6988374,19.198837399482727
2026-07-09,Mannargudi II(Uzhavar Sandhai ),18.0,18.0,2.149879,20.149878978729248
2026-07-09,Katpadi (Uzhavar Sandhai ),16.5,17.5,1.713217,19.21321702003479
2026-07-09,Singanallur(Uzhavar Sandhai ),19.0,17.5,1.7169119,19.216911911964417
2026-07-09,Kulithalai(Uzhavar Sandhai ),18.0,18.0,1.6646036,19.66460359096527
2026-07-09,Guduvancheri(Uzhavar Sandhai ),19.0,19.0,1.4129963,20.412996292114258
2026-07-09,Rajapalayam(Uzhavar Sandhai ),17.5,22.5,-0.009106337,22.490893662907183
2026-07-09,Thiruverumbur(Uzhavar Sandhai ),22.0,22.0,0.099370174,22.099370174109936
2026-07-09,Singampunari(Uzhavar Sandhai ),21.0,21.0,0.62582594,21.625825941562653
2026-07-09,Tiruvannamalai(Uzhavar Sandhai ),14.0,14.0,1.7083846,15.70838463306427
2026-07-09,Paruthipattu(Uzhavar Sandhai ),20.0,30.0,-1.9399062,28.060093760490417
2026-07-09,Kovilpatti(Uzhavar Sandhai ),17.5,22.5,0.30452436,22.80452436208725
2026-07-09,Nanganallur(Uzhavar Sandhai ),19.0,19.0,1.4732658,20.473265767097473
2026-07-09,Attayampatti(Uzhavar Sandhai ),12.0,17.0,0.9822612,17.982261180877686
2026-07-09,Ulundurpettai APMC,15.0,15.0,2.4774115,17.47741150856018
2026-07-09,Mettur(Uzhavar Sandhai ),12.0,15.5,0.72465605,16.22465604543686
2026-07-09,Arcot(Uzhavar Sandhai ),18.0,18.0,1.2128563,19.21285629272461
2026-07-09,Natrampalli(Uzhavar Sandhai ),11.0,11.0,2.311106,13.311105966567993
2026-07-09,Vadalur(Uzhavar Sandhai ),20.0,20.0,1.5119907,21.511990666389465
2026-07-09,Thalavadi(Uzhavar Sandhai ),13.5,11.5,5.205875,16.705874919891357
2026-07-09,Perambakkam(Uzhavar Sandhai ),30.0,30.0,-1.1436061,28.856393933296204
2026-07-09,Andipatti(Uzhavar Sandhai ),19.0,17.5,1.922008,19.42200803756714
2026-07-09,Vaniyampadi(Uzhavar Sandhai ),15.0,15.0,3.649507,18.64950704574585
2026-07-09,Tenkasi(Uzhavar Sandhai ),20.0,20.0,1.224378,21.224377989768982
2026-07-09,Vandavasi(Uzhavar Sandhai ),13.5,17.5,1.0004367,18.500436663627625
2026-07-09,Kariyapatti(Uzhavar Sandhai ),22.5,22.5,0.48152146,22.9815214574337
2026-07-09,Pattukottai(Uzhavar Sandhai ),25.0,25.0,-0.66816884,24.33183115720749
2026-07-09,Ambasamudram(Uzhavar Sandhai ),24.5,23.5,-0.2591333,23.2408666908741
2026-07-09,Chengalpet(Uzhavar Sandhai ),22.5,22.5,-0.071243934,22.428756065666676
2026-07-09,Kandiyaperi(Uzhavar Sandhai ),23.5,23.5,-0.4071849,23.092815101146698
2026-07-09,Tirukattupalli(Uzhavar Sandhai ),18.0,20.0,1.4485543,21.448554277420044
2026-07-09,Kundrathur(Uzhavar Sandhai ),26.0,26.0,-1.7142631,24.285736918449402
2026-07-09,Papanasam(Uzhavar Sandhai ),23.0,24.0,-0.37097123,23.629028767347336
2026-07-09,Anaiyur(Uzhavar Sandhai ),19.0,19.0,1.0347118,20.034711837768555
2026-07-09,Thanjavur(Uzhavar Sandhai ),18.0,20.0,1.2966192,21.296619176864624
2026-07-09,Thirukalukundram(Uzhavar Sandhai ),37.5,27.5,-2.9967391,24.503260850906372
2026-07-09,Peravurani(Uzhavar Sandhai),25.0,30.0,-1.8302755,28.169724464416504
2026-07-09,Tiruthani(Uzhavar Sandhai ),30.0,20.0,1.7906591,21.790659070014954
2026-07-09,Lalgudi(Uzhavar Sandhai ),22.0,24.0,-0.9863215,23.01367849111557
2026-07-09,Karur(Uzhavar Sandhai ),17.5,17.5,1.6354795,19.13547945022583
2026-07-09,Mohanur(Uzhavar Sandhai ),21.5,25.0,-1.3345841,23.66541588306427
2026-07-09,Viruthachalam(Uzhavar Sandhai ),20.0,19.0,1.7291424,20.729142427444458
2026-07-09,Athur(Uzhavar Sandhai ),12.0,13.0,3.0867646,16.086764574050903
2026-07-09,Tuticorin(Uzhavar Sandhai ),27.5,27.5,-1.4678704,26.032129645347595
2026-07-09,Srivilliputhur(Uzhavar Sandhai ),22.5,22.5,0.9464155,23.44641548395157
2026-07-09,Manapparai(Uzhavar Sandhai ),20.0,22.0,-0.09187793,21.908122070133686
2026-07-09,Madhuranthagam(Uzhavar Sandhai ),25.0,30.0,-1.3822937,28.617706298828125
2026-07-09,Hosur(Uzhavar Sandhai ),17.5,17.5,1.5404812,19.040481209754944
2026-07-09,Elampillai(Uzhavar Sandhai ),12.0,16.5,1.4330609,17.933060884475708
2026-07-09,Mecheri(Uzhavar Sandhai),12.0,15.5,1.8636793,17.36367928981781
2026-07-09,Musiri(Uzhavar Sandhai ),19.0,17.5,1.6934631,19.19346308708191
2026-07-09,Gingee(Uzhavar Sandhai ),15.0,15.0,2.7438917,17.743891716003418
2026-07-09,Udumalpet APMC,17.5,22.5,-0.501967,21.998032987117767
2026-07-09,Panruti(Uzhavar Sandhai ),18.0,20.0,1.4569812,21.45698118209839
2026-07-09,Vedasanthur(Uzhavar Sandhai ),16.5,14.0,2.4940395,16.49403953552246
2026-07-09,Sivakasi(Uzhavar Sandhai ),17.5,22.5,-0.4416373,22.058362692594528
2026-07-09,Usilampatti(Uzhavar Sandhai ),19.0,19.0,1.2438563,20.24385631084442
2026-07-09,Mannargudi I(Uzhavar Sandhai ),18.0,18.0,1.5455954,19.545595407485962
2026-07-09,Devakottai (Uzhavar Sandhai ),21.0,22.5,0.2653817,22.765381693840027
2026-07-09,Palladam(Uzhavar Sandhai ),17.5,17.5,1.208202,18.708202004432678
2026-07-09,Palanganatham(Uzhavar Sandhai ),19.0,19.0,1.2245017,20.224501729011536
2026-07-09,Krishnagiri(Uzhavar Sandhai ),10.0,11.0,4.2647777,15.264777660369873
2026-07-09,Pennagaram(Uzhavar Sandhai ),17.5,17.5,0.84443164,18.34443163871765
2026-07-09,Karambakkudi(Uzhavar Sandhai ),22.5,22.5,-0.46505266,22.034947335720062
2026-07-09,Ambattur(Uzhavar Sandhai ),30.0,30.0,-0.60433656,29.39566344022751
2026-07-09,Vadaseri APMC,32.5,32.5,-2.6960657,29.803934335708618
2026-07-09,Ranipettai(Uzhavar Sandhai ),15.0,15.0,1.781587,16.78158700466156
2026-07-09,Anna nagar(Uzhavar Sandhai ),19.0,23.0,-1.007188,21.992812037467957
2026-07-09,Cheyyar(Uzhavar Sandhai ),13.5,17.5,1.2547036,18.754703640937805
2026-07-09,Sathur(Uzhavar Sandhai ),27.5,27.5,-3.4186103,24.081389665603638
2026-07-09,Jalagandapuram(Uzhavar Sandhai ),12.5,15.5,1.7335844,17.2335844039917
2026-07-09,Vellore APMC,15.0,17.0,0.89088833,17.890888333320618
2026-07-09,Sunguvarchatram(Uzhavar Sandhai ),26.0,26.0,-1.5487072,24.451292753219604
2026-07-09,Ponnamaravathi(Uzhavar Sandhai),22.5,22.5,-0.3566201,22.143379896879196
2026-07-09,Periyakulam(Uzhavar Sandhai ),19.0,19.0,1.261164,20.26116394996643
2026-07-09,Pollachi(Uzhavar Sandhai ),18.0,18.0,1.5825355,19.5825355052948
2026-07-09,Tiruvallur(Uzhavar Sandhai ),30.0,30.0,-1.2620811,28.737918853759766
2026-07-09,Kambam(Uzhavar Sandhai ),19.0,19.0,1.2411801,20.241180062294006
2026-07-09,Pallikonda(Uzhavar Sandhai),16.5,18.0,1.4033201,19.40332007408142
2026-07-09,Coonoor(Uzhavar Sandhai ),22.0,22.0,0.20382771,22.20382770895958
2026-07-09,Sathiyamagalam(Uzhavar Sandhai ),17.5,17.5,0.94186735,18.441867351531982
2026-07-09,Myladi(Uzhavar Sandhai ),27.5,27.5,-1.3526174,26.147382616996765
2026-07-09,Viralimalai(Uzhavar Sandhai ),17.5,17.5,2.2303138,19.730313777923584
2026-07-09,Karimangalam(Uzhavar Sandhai),17.0,17.0,1.4113715,18.41137146949768
2026-07-09,Karaikudi(Uzhavar Sandhai ),23.0,23.0,-0.36449012,22.635509878396988
2026-07-09,Kaveripattinam(Uzhavar Sandhai ),20.0,20.0,1.1961868,21.196186780929565
2026-07-09,Anna nagar(Uzhavar Sandhai ),22.0,19.0,1.1107103,20.11071026325226
2026-07-09,Medavakkam(Uzhavar Sandhai ),20.0,25.0,-1.0082855,23.991714477539062
2026-07-09,Villupuram(Uzhavar Sandhai ),22.5,22.5,0.7034611,23.20346111059189
2026-07-09,Sampath Nagar(Uzhavar Sandhai ),13.5,15.5,1.6976204,17.197620391845703
2026-07-09,Tirupatthur(Uzhavar Sandhai ),23.5,22.5,0.13533281,22.63533280789852
2026-07-09,Perampet(Uzhavar Sandhai),14.0,17.5,0.9642657,18.46426570415497
2026-07-09,Gudiyatham(Uzhavar Sandhai ),16.0,14.0,3.054275,17.054275035858154
2026-07-09,Devaram(Uzhavar Sandhai ),20.0,20.0,1.3925718,21.392571806907654
2026-07-09,KKNagar(Uzhavar Sandhai ),20.0,24.0,-1.0797951,22.920204877853394
2026-07-09,Harur(Uzhavar Sandhai ),16.5,16.5,1.4987702,17.998770236968994
2026-07-09,Paramakudi(Uzhavar Sandhai ),21.0,21.0,1.4354647,22.4354647397995
2026-07-09,Melapalayam(Uzhavar Sandhai ),23.5,23.5,-0.47672278,23.0232772231102
2026-07-09,Bodinayakanur(Uzhavar Sandhai ),20.0,20.0,1.2189268,21.218926787376404
2026-07-10,Sundarapuram(Uzhavar Sandhai ),14.0,16.0,2.1978776,18.197877645492554
2026-07-10,Ramanathapuram(Uzhavar Sandhai ),21.0,22.5,0.9511469,23.45114690065384
2026-07-10,Ambattur(Uzhavar Sandhai ),30.0,30.0,-0.12010372,29.87989628314972
2026-07-10,Singampunari(Uzhavar Sandhai ),21.0,21.0,-0.119234085,20.880765914916992
2026-07-10,Udumalpet APMC,17.5,17.5,1.9566609,19.456660866737366
2026-07-10,Kambam(Uzhavar Sandhai ),20.0,19.0,0.8569253,19.856925308704376
2026-07-10,Vadaseri APMC,25.5,32.5,-3.1384099,29.361590147018433
2026-07-10,Tindivanam APMC,16.0,16.0,1.4118198,17.41181981563568
2026-07-10,Attayampatti(Uzhavar Sandhai ),15.0,12.0,3.8910692,15.891069173812866
2026-07-10,Kangayam(Uzhavar Sandhai ),13.5,16.0,1.0440527,17.044052720069885
2026-07-10,Anaiyur(Uzhavar Sandhai ),19.0,19.0,0.930467,19.930467009544373
2026-07-10,Paruthipattu(Uzhavar Sandhai ),30.0,20.0,2.709981,22.709980964660645
2026-07-10,Karaikudi(Uzhavar Sandhai ),23.0,23.0,-0.55007803,22.44992196559906
2026-07-10,Aranthangi(Uzhavar Sandhai ),22.5,17.5,1.7404143,19.240414261817932
2026-07-10,Viralimalai(Uzhavar Sandhai ),17.5,17.5,1.2120848,18.712084770202637
2026-07-10,Devaram(Uzhavar Sandhai ),20.0,20.0,0.82796085,20.82796084880829
2026-07-10,Kumbakonam (Uzhavar Sandhai ),22.0,23.0,-0.63998735,22.360012650489807
2026-07-10,Vengamedu(Uzhavar Sandhai ),17.5,17.5,1.4471126,18.947112560272217
2026-07-10,Dharmapuri(Uzhavar Sandhai ),13.5,14.5,1.4881009,15.98810088634491
2026-07-10,Theni(Uzhavar Sandhai ),16.5,16.5,2.6742344,19.17423439025879
2026-07-10,Perambakkam(Uzhavar Sandhai ),30.0,30.0,-1.3860842,28.61391580104828
2026-07-10,Chinnamanur(Uzhavar Sandhai ),20.0,19.0,2.095299,21.095299005508423
2026-07-10,Perambalur(Uzhavar Sandhai ),22.5,24.0,-1.1568583,22.843141674995422
2026-07-10,Ponnamaravathi(Uzhavar Sandhai),22.5,22.5,-0.5404608,21.95953917503357
2026-07-10,Viruthachalam(Uzhavar Sandhai ),20.0,20.0,1.426059,21.426059007644653
2026-07-10,Chinnalapatti(Uzhavar Sandhai ),18.0,19.0,1.3218678,20.32186782360077
2026-07-10,Gandarvakottai(Uzhavar Sandhai ),17.5,17.5,1.9027112,19.402711153030396
2026-07-10,Kamuthi(Uzhavar Sandhai ),27.5,27.5,-0.7086899,26.79131007194519
2026-07-10,Mannargudi I(Uzhavar Sandhai ),18.0,18.0,1.2319206,19.23192059993744
2026-07-10,Vazhapadi(Uzhavar Sandhai),11.0,13.0,3.5980656,16.598065614700317
2026-07-10,Hosur(Uzhavar Sandhai ),12.5,17.5,2.2353532,19.735353231430054
2026-07-10,Kaveripattinam(Uzhavar Sandhai ),20.0,20.0,0.83886135,20.838861346244812
2026-07-10,Chengalpet(Uzhavar Sandhai ),22.5,22.5,-0.38428864,22.115711361169815
2026-07-10,Palacode(Uzhavar Sandhai ),13.0,13.5,1.6935896,15.193589568138123
2026-07-10,Melapalayam(Uzhavar Sandhai ),23.5,23.5,-0.5904313,22.90956872701645
2026-07-10,Karambakkudi(Uzhavar Sandhai ),22.5,22.5,-0.65774477,21.842255234718323
2026-07-10,Mettupalayam(Uzhavar Sandhai ),16.5,18.0,0.85240227,18.85240226984024
2026-07-10,Kundrathur(Uzhavar Sandhai ),26.0,26.0,-1.7168831,24.283116936683655
2026-07-10,Gobichettipalayam(Uzhavar Sandhai ),15.0,17.5,0.891266,18.391265988349915
2026-07-10,Edapadi (Uzhavar Sandhai ),12.5,12.0,4.5074677,16.50746774673462
2026-07-10,Tiruchengode APMC,20.0,20.0,0.5985745,20.59857451915741
2026-07-10,Tirupatthur(Uzhavar Sandhai ),23.5,23.5,-0.68513525,22.81486475467682
2026-07-10,Avallapalli(Uzhavar Sandhai ),13.5,17.5,0.20857437,17.70857436954975
2026-07-10,Anna nagar(Uzhavar Sandhai ),22.0,22.0,-0.47600543,21.52399456501007
2026-07-10,Harur(Uzhavar Sandhai ),17.5,16.5,2.3624492,18.862449169158936
2026-07-10,Perundurai(Uzhavar Sandhai ),16.0,16.5,1.4922273,17.99222731590271
2026-07-10,Ammapet(Uzhavar Sandhai ),12.5,11.5,5.0654173,16.565417289733887
2026-07-10,Medavakkam(Uzhavar Sandhai ),20.0,20.0,1.5974932,21.597493171691895
2026-07-10,Cuddalore(Uzhavar Sandhai ),16.0,16.0,2.2451959,18.245195865631104
2026-07-10,Peravurani(Uzhavar Sandhai),25.0,25.0,-0.16371825,24.8362817466259
2026-07-10,Keelpennathur(Uzhavar Sandhai ),25.0,17.5,2.873634,20.373634099960327
2026-07-10,Kallakurichi(Uzhavar Sandhai ),20.0,20.0,0.689192,20.68919199705124
2026-07-10,Sathur(Uzhavar Sandhai ),23.5,27.5,-3.3403587,24.15964126586914
2026-07-10,Dharapuram(Uzhavar Sandhai ),18.0,17.5,1.4302348,18.930234789848328
2026-07-10,Kumarapalayam(Uzhavar Sandhai ),17.5,19.0,0.74815595,19.74815595149994
2026-07-10,Vadavalli(Uzhavar Sandhai ),16.5,18.0,1.5835102,19.583510160446167
2026-07-10,Pollachi(Uzhavar Sandhai ),18.0,18.0,1.4775755,19.477575540542603
2026-07-10,Sathiyamagalam(Uzhavar Sandhai ),17.5,17.5,1.8562309,19.356230854988098
2026-07-10,Valangaiman APMC,20.0,20.0,0.9385823,20.93858230113983
2026-07-10,Pallikonda(Uzhavar Sandhai),16.5,16.5,1.6650052,18.165005207061768
2026-07-10,Usilampatti(Uzhavar Sandhai ),19.0,19.0,0.9393059,19.939305901527405
2026-07-10,Padappai(Uzhavar Sandhai ),21.0,21.5,-0.10977306,21.390226937830448
2026-07-10,Gandhigramam(Uzhavar Sandhai),18.5,18.5,1.4162453,19.916245341300964
2026-07-10,Karimangalam(Uzhavar Sandhai),13.5,17.0,0.7056602,17.705660223960876
2026-07-10,Devakottai (Uzhavar Sandhai ),23.5,21.0,0.61108387,21.61108386516571
2026-07-10,Thalavaipuram(Uzhavar Sandhai ),18.0,18.0,1.4873263,19.48732626438141
2026-07-10,Manapparai(Uzhavar Sandhai ),20.0,20.0,0.62173086,20.621730864048004
2026-07-10,Panruti(Uzhavar Sandhai ),18.0,18.0,2.4497995,20.44979953765869
2026-07-10,Thirukalukundram(Uzhavar Sandhai ),35.0,37.5,-10.2109585,27.28904151916504
2026-07-10,Guduvancheri(Uzhavar Sandhai ),19.0,19.0,0.93836766,19.938367664813995
2026-07-10,Tuticorin(Uzhavar Sandhai ),22.5,27.5,-2.2271826,25.272817373275757
2026-07-10,Singanallur(Uzhavar Sandhai ),16.5,19.0,0.5559627,19.555962681770325
2026-07-10,Srivilliputhur(Uzhavar Sandhai ),18.5,22.5,0.74119955,23.241199553012848
2026-07-10,Mannargudi II(Uzhavar Sandhai ),18.0,18.0,1.5388427,19.53884267807007
2026-07-10,Musiri(Uzhavar Sandhai ),20.0,19.0,1.1096975,20.109697461128235
2026-07-10,Sivakasi(Uzhavar Sandhai ),17.5,17.5,1.9701788,19.470178842544556
2026-07-10,Palladam(Uzhavar Sandhai ),17.5,17.5,0.87664175,18.376641750335693
2026-07-10,Polur(Uzhavar Sandhai ),17.5,13.5,1.924532,15.424532055854797
2026-07-10,Chengam(Uzhavar Sandhai ),19.0,17.5,1.1766992,18.67669916152954
2026-07-10,Mettur(Uzhavar Sandhai ),11.5,12.0,4.436948,16.4369478225708
2026-07-10,Pattukottai(Uzhavar Sandhai ),25.0,25.0,-1.3350027,23.664997339248657
2026-07-10,Chokkikulam(Uzhavar Sandhai ),19.0,19.0,0.98780674,19.987806737422943
2026-07-10,Natrampalli(Uzhavar Sandhai ),11.0,11.0,1.9398745,12.939874529838562
2026-07-10,Ariyalur(Uzhavar Sandhai),22.5,23.0,-0.59497076,22.405029237270355
2026-07-10,Tiruppur (North) (Uzhavar Sandhai ),13.5,13.5,2.3167992,15.81679916381836
2026-07-10,Palanganatham(Uzhavar Sandhai ),19.0,19.0,0.9436105,19.94361048936844
2026-07-10,Naravarikuppam(Uzhavar Sandhai ),30.0,30.0,-1.2079285,28.79207146167755
2026-07-10,Sooramangalam(Uzhavar Sandhai ),16.0,13.0,5.0333405,18.033340454101562
2026-07-10,Tirukattupalli(Uzhavar Sandhai ),18.0,18.0,1.9406688,19.94066882133484
2026-07-10,Chidambaram(Uzhavar Sandhai ),20.0,20.0,1.0504298,21.050429821014404
2026-07-10,Sulur(Uzhavar Sandhai ),15.0,19.0,0.6760842,19.676084220409393
2026-07-10,Kurichi(Uzhavar Sandhai ),16.0,17.5,2.0434139,19.543413877487183
2026-07-10,Velayuthampalayam(Uzhavar Sandhai ),18.0,18.0,1.4494867,19.44948673248291
2026-07-10,Manachanallur(Uzhavar Sandhai ),20.0,20.0,0.76637083,20.766370832920074
2026-07-10,Thirumangalam(Uzhavar Sandhai ),17.5,17.5,1.2359949,18.735994935035706
2026-07-10,Aruppukottai(Uzhavar Sandhai ),17.5,22.5,-0.41923335,22.080766648054123
2026-07-10,AJattihalli(Uzhavar Sandhai ),13.0,14.0,1.1116266,15.111626625061035
2026-07-10,Thalavadi(Uzhavar Sandhai ),13.0,13.5,2.9930718,16.493071794509888
2026-07-10,Rajapalayam(Uzhavar Sandhai ),17.5,17.5,1.4921308,18.992130756378174
2026-07-10,Jameenrayapettai(Uzhavar Sandhai ),19.0,27.5,-3.3707597,24.12924027442932
2026-07-10,Sankarapuram(Uzhavar Sandhai ),20.0,20.0,0.78572845,20.785728454589844
2026-07-10,Vandavasi(Uzhavar Sandhai ),18.0,13.5,2.2868292,15.786829233169556
2026-07-10,Elampillai(Uzhavar Sandhai ),14.0,12.0,4.15683,16.156829833984375
2026-07-10,Kandiyaperi(Uzhavar Sandhai ),23.5,23.5,-0.47852167,23.021478325128555
2026-07-10,Karur(Uzhavar Sandhai ),17.5,17.5,1.3923938,18.892393827438354
2026-07-10,Tiruvannamalai(Uzhavar Sandhai ),13.5,14.0,1.3398554,15.339855432510376
2026-07-10,Papanasam(Uzhavar Sandhai ),22.0,23.0,-0.46379596,22.536204040050507
2026-07-10,Kariyapatti(Uzhavar Sandhai ),19.0,22.5,-0.4256509,22.074349105358124
2026-07-10,Tiruthani(Uzhavar Sandhai ),30.0,30.0,-3.8022106,26.197789430618286
2026-07-10,Gingee(Uzhavar Sandhai ),15.0,15.0,2.3839319,17.383931875228882
2026-07-10,Athur(Uzhavar Sandhai ),13.0,12.0,3.7028754,15.70287537574768
2026-07-10,RSPuram(Uzhavar Sandhai ),15.0,15.5,1.0817055,16.581705451011658
2026-07-10,Perampet(Uzhavar Sandhai),16.0,14.0,1.9892098,15.989209771156311
2026-07-10,Gudiyatham(Uzhavar Sandhai ),16.0,16.0,2.0685205,18.068520545959473
2026-07-10,Muthupettai(Uzhavar Sandhai ),16.0,16.0,1.5645595,17.56455945968628
2026-07-10,Andipatti(Uzhavar Sandhai ),19.0,19.0,1.0563402,20.056340217590332
2026-07-10,Sampath Nagar(Uzhavar Sandhai ),15.0,13.5,2.0482428,15.548242807388306
2026-07-10,Ambasamudram(Uzhavar Sandhai ),23.5,24.5,-1.5334066,22.966593384742737
2026-07-10,Alangudi(Uzhavar Sandhai ),17.5,17.5,1.9736373,19.473637342453003
2026-07-10,Mecheri(Uzhavar Sandhai),12.5,12.0,3.4237108,15.423710823059082
2026-07-10,Villupuram(Uzhavar Sandhai ),22.5,22.5,-0.2519069,22.248093098402023
2026-07-10,KKNagar(Uzhavar Sandhai ),20.0,20.0,0.8228623,20.822862327098846
2026-07-10,Vellore APMC,13.0,15.0,1.3670136,16.367013573646545
2026-07-10,Ranipettai(Uzhavar Sandhai ),15.0,15.0,1.7643824,16.764382362365723
2026-07-10,Cheyyar(Uzhavar Sandhai ),17.5,13.5,2.2403636,15.740363597869873
2026-07-10,Periyakulam(Uzhavar Sandhai ),19.0,19.0,0.9893041,19.98930412530899
2026-07-10,Kulithalai(Uzhavar Sandhai ),18.0,18.0,1.3771368,19.377136826515198
2026-07-10,Arani(Uzhavar Sandhai ),17.5,13.5,2.1837583,15.68375825881958
2026-07-10,Vedasanthur(Uzhavar Sandhai ),14.0,16.5,1.2718911,17.771891117095947
2026-07-10,Pennagaram(Uzhavar Sandhai ),14.5,17.5,0.72974277,18.229742765426636
2026-07-10,Mohanur(Uzhavar Sandhai ),17.5,21.5,0.42260775,21.922607749700546
2026-07-10,Madhuranthagam(Uzhavar Sandhai ),20.0,25.0,0.34664723,25.34664723277092
2026-07-10,Krishnagiri(Uzhavar Sandhai ),12.0,10.0,4.305055,14.305055141448975
2026-07-10,Lalgudi(Uzhavar Sandhai ),22.0,22.0,-0.41638732,21.58361268043518
2026-07-10,Thathakapatti(Uzhavar Sandhai ),14.0,14.0,2.8398948,16.839894771575928
2026-07-10,Bodinayakanur(Uzhavar Sandhai ),20.0,20.0,0.82115805,20.821158051490784
2026-07-10,Sunguvarchatram(Uzhavar Sandhai ),26.0,26.0,-1.6558813,24.34411871433258
2026-07-10,Paramakudi(Uzhavar Sandhai ),22.5,21.0,0.96397406,21.963974058628082
2026-07-10,Kancheepuram(Uzhavar Sandhai ),21.0,20.5,0.36097088,20.86097088456154
2026-07-10,Ulundurpettai APMC,15.0,15.0,2.123155,17.123155117034912
2026-07-10,Thammampatti (Uzhavar Sandhai ),13.0,14.0,1.4591924,15.459192395210266
2026-07-10,Jalagandapuram(Uzhavar Sandhai ),11.5,12.5,3.1360428,15.636042833328247
2026-07-10,Vadalur(Uzhavar Sandhai ),18.0,20.0,1.1177849,21.11778485774994
2026-07-10,Thiruverumbur(Uzhavar Sandhai ),22.0,22.0,-0.3732,21.626800000667572
2026-07-10,Vaniyampadi(Uzhavar Sandhai ),15.0,15.0,3.4090912,18.409091234207153
2026-07-10,Tenkasi(Uzhavar Sandhai ),22.0,20.0,1.0160538,21.016053795814514
2026-07-10,Periyar Nagar(Uzhavar Sandhai ),15.0,13.5,2.180567,15.680567026138306
2026-07-10,Needamangalam(Uzhavar Sandhai ),16.0,16.0,1.6581218,17.658121824264526
2026-07-10,Myladi(Uzhavar Sandhai ),27.5,27.5,-1.3383181,26.16168189048767
2026-07-10,Thanjavur(Uzhavar Sandhai ),18.0,18.0,1.0859475,19.085947513580322
2026-07-10,Tiruvarur(Uzhavar Sandhai ),20.0,20.0,1.3660605,21.366060495376587
2026-07-10,Paramathivelur(Uzhavar Sandhai ),16.5,20.0,0.9593268,20.959326803684235
2026-07-10,Gudalur(Uzhavar Sandhai ),23.0,25.0,-1.4167998,23.583200216293335
2026-07-10,Denkanikottai(Uzhavar Sandhai ),12.5,17.5,2.3231292,19.823129177093506
2026-07-10,Sirkali(Uzhavar Sandhai ),22.5,22.5,-0.071920216,22.428079783916473
2026-07-10,Udhagamandalam(Uzhavar Sandhai ),22.0,22.0,0.12654287,22.12654286623001
2026-07-10,Rasipuram(Uzhavar Sandhai ),21.0,23.5,-0.7190695,22.780930519104004
2026-07-10,Sankarankoil(Uzhavar Sandhai ),25.0,25.0,-1.2925317,23.707468271255493
2026-07-10,Katpadi (Uzhavar Sandhai ),19.0,16.5,1.4761016,17.976101636886597
2026-07-10,Pallapatti (Uzhavar Sandhai ),19.0,19.0,0.7197147,19.71971470117569
2026-07-10,Coonoor(Uzhavar Sandhai ),22.0,22.0,-0.102933474,21.89706652611494
2026-07-10,Hasthampatti(Uzhavar Sandhai ),14.0,9.0,4.069213,13.069212913513184
2026-07-10,Kovilpatti(Uzhavar Sandhai ),17.5,17.5,2.3348525,19.83485245704651
2026-07-10,Palayamkottai(Uzhavar Sandhai ),23.5,23.5,-0.649294,22.850705981254578
2026-07-10,Nanganallur(Uzhavar Sandhai ),16.5,19.0,0.85373366,19.85373365879059
2026-07-10,Pallavaram(Uzhavar Sandhai ),19.0,19.0,1.5978631,20.59786307811737
2026-07-10,Virudhunagar(Uzhavar Sandhai ),18.0,18.0,1.4474913,19.44749128818512
2026-07-10,Jeyankondam (Uzhavar Sandhai ),20.0,22.0,0.006915134,22.006915133912116
2026-07-10,Sivagangai (Uzhavar Sandhai ),21.0,21.0,0.05520139,21.05520138889551
2026-07-10,Arcot(Uzhavar Sandhai ),16.0,18.0,0.9415614,18.94156140089035
2026-07-10,Dindigul(Uzhavar Sandhai ),17.5,17.5,1.131264,18.631263971328735
2026-07-10,Palani(Uzhavar Sandhai ),14.0,16.5,0.7373489,17.237348914146423
2026-07-10,Tiruvallur(Uzhavar Sandhai ),30.0,30.0,-1.1191486,28.8808513879776
2026-07-10,Tamarainagar(Uzhavar Sandhai ),16.5,16.5,0.708866,17.208866000175476
2026-07-10,NGO Colony(Uzhavar Sandhai ),22.5,22.5,-0.28842017,22.211579829454422
2026-07-10,Tiruppur (South) (Uzhavar Sandhai ),14.0,16.5,0.92730504,17.427305042743683
2026-07-10,Thuraiyur APMC,18.0,20.0,0.53303707,20.533037066459656
2026-07-10,Mayiladuthurai(Uzhavar Sandhai ),22.5,22.5,0.21416703,22.714167028665543
2026-07-11,Pennagaram(Uzhavar Sandhai ),12.5,14.5,2.538911,17.03891110420227
2026-07-11,Thanjavur(Uzhavar Sandhai ),20.0,18.0,1.3403637,19.34036374092102
2026-07-11,Kumarapalayam(Uzhavar Sandhai ),17.5,17.5,1.3352199,18.835219860076904
2026-07-11,Sivakasi(Uzhavar Sandhai ),17.5,17.5,1.8364818,19.33648180961609
2026-07-11,Keelpennathur(Uzhavar Sandhai ),17.5,25.0,-2.058084,22.94191598892212
2026-07-11,Kancheepuram(Uzhavar Sandhai ),20.0,21.0,0.09155131,21.091551311314106
2026-07-11,Thalavadi(Uzhavar Sandhai ),11.5,13.0,3.7230585,16.723058462142944
2026-07-11,Kallakurichi(Uzhavar Sandhai ),25.0,20.0,0.7571892,20.757189214229584
2026-07-11,Srivilliputhur(Uzhavar Sandhai ),17.5,18.5,2.5493205,21.049320459365845
2026-07-11,Mayiladuthurai(Uzhavar Sandhai ),22.5,22.5,0.11635783,22.61635783314705
2026-07-11,Thammampatti (Uzhavar Sandhai ),13.0,13.0,2.7195077,15.719507694244385
2026-07-11,Madhuranthagam(Uzhavar Sandhai ),20.0,20.0,1.8579676,21.857967615127563
2026-07-11,Vaniyampadi(Uzhavar Sandhai ),20.0,15.0,3.5493746,18.5493745803833
2026-07-11,Perundurai(Uzhavar Sandhai ),14.5,16.0,1.5362597,17.536259651184082
2026-07-11,Palladam(Uzhavar Sandhai ),17.5,17.5,1.0871115,18.587111473083496
2026-07-11,Melapalayam(Uzhavar Sandhai ),23.5,23.5,-0.5500527,22.94994729757309
2026-07-11,Natrampalli(Uzhavar Sandhai ),12.5,11.0,2.0431979,13.043197870254517
2026-07-11,Cuddalore(Uzhavar Sandhai ),16.0,16.0,1.9081663,17.90816628932953
2026-07-11,Arcot(Uzhavar Sandhai ),16.0,16.0,1.782557,17.782557010650635
2026-07-11,Coonoor(Uzhavar Sandhai ),20.0,22.0,-0.10833875,21.891661249101162
2026-07-11,Valangaiman APMC,20.0,20.0,1.126189,21.12618899345398
2026-07-11,Vandavasi(Uzhavar Sandhai ),18.0,18.0,3.0221066,21.022106647491455
2026-07-11,Pollachi(Uzhavar Sandhai ),18.0,18.0,1.7010592,19.701059222221375
2026-07-11,Sathiyamagalam(Uzhavar Sandhai ),15.5,17.5,2.058896,19.5588960647583
2026-07-11,Sunguvarchatram(Uzhavar Sandhai ),26.0,26.0,-1.6255484,24.374451637268066
2026-07-11,Villupuram(Uzhavar Sandhai ),20.0,22.5,-0.19562115,22.304378852248192
2026-07-11,Pallikonda(Uzhavar Sandhai),20.0,16.5,1.8711628,18.37116277217865
2026-07-11,Medavakkam(Uzhavar Sandhai ),20.0,20.0,1.4353945,21.435394525527954
2026-07-11,Harur(Uzhavar Sandhai ),17.5,17.5,2.2595456,19.75954556465149
2026-07-11,Devakottai (Uzhavar Sandhai ),23.5,23.5,0.00917007,23.509170070290565
2026-07-11,Sampath Nagar(Uzhavar Sandhai ),13.5,15.0,1.0892686,16.089268565177917
2026-07-11,Anna nagar(Uzhavar Sandhai ),20.0,22.0,-0.30804354,21.69195646047592
2026-07-11,Anna nagar(Uzhavar Sandhai ),22.0,20.0,1.0104266,21.01042664051056
2026-07-11,Peravurani(Uzhavar Sandhai),20.0,25.0,-0.4873018,24.51269820332527
2026-07-11,Tiruvallur(Uzhavar Sandhai ),30.0,30.0,-1.0390713,28.960928678512573
2026-07-11,Padappai(Uzhavar Sandhai ),21.0,21.0,0.009532282,21.00953228212893
2026-07-11,Karimangalam(Uzhavar Sandhai),17.0,13.5,3.5108123,17.010812282562256
2026-07-11,Tirupatthur(Uzhavar Sandhai ),23.0,23.5,0.115252435,23.615252435207367
2026-07-11,Kundrathur(Uzhavar Sandhai ),26.0,26.0,-1.594819,24.405181050300598
2026-07-11,Mohanur(Uzhavar Sandhai ),15.0,17.5,1.8444326,19.344432592391968
2026-07-11,Tenkasi(Uzhavar Sandhai ),22.5,22.0,-0.34861535,21.65138465166092
2026-07-11,Palacode(Uzhavar Sandhai ),13.5,13.0,3.8902743,16.89027428627014
2026-07-11,Papanasam(Uzhavar Sandhai ),24.0,22.0,0.37294585,22.372945845127106
2026-07-11,Pallapatti (Uzhavar Sandhai ),19.0,19.0,0.79118055,19.791180551052094
2026-07-11,Thirukalukundram(Uzhavar Sandhai ),27.5,35.0,-6.1348305,28.865169525146484
2026-07-11,Gudiyatham(Uzhavar Sandhai ),18.0,16.0,1.2266089,17.226608872413635
2026-07-11,Vadalur(Uzhavar Sandhai ),18.5,18.0,2.6722705,20.67227053642273
2026-07-11,Palayamkottai(Uzhavar Sandhai ),23.5,23.5,-0.5944685,22.905531525611877
2026-07-11,Kariyapatti(Uzhavar Sandhai ),19.0,19.0,1.2605151,20.260515093803406
2026-07-11,Paramakudi(Uzhavar Sandhai ),21.0,22.5,0.27291963,22.77291962504387
2026-07-11,Udumalpet APMC,17.5,17.5,1.6430378,19.143037796020508
2026-07-11,Rasipuram(Uzhavar Sandhai ),19.0,21.0,0.51537126,21.51537126302719
2026-07-11,Sooramangalam(Uzhavar Sandhai ),17.0,16.0,2.7949417,18.794941663742065
2026-07-11,Naravarikuppam(Uzhavar Sandhai ),30.0,30.0,-1.3044537,28.69554626941681
2026-07-11,Edapadi (Uzhavar Sandhai ),16.5,12.5,3.71235,16.212349891662598
2026-07-11,Paramathivelur(Uzhavar Sandhai ),16.5,16.5,2.4811032,18.98110318183899
2026-07-11,Thuraiyur APMC,20.0,18.0,1.7253778,19.725377798080444
2026-07-11,Gobichettipalayam(Uzhavar Sandhai ),15.0,15.0,1.653768,16.653767943382263
2026-07-11,Tiruchengode APMC,19.0,20.0,0.66892624,20.668926239013672
2026-07-11,Tamarainagar(Uzhavar Sandhai ),14.0,16.5,1.2408377,17.740837693214417
2026-07-11,AJattihalli(Uzhavar Sandhai ),14.0,13.0,3.933995,16.933995008468628
2026-07-11,Palani(Uzhavar Sandhai ),12.5,14.0,1.700267,15.70026695728302
2026-07-11,Usilampatti(Uzhavar Sandhai ),20.0,19.0,1.2936704,20.293670415878296
2026-07-11,Gandhigramam(Uzhavar Sandhai),18.5,18.5,1.5941304,20.094130396842957
2026-07-11,Myladi(Uzhavar Sandhai ),22.5,27.5,-1.9438202,25.556179761886597
2026-07-11,Periyakulam(Uzhavar Sandhai ),19.0,19.0,1.4647399,20.4647399187088
2026-07-11,Thirumangalam(Uzhavar Sandhai ),20.0,17.5,1.6691642,19.169164180755615
2026-07-11,Sathur(Uzhavar Sandhai ),27.5,23.5,-0.27538678,23.224613219499588
2026-07-11,Aruppukottai(Uzhavar Sandhai ),19.0,17.5,1.5303341,19.03033411502838
2026-07-11,Nanganallur(Uzhavar Sandhai ),19.0,16.5,2.0248544,18.5248544216156
2026-07-11,Elampillai(Uzhavar Sandhai ),16.5,14.0,1.9997572,15.999757170677185
2026-07-11,Attayampatti(Uzhavar Sandhai ),16.0,15.0,2.1314223,17.13142228126526
2026-07-11,Kumbakonam (Uzhavar Sandhai ),24.0,22.0,0.22090128,22.220901280641556
2026-07-11,NGO Colony(Uzhavar Sandhai ),22.5,22.5,-0.10615925,22.39384075254202
2026-07-11,Kamuthi(Uzhavar Sandhai ),27.5,27.5,-0.9422191,26.557780921459198
2026-07-11,Dharmapuri(Uzhavar Sandhai ),15.5,13.5,4.047465,17.547464847564697
2026-07-11,Sirkali(Uzhavar Sandhai ),22.5,22.5,0.10142662,22.601426616311073
2026-07-11,Viralimalai(Uzhavar Sandhai ),17.5,17.5,1.5825096,19.082509636878967
2026-07-11,Udhagamandalam(Uzhavar Sandhai ),20.0,22.0,-0.15575641,21.844243586063385
2026-07-11,Thalavaipuram(Uzhavar Sandhai ),18.0,18.0,1.8725759,19.872575879096985
2026-07-11,Singampunari(Uzhavar Sandhai ),22.0,21.0,0.4001571,21.40015709400177
2026-07-11,Katpadi (Uzhavar Sandhai ),17.5,19.0,0.8234519,19.82345187664032
2026-07-11,Ranipettai(Uzhavar Sandhai ),18.0,15.0,2.561077,17.561077117919922
2026-07-11,Mettur(Uzhavar Sandhai ),12.5,11.5,5.427489,16.927488803863525
2026-07-11,Kovilpatti(Uzhavar Sandhai ),19.0,17.5,2.2586868,19.758686780929565
2026-07-11,Jameenrayapettai(Uzhavar Sandhai ),19.0,19.0,1.4048048,20.404804825782776
2026-07-11,Vellore APMC,15.0,13.0,2.6823113,15.682311296463013
2026-07-11,KKNagar(Uzhavar Sandhai ),21.0,20.0,0.96301675,20.963016748428345
2026-07-11,Karambakkudi(Uzhavar Sandhai ),17.5,22.5,-0.5221338,21.977866172790527
2026-07-11,Kambam(Uzhavar Sandhai ),20.0,20.0,1.0966078,21.0966078042984
2026-07-11,Jalagandapuram(Uzhavar Sandhai ),12.5,11.5,3.915354,15.415354013442993
2026-07-11,Ponnamaravathi(Uzhavar Sandhai),17.5,22.5,-0.46308008,22.03691992163658
2026-07-11,Devaram(Uzhavar Sandhai ),20.0,20.0,0.97530603,20.975306034088135
2026-07-11,Vadaseri APMC,25.5,25.5,0.6020521,26.102052092552185
2026-07-11,Bodinayakanur(Uzhavar Sandhai ),20.0,20.0,1.258322,21.25832200050354
2026-07-11,Lalgudi(Uzhavar Sandhai ),24.0,22.0,-0.21711922,21.782880783081055
2026-07-11,Ambattur(Uzhavar Sandhai ),30.0,30.0,-1.1539391,28.846060872077942
2026-07-11,Perampet(Uzhavar Sandhai),14.0,16.0,1.4341309,17.434130907058716
2026-07-11,Anaiyur(Uzhavar Sandhai ),20.0,19.0,1.4366645,20.43666446208954
2026-07-11,Vedasanthur(Uzhavar Sandhai ),12.5,14.0,3.1153014,17.115301370620728
2026-07-11,Viruthachalam(Uzhavar Sandhai ),20.0,20.0,1.6071386,21.607138633728027
2026-07-11,Krishnagiri(Uzhavar Sandhai ),13.0,12.0,3.9335146,15.933514595031738
2026-07-11,Mannargudi I(Uzhavar Sandhai ),18.0,18.0,1.3287392,19.328739166259766
2026-07-11,Hosur(Uzhavar Sandhai ),12.5,12.5,5.6129084,18.112908363342285
2026-07-11,Vedaranyam(Uzhavar Sandhai),32.0,32.0,-0.5386307,31.461369276046753
2026-07-11,Periyar Nagar(Uzhavar Sandhai ),13.5,15.0,2.8552365,17.855236530303955
2026-07-11,Karaikudi(Uzhavar Sandhai ),24.0,23.0,0.11061063,23.110610626637936
2026-07-11,Karur(Uzhavar Sandhai ),17.5,17.5,1.5229688,19.022968769073486
2026-07-11,Manapparai(Uzhavar Sandhai ),20.0,20.0,0.7595422,20.759542226791382
2026-07-11,Dharapuram(Uzhavar Sandhai ),17.5,18.0,1.6308757,19.63087570667267
2026-07-11,Kandiyaperi(Uzhavar Sandhai ),23.5,23.5,-0.4396871,23.060312896966934
2026-07-11,Tirukattupalli(Uzhavar Sandhai ),20.0,18.0,1.5109416,19.51094162464142
2026-07-11,Cheyyar(Uzhavar Sandhai ),17.5,17.5,1.1172379,18.61723792552948
2026-07-11,Palanganatham(Uzhavar Sandhai ),20.0,19.0,1.0566549,20.056654930114746
2026-07-11,Ambasamudram(Uzhavar Sandhai ),23.5,23.5,-0.4396871,23.060312896966934
2026-07-11,Mecheri(Uzhavar Sandhai),16.5,12.5,4.538311,17.038311004638672
2026-07-11,Andipatti(Uzhavar Sandhai ),19.0,19.0,0.9427164,19.942716419696808
2026-07-11,Pattukottai(Uzhavar Sandhai ),20.0,25.0,-1.5757992,23.424200773239136
2026-07-11,Tuticorin(Uzhavar Sandhai ),22.5,22.5,0.37710935,22.877109348773956
2026-07-11,Gingee(Uzhavar Sandhai ),15.0,15.0,3.3069286,18.306928634643555
2026-07-11,Athur(Uzhavar Sandhai ),16.5,13.0,2.81732,15.817320108413696
2026-07-11,Kaveripattinam(Uzhavar Sandhai ),20.0,20.0,1.1102105,21.11021053791046
2026-07-11,Perambakkam(Uzhavar Sandhai ),30.0,30.0,-1.2128185,28.787181496620178
2026-07-11,Chengalpet(Uzhavar Sandhai ),22.5,22.5,0.102697425,22.602697424590588
2026-07-11,Musiri(Uzhavar Sandhai ),20.0,20.0,1.1094145,21.10941445827484
2026-07-11,Ammapet(Uzhavar Sandhai ),16.5,12.5,4.1711683,16.671168327331543
2026-07-11,Tiruthani(Uzhavar Sandhai ),30.0,30.0,-3.9575493,26.042450666427612
2026-07-11,Velayuthampalayam(Uzhavar Sandhai ),18.0,18.0,1.6846099,19.68460988998413
2026-07-11,RSPuram(Uzhavar Sandhai ),14.5,15.0,1.4235278,16.42352783679962
2026-07-11,Kurichi(Uzhavar Sandhai ),14.0,16.0,1.7928246,17.792824625968933
2026-07-11,Muthupettai(Uzhavar Sandhai ),16.0,16.0,1.8619758,17.86197578907013
2026-07-11,Theni(Uzhavar Sandhai ),16.5,16.5,3.4461136,19.94611358642578
2026-07-11,Alangudi(Uzhavar Sandhai ),17.5,17.5,2.1754797,19.675479650497437
2026-07-11,Tiruvannamalai(Uzhavar Sandhai ),13.5,13.5,3.2366896,16.736689567565918
2026-07-11,Sulur(Uzhavar Sandhai ),17.0,15.0,2.127245,17.12724494934082
2026-07-11,Paruthipattu(Uzhavar Sandhai ),30.0,30.0,-2.1794453,27.820554733276367
2026-07-11,Tiruvarur(Uzhavar Sandhai ),20.0,20.0,1.2752681,21.275268077850342
2026-07-11,Chinnamanur(Uzhavar Sandhai ),20.0,20.0,1.5788059,21.578805923461914
2026-07-11,Sivagangai (Uzhavar Sandhai ),22.0,21.0,0.5239824,21.523982405662537
2026-07-11,Chidambaram(Uzhavar Sandhai ),20.0,20.0,1.3083128,21.30831277370453
2026-07-11,Gandarvakottai(Uzhavar Sandhai ),17.5,17.5,1.2560459,18.756045937538147
2026-07-11,Tiruppur (South) (Uzhavar Sandhai ),14.0,14.0,1.9958768,15.995876789093018
2026-07-11,Kangayam(Uzhavar Sandhai ),12.5,13.5,3.4708512,16.970851182937622
2026-07-11,Gudalur(Uzhavar Sandhai ),22.5,23.0,-0.49115878,22.50884121656418
2026-07-11,Chinnalapatti(Uzhavar Sandhai ),18.0,18.0,2.2960231,20.29602313041687
2026-07-11,Kulithalai(Uzhavar Sandhai ),20.0,18.0,1.8629491,19.86294913291931
2026-07-11,Guduvancheri(Uzhavar Sandhai ),19.0,19.0,1.4014665,20.401466488838196
2026-07-11,Manachanallur(Uzhavar Sandhai ),22.0,20.0,0.9473319,20.94733190536499
2026-07-11,Ariyalur(Uzhavar Sandhai),17.5,22.5,-0.1154631,22.384536899626255
2026-07-11,Tiruppur (North) (Uzhavar Sandhai ),17.5,13.5,2.5075657,16.00756573677063
2026-07-11,Thathakapatti(Uzhavar Sandhai ),16.5,14.0,1.7947998,15.7947998046875
2026-07-11,Chokkikulam(Uzhavar Sandhai ),20.0,19.0,1.2867932,20.28679323196411
2026-07-11,Panruti(Uzhavar Sandhai ),18.0,18.0,2.722435,20.722434997558594
2026-07-11,Arani(Uzhavar Sandhai ),17.5,17.5,1.1307249,18.630724906921387
2026-07-11,Pudukottai(Uzhavar Sandhai ),22.5,17.5,1.6401932,19.140193223953247
2026-07-11,Dindigul(Uzhavar Sandhai ),18.0,17.5,1.8000467,19.300046682357788
2026-07-11,Rajapalayam(Uzhavar Sandhai ),17.5,17.5,1.5035924,19.003592371940613
2026-07-11,Chengam(Uzhavar Sandhai ),18.0,19.0,0.7928585,19.792858481407166
2026-07-11,Polur(Uzhavar Sandhai ),17.5,17.5,0.85792047,18.357920467853546
2026-07-11,Needamangalam(Uzhavar Sandhai ),16.0,16.0,1.7624832,17.76248323917389
2026-07-11,Ulundurpettai APMC,15.0,15.0,1.7789692,16.778969168663025
2026-07-11,Mannargudi II(Uzhavar Sandhai ),18.0,18.0,1.4062134,19.406213402748108
2026-07-11,Sankarapuram(Uzhavar Sandhai ),25.0,20.0,0.79763794,20.797637939453125
2026-07-11,Thiruverumbur(Uzhavar Sandhai ),20.0,22.0,-0.23153436,21.768465638160706
2026-07-11,Singanallur(Uzhavar Sandhai ),17.0,16.5,1.4344203,17.934420347213745
2026-07-11,Vengamedu(Uzhavar Sandhai ),17.5,17.5,1.6404418,19.14044177532196
2026-07-11,Ramanathapuram(Uzhavar Sandhai ),22.5,21.0,1.4657681,22.465768098831177
2026-07-11,Jeyankondam (Uzhavar Sandhai ),19.0,20.0,1.3463917,21.346391677856445
2026-07-11,Vazhapadi(Uzhavar Sandhai),12.0,11.0,5.1672583,16.167258262634277
2026-07-11,Mettupalayam(Uzhavar Sandhai ),16.5,16.5,1.447024,17.94702398777008
2026-07-11,Perambalur(Uzhavar Sandhai ),22.5,22.5,0.024129506,22.524129506200552
2026-07-11,Tindivanam APMC,16.0,16.0,1.1438373,17.143837332725525
2026-07-11,Vadavalli(Uzhavar Sandhai ),16.5,16.5,2.1908588,18.690858840942383
2026-07-11,Sundarapuram(Uzhavar Sandhai ),17.0,14.0,2.7771204,16.777120351791382
2026-07-11,Aranthangi(Uzhavar Sandhai ),17.5,22.5,-0.3057616,22.194238394498825
2026-07-11,Pallavaram(Uzhavar Sandhai ),19.0,19.0,1.5864223,20.586422324180603
2026-07-11,Virudhunagar(Uzhavar Sandhai ),21.0,18.0,2.301081,20.30108094215393
2026-07-11,Avallapalli(Uzhavar Sandhai ),12.5,13.5,2.5132096,16.013209581375122
2026-07-11,Sankarankoil(Uzhavar Sandhai ),22.5,25.0,-1.5986134,23.401386618614197
2026-07-11,Hasthampatti(Uzhavar Sandhai ),16.5,14.0,2.7894633,16.78946328163147
2026-07-11,Denkanikottai(Uzhavar Sandhai ),12.5,12.5,5.937692,18.437692165374756
2026-07-12,Vazhapadi(Uzhavar Sandhai),13.5,12.0,4.989072,16.9890718460083
2026-07-12,NGO Colony(Uzhavar Sandhai ),22.5,22.5,-0.25245464,22.24754536151886
2026-07-12,Needamangalam(Uzhavar Sandhai ),18.0,16.0,1.8426745,17.842674493789673
2026-07-12,Vadaseri APMC,25.5,25.5,0.620748,26.120747983455658
2026-07-12,Dharmapuri(Uzhavar Sandhai ),15.5,15.5,2.9146402,18.414640188217163
2026-07-12,Kulithalai(Uzhavar Sandhai ),20.0,20.0,0.808529,20.808529019355774
2026-07-12,Thalavaipuram(Uzhavar Sandhai ),22.0,18.0,1.9692307,19.96923065185547
2026-07-12,Tindivanam APMC,18.0,16.0,2.309588,18.309587955474854
2026-07-12,Viralimalai(Uzhavar Sandhai ),22.5,17.5,1.4976927,18.997692704200745
2026-07-12,Sirkali(Uzhavar Sandhai ),22.5,22.5,0.13770933,22.637709334492683
2026-07-12,Aranthangi(Uzhavar Sandhai ),17.5,17.5,2.2878034,19.787803411483765
2026-07-12,Guduvancheri(Uzhavar Sandhai ),19.0,19.0,1.8749193,20.874919295310974
2026-07-12,Avallapalli(Uzhavar Sandhai ),17.5,12.5,3.4828246,15.982824563980103
2026-07-12,Paramakudi(Uzhavar Sandhai ),22.5,21.0,0.91483414,21.914834141731262
2026-07-12,Singanallur(Uzhavar Sandhai ),19.0,17.0,1.0685447,18.06854474544525
2026-07-12,Ambattur(Uzhavar Sandhai ),30.0,30.0,-1.2151405,28.784859538078308
2026-07-12,Devaram(Uzhavar Sandhai ),20.0,20.0,1.4699525,21.4699524641037
2026-07-12,Jalagandapuram(Uzhavar Sandhai ),16.0,12.5,4.9038053,17.403805255889893
2026-07-12,Lalgudi(Uzhavar Sandhai ),24.0,24.0,-1.0844563,22.91554367542267
2026-07-12,Vedaranyam(Uzhavar Sandhai),33.5,32.0,-0.43434232,31.565657675266266
2026-07-12,Periyar Nagar(Uzhavar Sandhai ),15.0,13.5,3.7378063,17.23780632019043
2026-07-12,Kambam(Uzhavar Sandhai ),20.0,20.0,1.1665612,21.166561245918274
2026-07-12,Polur(Uzhavar Sandhai ),17.5,17.5,0.82409734,18.324097335338593
2026-07-12,Jameenrayapettai(Uzhavar Sandhai ),19.0,19.0,1.4910461,20.49104607105255
2026-07-12,Chengam(Uzhavar Sandhai ),18.0,18.0,1.0067878,19.00678777694702
2026-07-12,Srivilliputhur(Uzhavar Sandhai ),17.5,17.5,3.2351785,20.735178470611572
2026-07-12,Kariyapatti(Uzhavar Sandhai ),19.0,19.0,1.0918441,20.091844081878662
2026-07-12,Elampillai(Uzhavar Sandhai ),18.0,16.5,1.4225252,17.92252516746521
2026-07-12,Ariyalur(Uzhavar Sandhai),17.5,17.5,1.78498,19.284980058670044
2026-07-12,Thanjavur(Uzhavar Sandhai ),20.0,20.0,0.570876,20.570876002311707
2026-07-12,Sivakasi(Uzhavar Sandhai ),17.5,17.5,2.0814748,19.581474781036377
2026-07-12,Mannargudi I(Uzhavar Sandhai ),20.0,18.0,1.1784366,19.178436636924744
2026-07-12,Chokkikulam(Uzhavar Sandhai ),20.0,20.0,0.97697943,20.976979434490204
2026-07-12,Udumalpet APMC,22.0,17.5,1.8150594,19.315059423446655
2026-07-12,Attayampatti(Uzhavar Sandhai ),19.0,16.0,1.583387,17.58338701725006
2026-07-12,Mecheri(Uzhavar Sandhai),18.0,16.5,2.2826118,18.782611846923828
2026-07-12,Udhagamandalam(Uzhavar Sandhai ),21.5,20.0,0.90999943,20.909999430179596
2026-07-12,Kumbakonam (Uzhavar Sandhai ),23.0,24.0,-0.8977655,23.102234482765198
2026-07-12,Sundarapuram(Uzhavar Sandhai ),17.5,17.0,2.3619394,19.361939430236816
2026-07-12,Arani(Uzhavar Sandhai ),17.5,17.5,1.1670079,18.66700792312622
2026-07-12,Viruthachalam(Uzhavar Sandhai ),20.0,20.0,1.434676,21.43467605113983
2026-07-12,Panruti(Uzhavar Sandhai ),20.0,18.0,2.440673,20.440673112869263
2026-07-12,Krishnagiri(Uzhavar Sandhai ),12.0,13.0,3.3752756,16.37527561187744
2026-07-12,Kamuthi(Uzhavar Sandhai ),27.5,27.5,-1.2178022,26.28219783306122
2026-07-12,Thiruverumbur(Uzhavar Sandhai ),22.0,20.0,0.81981933,20.81981933116913
2026-07-12,Bodinayakanur(Uzhavar Sandhai ),20.0,20.0,1.4016906,21.40169060230255
2026-07-12,Ponnamaravathi(Uzhavar Sandhai),22.5,17.5,2.2673159,19.76731586456299
2026-07-12,Vedasanthur(Uzhavar Sandhai ),13.0,12.5,4.017679,16.51767921447754
2026-07-12,Anaiyur(Uzhavar Sandhai ),20.0,20.0,1.0683503,21.068350315093994
2026-07-12,Singampunari(Uzhavar Sandhai ),22.0,22.0,0.084577955,22.084577955305576
2026-07-12,Perampet(Uzhavar Sandhai),17.0,14.0,2.2842264,16.284226417541504
2026-07-12,Karur(Uzhavar Sandhai ),17.5,17.5,1.1293408,18.629340767860413
2026-07-12,Perambakkam(Uzhavar Sandhai ),30.0,30.0,-1.1324514,28.86754858493805
2026-07-12,Karaikudi(Uzhavar Sandhai ),24.0,24.0,-0.378601,23.621398985385895
2026-07-12,Sankarankoil(Uzhavar Sandhai ),22.5,22.5,0.2075409,22.707540899515152
2026-07-12,Chinnamanur(Uzhavar Sandhai ),19.0,20.0,2.5365913,22.536591291427612
2026-07-12,Sathur(Uzhavar Sandhai ),23.5,27.5,-2.6664236,24.833576440811157
2026-07-12,Usilampatti(Uzhavar Sandhai ),20.0,20.0,0.8186879,20.818687915802002
2026-07-12,Myladi(Uzhavar Sandhai ),22.5,22.5,0.4731725,22.9731724858284
2026-07-12,Kangayam(Uzhavar Sandhai ),12.5,12.5,2.8639717,15.363971710205078
2026-07-12,AJattihalli(Uzhavar Sandhai ),14.0,14.0,2.744609,16.744609117507935
2026-07-12,Palani(Uzhavar Sandhai ),14.0,12.5,3.7937934,16.293793439865112
2026-07-12,Gandarvakottai(Uzhavar Sandhai ),17.5,17.5,1.1555964,18.655596375465393
2026-07-12,Gandhigramam(Uzhavar Sandhai),18.5,18.5,1.553869,20.053869009017944
2026-07-12,Nanganallur(Uzhavar Sandhai ),19.0,19.0,1.6040486,20.60404860973358
2026-07-12,Paramathivelur(Uzhavar Sandhai ),15.0,16.5,2.252339,18.752338886260986
2026-07-12,Periyakulam(Uzhavar Sandhai ),19.0,19.0,1.5904924,20.590492367744446
2026-07-12,Tiruppur (South) (Uzhavar Sandhai ),16.5,14.0,1.7484808,15.748480796813965
2026-07-12,Tamarainagar(Uzhavar Sandhai ),13.5,14.0,1.8222653,15.822265267372131
2026-07-12,Gobichettipalayam(Uzhavar Sandhai ),15.0,15.0,1.5961813,16.596181273460388
2026-07-12,Thirumangalam(Uzhavar Sandhai ),20.0,20.0,0.7107102,20.71071022748947
2026-07-12,Thuraiyur APMC,20.0,20.0,1.0197074,21.019707441329956
2026-07-12,Vengamedu(Uzhavar Sandhai ),17.5,17.5,1.0579506,18.557950615882874
2026-07-12,Edapadi (Uzhavar Sandhai ),16.0,16.5,1.0881021,17.588102102279663
2026-07-12,Tiruchengode APMC,19.0,19.0,1.3906496,20.390649557113647
2026-07-12,Palayamkottai(Uzhavar Sandhai ),23.5,23.5,-0.59244156,22.90755844116211
2026-07-12,Aruppukottai(Uzhavar Sandhai ),22.5,19.0,1.0947642,20.094764232635498
2026-07-12,Sooramangalam(Uzhavar Sandhai ),19.0,17.0,2.5597672,19.559767246246338
2026-07-12,Ramanathapuram(Uzhavar Sandhai ),22.5,22.5,1.3450606,23.84506058692932
2026-07-12,Kovilpatti(Uzhavar Sandhai ),27.5,19.0,2.032766,21.032766103744507
2026-07-12,Chinnalapatti(Uzhavar Sandhai ),21.0,18.0,2.3686562,20.368656158447266
2026-07-12,KKNagar(Uzhavar Sandhai ),22.0,21.0,0.15137422,21.151374220848083
2026-07-12,Pallavaram(Uzhavar Sandhai ),19.0,19.0,1.4013662,20.401366233825684
2026-07-12,Hosur(Uzhavar Sandhai ),17.5,12.5,4.982856,17.482855796813965
2026-07-12,Rasipuram(Uzhavar Sandhai ),19.0,19.0,2.2104893,21.21048927307129
2026-07-12,Athur(Uzhavar Sandhai ),16.5,16.5,2.0785856,18.578585624694824
2026-07-12,RSPuram(Uzhavar Sandhai ),15.0,14.5,2.3277736,16.827773571014404
2026-07-12,Andipatti(Uzhavar Sandhai ),19.0,19.0,1.0761615,20.07616150379181
2026-07-12,Gingee(Uzhavar Sandhai ),20.0,15.0,2.2653966,17.26539659500122
2026-07-12,Katpadi (Uzhavar Sandhai ),17.5,17.5,0.8757,18.375699996948242
2026-07-12,Tuticorin(Uzhavar Sandhai ),22.5,22.5,0.19330949,22.693309485912323
2026-07-12,Pattukottai(Uzhavar Sandhai ),24.0,20.0,1.3485936,21.348593592643738
2026-07-12,Velayuthampalayam(Uzhavar Sandhai ),18.0,18.0,1.6460046,19.646004557609558
2026-07-12,Musiri(Uzhavar Sandhai ),20.0,20.0,1.1456972,21.145697236061096
2026-07-12,Muthupettai(Uzhavar Sandhai ),18.0,16.0,1.9376422,17.937642216682434
2026-07-12,Chengalpet(Uzhavar Sandhai ),22.5,22.5,0.13898024,22.638980239629745
2026-07-12,Ambasamudram(Uzhavar Sandhai ),23.5,23.5,-0.43766022,23.062339782714844
2026-07-12,Perambalur(Uzhavar Sandhai ),26.5,22.5,-0.0029019576,22.49709804239683
2026-07-12,Ranipettai(Uzhavar Sandhai ),15.0,18.0,0.9494088,18.94940882921219
2026-07-12,Palanganatham(Uzhavar Sandhai ),20.0,20.0,0.73277575,20.73277574777603
2026-07-12,Cheyyar(Uzhavar Sandhai ),17.5,17.5,1.1057609,18.60576093196869
2026-07-12,Tirukattupalli(Uzhavar Sandhai ),20.0,20.0,0.7886328,20.788632810115814
2026-07-12,Jeyankondam (Uzhavar Sandhai ),22.0,19.0,1.5440575,20.544057488441467
2026-07-12,Mettur(Uzhavar Sandhai ),10.0,12.5,4.3468447,16.84684467315674
2026-07-12,Alangudi(Uzhavar Sandhai ),22.5,17.5,2.211763,19.71176290512085
2026-07-12,Dharapuram(Uzhavar Sandhai ),12.5,17.5,1.0397314,18.53973138332367
2026-07-12,Kandiyaperi(Uzhavar Sandhai ),23.5,23.5,-0.44651532,23.053484678268433
2026-07-12,Manapparai(Uzhavar Sandhai ),22.0,20.0,0.72769845,20.72769844532013
2026-07-12,Karambakkudi(Uzhavar Sandhai ),22.5,17.5,1.9650683,19.465068340301514
2026-07-12,Theni(Uzhavar Sandhai ),18.0,16.5,2.606952,19.10695195198059
2026-07-12,Madhuranthagam(Uzhavar Sandhai ),20.0,20.0,1.7436794,21.743679404258728
2026-07-12,Mannargudi II(Uzhavar Sandhai ),20.0,18.0,1.4424961,19.442496061325073
2026-07-12,Palladam(Uzhavar Sandhai ),17.5,17.5,1.1054797,18.60547971725464
2026-07-12,Anna nagar(Uzhavar Sandhai ),22.0,20.0,0.7211035,20.721103489398956
2026-07-12,Tiruvarur(Uzhavar Sandhai ),20.0,20.0,1.0076692,21.00766921043396
2026-07-12,Valangaiman APMC,20.0,20.0,0.74800444,20.74800443649292
2026-07-12,Gudiyatham(Uzhavar Sandhai ),17.0,18.0,0.6854512,18.685451209545135
2026-07-12,Ulundurpettai APMC,18.0,15.0,2.0196965,17.019696474075317
2026-07-12,Pollachi(Uzhavar Sandhai ),18.0,18.0,1.0813669,19.081366896629333
2026-07-12,Tirupatthur(Uzhavar Sandhai ),23.5,23.0,0.15003295,23.150032952427864
2026-07-12,Virudhunagar(Uzhavar Sandhai ),20.5,21.0,0.11892428,21.118924282491207
2026-07-12,Anna nagar(Uzhavar Sandhai ),20.0,22.0,-0.2299852,21.77001479268074
2026-07-12,Sankarapuram(Uzhavar Sandhai ),25.0,25.0,-2.009553,22.99044704437256
2026-07-12,Medavakkam(Uzhavar Sandhai ),20.0,20.0,1.4575825,21.457582473754883
2026-07-12,Tenkasi(Uzhavar Sandhai ),20.0,22.5,-0.34484753,22.15515246987343
2026-07-12,Kumarapalayam(Uzhavar Sandhai ),19.0,17.5,1.40436,18.904360055923462
2026-07-12,Tiruthani(Uzhavar Sandhai ),30.0,30.0,-3.6270654,26.372934579849243
2026-07-12,Mettupalayam(Uzhavar Sandhai ),17.5,16.5,1.3046716,17.80467164516449
2026-07-12,Arcot(Uzhavar Sandhai ),16.0,16.0,1.6414068,17.641406774520874
2026-07-12,Thirukalukundram(Uzhavar Sandhai ),31.5,27.5,-0.827096,26.672904014587402
2026-07-12,Vadalur(Uzhavar Sandhai ),20.0,18.5,2.624421,21.124420881271362
2026-07-12,Pallapatti (Uzhavar Sandhai ),19.0,19.0,0.77087635,19.770876348018646
2026-07-12,Paruthipattu(Uzhavar Sandhai ),30.0,30.0,-2.192058,27.807941913604736
2026-07-12,Gudalur(Uzhavar Sandhai ),22.5,22.5,0.17152734,22.671527341008186
2026-07-12,Palacode(Uzhavar Sandhai ),14.0,13.5,3.3925202,16.89252018928528
2026-07-12,Tiruppur (North) (Uzhavar Sandhai ),17.5,17.5,0.98720753,18.487207531929016
2026-07-12,Sathiyamagalam(Uzhavar Sandhai ),15.5,15.5,3.72487,19.224869966506958
2026-07-12,Coonoor(Uzhavar Sandhai ),22.0,20.0,1.079129,21.079128980636597
2026-07-12,Sivagangai (Uzhavar Sandhai ),22.0,22.0,0.12124603,22.12124603241682
2026-07-12,Papanasam(Uzhavar Sandhai ),23.0,24.0,-0.90214473,23.097855269908905
2026-07-12,Pallikonda(Uzhavar Sandhai),16.5,20.0,0.7637002,20.76370018720627
2026-07-12,Sulur(Uzhavar Sandhai ),18.0,17.0,1.1090754,18.10907542705536
2026-07-12,Sunguvarchatram(Uzhavar Sandhai ),26.0,26.0,-1.5892657,24.41073429584503
2026-07-12,Padappai(Uzhavar Sandhai ),21.0,21.0,-0.06946663,20.93053337186575
2026-07-12,Villupuram(Uzhavar Sandhai ),20.0,20.0,0.9543543,20.954354286193848
2026-07-12,Chidambaram(Uzhavar Sandhai ),20.0,20.0,1.6276119,21.627611875534058
2026-07-12,Manachanallur(Uzhavar Sandhai ),22.0,22.0,-0.20448829,21.795511707663536
2026-07-12,Tiruvallur(Uzhavar Sandhai ),30.0,30.0,-1.1694021,28.83059787750244
2026-07-12,Sampath Nagar(Uzhavar Sandhai ),14.0,13.5,3.6105664,17.11056637763977
2026-07-12,Kurichi(Uzhavar Sandhai ),16.0,14.0,2.300121,16.300121068954468
2026-07-12,Harur(Uzhavar Sandhai ),16.5,17.5,2.3455827,19.845582723617554
2026-07-12,Karimangalam(Uzhavar Sandhai),17.0,17.0,1.5441957,18.544195652008057
2026-07-12,Mohanur(Uzhavar Sandhai ),17.0,15.0,2.952351,17.952351093292236
2026-07-12,Devakottai (Uzhavar Sandhai ),23.5,23.5,-0.14038377,23.359616234898567
2026-07-12,Rajapalayam(Uzhavar Sandhai ),19.5,17.5,1.5988488,19.098848819732666
2026-07-12,Cuddalore(Uzhavar Sandhai ),20.0,16.0,1.9609253,17.960925340652466
2026-07-12,Kundrathur(Uzhavar Sandhai ),25.0,26.0,-1.6198783,24.38012170791626
2026-07-12,Vadavalli(Uzhavar Sandhai ),15.0,16.5,2.0718398,18.571839809417725
2026-07-12,Natrampalli(Uzhavar Sandhai ),11.0,12.5,2.028984,14.528984069824219
2026-07-12,Nagapattinam(Uzhavar Sandhai ),36.5,32.0,0.06467807,32.06467807292938
2026-07-12,Tiruvannamalai(Uzhavar Sandhai ),13.5,13.5,2.913254,16.413254022598267
2026-07-12,Kancheepuram(Uzhavar Sandhai ),20.0,20.0,0.87299997,20.87299996614456
2026-07-12,Hasthampatti(Uzhavar Sandhai ),16.0,16.5,2.1448493,18.64484930038452
2026-07-12,Dindigul(Uzhavar Sandhai ),20.0,18.0,1.7883615,19.78836154937744
2026-07-12,Vaniyampadi(Uzhavar Sandhai ),20.0,20.0,2.156808,22.156807899475098
2026-07-12,Kaveripattinam(Uzhavar Sandhai ),20.0,20.0,1.5299759,21.52997589111328
2026-07-12,Melapalayam(Uzhavar Sandhai ),23.5,23.5,-0.5568808,22.9431192278862
2026-07-12,Vandavasi(Uzhavar Sandhai ),17.5,18.0,2.8199098,20.819909811019897
2026-07-12,Mayiladuthurai(Uzhavar Sandhai ),22.5,22.5,0.17377995,22.67377994954586
2026-07-12,Pennagaram(Uzhavar Sandhai ),19.0,12.5,5.35322,17.853219985961914
2026-07-12,Ammapet(Uzhavar Sandhai ),18.0,16.5,2.2170541,18.71705412864685
2026-07-12,Kallakurichi(Uzhavar Sandhai ),25.0,25.0,-2.140075,22.859925031661987
2026-07-12,Thalavadi(Uzhavar Sandhai ),14.0,11.5,4.3384457,15.838445663452148
2026-07-12,Keelpennathur(Uzhavar Sandhai ),17.5,17.5,2.3522937,19.852293729782104
2026-07-12,Perundurai(Uzhavar Sandhai ),14.0,14.5,1.993007,16.493006944656372
2026-07-13,Gandarvakottai(Uzhavar Sandhai ),22.5,17.5,0.9154901,18.415490090847015
2026-07-13,Chidambaram(Uzhavar Sandhai ),20.0,20.0,0.9399531,20.939953088760376
2026-07-13,Tiruvallur(Uzhavar Sandhai ),30.0,30.0,-1.078975,28.921025037765503
2026-07-13,Kumbakonam (Uzhavar Sandhai ),23.0,23.0,-0.5043649,22.495635092258453
2026-07-13,Dharmapuri(Uzhavar Sandhai ),15.5,15.5,2.5225756,18.022575616836548
2026-07-13,Perundurai(Uzhavar Sandhai ),18.0,14.0,1.8198453,15.81984531879425
2026-07-13,Karimangalam(Uzhavar Sandhai),17.0,17.0,1.8152238,18.815223813056946
2026-07-13,Tiruppur (South) (Uzhavar Sandhai ),15.0,16.5,0.44562712,16.945627123117447
2026-07-13,Paramathivelur(Uzhavar Sandhai ),19.0,15.0,1.7186657,16.718665719032288
2026-07-13,Melapalayam(Uzhavar Sandhai ),26.5,23.5,-0.37959364,23.120406359434128
2026-07-13,Periyakulam(Uzhavar Sandhai ),21.0,19.0,1.5072109,20.507210850715637
2026-07-13,Mohanur(Uzhavar Sandhai ),17.0,17.0,1.0175992,18.01759922504425
2026-07-13,Valangaiman APMC,20.0,20.0,-0.14616102,19.853838980197906
2026-07-13,NGO Colony(Uzhavar Sandhai ),24.0,22.5,-0.24575646,22.254243537783623
2026-07-13,Gandhigramam(Uzhavar Sandhai),23.5,18.5,0.88028616,19.380286157131195
2026-07-13,Kamuthi(Uzhavar Sandhai ),27.5,27.5,-1.4589193,26.041080713272095
2026-07-13,Keelpennathur(Uzhavar Sandhai ),17.5,17.5,1.4302512,18.930251240730286
2026-07-13,Karambakkudi(Uzhavar Sandhai ),22.5,22.5,-0.42669645,22.073303550481796
2026-07-13,Ammapet(Uzhavar Sandhai ),17.5,18.0,1.3896636,19.389663577079773
2026-07-13,Attayampatti(Uzhavar Sandhai ),19.0,19.0,0.22279014,19.222790136933327
2026-07-13,Sivagangai (Uzhavar Sandhai ),23.0,22.0,-0.007157537,21.992842462845147
2026-07-13,KKNagar(Uzhavar Sandhai ),24.0,22.0,-0.016961012,21.98303898796439
2026-07-13,Kariyapatti(Uzhavar Sandhai ),19.0,19.0,1.0490012,20.049001216888428
2026-07-13,Manapparai(Uzhavar Sandhai ),22.0,22.0,-0.19685836,21.80314163863659
2026-07-13,Chinnalapatti(Uzhavar Sandhai ),18.0,21.0,-0.29570216,20.704297840595245
2026-07-13,Sundarapuram(Uzhavar Sandhai ),17.5,17.5,1.779093,19.279093027114868
2026-07-13,Myladi(Uzhavar Sandhai ),27.5,22.5,0.34784392,22.847843915224075
2026-07-13,Vellore APMC,15.0,15.0,1.3078943,16.307894349098206
2026-07-13,Pallikonda(Uzhavar Sandhai),15.0,16.5,1.3390281,17.839028120040894
2026-07-13,Pollachi(Uzhavar Sandhai ),18.0,18.0,0.26187944,18.261879444122314
2026-07-13,Chinnamanur(Uzhavar Sandhai ),20.0,19.0,1.5631094,20.563109397888184
2026-07-13,Sathur(Uzhavar Sandhai ),23.5,23.5,-0.33030507,23.169694930315018
2026-07-13,Usilampatti(Uzhavar Sandhai ),21.0,20.0,0.28374404,20.283744037151337
2026-07-13,AJattihalli(Uzhavar Sandhai ),14.0,14.0,3.0437086,17.043708562850952
2026-07-13,Kangayam(Uzhavar Sandhai ),12.0,12.5,3.2872853,15.787285327911377
2026-07-13,Nagapattinam(Uzhavar Sandhai ),40.0,36.5,-1.9388447,34.56115531921387
2026-07-13,Gobichettipalayam(Uzhavar Sandhai ),15.0,15.0,1.9805281,16.980528116226196
2026-07-13,Elampillai(Uzhavar Sandhai ),18.0,18.0,0.81965524,18.81965523958206
2026-07-13,Palacode(Uzhavar Sandhai ),15.0,14.0,3.1201692,17.120169162750244
2026-07-13,Ulundurpettai APMC,18.0,18.0,0.40636817,18.406368166208267
2026-07-13,Sirkali(Uzhavar Sandhai ),22.5,22.5,0.1341963,22.634196296334267
2026-07-13,Kallakurichi(Uzhavar Sandhai ),25.0,25.0,-1.9698578,23.030142188072205
2026-07-13,Vadavalli(Uzhavar Sandhai ),16.5,15.0,1.6758496,16.675849556922913
2026-07-13,Kancheepuram(Uzhavar Sandhai ),20.0,20.0,-0.11034381,19.8896561935544
2026-07-13,Thirumangalam(Uzhavar Sandhai ),21.0,20.0,0.1447472,20.14474719762802
2026-07-13,Tindivanam APMC,18.0,18.0,2.480492,20.480492115020752
2026-07-13,Pallapatti (Uzhavar Sandhai ),24.0,19.0,0.14187552,19.14187552034855
2026-07-13,Nanganallur(Uzhavar Sandhai ),19.0,19.0,1.0545248,20.054524779319763
2026-07-13,Kumarapalayam(Uzhavar Sandhai ),19.0,19.0,0.63009757,19.630097568035126
2026-07-13,Singampunari(Uzhavar Sandhai ),23.0,22.0,-0.085293956,21.91470604389906
2026-07-13,Ramanathapuram(Uzhavar Sandhai ),22.5,22.5,0.9053475,23.405347526073456
2026-07-13,Sankarankoil(Uzhavar Sandhai ),25.0,22.5,0.1397706,22.639770597219467
2026-07-13,Ranipettai(Uzhavar Sandhai ),15.0,15.0,1.7134347,16.71343469619751
2026-07-13,Pallavaram(Uzhavar Sandhai ),19.0,19.0,0.629682,19.62968200445175
2026-07-13,Paramakudi(Uzhavar Sandhai ),21.0,22.5,0.24355516,22.743555158376694
2026-07-13,Arcot(Uzhavar Sandhai ),16.0,16.0,1.2548103,17.254810333251953
2026-07-13,Vedaranyam(Uzhavar Sandhai),33.5,33.5,-1.0440303,32.45596969127655
2026-07-13,Mettur(Uzhavar Sandhai ),11.0,10.0,4.9302206,14.930220603942871
2026-07-13,Velayuthampalayam(Uzhavar Sandhai ),22.5,18.0,0.9957147,18.995714724063873
2026-07-13,Perambalur(Uzhavar Sandhai ),30.0,26.5,-2.08165,24.418349981307983
2026-07-13,Viralimalai(Uzhavar Sandhai ),17.5,22.5,-0.27559784,22.22440215945244
2026-07-13,Kovilpatti(Uzhavar Sandhai ),22.5,27.5,-3.504399,23.995600938796997
2026-07-13,Tamarainagar(Uzhavar Sandhai ),16.5,13.5,1.7752306,15.275230646133423
2026-07-13,Cuddalore(Uzhavar Sandhai ),18.0,20.0,0.10408833,20.104088328778744
2026-07-13,Virudhunagar(Uzhavar Sandhai ),23.5,20.5,0.7528881,21.252888083457947
2026-07-13,Mayiladuthurai(Uzhavar Sandhai ),22.5,22.5,0.0871184,22.58711840212345
2026-07-13,Alangudi(Uzhavar Sandhai ),22.5,22.5,0.038304176,22.538304176181555
2026-07-13,Vengamedu(Uzhavar Sandhai ),22.5,17.5,0.39591408,17.89591407775879
2026-07-13,Edapadi (Uzhavar Sandhai ),17.5,16.0,1.078945,17.07894504070282
2026-07-13,Gudalur(Uzhavar Sandhai ),22.0,22.5,-0.0074213836,22.49257861636579
2026-07-13,Aranthangi(Uzhavar Sandhai ),22.5,17.5,1.7134173,19.213417291641235
2026-07-13,Tiruchengode APMC,19.0,19.0,1.0212232,20.021223187446594
2026-07-13,Palani(Uzhavar Sandhai ),17.5,14.0,1.032034,15.032034039497375
2026-07-13,Mettupalayam(Uzhavar Sandhai ),20.0,17.5,0.6451263,18.145126283168793
2026-07-13,Vazhapadi(Uzhavar Sandhai),14.0,13.5,2.5189254,16.018925428390503
2026-07-13,Thuraiyur APMC,20.0,20.0,0.6908499,20.690849900245667
2026-07-13,Naravarikuppam(Uzhavar Sandhai ),20.0,30.0,-2.325479,27.67452096939087
2026-07-13,Katpadi (Uzhavar Sandhai ),16.5,17.5,1.0104097,18.510409712791443
2026-07-13,Hasthampatti(Uzhavar Sandhai ),17.0,16.0,1.6363176,17.63631761074066
2026-07-13,Aruppukottai(Uzhavar Sandhai ),17.5,22.5,-0.7441929,21.755807101726532
2026-07-13,Sooramangalam(Uzhavar Sandhai ),19.0,19.0,2.5628176,21.562817573547363
2026-07-13,Gudiyatham(Uzhavar Sandhai ),14.0,17.0,1.2870268,18.28702676296234
2026-07-13,Denkanikottai(Uzhavar Sandhai ),22.5,12.5,4.6037207,17.103720664978027
2026-07-13,Rasipuram(Uzhavar Sandhai ),21.0,19.0,3.5194461,22.51944613456726
2026-07-13,Jameenrayapettai(Uzhavar Sandhai ),19.0,19.0,1.1422372,20.142237186431885
2026-07-13,Palayamkottai(Uzhavar Sandhai ),26.5,23.5,-0.41132307,23.088676929473877
2026-07-13,Padappai(Uzhavar Sandhai ),21.0,21.0,-0.20386836,20.796131640672684
2026-07-13,Avallapalli(Uzhavar Sandhai ),22.5,17.5,1.4708256,18.97082555294037
2026-07-13,Periyar Nagar(Uzhavar Sandhai ),19.0,15.0,1.5340382,16.534038186073303
2026-07-13,Kundrathur(Uzhavar Sandhai ),20.0,25.0,-1.3482937,23.651706337928772
2026-07-13,Krishnagiri(Uzhavar Sandhai ),17.5,12.0,3.5131385,15.51313853263855
2026-07-13,Panruti(Uzhavar Sandhai ),20.0,20.0,0.6930164,20.693016409873962
2026-07-13,Guduvancheri(Uzhavar Sandhai ),19.0,19.0,0.85887617,19.858876168727875
2026-07-13,Dindigul(Uzhavar Sandhai ),18.0,20.0,0.59613067,20.596130669116974
2026-07-13,Peravurani(Uzhavar Sandhai),20.0,20.0,0.83873093,20.838730931282043
2026-07-13,Anna nagar(Uzhavar Sandhai ),22.0,22.0,-0.05592042,21.94407958164811
2026-07-13,Kulithalai(Uzhavar Sandhai ),22.0,20.0,0.30784237,20.30784237384796
2026-07-13,Mecheri(Uzhavar Sandhai),18.0,18.0,1.5516214,19.551621437072754
2026-07-13,Viruthachalam(Uzhavar Sandhai ),20.0,20.0,0.7935158,20.79351580142975
2026-07-13,Natrampalli(Uzhavar Sandhai ),12.5,11.0,3.8518105,14.851810455322266
2026-07-13,Arani(Uzhavar Sandhai ),17.5,17.5,0.6632965,18.16329652070999
2026-07-13,Chengalpet(Uzhavar Sandhai ),19.0,22.5,-0.16140068,22.33859932422638
2026-07-13,Paruthipattu(Uzhavar Sandhai ),30.0,30.0,-2.0640936,27.935906410217285
2026-07-13,Vaniyampadi(Uzhavar Sandhai ),15.0,20.0,1.1234949,21.123494863510132
2026-07-13,Karaikudi(Uzhavar Sandhai ),25.0,24.0,-0.21613343,23.783866569399834
2026-07-13,Udumalpet APMC,17.5,22.0,-0.28550765,21.714492350816727
2026-07-13,Chokkikulam(Uzhavar Sandhai ),21.0,20.0,0.41086826,20.410868257284164
2026-07-13,Devakottai (Uzhavar Sandhai ),23.5,23.5,0.1324722,23.632472202181816
2026-07-13,Kandiyaperi(Uzhavar Sandhai ),26.5,23.5,-0.33115238,23.168847620487213
2026-07-13,Hosur(Uzhavar Sandhai ),22.5,17.5,0.8766188,18.376618802547455
2026-07-13,Lalgudi(Uzhavar Sandhai ),24.0,24.0,-0.8061263,23.193873703479767
2026-07-13,Kambam(Uzhavar Sandhai ),19.0,20.0,0.77828145,20.778281450271606
2026-07-13,Anaiyur(Uzhavar Sandhai ),21.0,20.0,0.43783394,20.437833935022354
2026-07-13,Vadalur(Uzhavar Sandhai ),20.0,20.0,0.7802913,20.780291318893433
2026-07-13,Perampet(Uzhavar Sandhai),17.0,17.0,0.20005716,17.200057163834572
2026-07-13,Chengam(Uzhavar Sandhai ),15.0,18.0,0.2473378,18.24733780324459
2026-07-13,Polur(Uzhavar Sandhai ),17.5,17.5,1.5455989,19.04559886455536
2026-07-13,Rajapalayam(Uzhavar Sandhai ),22.0,19.5,0.22125837,19.721258372068405
2026-07-13,Needamangalam(Uzhavar Sandhai ),18.0,18.0,0.96526366,18.965263664722443
2026-07-13,Vandavasi(Uzhavar Sandhai ),18.0,17.5,0.8509111,18.35091108083725
2026-07-13,Vadaseri APMC,28.5,25.5,1.2973305,26.797330498695374
2026-07-13,Tiruvannamalai(Uzhavar Sandhai ),16.5,13.5,2.8286526,16.32865262031555
2026-07-13,Ponnamaravathi(Uzhavar Sandhai),22.5,22.5,-0.39220473,22.107795268297195
2026-07-13,Bodinayakanur(Uzhavar Sandhai ),20.0,20.0,1.2476963,21.24769628047943
2026-07-13,Mannargudi II(Uzhavar Sandhai ),20.0,20.0,-0.5343761,19.465623915195465
2026-07-13,Tenkasi(Uzhavar Sandhai ),20.0,20.0,0.23152743,20.23152743279934
2026-07-13,Ambattur(Uzhavar Sandhai ),25.0,30.0,-1.8276944,28.172305583953857
2026-07-13,Sankarapuram(Uzhavar Sandhai ),25.0,25.0,-1.9330252,23.066974759101868
2026-07-13,Tiruvarur(Uzhavar Sandhai ),20.0,20.0,-0.07870843,19.921291567385197
2026-07-13,Jalagandapuram(Uzhavar Sandhai ),17.5,16.0,1.7607181,17.76071810722351
2026-07-13,Tirupatthur(Uzhavar Sandhai ),23.5,23.5,0.2255068,23.7255067974329
2026-07-13,Pennagaram(Uzhavar Sandhai ),23.0,19.0,2.0459228,21.04592275619507
2026-07-13,Perambakkam(Uzhavar Sandhai ),30.0,30.0,-1.011422,28.988577961921692
2026-07-13,Udhagamandalam(Uzhavar Sandhai ),21.5,21.5,-0.15841468,21.34158532321453
2026-07-13,Vedasanthur(Uzhavar Sandhai ),17.5,13.0,3.5694718,16.569471836090088
2026-07-13,Gingee(Uzhavar Sandhai ),20.0,20.0,1.9145664,21.91456639766693
2026-07-13,Papanasam(Uzhavar Sandhai ),23.0,23.0,-0.25631386,22.743686139583588
2026-07-13,Thalavadi(Uzhavar Sandhai ),16.0,14.0,2.4454782,16.445478200912476
2026-07-13,Theni(Uzhavar Sandhai ),19.0,18.0,2.5871665,20.58716654777527
2026-07-13,Thathakapatti(Uzhavar Sandhai ),18.0,16.5,1.0036236,17.503623604774475
2026-07-13,Ambasamudram(Uzhavar Sandhai ),23.0,23.5,-0.5355314,22.964468598365784
2026-07-13,Ariyalur(Uzhavar Sandhai),22.5,17.5,1.0564301,18.556430101394653
2026-07-13,Tirukattupalli(Uzhavar Sandhai ),20.0,20.0,0.081386216,20.08138621598482
2026-07-13,Thanjavur(Uzhavar Sandhai ),20.0,20.0,-0.045359273,19.954640727490187
2026-07-13,Madhuranthagam(Uzhavar Sandhai ),20.0,20.0,0.7361083,20.73610830307007
2026-07-13,Srivilliputhur(Uzhavar Sandhai ),18.5,17.5,2.313346,19.813345909118652
2026-07-13,Dharapuram(Uzhavar Sandhai ),15.0,12.5,3.0416522,15.541652202606201
2026-07-13,Villupuram(Uzhavar Sandhai ),17.5,20.0,0.24115928,20.24115927517414
2026-07-13,Sunguvarchatram(Uzhavar Sandhai ),20.0,26.0,-1.6813002,24.318699836730957
2026-07-13,Jeyankondam (Uzhavar Sandhai ),22.5,22.0,-0.34704092,21.65295907855034
2026-07-13,Sulur(Uzhavar Sandhai ),18.0,18.0,0.46977577,18.469775766134262
2026-07-13,Palanganatham(Uzhavar Sandhai ),21.0,20.0,0.45803216,20.45803216099739
2026-07-13,Manachanallur(Uzhavar Sandhai ),24.0,22.0,-0.10155516,21.898444838821888
2026-07-13,Palladam(Uzhavar Sandhai ),17.5,17.5,0.5646131,18.064613103866577
2026-07-13,Musiri(Uzhavar Sandhai ),22.0,20.0,0.5919023,20.591902315616608
2026-07-13,Sampath Nagar(Uzhavar Sandhai ),19.0,14.0,2.7966378,16.796637773513794
2026-07-13,Andipatti(Uzhavar Sandhai ),21.0,19.0,1.5072109,20.507210850715637
2026-07-13,Athur(Uzhavar Sandhai ),16.5,16.5,1.5266867,18.026686668395996
2026-07-13,Mannargudi I(Uzhavar Sandhai ),20.0,20.0,-0.29572546,19.704274535179138
2026-07-13,Kurichi(Uzhavar Sandhai ),17.5,16.0,1.1891448,17.18914484977722
2026-07-13,RSPuram(Uzhavar Sandhai ),16.5,15.0,2.7477014,17.747701406478882
2026-07-13,Kaveripattinam(Uzhavar Sandhai ),20.0,20.0,0.8060046,20.806004583835602
2026-07-13,Muthupettai(Uzhavar Sandhai ),18.0,18.0,0.94362694,18.943626940250397
2026-07-13,Coonoor(Uzhavar Sandhai ),22.0,22.0,-0.35208958,21.64791041612625
2026-07-13,Tiruppur (North) (Uzhavar Sandhai ),17.5,17.5,0.11238411,17.612384110689163
2026-07-13,Cheyyar(Uzhavar Sandhai ),18.0,17.5,0.9801298,18.480129778385162
2026-07-13,Singanallur(Uzhavar Sandhai ),21.0,19.0,0.37072027,19.370720267295837
2026-07-13,Sivakasi(Uzhavar Sandhai ),17.5,17.5,1.2547898,18.75478982925415
2026-07-13,Sathiyamagalam(Uzhavar Sandhai ),20.0,15.5,3.530777,19.030776977539062
2026-07-13,Tuticorin(Uzhavar Sandhai ),22.5,22.5,0.17923582,22.679235816001892
2026-07-13,Medavakkam(Uzhavar Sandhai ),20.0,20.0,0.40474662,20.404746621847153
2026-07-13,Pattukottai(Uzhavar Sandhai ),22.0,24.0,-0.570615,23.429385006427765
2026-07-13,Harur(Uzhavar Sandhai ),16.5,16.5,2.285794,18.785794019699097
2026-07-14,Kumbakonam (Uzhavar Sandhai ),23.0,23.0,-0.037325118,22.962674882262945
2026-07-14,Ammapet(Uzhavar Sandhai ),17.5,17.5,1.8484616,19.348461627960205
2026-07-14,Pennagaram(Uzhavar Sandhai ),23.0,23.0,0.60106486,23.60106486082077
2026-07-14,Sirkali(Uzhavar Sandhai ),22.5,22.5,0.33606166,22.836061656475067
2026-07-14,Tindivanam APMC,18.0,18.0,2.5026252,20.502625226974487
2026-07-14,Madhuranthagam(Uzhavar Sandhai ),20.0,20.0,0.94807595,20.94807595014572
2026-07-14,Nanganallur(Uzhavar Sandhai ),19.0,19.0,1.2870609,20.287060856819153
2026-07-14,Polur(Uzhavar Sandhai ),17.5,17.5,0.4510698,17.951069802045822
2026-07-14,Hasthampatti(Uzhavar Sandhai ),18.0,17.0,0.4992689,17.499268889427185
2026-07-14,Sivakasi(Uzhavar Sandhai ),17.5,17.5,2.1534252,19.653425216674805
2026-07-14,Ariyalur(Uzhavar Sandhai),22.5,22.5,-0.06385123,22.436148770153522
2026-07-14,Udhagamandalam(Uzhavar Sandhai ),22.0,21.5,0.005722052,21.505722051952034
2026-07-14,Kancheepuram(Uzhavar Sandhai ),20.0,20.0,0.10163567,20.101635672152042
2026-07-14,Attayampatti(Uzhavar Sandhai ),19.0,19.0,1.8405797,20.840579748153687
2026-07-14,Thiruverumbur(Uzhavar Sandhai ),24.0,22.0,0.17936055,22.179360553622246
2026-07-14,Pallavaram(Uzhavar Sandhai ),19.0,19.0,1.0040033,20.004003286361694
2026-07-14,Vedasanthur(Uzhavar Sandhai ),17.5,17.5,1.7458785,19.24587845802307
2026-07-14,Hosur(Uzhavar Sandhai ),17.5,22.5,0.25248304,22.752483040094376
2026-07-14,Pattukottai(Uzhavar Sandhai ),26.0,22.0,0.6441987,22.644198715686798
2026-07-14,Peravurani(Uzhavar Sandhai),20.0,20.0,1.2705868,21.270586848258972
2026-07-14,Viruthachalam(Uzhavar Sandhai ),20.0,20.0,1.2934579,21.293457865715027
2026-07-14,Singanallur(Uzhavar Sandhai ),21.0,21.0,0.30887365,21.308873653411865
2026-07-14,Papanasam(Uzhavar Sandhai ),23.0,23.0,0.108220294,23.108220294117928
2026-07-14,Gingee(Uzhavar Sandhai ),20.0,20.0,2.6113343,22.611334323883057
2026-07-14,AJattihalli(Uzhavar Sandhai ),15.0,14.0,3.3231356,17.32313561439514
2026-07-14,Kangayam(Uzhavar Sandhai ),16.5,12.0,3.5931685,15.593168497085571
2026-07-14,Chinnamanur(Uzhavar Sandhai ),22.0,20.0,0.84381914,20.84381914138794
2026-07-14,Kandiyaperi(Uzhavar Sandhai ),26.5,26.5,-1.6665671,24.833432912826538
2026-07-14,Dharapuram(Uzhavar Sandhai ),12.5,15.0,1.4301089,16.430108904838562
2026-07-14,Pollachi(Uzhavar Sandhai ),22.0,18.0,1.0420898,19.042089819908142
2026-07-14,Manapparai(Uzhavar Sandhai ),24.0,22.0,-0.080306254,21.919693745672703
2026-07-14,Dharmapuri(Uzhavar Sandhai ),15.5,15.5,1.8548113,17.354811310768127
2026-07-14,Palanganatham(Uzhavar Sandhai ),25.0,21.0,0.58892345,21.588923454284668
2026-07-14,Vazhapadi(Uzhavar Sandhai),16.5,14.0,2.2177994,16.217799425125122
2026-07-14,Valangaiman APMC,22.0,20.0,0.85864973,20.858649730682373
2026-07-14,Andipatti(Uzhavar Sandhai ),21.0,21.0,0.9463275,21.94632750749588
2026-07-14,Arani(Uzhavar Sandhai ),17.5,17.5,0.22520903,17.725209027528763
2026-07-14,Alangudi(Uzhavar Sandhai ),22.5,22.5,0.19363779,22.693637788295746
2026-07-14,Melapalayam(Uzhavar Sandhai ),26.5,26.5,-1.771961,24.728039026260376
2026-07-14,Villupuram(Uzhavar Sandhai ),17.5,17.5,1.2758762,18.77587616443634
2026-07-14,Kaveripattinam(Uzhavar Sandhai ),20.0,20.0,1.2774087,21.277408719062805
2026-07-14,Velayuthampalayam(Uzhavar Sandhai ),22.0,22.5,-0.2818914,22.218108594417572
2026-07-14,Tiruvannamalai(Uzhavar Sandhai ),16.5,16.5,1.875941,18.375941038131714
2026-07-14,Sivagangai (Uzhavar Sandhai ),27.0,23.0,0.34813637,23.348136365413666
2026-07-14,Devaram(Uzhavar Sandhai ),21.0,20.0,1.2185597,21.218559741973877
2026-07-14,Lalgudi(Uzhavar Sandhai ),25.0,24.0,-0.46472946,23.535270541906357
2026-07-14,Arcot(Uzhavar Sandhai ),16.0,16.0,1.2742336,17.27423357963562
2026-07-14,Kundrathur(Uzhavar Sandhai ),20.0,20.0,0.74779487,20.74779486656189
2026-07-14,Aruppukottai(Uzhavar Sandhai ),22.5,17.5,1.1923392,18.692339181900024
2026-07-14,Thuraiyur APMC,22.0,20.0,0.75648856,20.75648856163025
2026-07-14,Palayamkottai(Uzhavar Sandhai ),26.5,26.5,-1.7396996,24.760300397872925
2026-07-14,Tiruchengode APMC,20.0,19.0,0.99024063,19.9902406334877
2026-07-14,Kurichi(Uzhavar Sandhai ),17.5,17.5,1.0373894,18.537389397621155
2026-07-14,Vadavalli(Uzhavar Sandhai ),18.0,16.5,1.1452042,17.645204186439514
2026-07-14,Karaikudi(Uzhavar Sandhai ),29.0,25.0,-0.59272677,24.40727323293686
2026-07-14,Mohanur(Uzhavar Sandhai ),16.0,17.0,0.57604414,17.576044142246246
2026-07-14,Devakottai (Uzhavar Sandhai ),29.0,23.5,0.82116795,24.321167945861816
2026-07-14,Manachanallur(Uzhavar Sandhai ),25.0,24.0,-0.53751594,23.462484061717987
2026-07-14,Srivilliputhur(Uzhavar Sandhai ),18.5,18.5,2.6694553,21.1694552898407
2026-07-14,Padappai(Uzhavar Sandhai ),20.0,21.0,-0.011774821,20.988225178793073
2026-07-14,Karur(Uzhavar Sandhai ),21.5,17.5,0.7728824,18.272882401943207
2026-07-14,Vadaseri APMC,28.5,28.5,-0.061656486,28.43834351375699
2026-07-14,Anaiyur(Uzhavar Sandhai ),25.0,21.0,0.704551,21.704550981521606
2026-07-14,Ponnamaravathi(Uzhavar Sandhai),22.5,22.5,-0.11672758,22.383272416889668
2026-07-14,Chengam(Uzhavar Sandhai ),18.0,15.0,1.7069389,16.706938862800598
2026-07-14,Panruti(Uzhavar Sandhai ),20.0,20.0,1.3386363,21.33863627910614
2026-07-14,Ambattur(Uzhavar Sandhai ),25.0,25.0,0.7049932,25.704993188381195
2026-07-14,Pallapatti (Uzhavar Sandhai ),24.0,24.0,-0.8874634,23.11253660917282
2026-07-14,Udumalpet APMC,20.0,17.5,1.3541319,18.854131937026978
2026-07-14,Tiruppur (North) (Uzhavar Sandhai ),17.5,17.5,0.5518774,18.05187737941742
2026-07-14,Jalagandapuram(Uzhavar Sandhai ),18.0,17.5,1.8179694,19.31796944141388
2026-07-14,Mannargudi I(Uzhavar Sandhai ),22.0,20.0,0.51592815,20.515928149223328
2026-07-14,Ulundurpettai APMC,18.0,18.0,0.79729456,18.797294557094574
2026-07-14,Perampet(Uzhavar Sandhai),14.0,17.0,1.4287932,18.42879319190979
2026-07-14,Chokkikulam(Uzhavar Sandhai ),25.0,21.0,0.6860107,21.686010718345642
2026-07-14,Kambam(Uzhavar Sandhai ),21.0,19.0,2.5547414,21.554741382598877
2026-07-14,Mannargudi II(Uzhavar Sandhai ),22.0,20.0,0.05636682,20.056366819888353
2026-07-14,Athur(Uzhavar Sandhai ),17.5,16.5,1.7455564,18.245556354522705
2026-07-14,Gandarvakottai(Uzhavar Sandhai ),17.5,22.5,-0.081941895,22.4180581048131
2026-07-14,Tuticorin(Uzhavar Sandhai ),22.5,22.5,0.3748985,22.874898493289948
2026-07-14,KKNagar(Uzhavar Sandhai ),25.0,24.0,-0.6342959,23.365704119205475
2026-07-14,Musiri(Uzhavar Sandhai ),22.0,22.0,0.48687714,22.486877143383026
2026-07-14,Nagapattinam(Uzhavar Sandhai ),30.0,40.0,-2.8227556,37.177244424819946
2026-07-14,Cheyyar(Uzhavar Sandhai ),17.5,18.0,0.8807412,18.88074117898941
2026-07-14,Mayiladuthurai(Uzhavar Sandhai ),22.5,22.5,0.3288678,22.82886779308319
2026-07-14,Vellore APMC,16.0,15.0,1.0061532,16.006153225898743
2026-07-14,Ambasamudram(Uzhavar Sandhai ),26.0,23.0,0.14753456,23.14753456413746
2026-07-14,Chinnalapatti(Uzhavar Sandhai ),22.0,18.0,2.425824,20.42582392692566
2026-07-14,Theni(Uzhavar Sandhai ),19.0,19.0,0.8476438,19.847643792629242
2026-07-14,Perambakkam(Uzhavar Sandhai ),30.0,30.0,-0.6517581,29.348241925239563
2026-07-14,Vedaranyam(Uzhavar Sandhai),33.5,33.5,-0.6135062,32.88649380207062
2026-07-14,Chengalpet(Uzhavar Sandhai ),21.5,19.0,1.0588014,20.058801412582397
2026-07-14,Guduvancheri(Uzhavar Sandhai ),19.0,19.0,1.2142667,20.214266657829285
2026-07-14,Periyar Nagar(Uzhavar Sandhai ),16.5,19.0,-0.14599448,18.85400551557541
2026-07-14,Medavakkam(Uzhavar Sandhai ),20.0,20.0,0.85109895,20.851098954677582
2026-07-14,Rajapalayam(Uzhavar Sandhai ),17.5,22.0,0.9908842,22.99088418483734
2026-07-14,Sankarapuram(Uzhavar Sandhai ),25.0,25.0,-1.2332286,23.76677143573761
2026-07-14,Tenkasi(Uzhavar Sandhai ),25.0,20.0,0.8322524,20.832252383232117
2026-07-14,Harur(Uzhavar Sandhai ),16.5,16.5,2.5188553,19.018855333328247
2026-07-14,Tiruthani(Uzhavar Sandhai ),30.0,30.0,-2.1466901,27.853309869766235
2026-07-14,Sathiyamagalam(Uzhavar Sandhai ),20.0,20.0,2.2600884,22.260088443756104
2026-07-14,Thammampatti (Uzhavar Sandhai ),15.0,13.0,2.3408453,15.340845346450806
2026-07-14,Keelpennathur(Uzhavar Sandhai ),17.5,17.5,1.5629928,19.062992811203003
2026-07-14,Avallapalli(Uzhavar Sandhai ),17.5,22.5,0.35160038,22.851600378751755
2026-07-14,Karimangalam(Uzhavar Sandhai),19.0,17.0,2.1075335,19.10753345489502
2026-07-14,Perundurai(Uzhavar Sandhai ),18.0,18.0,0.772773,18.772773027420044
2026-07-14,Mettupalayam(Uzhavar Sandhai ),20.0,20.0,0.58049643,20.580496430397034
2026-07-14,Palacode(Uzhavar Sandhai ),16.5,15.0,1.964549,16.96454894542694
2026-07-14,Vaniyampadi(Uzhavar Sandhai ),20.0,15.0,1.9727551,16.972755074501038
2026-07-14,Vadalur(Uzhavar Sandhai ),20.0,20.0,1.2934579,21.293457865715027
2026-07-14,Pallikonda(Uzhavar Sandhai),16.0,15.0,2.5739477,17.57394766807556
2026-07-14,Kumarapalayam(Uzhavar Sandhai ),17.5,19.0,0.8824301,19.88243007659912
2026-07-14,Anna nagar(Uzhavar Sandhai ),25.0,22.0,0.18318826,22.183188259601593
2026-07-14,Virudhunagar(Uzhavar Sandhai ),22.5,23.5,-0.07080827,23.4291917309165
2026-07-14,Thanjavur(Uzhavar Sandhai ),20.0,20.0,0.5724141,20.572414100170135
2026-07-14,Sampath Nagar(Uzhavar Sandhai ),16.5,19.0,0.23162335,19.231623351573944
2026-07-14,Palladam(Uzhavar Sandhai ),17.5,17.5,0.6412952,18.141295194625854
2026-07-14,Coonoor(Uzhavar Sandhai ),25.0,22.0,-0.047317136,21.952682863920927
2026-07-14,Thalavadi(Uzhavar Sandhai ),14.0,16.0,1.7367136,17.736713647842407
2026-07-14,Natrampalli(Uzhavar Sandhai ),12.5,12.5,3.1209154,15.620915412902832
2026-07-14,Cuddalore(Uzhavar Sandhai ),20.0,18.0,1.4792713,19.479271292686462
2026-07-14,Vandavasi(Uzhavar Sandhai ),17.5,18.0,0.25659615,18.25659614801407
2026-07-14,Paruthipattu(Uzhavar Sandhai ),30.0,30.0,-1.6761659,28.32383406162262
2026-07-14,Thirukalukundram(Uzhavar Sandhai ),21.0,31.5,-2.3768435,29.123156547546387
2026-07-14,Krishnagiri(Uzhavar Sandhai ),22.0,17.5,1.2636911,18.763691067695618
2026-07-14,Tiruvallur(Uzhavar Sandhai ),30.0,30.0,-0.6274672,29.372532784938812
2026-07-14,Tirupatthur(Uzhavar Sandhai ),29.0,23.5,0.47156602,23.971566021442413
2026-07-14,Sulur(Uzhavar Sandhai ),21.0,18.0,1.0362995,19.036299467086792
2026-07-14,Sunguvarchatram(Uzhavar Sandhai ),20.0,20.0,0.82549906,20.825499057769775
2026-07-14,Mecheri(Uzhavar Sandhai),18.0,18.0,1.8888865,19.88888645172119
2026-07-14,Bodinayakanur(Uzhavar Sandhai ),22.0,20.0,1.1531755,21.153175473213196
2026-07-14,Chidambaram(Uzhavar Sandhai ),20.0,20.0,1.4518466,21.451846599578857
2026-07-14,Vengamedu(Uzhavar Sandhai ),21.5,22.5,-0.10417143,22.395828567445278
2026-07-14,Kallakurichi(Uzhavar Sandhai ),25.0,25.0,-1.4940068,23.505993247032166
2026-07-14,Kariyapatti(Uzhavar Sandhai ),22.5,19.0,0.76441896,19.764418959617615
2026-07-14,Sankarankoil(Uzhavar Sandhai ),25.0,25.0,-1.4833972,23.516602754592896
2026-07-14,Ramanathapuram(Uzhavar Sandhai ),23.5,22.5,0.9883169,23.488316893577576
2026-07-14,Katpadi (Uzhavar Sandhai ),17.5,16.5,1.6988605,18.1988605260849
2026-07-14,Gobichettipalayam(Uzhavar Sandhai ),19.0,15.0,1.9171017,16.917101740837097
2026-07-14,Tamarainagar(Uzhavar Sandhai ),17.5,16.5,0.7567908,17.256790816783905
2026-07-14,Usilampatti(Uzhavar Sandhai ),25.0,21.0,0.33842638,21.338426381349564
2026-07-14,Thathakapatti(Uzhavar Sandhai ),18.0,18.0,1.9434402,19.943440198898315
2026-07-14,Rasipuram(Uzhavar Sandhai ),19.0,21.0,2.1714203,23.171420335769653
2026-07-14,Sathur(Uzhavar Sandhai ),23.5,23.5,-0.05300567,23.446994330734015
2026-07-14,Palani(Uzhavar Sandhai ),17.5,17.5,1.2598296,18.75982964038849
2026-07-14,Mettur(Uzhavar Sandhai ),15.5,11.0,4.6084747,15.608474731445312
2026-07-14,Elampillai(Uzhavar Sandhai ),18.0,18.0,1.1716229,19.1716228723526
2026-07-14,Periyakulam(Uzhavar Sandhai ),21.0,21.0,1.0374784,22.03747844696045
2026-07-14,RSPuram(Uzhavar Sandhai ),19.0,16.5,1.1618223,17.66182231903076
2026-07-14,Muthupettai(Uzhavar Sandhai ),20.0,18.0,1.2700331,19.27003312110901
2026-07-14,Thirumangalam(Uzhavar Sandhai ),25.0,21.0,0.52097356,21.520973563194275
2026-07-14,Gudalur(Uzhavar Sandhai ),22.0,22.0,0.4669575,22.46695750951767
2026-07-14,Jeyankondam (Uzhavar Sandhai ),22.0,22.5,-0.26035094,22.239649057388306
2026-07-14,Paramakudi(Uzhavar Sandhai ),21.0,21.0,0.68046075,21.68046075105667
2026-07-14,Sooramangalam(Uzhavar Sandhai ),19.0,19.0,2.9346778,21.934677839279175
2026-07-14,Tiruvarur(Uzhavar Sandhai ),20.0,20.0,0.60795534,20.60795533657074
2026-07-14,Dindigul(Uzhavar Sandhai ),22.0,18.0,0.65524405,18.655244052410126
2026-07-14,Sundarapuram(Uzhavar Sandhai ),20.0,17.5,2.0788515,19.578851461410522
2026-07-14,Viralimalai(Uzhavar Sandhai ),22.5,17.5,2.1733816,19.673381567001343
2026-07-14,Thalavaipuram(Uzhavar Sandhai ),17.5,22.0,-0.087342285,21.912657715380192
2026-07-14,Myladi(Uzhavar Sandhai ),27.5,27.5,-2.2048998,25.295100212097168
2026-07-14,Ranipettai(Uzhavar Sandhai ),18.0,15.0,1.4892558,16.489255785942078
2026-07-14,Tirukattupalli(Uzhavar Sandhai ),20.0,20.0,0.42711252,20.42711251974106
2026-07-14,Tiruppur (South) (Uzhavar Sandhai ),13.5,15.0,0.71861476,15.718614757061005
2026-07-14,Kamuthi(Uzhavar Sandhai ),26.5,27.5,-0.854928,26.645071983337402
2026-07-14,Kulithalai(Uzhavar Sandhai ),22.5,22.0,0.42856744,22.428567439317703
2026-07-14,Perambalur(Uzhavar Sandhai ),30.0,30.0,-3.0254104,26.974589586257935
2026-07-14,Paramathivelur(Uzhavar Sandhai ),21.0,19.0,0.3151498,19.315149813890457
2026-07-14,NGO Colony(Uzhavar Sandhai ),24.0,24.0,-0.7306305,23.26936948299408
2026-07-14,Gandhigramam(Uzhavar Sandhai),22.5,23.5,-0.73244965,22.767550349235535
2026-07-14,Kovilpatti(Uzhavar Sandhai ),22.5,22.5,-0.21067272,22.289327278733253
2026-07-14,Naravarikuppam(Uzhavar Sandhai ),20.0,20.0,1.4725841,21.472584128379822
2026-07-14,Karambakkudi(Uzhavar Sandhai ),22.5,22.5,-0.2545612,22.245438814163208
2026-07-14,Jameenrayapettai(Uzhavar Sandhai ),19.0,19.0,1.5355711,20.535571098327637
2026-07-14,Needamangalam(Uzhavar Sandhai ),20.0,18.0,1.1363065,19.136306524276733
2026-07-14,Aranthangi(Uzhavar Sandhai ),22.5,22.5,0.29208657,22.792086571455002
2026-07-14,Edapadi (Uzhavar Sandhai ),18.0,17.5,0.7062323,18.20623230934143
2026-07-14,Singampunari(Uzhavar Sandhai ),27.0,23.0,0.17144738,23.17144738137722
2026-07-15,Manachanallur(Uzhavar Sandhai ),24.0,25.0,-1.851627,23.148373007774353
2026-07-15,Paruthipattu(Uzhavar Sandhai ),20.0,30.0,-2.255597,27.74440288543701
2026-07-15,Muthupettai(Uzhavar Sandhai ),20.0,20.0,0.6336838,20.633683800697327
2026-07-15,Sulur(Uzhavar Sandhai ),22.0,21.0,-0.10906265,20.890937350690365
2026-07-15,Jeyankondam (Uzhavar Sandhai ),22.0,22.0,-0.23586467,21.76413533091545
2026-07-15,Vazhapadi(Uzhavar Sandhai),16.5,16.5,1.3478029,17.847802877426147
2026-07-15,Thathakapatti(Uzhavar Sandhai ),22.0,18.0,0.6318075,18.631807506084442
2026-07-15,Vengamedu(Uzhavar Sandhai ),21.5,21.5,0.43062386,21.9306238591671
2026-07-15,Sampath Nagar(Uzhavar Sandhai ),21.0,16.5,0.5466548,17.0466548204422
2026-07-15,Arani(Uzhavar Sandhai ),17.5,17.5,0.09896283,17.59896282851696
2026-07-15,Kulithalai(Uzhavar Sandhai ),26.0,22.5,0.05553324,22.55553324148059
2026-07-15,Mettupalayam(Uzhavar Sandhai ),22.5,20.0,0.058609385,20.058609385043383
2026-07-15,Perundurai(Uzhavar Sandhai ),18.0,18.0,0.24494565,18.244945645332336
2026-07-15,Dindigul(Uzhavar Sandhai ),22.0,22.0,-0.10773798,21.892262019217014
2026-07-15,Pallikonda(Uzhavar Sandhai),16.5,16.0,1.4579355,17.457935452461243
2026-07-15,Vadalur(Uzhavar Sandhai ),20.0,20.0,1.0272584,21.02725839614868
2026-07-15,Avallapalli(Uzhavar Sandhai ),17.5,17.5,1.3259256,18.825925588607788
2026-07-15,Needamangalam(Uzhavar Sandhai ),20.0,20.0,0.49454415,20.49454414844513
2026-07-15,Keelpennathur(Uzhavar Sandhai ),17.5,17.5,0.8463192,18.3463191986084
2026-07-15,Tiruthani(Uzhavar Sandhai ),20.0,30.0,-2.602504,27.397495985031128
2026-07-15,Thiruverumbur(Uzhavar Sandhai ),24.0,24.0,-1.0979464,22.902053594589233
2026-07-15,Vadavalli(Uzhavar Sandhai ),20.0,18.0,0.28386334,18.283863335847855
2026-07-15,Villupuram(Uzhavar Sandhai ),20.0,17.5,1.1341412,18.634141206741333
2026-07-15,RSPuram(Uzhavar Sandhai ),19.0,19.0,-0.031299934,18.96870006620884
2026-07-15,Ammapet(Uzhavar Sandhai ),18.0,17.5,1.697762,19.19776201248169
2026-07-15,Papanasam(Uzhavar Sandhai ),23.0,23.0,-0.17156728,22.828432723879814
2026-07-15,Tenkasi(Uzhavar Sandhai ),25.0,25.0,-1.8086565,23.191343545913696
2026-07-15,Chidambaram(Uzhavar Sandhai ),20.0,20.0,1.1856474,21.18564736843109
2026-07-15,Sunguvarchatram(Uzhavar Sandhai ),20.0,20.0,0.8267416,20.826741576194763
2026-07-15,Tiruppur (South) (Uzhavar Sandhai ),12.5,13.5,1.6660289,15.16602885723114
2026-07-15,Pudukottai(Uzhavar Sandhai ),26.5,22.5,-0.44682884,22.053171157836914
2026-07-15,Tiruvarur(Uzhavar Sandhai ),20.0,20.0,0.34525132,20.345251321792603
2026-07-15,Sundarapuram(Uzhavar Sandhai ),22.0,20.0,-0.07001605,19.92998395115137
2026-07-15,Viruthachalam(Uzhavar Sandhai ),20.0,20.0,1.1773874,21.177387356758118
2026-07-15,Kancheepuram(Uzhavar Sandhai ),21.5,20.0,0.09606669,20.096066690981388
2026-07-15,Singanallur(Uzhavar Sandhai ),22.0,21.0,0.14196621,21.141966208815575
2026-07-15,Kumarapalayam(Uzhavar Sandhai ),17.5,17.5,1.2345805,18.734580516815186
2026-07-15,Athur(Uzhavar Sandhai ),17.5,17.5,1.7072109,19.207210898399353
2026-07-15,Mayiladuthurai(Uzhavar Sandhai ),22.5,22.5,0.19214995,22.692149952054024
2026-07-15,Theni(Uzhavar Sandhai ),19.0,19.0,0.50869435,19.508694350719452
2026-07-15,Gudiyatham(Uzhavar Sandhai ),18.0,14.0,2.7343915,16.734391450881958
2026-07-15,Mannargudi II(Uzhavar Sandhai ),22.0,22.0,-0.5261781,21.473821878433228
2026-07-15,Chinnalapatti(Uzhavar Sandhai ),22.0,22.0,0.06842401,22.06842400878668
2026-07-15,Chinnamanur(Uzhavar Sandhai ),20.0,22.0,-0.038509596,21.961490403860807
2026-07-15,Perambalur(Uzhavar Sandhai ),29.0,30.0,-3.064049,26.935950994491577
2026-07-15,Gudalur(Uzhavar Sandhai ),22.5,22.0,0.03529619,22.03529619053006
2026-07-15,Tindivanam APMC,18.0,18.0,2.679361,20.67936110496521
2026-07-15,Nagapattinam(Uzhavar Sandhai ),27.5,30.0,0.66296244,30.662962436676025
2026-07-15,Kangayam(Uzhavar Sandhai ),14.5,16.5,1.5287224,18.028722405433655
2026-07-15,Gandarvakottai(Uzhavar Sandhai ),22.5,17.5,1.6672254,19.16722536087036
2026-07-15,Virudhunagar(Uzhavar Sandhai ),22.5,22.5,0.72859234,23.228592336177826
2026-07-15,Ramanathapuram(Uzhavar Sandhai ),27.5,23.5,0.48562768,23.985627681016922
2026-07-15,Ariyalur(Uzhavar Sandhai),26.5,22.5,-0.3842355,22.115764498710632
2026-07-15,Guduvancheri(Uzhavar Sandhai ),19.0,19.0,0.85987896,19.859878957271576
2026-07-15,Arcot(Uzhavar Sandhai ),16.0,16.0,0.8202519,16.820251882076263
2026-07-15,Vedaranyam(Uzhavar Sandhai),33.5,33.5,-0.93823105,32.56176894903183
2026-07-15,Pallavaram(Uzhavar Sandhai ),19.0,19.0,0.65941924,19.659419238567352
2026-07-15,Tiruvallur(Uzhavar Sandhai ),27.5,30.0,-1.4941518,28.505848169326782
2026-07-15,Sankarapuram(Uzhavar Sandhai ),25.0,25.0,-1.5420837,23.457916259765625
2026-07-15,Palani(Uzhavar Sandhai ),17.5,17.5,1.5186704,19.018670439720154
2026-07-15,Rajapalayam(Uzhavar Sandhai ),22.0,17.5,0.91751695,18.417516946792603
2026-07-15,Ulundurpettai APMC,18.0,18.0,0.35700673,18.35700672864914
2026-07-15,Katpadi (Uzhavar Sandhai ),21.0,17.5,1.1417682,18.641768217086792
2026-07-15,Mohanur(Uzhavar Sandhai ),25.0,16.0,1.1428437,17.14284372329712
2026-07-15,Alangudi(Uzhavar Sandhai ),22.5,22.5,0.16116087,22.661160871386528
2026-07-15,Tiruppur (North) (Uzhavar Sandhai ),18.0,17.5,0.08229592,17.582295916974545
2026-07-15,Chokkikulam(Uzhavar Sandhai ),24.5,25.0,-1.562229,23.43777096271515
2026-07-15,Paramakudi(Uzhavar Sandhai ),26.5,21.0,0.86827004,21.86827003955841
2026-07-15,Polur(Uzhavar Sandhai ),17.5,17.5,-0.21655783,17.28344216942787
2026-07-15,Sankarankoil(Uzhavar Sandhai ),25.0,25.0,-1.6479502,23.352049827575684
2026-07-15,Chengam(Uzhavar Sandhai ),18.0,18.0,0.1707521,18.170752093195915
2026-07-15,Pallapatti (Uzhavar Sandhai ),24.0,24.0,-1.0139556,22.98604440689087
2026-07-15,Panruti(Uzhavar Sandhai ),20.0,20.0,1.0724367,21.072436690330505
2026-07-15,Tiruvannamalai(Uzhavar Sandhai ),16.5,16.5,1.4300717,17.930071711540222
2026-07-15,Kaveripattinam(Uzhavar Sandhai ),20.0,20.0,0.9231934,20.923193395137787
2026-07-15,Aranthangi(Uzhavar Sandhai ),22.5,22.5,0.1982677,22.698267698287964
2026-07-15,Kariyapatti(Uzhavar Sandhai ),22.5,22.5,-0.035805896,22.464194104075432
2026-07-15,Kurichi(Uzhavar Sandhai ),20.0,17.5,0.8106481,18.31064808368683
2026-07-15,Hasthampatti(Uzhavar Sandhai ),22.0,18.0,0.68874234,18.688742339611053
2026-07-15,Attayampatti(Uzhavar Sandhai ),20.0,19.0,0.17598027,19.175980269908905
2026-07-15,Pennagaram(Uzhavar Sandhai ),24.5,23.0,-0.46060294,22.539397060871124
2026-07-15,Karambakkudi(Uzhavar Sandhai ),22.5,22.5,-0.50290316,21.997096836566925
2026-07-15,Jameenrayapettai(Uzhavar Sandhai ),19.0,19.0,1.2771628,20.277162790298462
2026-07-15,Myladi(Uzhavar Sandhai ),27.5,27.5,-2.4276857,25.072314262390137
2026-07-15,Tirukattupalli(Uzhavar Sandhai ),22.0,20.0,0.386071,20.386070996522903
2026-07-15,Palanganatham(Uzhavar Sandhai ),24.5,25.0,-1.5650504,23.43494963645935
2026-07-15,Kovilpatti(Uzhavar Sandhai ),27.5,22.5,-0.31037524,22.18962475657463
2026-07-15,Kandiyaperi(Uzhavar Sandhai ),27.5,26.5,-1.7219713,24.77802872657776
2026-07-15,Tuticorin(Uzhavar Sandhai ),22.5,22.5,0.13730359,22.637303590774536
2026-07-15,Anna nagar(Uzhavar Sandhai ),25.0,25.0,-1.6404691,23.359530925750732
2026-07-15,KKNagar(Uzhavar Sandhai ),25.0,25.0,-1.9481463,23.0518536567688
2026-07-15,Musiri(Uzhavar Sandhai ),22.0,22.0,0.2471388,22.247138798236847
2026-07-15,Cheyyar(Uzhavar Sandhai ),18.0,17.5,0.23395611,17.73395611345768
2026-07-15,Dharapuram(Uzhavar Sandhai ),17.5,12.5,2.8466456,15.346645593643188
2026-07-15,Pattukottai(Uzhavar Sandhai ),28.0,26.0,-1.8653716,24.134628415107727
2026-07-15,Vellore APMC,18.0,16.0,0.86596304,16.86596304178238
2026-07-15,Gingee(Uzhavar Sandhai ),20.0,20.0,2.6526034,22.65260338783264
2026-07-15,Hosur(Uzhavar Sandhai ),17.5,17.5,0.7456685,18.245668470859528
2026-07-15,Perambakkam(Uzhavar Sandhai ),30.0,30.0,-0.79560643,29.204393565654755
2026-07-15,Karaikudi(Uzhavar Sandhai ),26.0,29.0,-2.5304964,26.46950364112854
2026-07-15,Chengalpet(Uzhavar Sandhai ),22.5,21.5,-0.07490934,21.42509066313505
2026-07-15,Jalagandapuram(Uzhavar Sandhai ),15.5,18.0,0.039487515,18.03948751464486
2026-07-15,Ambattur(Uzhavar Sandhai ),25.0,25.0,-0.041074365,24.958925634622574
2026-07-15,Karur(Uzhavar Sandhai ),21.5,21.5,-0.24837227,21.25162772834301
2026-07-15,Kambam(Uzhavar Sandhai ),21.0,21.0,0.61771065,21.617710649967194
2026-07-15,Devaram(Uzhavar Sandhai ),20.0,21.0,0.578444,21.578444004058838
2026-07-15,Vadaseri APMC,32.5,28.5,-0.1014013,28.398598700761795
2026-07-15,Anaiyur(Uzhavar Sandhai ),24.5,25.0,-1.5367355,23.46326446533203
2026-07-15,Paramathivelur(Uzhavar Sandhai ),26.0,21.0,-0.058313835,20.941686164587736
2026-07-15,Dharmapuri(Uzhavar Sandhai ),19.0,15.5,1.2195725,16.7195725440979
2026-07-15,Usilampatti(Uzhavar Sandhai ),24.5,25.0,-1.8437878,23.156212210655212
2026-07-15,Manapparai(Uzhavar Sandhai ),24.0,24.0,-1.2414896,22.75851035118103
2026-07-15,Thalavaipuram(Uzhavar Sandhai ),22.0,17.5,1.8257751,19.325775146484375
2026-07-15,Kamuthi(Uzhavar Sandhai ),30.0,26.5,0.07785166,26.57785166054964
2026-07-15,Sirkali(Uzhavar Sandhai ),22.5,22.5,0.14934546,22.649345457553864
2026-07-15,NGO Colony(Uzhavar Sandhai ),26.0,24.0,-0.9970857,23.002914309501648
2026-07-15,Singampunari(Uzhavar Sandhai ),25.0,27.0,-2.474311,24.525688886642456
2026-07-15,Viralimalai(Uzhavar Sandhai ),22.5,22.5,0.14768177,22.647681772708893
2026-07-15,Kumbakonam (Uzhavar Sandhai ),23.0,23.0,0.036565535,23.03656553477049
2026-07-15,Mettur(Uzhavar Sandhai ),15.5,15.5,0.009786387,15.509786386974156
2026-07-15,Velayuthampalayam(Uzhavar Sandhai ),21.0,22.0,0.55322146,22.553221464157104
2026-07-15,Thirumangalam(Uzhavar Sandhai ),22.5,25.0,-1.6145838,23.38541615009308
2026-07-15,Sooramangalam(Uzhavar Sandhai ),23.0,19.0,2.6412506,21.641250610351562
2026-07-15,Elampillai(Uzhavar Sandhai ),22.0,18.0,0.23073336,18.23073336482048
2026-07-15,Aruppukottai(Uzhavar Sandhai ),17.5,22.5,-0.11623684,22.383763156831264
2026-07-15,Andipatti(Uzhavar Sandhai ),21.0,21.0,0.72907376,21.729073762893677
2026-07-15,Melur(Uzhavar Sandhai ),24.5,19.0,0.64252776,19.642527759075165
2026-07-15,Palayamkottai(Uzhavar Sandhai ),27.5,26.5,-2.002446,24.497554063796997
2026-07-15,Ranipettai(Uzhavar Sandhai ),16.5,18.0,0.41528273,18.415282726287842
2026-07-15,Tiruchengode APMC,19.0,20.0,0.67439735,20.674397349357605
2026-07-15,Edapadi (Uzhavar Sandhai ),22.0,18.0,0.266371,18.26637101173401
2026-07-15,Periyakulam(Uzhavar Sandhai ),21.0,21.0,0.23353937,21.23353937268257
2026-07-15,Gobichettipalayam(Uzhavar Sandhai ),17.5,19.0,0.16881767,19.168817669153214
2026-07-15,Rasipuram(Uzhavar Sandhai ),21.5,19.0,1.5841124,20.584112405776978
2026-07-15,Gandhigramam(Uzhavar Sandhai),22.0,22.5,-0.23521727,22.26478272676468
2026-07-15,Denkanikottai(Uzhavar Sandhai ),17.5,22.5,-0.23643006,22.263569936156273
2026-07-15,AJattihalli(Uzhavar Sandhai ),17.5,15.0,1.9048526,16.904852628707886
2026-07-15,Thuraiyur APMC,22.0,22.0,-0.033158977,21.966841023415327
2026-07-15,Tamarainagar(Uzhavar Sandhai ),17.0,17.5,1.4467509,18.94675087928772
2026-07-15,Sathur(Uzhavar Sandhai ),23.5,23.5,-0.33082,23.169180005788803
2026-07-15,Naravarikuppam(Uzhavar Sandhai ),20.0,20.0,1.0093886,21.00938856601715
2026-07-15,Ponnamaravathi(Uzhavar Sandhai),22.5,22.5,-0.39637858,22.103621423244476
2026-07-15,Sivagangai (Uzhavar Sandhai ),27.0,27.0,-2.4774814,24.522518634796143
2026-07-15,Thalavadi(Uzhavar Sandhai ),15.5,14.0,2.0660753,16.066075325012207
2026-07-15,Perampet(Uzhavar Sandhai),14.0,14.0,1.5406933,15.540693283081055
2026-07-15,Sivakasi(Uzhavar Sandhai ),22.5,17.5,0.85468733,18.354687333106995
2026-07-15,Pollachi(Uzhavar Sandhai ),22.5,22.0,-0.20389068,21.796109318733215
2026-07-15,Periyar Nagar(Uzhavar Sandhai ),21.0,16.5,0.53867674,17.038676738739014
2026-07-15,Harur(Uzhavar Sandhai ),17.5,16.5,2.431792,18.93179202079773
2026-07-15,Madhuranthagam(Uzhavar Sandhai ),20.0,20.0,0.52951384,20.529513835906982
2026-07-15,Vedasanthur(Uzhavar Sandhai ),17.5,17.5,0.62348497,18.1234849691391
2026-07-15,Devakottai (Uzhavar Sandhai ),29.0,29.0,-2.4530194,26.546980619430542
2026-07-15,Srivilliputhur(Uzhavar Sandhai ),18.5,18.5,1.8260387,20.326038718223572
2026-07-15,Tirupatthur(Uzhavar Sandhai ),29.0,29.0,-2.4672453,26.53275465965271
2026-07-15,Palladam(Uzhavar Sandhai ),17.5,17.5,0.43891552,17.93891552090645
2026-07-15,Thammampatti (Uzhavar Sandhai ),16.0,15.0,0.8012376,15.8012375831604
2026-07-15,Cuddalore(Uzhavar Sandhai ),20.0,20.0,0.7438538,20.74385380744934
2026-07-15,Krishnagiri(Uzhavar Sandhai ),18.0,22.0,-0.4184944,21.581505596637726
2026-07-15,Vandavasi(Uzhavar Sandhai ),18.0,17.5,0.60395193,18.103951930999756
2026-07-15,Padappai(Uzhavar Sandhai ),21.5,20.0,0.19816405,20.1981640458107
2026-07-15,Mannargudi I(Uzhavar Sandhai ),22.0,22.0,0.0056981402,22.00569814024493
2026-07-15,Karimangalam(Uzhavar Sandhai),19.0,19.0,0.43358612,19.43358612060547
2026-07-15,Nanganallur(Uzhavar Sandhai ),19.0,19.0,0.88518906,19.885189056396484
2026-07-15,Peravurani(Uzhavar Sandhai),20.0,20.0,0.90188164,20.901881635189056
2026-07-15,Kallakurichi(Uzhavar Sandhai ),25.0,25.0,-1.8524227,23.1475772857666
2026-07-15,Lalgudi(Uzhavar Sandhai ),24.0,25.0,-1.7390496,23.260950446128845
2026-07-15,Udhagamandalam(Uzhavar Sandhai ),22.5,22.0,-0.17370877,21.826291233301163
2026-07-15,Medavakkam(Uzhavar Sandhai ),20.0,20.0,0.142707,20.142707005143166
2026-07-15,Kundrathur(Uzhavar Sandhai ),20.0,20.0,0.812269,20.81226897239685
2026-07-15,Palacode(Uzhavar Sandhai ),19.0,16.5,1.6503017,18.150301694869995
2026-07-15,Vaniyampadi(Uzhavar Sandhai ),25.0,20.0,0.34640956,20.346409559249878
2026-07-15,Coonoor(Uzhavar Sandhai ),27.0,25.0,-1.8672187,23.132781267166138
2026-07-15,Sathiyamagalam(Uzhavar Sandhai ),20.0,20.0,1.261687,21.26168704032898
2026-07-15,Valangaiman APMC,22.0,22.0,-0.2748165,21.725183486938477
2026-07-15,Udumalpet APMC,18.5,20.0,0.04837566,20.04837565869093
2026-07-15,Bodinayakanur(Uzhavar Sandhai ),20.0,22.0,0.08337831,22.083378307521343
2026-07-15,Thanjavur(Uzhavar Sandhai ),22.0,20.0,0.267842,20.26784199476242
2026-07-15,Thirukalukundram(Uzhavar Sandhai ),23.5,21.0,3.5151505,24.515150547027588
2026-07-16,Paramakudi(Uzhavar Sandhai ),26.5,26.5,-2.358177,24.141823053359985
2026-07-16,Rasipuram(Uzhavar Sandhai ),21.5,21.5,0.046836562,21.5468365624547
2026-07-16,Udhagamandalam(Uzhavar Sandhai ),22.5,22.5,-0.6327764,21.867223620414734
2026-07-16,Periyakulam(Uzhavar Sandhai ),21.0,21.0,-0.3031761,20.69682389497757
2026-07-16,Thammampatti (Uzhavar Sandhai ),16.0,16.0,0.10931667,16.109316669404507
2026-07-16,Thanjavur(Uzhavar Sandhai ),22.0,22.0,-0.2938927,21.706107288599014
2026-07-16,Vedasanthur(Uzhavar Sandhai ),17.5,17.5,1.5381573,19.03815734386444
2026-07-16,Tiruvarur(Uzhavar Sandhai ),20.0,20.0,-0.15408966,19.84591034054756
2026-07-16,Nanganallur(Uzhavar Sandhai ),22.5,19.0,0.98655665,19.98655664920807
2026-07-16,Tiruthani(Uzhavar Sandhai ),20.0,20.0,2.23638,22.236380100250244
2026-07-16,Viralimalai(Uzhavar Sandhai ),22.5,22.5,-0.2610114,22.238988608121872
2026-07-16,NGO Colony(Uzhavar Sandhai ),27.5,26.0,-2.3673143,23.632685661315918
2026-07-16,Thiruverumbur(Uzhavar Sandhai ),24.0,24.0,-1.3608098,22.639190196990967
2026-07-16,Needamangalam(Uzhavar Sandhai ),20.0,20.0,0.22597463,20.22597463428974
2026-07-16,Ranipettai(Uzhavar Sandhai ),17.5,16.5,0.3636504,16.863650411367416
2026-07-16,Thathakapatti(Uzhavar Sandhai ),17.5,22.0,-0.212962,21.78703799843788
2026-07-16,Madhuranthagam(Uzhavar Sandhai ),20.0,20.0,0.19821924,20.19821923971176
2026-07-16,Elampillai(Uzhavar Sandhai ),18.0,22.0,-0.8663264,21.13367360830307
2026-07-16,Kulithalai(Uzhavar Sandhai ),26.0,26.0,-2.6815295,23.31847047805786
2026-07-16,Vadalur(Uzhavar Sandhai ),20.0,20.0,0.6452403,20.645240306854248
2026-07-16,Muthupettai(Uzhavar Sandhai ),20.0,20.0,0.3597009,20.35970088839531
2026-07-16,Melur(Uzhavar Sandhai ),23.0,24.5,-2.5453134,21.954686641693115
2026-07-16,Vaniyampadi(Uzhavar Sandhai ),15.0,25.0,-1.6365796,23.363420367240906
2026-07-16,Denkanikottai(Uzhavar Sandhai ),17.5,17.5,0.84566563,18.345665633678436
2026-07-16,Mecheri(Uzhavar Sandhai),18.0,18.0,-0.007909098,17.99209090229124
2026-07-16,Tiruvannamalai(Uzhavar Sandhai ),16.5,16.5,1.3563446,17.85634458065033
2026-07-16,KKNagar(Uzhavar Sandhai ),25.0,25.0,-2.3976958,22.602304220199585
2026-07-16,Hasthampatti(Uzhavar Sandhai ),17.0,22.0,-1.2081724,20.79182755947113
2026-07-16,Pennagaram(Uzhavar Sandhai ),24.5,24.5,-2.5791152,21.92088484764099
2026-07-16,Vellore APMC,16.0,18.0,0.7984987,18.798498690128326
2026-07-16,Jalagandapuram(Uzhavar Sandhai ),18.0,15.5,0.8071137,16.307113707065582
2026-07-16,Kancheepuram(Uzhavar Sandhai ),18.5,21.5,-0.1109626,21.389037400484085
2026-07-16,Arcot(Uzhavar Sandhai ),16.0,16.0,0.5217691,16.521769106388092
2026-07-16,Mohanur(Uzhavar Sandhai ),25.0,25.0,-2.8054981,22.194501876831055
2026-07-16,Tiruvallur(Uzhavar Sandhai ),25.0,27.5,-0.37831533,27.121684670448303
2026-07-16,Karur(Uzhavar Sandhai ),21.5,21.5,-0.27936372,21.220636278390884
2026-07-16,Coonoor(Uzhavar Sandhai ),24.0,27.0,-2.8183675,24.18163251876831
2026-07-16,Bodinayakanur(Uzhavar Sandhai ),22.0,20.0,0.22486274,20.22486273944378
2026-07-16,Vedaranyam(Uzhavar Sandhai),33.5,33.5,-1.0239443,32.47605574131012
2026-07-16,Lalgudi(Uzhavar Sandhai ),25.0,24.0,-1.2123097,22.78769028186798
2026-07-16,Pallapatti (Uzhavar Sandhai ),24.0,24.0,-1.6819563,22.31804370880127
2026-07-16,Ambasamudram(Uzhavar Sandhai ),23.0,26.0,-2.2160916,23.783908367156982
2026-07-16,Gingee(Uzhavar Sandhai ),20.0,20.0,0.17664415,20.176644146442413
2026-07-16,Ulundurpettai APMC,25.0,18.0,0.53885394,18.53885394334793
2026-07-16,Gudalur(Uzhavar Sandhai ),22.0,22.5,-0.43876526,22.06123474240303
2026-07-16,Tamarainagar(Uzhavar Sandhai ),18.5,17.0,-0.4058016,16.594198405742645
2026-07-16,Gudiyatham(Uzhavar Sandhai ),18.0,18.0,0.7315528,18.73155277967453
2026-07-16,Sampath Nagar(Uzhavar Sandhai ),19.0,21.0,-0.8147388,20.18526118993759
2026-07-16,Sunguvarchatram(Uzhavar Sandhai ),26.0,20.0,0.8866696,20.88666957616806
2026-07-16,Andipatti(Uzhavar Sandhai ),21.0,21.0,-0.27854165,20.721458345651627
2026-07-16,Tenkasi(Uzhavar Sandhai ),20.0,25.0,-2.3703055,22.62969446182251
2026-07-16,Virudhunagar(Uzhavar Sandhai ),22.5,22.5,-0.099308886,22.400691114366055
2026-07-16,Thuraiyur APMC,24.0,22.0,-0.28994036,21.710059642791748
2026-07-16,Paramathivelur(Uzhavar Sandhai ),26.0,26.0,-3.027165,22.972835063934326
2026-07-16,Cuddalore(Uzhavar Sandhai ),20.0,20.0,0.49813855,20.498138546943665
2026-07-16,Kovilpatti(Uzhavar Sandhai ),27.5,27.5,-3.2185836,24.281416416168213
2026-07-16,Kandiyaperi(Uzhavar Sandhai ),27.5,27.5,-2.0346549,25.46534514427185
2026-07-16,Papanasam(Uzhavar Sandhai ),24.0,23.0,-0.38377282,22.6162271797657
2026-07-16,Periyar Nagar(Uzhavar Sandhai ),19.0,21.0,-0.7042423,20.295757710933685
2026-07-16,Nagapattinam(Uzhavar Sandhai ),27.5,27.5,1.0653535,28.565353512763977
2026-07-16,Cheyyar(Uzhavar Sandhai ),18.0,18.0,0.05043158,18.050431579351425
2026-07-16,Krishnagiri(Uzhavar Sandhai ),16.0,18.0,1.5122683,19.51226830482483
2026-07-16,Mayiladuthurai(Uzhavar Sandhai ),22.5,22.5,-0.39445305,22.105546951293945
2026-07-16,Theni(Uzhavar Sandhai ),19.0,19.0,1.5285311,20.528531074523926
2026-07-16,Jeyankondam (Uzhavar Sandhai ),22.0,22.0,-0.51531607,21.48468393087387
2026-07-16,Devakottai (Uzhavar Sandhai ),26.0,29.0,-2.7218838,26.27811622619629
2026-07-16,Kundrathur(Uzhavar Sandhai ),26.0,20.0,0.7785761,20.77857607603073
2026-07-16,Tirupatthur(Uzhavar Sandhai ),27.0,29.0,-2.6738167,26.326183319091797
2026-07-16,Vandavasi(Uzhavar Sandhai ),18.0,18.0,2.104419,20.104418992996216
2026-07-16,Srivilliputhur(Uzhavar Sandhai ),17.5,18.5,1.4227798,19.92277979850769
2026-07-16,Thirukalukundram(Uzhavar Sandhai ),23.5,23.5,1.5151759,25.015175938606262
2026-07-16,Natrampalli(Uzhavar Sandhai ),12.5,12.5,2.5238547,15.023854732513428
2026-07-16,Palladam(Uzhavar Sandhai ),17.5,17.5,1.4647521,18.964752078056335
2026-07-16,Thalavadi(Uzhavar Sandhai ),16.0,15.5,1.2024292,16.702429175376892
2026-07-16,Sivakasi(Uzhavar Sandhai ),22.5,22.5,-0.7375446,21.76245540380478
2026-07-16,Mettur(Uzhavar Sandhai ),18.0,15.5,-0.20474085,15.295259147882462
2026-07-16,Mannargudi I(Uzhavar Sandhai ),22.0,22.0,-0.5311028,21.468897223472595
2026-07-16,Udumalpet APMC,16.5,18.5,0.50507486,19.005074858665466
2026-07-16,Velayuthampalayam(Uzhavar Sandhai ),22.0,21.0,-0.011937756,20.988062243908644
2026-07-16,Medavakkam(Uzhavar Sandhai ),20.0,20.0,-0.03140603,19.96859396994114
2026-07-16,Sathiyamagalam(Uzhavar Sandhai ),20.0,20.0,-0.2341189,19.76588110625744
2026-07-16,Ponnamaravathi(Uzhavar Sandhai),22.5,22.5,-0.800668,21.699331998825073
2026-07-16,Harur(Uzhavar Sandhai ),17.5,17.5,-0.21167666,17.28832334280014
2026-07-16,Palacode(Uzhavar Sandhai ),16.5,19.0,0.48239085,19.482390850782394
2026-07-16,Paruthipattu(Uzhavar Sandhai ),20.0,20.0,1.8449951,21.844995141029358
2026-07-16,Chidambaram(Uzhavar Sandhai ),20.0,20.0,0.8036289,20.80362892150879
2026-07-16,Vadavalli(Uzhavar Sandhai ),18.0,20.0,-0.552999,19.447000980377197
2026-07-16,Sirkali(Uzhavar Sandhai ),22.5,22.5,-0.44425815,22.055741846561432
2026-07-16,Keelpennathur(Uzhavar Sandhai ),22.5,17.5,1.6105808,19.110580801963806
2026-07-16,Pallikonda(Uzhavar Sandhai),19.0,16.5,0.89099276,17.390992760658264
2026-07-16,Mettupalayam(Uzhavar Sandhai ),22.5,22.5,-0.9009648,21.59903520345688
2026-07-16,Perundurai(Uzhavar Sandhai ),20.0,18.0,0.16965742,18.169657424092293
2026-07-16,Kumarapalayam(Uzhavar Sandhai ),17.5,17.5,0.85243374,18.352433741092682
2026-07-16,Peravurani(Uzhavar Sandhai),25.0,20.0,0.3598229,20.359822899103165
2026-07-16,Kallakurichi(Uzhavar Sandhai ),25.0,25.0,-2.273178,22.726821899414062
2026-07-16,Myladi(Uzhavar Sandhai ),27.5,27.5,-2.5254517,24.97454833984375
2026-07-16,Valangaiman APMC,20.0,22.0,-0.23147248,21.768527522683144
2026-07-16,Karimangalam(Uzhavar Sandhai),19.0,19.0,0.0129662715,19.01296627148986
2026-07-16,Sivagangai (Uzhavar Sandhai ),25.0,27.0,-2.7752855,24.224714517593384
2026-07-16,Padappai(Uzhavar Sandhai ),20.0,21.5,-0.4939644,21.00603559613228
2026-07-16,Ammapet(Uzhavar Sandhai ),17.0,18.0,0.25933605,18.259336054325104
2026-07-16,Anaiyur(Uzhavar Sandhai ),23.0,24.5,-2.1878839,22.312116146087646
2026-07-16,Dharapuram(Uzhavar Sandhai ),17.5,17.5,-0.13201995,17.367980048060417
2026-07-16,AJattihalli(Uzhavar Sandhai ),14.0,17.5,0.5728263,18.072826325893402
2026-07-16,Avallapalli(Uzhavar Sandhai ),17.5,17.5,1.0335768,18.53357684612274
2026-07-16,Devaram(Uzhavar Sandhai ),22.0,20.0,0.56983805,20.569838047027588
2026-07-16,Gobichettipalayam(Uzhavar Sandhai ),19.0,17.5,0.24369639,17.74369639158249
2026-07-16,Gandhigramam(Uzhavar Sandhai),22.0,22.0,-0.73925096,21.26074904203415
2026-07-16,Naravarikuppam(Uzhavar Sandhai ),20.0,20.0,0.6259862,20.625986218452454
2026-07-16,Tiruchengode APMC,20.0,19.0,0.7136876,19.71368759870529
2026-07-16,Palayamkottai(Uzhavar Sandhai ),27.5,27.5,-2.2207253,25.279274702072144
2026-07-16,Edapadi (Uzhavar Sandhai ),20.0,22.0,-1.1416765,20.858323454856873
2026-07-16,Aruppukottai(Uzhavar Sandhai ),22.5,17.5,1.2821755,18.782175540924072
2026-07-16,Sooramangalam(Uzhavar Sandhai ),19.0,23.0,-0.7157554,22.28424459695816
2026-07-16,Thirumangalam(Uzhavar Sandhai ),22.0,22.5,-0.5137452,21.986254811286926
2026-07-16,Kumbakonam (Uzhavar Sandhai ),24.0,23.0,-0.35479426,22.64520573616028
2026-07-16,Singampunari(Uzhavar Sandhai ),25.0,25.0,-1.9772004,23.022799611091614
2026-07-16,Thalavaipuram(Uzhavar Sandhai ),22.0,22.0,1.1018257,23.101825714111328
2026-07-16,Sathur(Uzhavar Sandhai ),23.5,23.5,-0.53222,22.967779994010925
2026-07-16,Vadaseri APMC,32.5,32.5,-2.6806853,29.81931471824646
2026-07-16,Manapparai(Uzhavar Sandhai ),24.0,24.0,-1.515969,22.484030961990356
2026-07-16,Dharmapuri(Uzhavar Sandhai ),15.0,19.0,-0.7938485,18.206151485443115
2026-07-16,Kambam(Uzhavar Sandhai ),21.0,21.0,-0.040401943,20.959598056972027
2026-07-16,Ambattur(Uzhavar Sandhai ),30.0,25.0,-0.28161752,24.718382477760315
2026-07-16,Perambakkam(Uzhavar Sandhai ),30.0,30.0,-0.87318635,29.126813650131226
2026-07-16,Karaikudi(Uzhavar Sandhai ),27.0,26.0,-1.7521483,24.247851729393005
2026-07-16,Chengalpet(Uzhavar Sandhai ),22.5,22.5,-0.72211933,21.777880668640137
2026-07-16,Hosur(Uzhavar Sandhai ),17.5,17.5,0.8280495,18.32804948091507
2026-07-16,Kamuthi(Uzhavar Sandhai ),26.5,30.0,-1.394755,28.605244994163513
2026-07-16,Pattukottai(Uzhavar Sandhai ),24.0,28.0,-2.7711368,25.22886323928833
2026-07-16,Musiri(Uzhavar Sandhai ),21.0,22.0,-0.45251694,21.547483056783676
2026-07-16,Anna nagar(Uzhavar Sandhai ),25.0,25.0,-2.3894036,22.610596418380737
2026-07-16,Tuticorin(Uzhavar Sandhai ),22.5,22.5,-0.43995613,22.06004387140274
2026-07-16,Tirukattupalli(Uzhavar Sandhai ),22.0,22.0,-0.26645234,21.733547657728195
2026-07-16,Palanganatham(Uzhavar Sandhai ),22.0,24.5,-2.3860502,22.1139497756958
2026-07-16,Jameenrayapettai(Uzhavar Sandhai ),19.0,19.0,0.6254136,19.625413596630096
2026-07-16,Karambakkudi(Uzhavar Sandhai ),22.5,22.5,-0.94550264,21.554497361183167
2026-07-16,Usilampatti(Uzhavar Sandhai ),23.0,24.5,-2.118512,22.38148808479309
2026-07-16,Manachanallur(Uzhavar Sandhai ),25.0,24.0,-1.1420836,22.857916355133057
2026-07-16,Pollachi(Uzhavar Sandhai ),22.5,22.5,-0.7248432,21.775156795978546
2026-07-16,Gandarvakottai(Uzhavar Sandhai ),22.5,22.5,-0.5651685,21.934831500053406
2026-07-16,Villupuram(Uzhavar Sandhai ),20.0,20.0,-0.16748695,19.83251304924488
2026-07-16,Pallavaram(Uzhavar Sandhai ),19.0,19.0,0.40389213,19.403892129659653
2026-07-16,Chengam(Uzhavar Sandhai ),18.0,18.0,-0.03255959,17.96744041144848
2026-07-16,RSPuram(Uzhavar Sandhai ),19.0,19.0,-0.3757202,18.62427979707718
2026-07-16,Sundarapuram(Uzhavar Sandhai ),22.0,22.0,-0.8278792,21.172120809555054
2026-07-16,Tindivanam APMC,18.0,18.0,-0.07505519,17.924944810569286
2026-07-16,Kaveripattinam(Uzhavar Sandhai ),20.0,20.0,0.59555346,20.59555345773697
2026-07-16,Palani(Uzhavar Sandhai ),17.5,17.5,-0.054239385,17.445760615170002
2026-07-16,Panruti(Uzhavar Sandhai ),20.0,20.0,0.61927736,20.619277358055115
2026-07-16,Attayampatti(Uzhavar Sandhai ),18.0,20.0,-0.060414013,19.939585987478495
2026-07-16,Guduvancheri(Uzhavar Sandhai ),19.0,19.0,0.5638359,19.56383591890335
2026-07-16,Mannargudi II(Uzhavar Sandhai ),22.0,22.0,-0.81843966,21.181560337543488
2026-07-16,Athur(Uzhavar Sandhai ),17.5,17.5,-0.104171805,17.39582819491625
2026-07-16,Viruthachalam(Uzhavar Sandhai ),20.0,20.0,0.6604241,20.66042411327362
2026-07-16,Vazhapadi(Uzhavar Sandhai),21.0,16.5,1.2223374,17.72233736515045
2026-07-16,Tiruppur (South) (Uzhavar Sandhai ),16.5,12.5,3.6165907,16.11659073829651
2026-07-16,Singanallur(Uzhavar Sandhai ),22.0,22.0,-0.69176686,21.30823314189911
2026-07-16,Chinnamanur(Uzhavar Sandhai ),20.0,20.0,1.225247,21.225247025489807
2026-07-16,Kangayam(Uzhavar Sandhai ),16.5,14.5,1.7392946,16.23929464817047
2026-07-16,Polur(Uzhavar Sandhai ),17.5,17.5,-0.35171258,17.148287415504456
2026-07-16,Rajapalayam(Uzhavar Sandhai ),22.0,22.0,-0.7137743,21.28622567653656
2026-07-16,Aranthangi(Uzhavar Sandhai ),22.5,22.5,-0.38317308,22.11682692170143
2026-07-16,Sulur(Uzhavar Sandhai ),22.0,22.0,-0.8042078,21.195792198181152
2026-07-16,Sankarankoil(Uzhavar Sandhai ),25.0,25.0,-1.8989819,23.10101807117462
2026-07-16,Arani(Uzhavar Sandhai ),17.5,17.5,1.3583654,18.858365416526794
2026-07-16,Kurichi(Uzhavar Sandhai ),19.0,20.0,-0.120671295,19.879328705370426
2026-07-16,Sankarapuram(Uzhavar Sandhai ),25.0,25.0,-1.9419392,23.05806076526642
2026-07-16,Melapalayam(Uzhavar Sandhai ),27.5,26.5,-2.1447544,24.35524559020996
2026-07-16,Chokkikulam(Uzhavar Sandhai ),23.0,24.5,-2.330398,22.169601917266846
2026-07-16,Pudukottai(Uzhavar Sandhai ),22.5,26.5,-2.9757693,23.52423071861267
2026-07-16,Kariyapatti(Uzhavar Sandhai ),22.5,22.5,-0.6080318,21.891968190670013
2026-07-16,Perambalur(Uzhavar Sandhai ),28.5,29.0,-2.381393,26.61860704421997
2026-07-16,Vengamedu(Uzhavar Sandhai ),21.5,21.5,0.094673835,21.594673834741116
2026-07-16,Ramanathapuram(Uzhavar Sandhai ),22.5,27.5,-2.3744278,25.125572204589844
2026-07-16,Tiruppur (North) (Uzhavar Sandhai ),17.5,18.0,-0.07674194,17.923258058726788
2026-07-16,Dindigul(Uzhavar Sandhai ),22.5,22.0,-0.43477327,21.56522673368454
2026-07-16,Katpadi (Uzhavar Sandhai ),21.0,21.0,-0.38872796,20.611272037029266
2026-07-16,Alangudi(Uzhavar Sandhai ),22.5,22.5,-0.4356419,22.064358085393906
2026-07-16,Ariyalur(Uzhavar Sandhai),23.0,26.5,-3.0764704,23.423529624938965
2026-07-17,Jameenrayapettai(Uzhavar Sandhai ),19.0,19.0,0.33263335,19.3326333463192
2026-07-17,Chengalpet(Uzhavar Sandhai ),21.5,22.5,-0.96319723,21.536802768707275
2026-07-17,Paramathivelur(Uzhavar Sandhai ),26.0,26.0,-3.3219342,22.67806577682495
2026-07-17,Ambattur(Uzhavar Sandhai ),25.0,30.0,-2.9628935,27.03710651397705
2026-07-17,Tirukattupalli(Uzhavar Sandhai ),24.0,22.0,-0.42304397,21.576956033706665
2026-07-17,Tuticorin(Uzhavar Sandhai ),22.5,22.5,-0.6825821,21.817417919635773
2026-07-17,Kahithapattarai(Uzhavar Sandhai ),18.0,13.5,1.7524844,15.252484440803528
2026-07-17,Pattukottai(Uzhavar Sandhai ),26.0,24.0,-1.177138,22.822862029075623
2026-07-17,Kandiyaperi(Uzhavar Sandhai ),27.5,27.5,-2.7532253,24.746774673461914
2026-07-17,Paramakudi(Uzhavar Sandhai ),22.5,26.5,-2.4839242,24.01607584953308
2026-07-17,AJattihalli(Uzhavar Sandhai ),19.0,14.0,1.8807172,15.880717158317566
2026-07-17,Tiruppur (South) (Uzhavar Sandhai ),16.5,16.5,1.262501,17.762501001358032
2026-07-17,Jeyankondam (Uzhavar Sandhai ),22.0,22.0,-0.8155233,21.184476673603058
2026-07-17,Singampunari(Uzhavar Sandhai ),25.0,25.0,-2.4021385,22.597861528396606
2026-07-17,RSPuram(Uzhavar Sandhai ),19.0,19.0,-0.49731106,18.502688944339752
2026-07-17,Arani(Uzhavar Sandhai ),17.5,17.5,1.0405587,18.540558695793152
2026-07-17,Ramanathapuram(Uzhavar Sandhai ),22.5,22.5,0.77193785,23.27193784713745
2026-07-17,Dindigul(Uzhavar Sandhai ),22.5,22.5,-0.8332824,21.66671758890152
2026-07-17,Elampillai(Uzhavar Sandhai ),19.0,18.0,0.3798271,18.379827111959457
2026-07-17,Chinnamanur(Uzhavar Sandhai ),20.0,20.0,0.051281497,20.05128149688244
2026-07-17,Ranipettai(Uzhavar Sandhai ),17.5,17.5,-0.05978442,17.440215580165386
2026-07-17,Melur(Uzhavar Sandhai ),23.0,23.0,-1.354473,21.645527005195618
2026-07-17,Aruppukottai(Uzhavar Sandhai ),22.5,22.5,0.30073848,22.800738483667374
2026-07-17,Tiruchengode APMC,19.0,20.0,0.09331306,20.093313060700893
2026-07-17,Gandhigramam(Uzhavar Sandhai),22.0,22.0,-0.68514675,21.314853250980377
2026-07-17,Needamangalam(Uzhavar Sandhai ),20.0,20.0,-0.102212876,19.897787123918533
2026-07-17,Tiruvarur(Uzhavar Sandhai ),20.0,20.0,-0.30670947,19.693290531635284
2026-07-17,Valangaiman APMC,22.0,20.0,0.3508865,20.35088649392128
2026-07-17,Naravarikuppam(Uzhavar Sandhai ),25.0,20.0,0.41770196,20.417701959609985
2026-07-17,Vazhapadi(Uzhavar Sandhai),17.5,21.0,0.1501763,21.15017630159855
2026-07-17,Sathur(Uzhavar Sandhai ),22.5,23.5,0.00941719,23.50941719021648
2026-07-17,Rasipuram(Uzhavar Sandhai ),26.0,21.5,-0.7126708,20.78732919692993
2026-07-17,Sankarankoil(Uzhavar Sandhai ),25.0,25.0,-2.19589,22.804110050201416
2026-07-17,Manapparai(Uzhavar Sandhai ),24.0,24.0,-1.7484183,22.25158166885376
2026-07-17,Villupuram(Uzhavar Sandhai ),20.0,20.0,-0.014279296,19.985720704309642
2026-07-17,Pallavaram(Uzhavar Sandhai ),17.5,19.0,-0.017796166,18.98220383375883
2026-07-17,Gingee(Uzhavar Sandhai ),20.0,20.0,0.13157475,20.131574749946594
2026-07-17,Sampath Nagar(Uzhavar Sandhai ),19.0,19.0,-0.54589075,18.454109251499176
2026-07-17,Hosur(Uzhavar Sandhai ),17.5,17.5,0.8721429,18.372142910957336
2026-07-17,Padappai(Uzhavar Sandhai ),19.0,20.0,0.22293894,20.22293893992901
2026-07-17,Pallapatti (Uzhavar Sandhai ),24.0,24.0,-1.656672,22.34332799911499
2026-07-17,Palacode(Uzhavar Sandhai ),19.0,16.5,1.2553955,17.755395531654358
2026-07-17,Vaniyampadi(Uzhavar Sandhai ),15.0,15.0,3.5049987,18.504998683929443
2026-07-17,Tiruppur (North) (Uzhavar Sandhai ),17.5,17.5,0.09332883,17.593328833580017
2026-07-17,Madhuranthagam(Uzhavar Sandhai ),20.0,20.0,0.12229285,20.12229284644127
2026-07-17,Polur(Uzhavar Sandhai ),17.5,17.5,0.8062895,18.306289494037628
2026-07-17,Tiruvallur(Uzhavar Sandhai ),27.5,25.0,0.22201248,25.222012475132942
2026-07-17,Kallakurichi(Uzhavar Sandhai ),25.0,25.0,-2.1491191,22.85088086128235
2026-07-17,Viralimalai(Uzhavar Sandhai ),22.5,22.5,-0.6594733,21.840526700019836
2026-07-17,Bodinayakanur(Uzhavar Sandhai ),20.0,22.0,-0.7154279,21.2845721244812
2026-07-17,Kancheepuram(Uzhavar Sandhai ),20.5,18.5,0.77271134,19.2727113366127
2026-07-17,Nanganallur(Uzhavar Sandhai ),22.5,22.5,-0.21500617,22.284993827342987
2026-07-17,Tiruthani(Uzhavar Sandhai ),25.0,20.0,1.9170672,21.917067170143127
2026-07-17,Mettupalayam(Uzhavar Sandhai ),22.0,22.5,-0.94121045,21.558789551258087
2026-07-17,Pudukottai(Uzhavar Sandhai ),22.5,22.5,-1.1452172,21.354782819747925
2026-07-17,Melapalayam(Uzhavar Sandhai ),27.5,27.5,-2.908875,24.591125011444092
2026-07-17,Paruthipattu(Uzhavar Sandhai ),30.0,20.0,1.3451396,21.345139622688293
2026-07-17,Sankarapuram(Uzhavar Sandhai ),25.0,25.0,-1.714262,23.285737991333008
2026-07-17,Rajapalayam(Uzhavar Sandhai ),17.5,22.0,-0.7815389,21.218461096286774
2026-07-17,Ammapet(Uzhavar Sandhai ),16.5,17.0,1.6432227,18.6432226896286
2026-07-17,Manachanallur(Uzhavar Sandhai ),24.0,25.0,-2.14121,22.858789920806885
2026-07-17,Papanasam(Uzhavar Sandhai ),26.0,24.0,-0.80534345,23.194656550884247
2026-07-17,Sathiyamagalam(Uzhavar Sandhai ),21.5,20.0,1.1796361,21.179636120796204
2026-07-17,Tirupatthur(Uzhavar Sandhai ),26.5,27.0,-2.0816467,24.91835331916809
2026-07-17,Devakottai (Uzhavar Sandhai ),25.0,26.0,-1.8190669,24.180933117866516
2026-07-17,Aranthangi(Uzhavar Sandhai ),22.5,22.5,-0.58154494,21.918455064296722
2026-07-17,KKNagar(Uzhavar Sandhai ),24.0,25.0,-2.5504906,22.449509382247925
2026-07-17,Tiruvannamalai(Uzhavar Sandhai ),16.5,16.5,-0.26694962,16.233050376176834
2026-07-17,Jalagandapuram(Uzhavar Sandhai ),18.0,18.0,-0.025494764,17.97450523637235
2026-07-17,Kambam(Uzhavar Sandhai ),22.0,21.0,-0.6568179,20.34318208694458
2026-07-17,Ponnamaravathi(Uzhavar Sandhai),22.5,22.5,-1.071393,21.42860698699951
2026-07-17,Coonoor(Uzhavar Sandhai ),26.5,24.0,-1.3445051,22.655494928359985
2026-07-17,Medavakkam(Uzhavar Sandhai ),20.0,20.0,0.013989062,20.013989062048495
2026-07-17,Tindivanam APMC,18.0,18.0,-0.0062429607,17.993757039308548
2026-07-17,Velayuthampalayam(Uzhavar Sandhai ),21.0,22.0,-0.32344404,21.676555961370468
2026-07-17,Gandarvakottai(Uzhavar Sandhai ),22.5,22.5,-0.7655703,21.734429717063904
2026-07-17,Chinnalapatti(Uzhavar Sandhai ),21.5,22.0,-0.6117173,21.38828271627426
2026-07-17,Mannargudi I(Uzhavar Sandhai ),22.0,22.0,-0.5211543,21.478845715522766
2026-07-17,Singanallur(Uzhavar Sandhai ),22.0,22.0,-0.89878,21.10122001171112
2026-07-17,Palladam(Uzhavar Sandhai ),17.5,17.5,1.1905675,18.69056749343872
2026-07-17,Mayiladuthurai(Uzhavar Sandhai ),22.5,22.5,-0.39238006,22.10761994123459
2026-07-17,Natrampalli(Uzhavar Sandhai ),11.0,12.5,2.159507,14.659507036209106
2026-07-17,Athur(Uzhavar Sandhai ),16.5,17.5,-0.27633953,17.223660469055176
2026-07-17,Cuddalore(Uzhavar Sandhai ),20.0,20.0,0.57806206,20.578062057495117
2026-07-17,Mannargudi II(Uzhavar Sandhai ),22.0,22.0,-0.9903709,21.00962907075882
2026-07-17,Vandavasi(Uzhavar Sandhai ),17.5,18.0,0.94473535,18.94473534822464
2026-07-17,Mecheri(Uzhavar Sandhai),17.5,18.0,-0.07714859,17.922851413488388
2026-07-17,Mettur(Uzhavar Sandhai ),19.0,18.0,0.9025519,18.902551889419556
2026-07-17,Kamuthi(Uzhavar Sandhai ),32.5,26.5,-0.02452899,26.475471010431647
2026-07-17,Sirkali(Uzhavar Sandhai ),22.5,22.5,-0.68367356,21.816326439380646
2026-07-17,Vedasanthur(Uzhavar Sandhai ),16.5,17.5,0.39070016,17.89070016145706
2026-07-17,Dharmapuri(Uzhavar Sandhai ),19.0,15.0,0.81934845,15.819348454475403
2026-07-17,Kovilpatti(Uzhavar Sandhai ),22.5,27.5,-3.1385446,24.36145544052124
2026-07-17,Gobichettipalayam(Uzhavar Sandhai ),21.0,19.0,-0.45997497,18.540025025606155
2026-07-17,Udumalpet APMC,19.0,16.5,2.2770123,18.77701234817505
2026-07-17,Gudalur(Uzhavar Sandhai ),27.5,22.0,0.0026291374,22.002629137365147
2026-07-17,Alangudi(Uzhavar Sandhai ),22.5,22.5,-0.6453104,21.854689598083496
2026-07-17,Thirupathur APMC,20.0,20.0,-0.6519208,19.348079204559326
2026-07-17,Sooramangalam(Uzhavar Sandhai ),19.0,19.0,3.1656473,22.165647268295288
2026-07-17,Thirumangalam(Uzhavar Sandhai ),23.0,22.0,-0.70610917,21.293890833854675
2026-07-17,Usilampatti(Uzhavar Sandhai ),23.0,23.0,-1.0135969,21.986403107643127
2026-07-17,Edapadi (Uzhavar Sandhai ),20.0,20.0,0.7566268,20.756626784801483
2026-07-17,Guduvancheri(Uzhavar Sandhai ),19.0,19.0,0.39397547,19.393975466489792
2026-07-17,Vedaranyam(Uzhavar Sandhai),33.5,33.5,-1.2100855,32.28991448879242
2026-07-17,Anaiyur(Uzhavar Sandhai ),22.0,23.0,-1.0110785,21.988921523094177
2026-07-17,Ariyalur(Uzhavar Sandhai),27.5,23.0,-1.2439991,21.756000876426697
2026-07-17,Krishnagiri(Uzhavar Sandhai ),14.0,16.0,1.814763,17.814762949943542
2026-07-17,Kurichi(Uzhavar Sandhai ),22.0,19.0,0.12865035,19.128650352358818
2026-07-17,Karaikudi(Uzhavar Sandhai ),27.0,27.0,-2.1578217,24.842178344726562
2026-07-17,Kangayam(Uzhavar Sandhai ),14.0,16.5,0.95376086,17.453760862350464
2026-07-17,Pennagaram(Uzhavar Sandhai ),19.0,24.5,-2.8211658,21.678834199905396
2026-07-17,Dharapuram(Uzhavar Sandhai ),17.5,17.5,-0.5889226,16.91107738018036
2026-07-17,Chengam(Uzhavar Sandhai ),18.0,18.0,-0.52129835,17.478701651096344
2026-07-17,Karur(Uzhavar Sandhai ),21.5,21.5,-0.59904706,20.90095293521881
2026-07-17,Chokkikulam(Uzhavar Sandhai ),23.0,23.0,-1.1478902,21.852109789848328
2026-07-17,Avallapalli(Uzhavar Sandhai ),17.5,17.5,1.7715499,19.271549940109253
2026-07-17,Udhagamandalam(Uzhavar Sandhai ),22.5,22.5,-1.0302666,21.469733357429504
2026-07-17,Lalgudi(Uzhavar Sandhai ),25.0,25.0,-2.4090252,22.590974807739258
2026-07-17,Thalavaipuram(Uzhavar Sandhai ),22.0,22.0,-0.5819524,21.418047606945038
2026-07-17,Vadaseri APMC,28.5,32.5,-3.2606263,29.239373683929443
2026-07-17,Tamarainagar(Uzhavar Sandhai ),15.0,18.5,-0.57889044,17.921109557151794
2026-07-17,Theni(Uzhavar Sandhai ),19.0,19.0,1.2375932,20.237593173980713
2026-07-17,Sundarapuram(Uzhavar Sandhai ),22.0,22.0,-0.915512,21.084487974643707
2026-07-17,Keelpennathur(Uzhavar Sandhai ),22.5,22.5,-1.4923872,21.007612824440002
2026-07-17,Panruti(Uzhavar Sandhai ),20.0,20.0,0.2914159,20.29141589999199
2026-07-17,Anna nagar(Uzhavar Sandhai ),25.0,23.0,-0.80785346,22.19214653968811
2026-07-17,Anna nagar(Uzhavar Sandhai ),23.0,25.0,-2.3416703,22.658329725265503
2026-07-17,Musiri(Uzhavar Sandhai ),22.0,21.0,-0.40693024,20.5930697619915
2026-07-17,Sivagangai (Uzhavar Sandhai ),25.0,25.0,-2.13458,22.86542010307312
2026-07-17,Thiruverumbur(Uzhavar Sandhai ),24.0,24.0,-1.5409585,22.459041476249695
2026-07-17,Karambakkudi(Uzhavar Sandhai ),22.5,22.5,-1.1849184,21.31508159637451
2026-07-17,Perampet(Uzhavar Sandhai),18.0,14.0,1.1520557,15.152055740356445
2026-07-17,Vadavalli(Uzhavar Sandhai ),19.0,18.0,-0.011712908,17.98828709218651
2026-07-17,Myladi(Uzhavar Sandhai ),27.5,27.5,-2.7679744,24.732025623321533
2026-07-17,Denkanikottai(Uzhavar Sandhai ),17.5,17.5,0.67985857,18.179858565330505
2026-07-17,Kariyapatti(Uzhavar Sandhai ),22.5,22.5,-0.82763016,21.672369837760925
2026-07-17,Hasthampatti(Uzhavar Sandhai ),19.0,17.0,1.8636813,18.863681316375732
2026-07-17,Kulithalai(Uzhavar Sandhai ),22.5,26.0,-2.9218888,23.078111171722412
2026-07-17,Perambakkam(Uzhavar Sandhai ),30.0,30.0,-1.3808441,28.619155883789062
2026-07-17,Arcot(Uzhavar Sandhai ),16.0,16.0,0.38055903,16.380559027194977
2026-07-17,Katpadi (Uzhavar Sandhai ),21.0,21.0,-1.0852699,19.914730072021484
2026-07-17,Palani(Uzhavar Sandhai ),16.5,17.5,0.08364844,17.583648443222046
2026-07-17,Perambalur(Uzhavar Sandhai ),28.5,28.5,-1.7843874,26.715612649917603
2026-07-17,Vengamedu(Uzhavar Sandhai ),21.5,21.5,-0.13739146,21.362608537077904
2026-07-17,Thalavadi(Uzhavar Sandhai ),16.0,16.0,1.0360214,17.03602135181427
2026-07-17,Thathakapatti(Uzhavar Sandhai ),18.0,17.5,2.3987498,19.898749828338623
2026-07-17,Muthupettai(Uzhavar Sandhai ),20.0,20.0,0.11933858,20.11933857947588
2026-07-17,Pallikonda(Uzhavar Sandhai),20.0,19.0,0.09792762,19.09792762249708
2026-07-17,Mohanur(Uzhavar Sandhai ),27.5,25.0,-2.5773551,22.42264485359192
2026-07-17,Ulundurpettai APMC,25.0,25.0,-2.6368904,22.363109588623047
2026-07-17,Peravurani(Uzhavar Sandhai),25.0,25.0,-2.4928348,22.50716519355774
2026-07-17,Periyar Nagar(Uzhavar Sandhai ),19.0,19.0,-0.05399517,18.946004830300808
2026-07-17,Virudhunagar(Uzhavar Sandhai ),22.5,22.5,0.45989123,22.959891229867935
2026-07-17,Sivakasi(Uzhavar Sandhai ),22.5,22.5,-0.5971578,21.902842223644257
2026-07-17,Kumarapalayam(Uzhavar Sandhai ),16.0,17.5,2.3932786,19.8932785987854
2026-07-17,Kaveripattinam(Uzhavar Sandhai ),20.0,20.0,0.41395172,20.413951724767685
2026-07-17,Sulur(Uzhavar Sandhai ),22.0,22.0,-0.7222434,21.277756571769714
2026-07-17,Gudiyatham(Uzhavar Sandhai ),16.0,18.0,0.82548654,18.825486540794373
2026-07-17,Tenkasi(Uzhavar Sandhai ),20.0,20.0,-0.06824684,19.931753158569336
2026-07-17,Ambasamudram(Uzhavar Sandhai ),23.0,23.0,-1.1623458,21.83765423297882
2026-07-17,Attayampatti(Uzhavar Sandhai ),20.0,18.0,0.46296,18.46296000480652
2026-07-17,Vellore APMC,15.0,16.0,0.2371116,16.23711159825325
2026-07-17,Thammampatti (Uzhavar Sandhai ),17.5,16.0,-0.53642374,15.463576257228851
2026-07-17,Thuraiyur APMC,24.0,24.0,-1.6861687,22.313831329345703
2026-07-17,Perundurai(Uzhavar Sandhai ),18.0,20.0,-0.2859901,19.714009910821915
2026-07-17,Kumbakonam (Uzhavar Sandhai ),26.0,24.0,-1.1828799,22.81712007522583
2026-07-17,Cheyyar(Uzhavar Sandhai ),17.5,18.0,1.2508644,19.250864386558533
2026-07-17,Viruthachalam(Uzhavar Sandhai ),20.0,20.0,0.46684226,20.466842263936996
2026-07-17,Harur(Uzhavar Sandhai ),17.5,17.5,0.97420245,18.47420245409012
2026-07-17,Devaram(Uzhavar Sandhai ),22.0,22.0,-0.7154279,21.2845721244812
2026-07-17,Palayamkottai(Uzhavar Sandhai ),27.5,27.5,-2.961191,24.538809061050415
2026-07-17,Vadalur(Uzhavar Sandhai ),20.0,20.0,0.48748055,20.48748055100441
2026-07-17,Kundrathur(Uzhavar Sandhai ),26.0,26.0,-2.9007087,23.09929132461548
2026-07-17,Chidambaram(Uzhavar Sandhai ),20.0,20.0,0.61004674,20.61004674434662
2026-07-17,Periyakulam(Uzhavar Sandhai ),23.0,21.0,-0.39822695,20.60177305340767
2026-07-17,Nagapattinam(Uzhavar Sandhai ),30.5,27.5,0.9100473,28.41004729270935
2026-07-17,Palanganatham(Uzhavar Sandhai ),23.0,22.0,-0.63737726,21.36262273788452
2026-07-17,Andipatti(Uzhavar Sandhai ),23.0,21.0,-0.49408576,20.505914241075516
2026-07-17,Sunguvarchatram(Uzhavar Sandhai ),26.0,26.0,-2.7926152,23.207384824752808
2026-07-17,Karimangalam(Uzhavar Sandhai),19.0,19.0,-0.24431318,18.755686819553375
2026-07-17,Srivilliputhur(Uzhavar Sandhai ),17.5,17.5,1.2445289,18.744528889656067
2026-07-17,NGO Colony(Uzhavar Sandhai ),27.5,27.5,-3.1864817,24.313518285751343
2026-07-17,Pollachi(Uzhavar Sandhai ),22.5,22.5,-1.0870901,21.412909865379333
2026-07-17,Thirukalukundram(Uzhavar Sandhai ),21.0,23.5,0.058246385,23.55824638530612
2026-07-17,Thanjavur(Uzhavar Sandhai ),24.0,22.0,-0.5958769,21.40412312746048
2026-07-18,Dindigul(Uzhavar Sandhai ),22.5,22.5,-0.31083846,22.18916153907776
2026-07-18,Palani(Uzhavar Sandhai ),17.5,16.5,1.1078472,17.607847213745117
2026-07-18,Needamangalam(Uzhavar Sandhai ),20.0,20.0,0.50021875,20.500218749046326
2026-07-18,Thathakapatti(Uzhavar Sandhai ),17.5,18.0,2.4810128,20.48101282119751
2026-07-18,Rajapalayam(Uzhavar Sandhai ),17.5,17.5,0.9301792,18.430179178714752
2026-07-18,Tiruppur (South) (Uzhavar Sandhai ),16.5,16.5,1.5616679,18.061667919158936
2026-07-18,Vedasanthur(Uzhavar Sandhai ),17.5,16.5,2.2302194,18.73021936416626
2026-07-18,Vaniyampadi(Uzhavar Sandhai ),15.0,15.0,2.439086,17.439085960388184
2026-07-18,Cuddalore(Uzhavar Sandhai ),20.0,20.0,0.40968677,20.409686774015427
2026-07-18,Aruppukottai(Uzhavar Sandhai ),22.5,22.5,-0.56862265,21.931377351284027
2026-07-18,Devaram(Uzhavar Sandhai ),24.0,22.0,-0.40329242,21.596707582473755
2026-07-18,Viralimalai(Uzhavar Sandhai ),22.5,22.5,0.8674972,23.367497205734253
2026-07-18,Sundarapuram(Uzhavar Sandhai ),22.0,22.0,-0.55460554,21.445394456386566
2026-07-18,Vadalur(Uzhavar Sandhai ),20.0,20.0,0.5855786,20.585578620433807
2026-07-18,Karambakkudi(Uzhavar Sandhai ),22.5,22.5,-0.76029605,21.739703953266144
2026-07-18,Katpadi (Uzhavar Sandhai ),21.0,21.0,-0.5928572,20.40714281797409
2026-07-18,Tuticorin(Uzhavar Sandhai ),22.5,22.5,-0.44074008,22.059259921312332
2026-07-18,Chinnamanur(Uzhavar Sandhai ),21.0,20.0,0.26550046,20.265500456094742
2026-07-18,Vellore APMC,15.0,15.0,1.2052145,16.205214500427246
2026-07-18,Vadavalli(Uzhavar Sandhai ),20.0,19.0,0.42171806,19.421718060970306
2026-07-18,Kulithalai(Uzhavar Sandhai ),22.5,22.5,0.19682898,22.696828976273537
2026-07-18,Panruti(Uzhavar Sandhai ),20.0,20.0,0.63087934,20.630879342556
2026-07-18,Tiruthani(Uzhavar Sandhai ),25.0,25.0,-1.5566844,23.443315625190735
2026-07-18,Polur(Uzhavar Sandhai ),17.5,17.5,0.9656804,18.465680420398712
2026-07-18,Devakottai (Uzhavar Sandhai ),22.5,25.0,-0.9291496,24.070850372314453
2026-07-18,RSPuram(Uzhavar Sandhai ),17.0,19.0,-0.079673074,18.92032692581415
2026-07-18,Dharmapuri(Uzhavar Sandhai ),19.0,19.0,1.7255096,20.725509643554688
2026-07-18,Periyakulam(Uzhavar Sandhai ),22.0,23.0,-0.99917454,22.000825464725494
2026-07-18,Denkanikottai(Uzhavar Sandhai ),17.5,17.5,1.1127485,18.612748503684998
2026-07-18,Ranipettai(Uzhavar Sandhai ),19.0,17.5,-0.0057267197,17.494273280259222
2026-07-18,Sathur(Uzhavar Sandhai ),23.5,22.5,0.8266452,23.32664519548416
2026-07-18,Arcot(Uzhavar Sandhai ),16.0,16.0,0.57894444,16.578944444656372
2026-07-18,Bodinayakanur(Uzhavar Sandhai ),24.0,20.0,0.20540892,20.205408915877342
2026-07-18,Tiruvarur(Uzhavar Sandhai ),20.0,20.0,0.3771581,20.377158105373383
2026-07-18,Mecheri(Uzhavar Sandhai),18.0,17.5,0.7972197,18.297219693660736
2026-07-18,Vedaranyam(Uzhavar Sandhai),33.5,33.5,-1.0155026,32.48449742794037
2026-07-18,Periyar Nagar(Uzhavar Sandhai ),19.0,19.0,1.4441825,20.444182515144348
2026-07-18,Manapparai(Uzhavar Sandhai ),24.0,24.0,-1.4344256,22.565574407577515
2026-07-18,Ariyalur(Uzhavar Sandhai),27.5,27.5,-2.8895025,24.61049747467041
2026-07-18,Sunguvarchatram(Uzhavar Sandhai ),26.0,26.0,-2.709664,23.29033589363098
2026-07-18,Thirumangalam(Uzhavar Sandhai ),23.0,23.0,-1.0429684,21.95703160762787
2026-07-18,Sampath Nagar(Uzhavar Sandhai ),19.0,19.0,0.20514287,19.205142870545387
2026-07-18,Tiruvallur(Uzhavar Sandhai ),27.5,27.5,-0.7715131,26.72848689556122
2026-07-18,Paramakudi(Uzhavar Sandhai ),26.5,22.5,0.8784073,23.378407299518585
2026-07-18,Kangayam(Uzhavar Sandhai ),16.0,14.0,1.813727,15.813727021217346
2026-07-18,Tindivanam APMC,18.0,18.0,0.118096106,18.118096105754375
2026-07-18,Singampunari(Uzhavar Sandhai ),25.0,25.0,-1.5042285,23.495771527290344
2026-07-18,Pallapatti (Uzhavar Sandhai ),25.0,24.0,-1.4415096,22.55849039554596
2026-07-18,Krishnagiri(Uzhavar Sandhai ),17.5,14.0,3.5575774,17.55757737159729
2026-07-18,Palanganatham(Uzhavar Sandhai ),22.0,23.0,-0.9492155,22.050784528255463
2026-07-18,Avallapalli(Uzhavar Sandhai ),17.5,17.5,2.4548771,19.954877138137817
2026-07-18,Kurichi(Uzhavar Sandhai ),22.0,22.0,-0.393474,21.606525987386703
2026-07-18,NGO Colony(Uzhavar Sandhai ),27.5,27.5,-2.941637,24.55836296081543
2026-07-18,Thanjavur(Uzhavar Sandhai ),24.0,24.0,-1.2899333,22.71006667613983
2026-07-18,Mayiladuthurai(Uzhavar Sandhai ),22.5,22.5,-0.33256117,22.167438834905624
2026-07-18,Tenkasi(Uzhavar Sandhai ),22.0,20.0,0.052744422,20.052744422107935
2026-07-18,Sooramangalam(Uzhavar Sandhai ),19.0,19.0,2.3333356,21.333335638046265
2026-07-18,AJattihalli(Uzhavar Sandhai ),18.0,19.0,1.3759699,20.375969886779785
2026-07-18,Jeyankondam (Uzhavar Sandhai ),24.0,22.0,-0.4421392,21.557860791683197
2026-07-18,Naravarikuppam(Uzhavar Sandhai ),30.0,25.0,-2.2671814,22.732818603515625
2026-07-18,Muthupettai(Uzhavar Sandhai ),20.0,20.0,0.6339453,20.633945286273956
2026-07-18,Ulundurpettai APMC,25.0,25.0,-2.373144,22.626856088638306
2026-07-18,Kumbakonam (Uzhavar Sandhai ),25.0,26.0,-2.3728783,23.627121686935425
2026-07-18,Valangaiman APMC,22.0,22.0,-0.011078747,21.98892125301063
2026-07-18,Viruthachalam(Uzhavar Sandhai ),20.0,20.0,0.58129805,20.581298053264618
2026-07-18,Gobichettipalayam(Uzhavar Sandhai ),21.0,21.0,-0.45158,20.548420011997223
2026-07-18,Villupuram(Uzhavar Sandhai ),20.0,20.0,-0.038642954,19.961357045918703
2026-07-18,Thammampatti (Uzhavar Sandhai ),14.0,17.5,-0.23296893,17.26703107357025
2026-07-18,Gandhigramam(Uzhavar Sandhai),22.0,22.0,-0.17497163,21.825028374791145
2026-07-18,Pallavaram(Uzhavar Sandhai ),18.5,17.5,0.48926517,17.98926517367363
2026-07-18,Manachanallur(Uzhavar Sandhai ),24.0,24.0,-0.896064,23.1039360165596
2026-07-18,Melur(Uzhavar Sandhai ),23.0,23.0,-1.0580648,21.941935181617737
2026-07-18,Kahithapattarai(Uzhavar Sandhai ),19.0,18.0,-0.42338747,17.576612532138824
2026-07-18,Singanallur(Uzhavar Sandhai ),22.0,22.0,-0.51368916,21.486310839653015
2026-07-18,Attayampatti(Uzhavar Sandhai ),20.0,20.0,0.18847282,20.18847282230854
2026-07-18,Alangudi(Uzhavar Sandhai ),22.5,22.5,-0.24332426,22.256675735116005
2026-07-18,Gudalur(Uzhavar Sandhai ),27.5,27.5,-3.1894429,24.3105571269989
2026-07-18,Ramanathapuram(Uzhavar Sandhai ),26.5,22.5,0.8572127,23.357212722301483
2026-07-18,Elampillai(Uzhavar Sandhai ),19.0,19.0,0.42770758,19.427707582712173
2026-07-18,Perampet(Uzhavar Sandhai),16.0,18.0,0.65527874,18.655278742313385
2026-07-18,Ammapet(Uzhavar Sandhai ),15.0,16.5,2.1801536,18.680153608322144
2026-07-18,Srivilliputhur(Uzhavar Sandhai ),18.5,17.5,0.7950192,18.295019209384918
2026-07-18,Melapalayam(Uzhavar Sandhai ),27.5,27.5,-2.6112077,24.888792276382446
2026-07-18,Pollachi(Uzhavar Sandhai ),19.0,22.5,-0.7701259,21.729874074459076
2026-07-18,Velayuthampalayam(Uzhavar Sandhai ),22.0,21.0,0.14564802,21.145648017525673
2026-07-18,Nagapattinam(Uzhavar Sandhai ),29.0,30.5,-0.9373059,29.56269407272339
2026-07-18,Peravurani(Uzhavar Sandhai),25.0,25.0,-2.368227,22.631772994995117
2026-07-18,Chokkikulam(Uzhavar Sandhai ),23.0,23.0,-0.78754425,22.21245574951172
2026-07-18,Lalgudi(Uzhavar Sandhai ),24.0,25.0,-2.2289877,22.77101230621338
2026-07-18,Udhagamandalam(Uzhavar Sandhai ),26.5,22.5,-0.54301965,21.956980347633362
2026-07-18,Karur(Uzhavar Sandhai ),21.5,21.5,-0.37043425,21.129565745592117
2026-07-18,Natrampalli(Uzhavar Sandhai ),11.0,11.0,2.8451624,13.845162391662598
2026-07-18,Harur(Uzhavar Sandhai ),17.5,17.5,1.5600474,19.060047388076782
2026-07-18,Vandavasi(Uzhavar Sandhai ),17.5,17.5,1.7888831,19.288883090019226
2026-07-18,Tiruppur (North) (Uzhavar Sandhai ),18.0,17.5,0.52910674,18.029106736183167
2026-07-18,Pennagaram(Uzhavar Sandhai ),21.0,19.0,3.0703528,22.070352792739868
2026-07-18,Nanganallur(Uzhavar Sandhai ),19.0,22.5,0.28218317,22.782183170318604
2026-07-18,Pudukottai(Uzhavar Sandhai ),22.5,22.5,-0.8626643,21.63733571767807
2026-07-18,Karaikudi(Uzhavar Sandhai ),27.0,27.0,-1.2059163,25.79408371448517
2026-07-18,Thalavaipuram(Uzhavar Sandhai ),18.0,22.0,-0.09470796,21.90529204159975
2026-07-18,Palladam(Uzhavar Sandhai ),21.0,17.5,1.6410085,19.141008496284485
2026-07-18,Chengam(Uzhavar Sandhai ),18.0,18.0,-0.26911825,17.73088175058365
2026-07-18,Hosur(Uzhavar Sandhai ),17.5,17.5,2.3548772,19.85487723350525
2026-07-18,Madhuranthagam(Uzhavar Sandhai ),20.0,20.0,0.15058155,20.150581553578377
2026-07-18,Tirukattupalli(Uzhavar Sandhai ),25.0,24.0,-1.216203,22.783797025680542
2026-07-18,Guduvancheri(Uzhavar Sandhai ),19.0,19.0,0.4947511,19.49475109577179
2026-07-18,Edapadi (Uzhavar Sandhai ),20.0,20.0,-0.16118331,19.838816687464714
2026-07-18,Dharapuram(Uzhavar Sandhai ),17.5,17.5,-0.30352035,17.19647964835167
2026-07-18,Usilampatti(Uzhavar Sandhai ),23.0,23.0,-0.6677361,22.33226388692856
2026-07-18,Sankarapuram(Uzhavar Sandhai ),25.0,25.0,-1.6527544,23.347245573997498
2026-07-18,Sulur(Uzhavar Sandhai ),22.0,22.0,-0.44592738,21.554072618484497
2026-07-18,Kundrathur(Uzhavar Sandhai ),26.0,26.0,-2.787369,23.21263098716736
2026-07-18,Karimangalam(Uzhavar Sandhai),19.0,19.0,0.27743706,19.277437061071396
2026-07-18,Andipatti(Uzhavar Sandhai ),23.0,23.0,-1.023809,21.97619104385376
2026-07-18,Palacode(Uzhavar Sandhai ),19.0,19.0,1.7398872,20.739887237548828
2026-07-18,Mettur(Uzhavar Sandhai ),17.5,19.0,1.4892033,20.489203333854675
2026-07-18,Kallakurichi(Uzhavar Sandhai ),25.0,25.0,-1.9067934,23.093206644058228
2026-07-18,Kumarapalayam(Uzhavar Sandhai ),22.0,16.0,3.5446692,19.544669151306152
2026-07-18,KKNagar(Uzhavar Sandhai ),24.0,24.0,-1.1634941,22.836505889892578
2026-07-18,Mettupalayam(Uzhavar Sandhai ),22.0,22.0,-0.59363246,21.406367540359497
2026-07-18,Thuraiyur APMC,18.0,24.0,-1.3778514,22.622148633003235
2026-07-18,Tiruvannamalai(Uzhavar Sandhai ),16.5,16.5,2.212701,18.712701082229614
2026-07-18,Virudhunagar(Uzhavar Sandhai ),22.0,22.5,0.69934994,23.19934993982315
2026-07-18,Kovilpatti(Uzhavar Sandhai ),27.5,22.5,0.44521314,22.94521313905716
2026-07-18,Perundurai(Uzhavar Sandhai ),19.0,18.0,0.18378471,18.1837847083807
2026-07-18,Gudiyatham(Uzhavar Sandhai ),15.0,16.0,2.0836782,18.083678245544434
2026-07-18,Cheyyar(Uzhavar Sandhai ),17.5,17.5,1.4180521,18.918052077293396
2026-07-18,Sathiyamagalam(Uzhavar Sandhai ),21.5,21.5,1.8090053,23.30900526046753
2026-07-18,Sivakasi(Uzhavar Sandhai ),22.5,22.5,-0.46714628,22.032853722572327
2026-07-18,Sirkali(Uzhavar Sandhai ),22.5,22.5,-0.5085537,21.991446316242218
2026-07-18,Kandiyaperi(Uzhavar Sandhai ),27.5,27.5,-2.376761,25.123239040374756
2026-07-18,Chidambaram(Uzhavar Sandhai ),20.0,20.0,0.7287834,20.728783428668976
2026-07-18,Jalagandapuram(Uzhavar Sandhai ),16.5,18.0,1.6777318,19.67773175239563
2026-07-18,Vazhapadi(Uzhavar Sandhai),14.0,17.5,1.4972057,18.99720573425293
2026-07-18,Tirupatthur(Uzhavar Sandhai ),26.5,26.5,-1.0415822,25.458417773246765
2026-07-18,Paruthipattu(Uzhavar Sandhai ),30.0,30.0,-2.9529963,27.047003746032715
2026-07-18,Kaveripattinam(Uzhavar Sandhai ),20.0,20.0,0.32038406,20.320384055376053
2026-07-18,Gingee(Uzhavar Sandhai ),20.0,20.0,0.22678632,20.22678631544113
2026-07-18,Mannargudi II(Uzhavar Sandhai ),22.0,22.0,-0.92244285,21.077557146549225
2026-07-18,Palayamkottai(Uzhavar Sandhai ),27.5,27.5,-2.524452,24.975548028945923
2026-07-18,Thalavadi(Uzhavar Sandhai ),18.0,16.0,1.5972073,17.59720730781555
2026-07-18,Anna nagar(Uzhavar Sandhai ),22.0,25.0,-2.1273394,22.872660636901855
2026-07-18,Medavakkam(Uzhavar Sandhai ),20.0,20.0,0.49817514,20.498175144195557
2026-07-18,Kamuthi(Uzhavar Sandhai ),26.5,32.5,-2.6704755,29.829524517059326
2026-07-18,Arani(Uzhavar Sandhai ),17.5,17.5,1.2406658,18.740665793418884
2026-07-18,Gandarvakottai(Uzhavar Sandhai ),22.5,22.5,-0.5301001,21.969899892807007
2026-07-18,Sivagangai (Uzhavar Sandhai ),25.0,25.0,-1.4093636,23.590636372566223
2026-07-18,Thiruverumbur(Uzhavar Sandhai ),24.0,24.0,-1.2409168,22.759083151817322
2026-07-18,Musiri(Uzhavar Sandhai ),22.0,22.0,-0.3712589,21.628741085529327
2026-07-18,Vengamedu(Uzhavar Sandhai ),21.5,21.5,-0.051857445,21.448142554610968
2026-07-18,Anna nagar(Uzhavar Sandhai ),22.0,22.0,1.1156423,23.115642309188843
2026-07-18,Perambalur(Uzhavar Sandhai ),31.0,28.5,-0.72667,27.773329973220825
2026-07-18,Perambakkam(Uzhavar Sandhai ),30.0,30.0,-1.2898849,28.71011507511139
2026-07-18,Myladi(Uzhavar Sandhai ),27.5,27.5,-2.0355089,25.46449112892151
2026-07-18,Aranthangi(Uzhavar Sandhai ),22.5,22.5,-0.33159116,22.1684088408947
2026-07-18,Kancheepuram(Uzhavar Sandhai ),19.0,20.5,0.109803565,20.609803564846516
2026-07-18,Tiruchengode APMC,22.0,19.0,0.50525886,19.505258858203888
2026-07-18,Mohanur(Uzhavar Sandhai ),27.0,27.5,-3.7840004,23.715999603271484
2026-07-18,Rasipuram(Uzhavar Sandhai ),24.0,26.0,-2.5844934,23.415506601333618
2026-07-18,Kariyapatti(Uzhavar Sandhai ),22.5,22.5,-0.61825544,21.88174456357956
2026-07-18,Hasthampatti(Uzhavar Sandhai ),18.0,19.0,2.2785149,21.278514862060547
2026-07-18,Pattukottai(Uzhavar Sandhai ),20.0,26.0,-2.411802,23.588197946548462
2026-07-18,Chengalpet(Uzhavar Sandhai ),19.0,21.5,-0.59633154,20.903668463230133
2026-07-18,Padappai(Uzhavar Sandhai ),19.0,19.0,0.6201229,19.6201229095459
2026-07-18,Ponnamaravathi(Uzhavar Sandhai),22.5,22.5,-0.46303564,22.03696435689926
2026-07-18,Udumalpet APMC,15.0,19.0,0.065203756,19.06520375609398
2026-07-18,Thirupathur APMC,20.0,20.0,-0.23773475,19.762265250086784
2026-07-18,Athur(Uzhavar Sandhai ),16.5,16.5,0.5013791,17.001379072666168
2026-07-18,Keelpennathur(Uzhavar Sandhai ),17.5,22.5,-1.3075173,21.192482709884644
2026-07-18,Ambasamudram(Uzhavar Sandhai ),23.0,23.0,-0.66562414,22.334375858306885
2026-07-18,Paramathivelur(Uzhavar Sandhai ),25.0,26.0,-2.6403804,23.359619617462158
2026-07-18,Kambam(Uzhavar Sandhai ),23.0,22.0,-0.69789135,21.302108645439148
2026-07-18,Theni(Uzhavar Sandhai ),20.0,19.0,1.8472115,20.847211480140686
2026-07-18,Ambattur(Uzhavar Sandhai ),25.0,25.0,-1.1618117,23.83818829059601
2026-07-18,Anaiyur(Uzhavar Sandhai ),22.0,22.0,-0.11587305,21.88412694633007
2026-07-18,Vadaseri APMC,28.5,28.5,-0.40200225,28.09799775481224
2026-07-18,Coonoor(Uzhavar Sandhai ),27.0,26.5,-2.6651142,23.834885835647583
2026-07-18,Papanasam(Uzhavar Sandhai ),23.0,26.0,-2.349139,23.650861024856567
2026-07-18,Pallikonda(Uzhavar Sandhai),15.0,20.0,-0.14993207,19.85006792843342
2026-07-18,Tamarainagar(Uzhavar Sandhai ),16.5,15.0,2.07201,17.072010040283203
2026-07-18,Chinnalapatti(Uzhavar Sandhai ),22.5,21.5,-0.005516583,21.49448341690004
2026-07-18,Sankarankoil(Uzhavar Sandhai ),25.0,25.0,-2.0485835,22.951416492462158
2026-07-18,Jameenrayapettai(Uzhavar Sandhai ),19.0,19.0,0.4947511,19.49475109577179
2026-07-18,Mannargudi I(Uzhavar Sandhai ),22.0,22.0,-0.5282198,21.47178018093109
2026-07-19,Dharmapuri(Uzhavar Sandhai ),19.0,19.0,2.1068182,21.106818199157715
2026-07-19,Devaram(Uzhavar Sandhai ),24.0,24.0,-1.2435907,22.756409287452698
2026-07-19,Mohanur(Uzhavar Sandhai ),24.0,27.0,-3.2290237,23.770976305007935
2026-07-19,Periyar Nagar(Uzhavar Sandhai ),21.0,19.0,2.8973641,21.897364139556885
2026-07-19,Mecheri(Uzhavar Sandhai),18.0,18.0,1.5987655,19.59876549243927
2026-07-19,Perampet(Uzhavar Sandhai),14.0,16.0,1.3067302,17.306730151176453
2026-07-19,Valangaiman APMC,22.0,22.0,-0.2060754,21.79392459988594
2026-07-19,Karaikudi(Uzhavar Sandhai ),27.0,27.0,-1.3287572,25.671242833137512
2026-07-19,Vaniyampadi(Uzhavar Sandhai ),15.0,15.0,2.6265337,17.62653374671936
2026-07-19,Ambasamudram(Uzhavar Sandhai ),23.0,23.0,-0.84640217,22.153597831726074
2026-07-19,Karur(Uzhavar Sandhai ),21.5,21.5,-0.33676222,21.163237780332565
2026-07-19,Kamuthi(Uzhavar Sandhai ),24.0,26.5,-0.62417996,25.87582004070282
2026-07-19,Krishnagiri(Uzhavar Sandhai ),17.5,17.5,2.1701999,19.670199871063232
2026-07-19,Palayamkottai(Uzhavar Sandhai ),27.5,27.5,-2.294522,25.205477952957153
2026-07-19,AJattihalli(Uzhavar Sandhai ),18.0,18.0,2.1244946,20.124494552612305
2026-07-19,Pattukottai(Uzhavar Sandhai ),26.0,20.0,0.90641993,20.906419932842255
2026-07-19,Velayuthampalayam(Uzhavar Sandhai ),22.0,22.0,-0.3122092,21.68779081106186
2026-07-19,Coonoor(Uzhavar Sandhai ),27.0,27.0,-2.1831186,24.81688141822815
2026-07-19,Thanjavur(Uzhavar Sandhai ),24.0,24.0,-1.1591624,22.840837597846985
2026-07-19,Vandavasi(Uzhavar Sandhai ),17.5,17.5,1.4674433,18.967443346977234
2026-07-19,Jalagandapuram(Uzhavar Sandhai ),16.5,16.5,2.493501,18.99350094795227
2026-07-19,Sivakasi(Uzhavar Sandhai ),22.5,22.5,-0.43198505,22.068014949560165
2026-07-19,Cuddalore(Uzhavar Sandhai ),20.0,20.0,0.060469,20.0604690015316
2026-07-19,Hosur(Uzhavar Sandhai ),17.5,17.5,1.6024348,19.102434754371643
2026-07-19,RSPuram(Uzhavar Sandhai ),15.5,17.0,2.126927,19.1269268989563
2026-07-19,Viralimalai(Uzhavar Sandhai ),27.5,22.5,-0.3410536,22.15894639492035
2026-07-19,Pudukottai(Uzhavar Sandhai ),27.5,22.5,-0.013001662,22.486998338252306
2026-07-19,Palladam(Uzhavar Sandhai ),17.5,21.0,0.893672,21.893671989440918
2026-07-19,Chengam(Uzhavar Sandhai ),17.5,18.0,-0.28368607,17.716313928365707
2026-07-19,Guduvancheri(Uzhavar Sandhai ),19.0,19.0,0.7351103,19.73511028289795
2026-07-19,Mannargudi II(Uzhavar Sandhai ),22.0,22.0,-0.909635,21.09036499261856
2026-07-19,Mannargudi I(Uzhavar Sandhai ),22.0,22.0,-0.6330182,21.36698180437088
2026-07-19,Udumalpet APMC,17.5,15.0,0.93813074,15.938130736351013
2026-07-19,Athur(Uzhavar Sandhai ),17.5,16.5,1.7933793,18.293379306793213
2026-07-19,Theni(Uzhavar Sandhai ),19.0,20.0,0.31673977,20.31673976778984
2026-07-19,Ponnamaravathi(Uzhavar Sandhai),27.5,22.5,-0.20097253,22.29902747273445
2026-07-19,Anaiyur(Uzhavar Sandhai ),23.0,22.0,0.054992594,22.054992593824863
2026-07-19,Vadaseri APMC,32.5,28.5,0.1700431,28.670043095946312
2026-07-19,Pallikonda(Uzhavar Sandhai),15.0,15.0,1.6163471,16.616347074508667
2026-07-19,Chinnalapatti(Uzhavar Sandhai ),22.5,22.5,-0.1802672,22.319732800126076
2026-07-19,Kambam(Uzhavar Sandhai ),23.0,23.0,-1.0971746,21.902825355529785
2026-07-19,Gandarvakottai(Uzhavar Sandhai ),22.5,22.5,-0.4648206,22.035179406404495
2026-07-19,Vengamedu(Uzhavar Sandhai ),21.5,21.5,0.09927665,21.599276646971703
2026-07-19,Tiruppur (North) (Uzhavar Sandhai ),18.5,18.0,0.14388569,18.1438856869936
2026-07-19,Perambakkam(Uzhavar Sandhai ),30.0,30.0,-1.5487684,28.451231598854065
2026-07-19,Harur(Uzhavar Sandhai ),17.5,17.5,1.8456206,19.34562063217163
2026-07-19,Chokkikulam(Uzhavar Sandhai ),23.0,23.0,-0.38792992,22.612070083618164
2026-07-19,Karimangalam(Uzhavar Sandhai),19.0,19.0,0.5475749,19.547574877738953
2026-07-19,Palacode(Uzhavar Sandhai ),19.0,19.0,2.1667342,21.166734218597412
2026-07-19,Kallakurichi(Uzhavar Sandhai ),25.0,25.0,-1.9120682,23.087931752204895
2026-07-19,Kumarapalayam(Uzhavar Sandhai ),22.0,22.0,0.7438194,22.743819415569305
2026-07-19,Natrampalli(Uzhavar Sandhai ),12.5,11.0,2.7992766,13.79927659034729
2026-07-19,Mettupalayam(Uzhavar Sandhai ),22.0,22.0,-0.4650573,21.53494268655777
2026-07-19,Virudhunagar(Uzhavar Sandhai ),21.5,22.0,0.20979024,22.209790244698524
2026-07-19,Perundurai(Uzhavar Sandhai ),18.0,19.0,0.3658604,19.365860402584076
2026-07-19,Sathiyamagalam(Uzhavar Sandhai ),20.0,21.5,2.0807295,23.580729484558105
2026-07-19,Chidambaram(Uzhavar Sandhai ),20.0,20.0,0.77436274,20.77436274290085
2026-07-19,Paruthipattu(Uzhavar Sandhai ),30.0,30.0,-2.9582207,27.041779279708862
2026-07-19,Tirupatthur(Uzhavar Sandhai ),26.5,26.5,-1.0828153,25.417184710502625
2026-07-19,Sulur(Uzhavar Sandhai ),22.0,22.0,-0.40818083,21.591819167137146
2026-07-19,Sankarapuram(Uzhavar Sandhai ),25.0,25.0,-1.9188144,23.081185579299927
2026-07-19,Srivilliputhur(Uzhavar Sandhai ),18.5,18.5,0.7491027,19.24910271167755
2026-07-19,Thirukalukundram(Uzhavar Sandhai ),19.0,21.0,1.639769,22.639768958091736
2026-07-19,Nagapattinam(Uzhavar Sandhai ),32.5,29.0,-1.326736,27.673264026641846
2026-07-19,Devakottai (Uzhavar Sandhai ),26.0,22.5,0.7537165,23.25371652841568
2026-07-19,Tiruchengode APMC,22.0,22.0,-0.3905087,21.609491288661957
2026-07-19,Perambalur(Uzhavar Sandhai ),28.5,31.0,-2.5827715,28.41722846031189
2026-07-19,Kariyapatti(Uzhavar Sandhai ),19.0,22.5,-0.30008128,22.19991871714592
2026-07-19,Sooramangalam(Uzhavar Sandhai ),19.0,19.0,2.3066475,21.306647539138794
2026-07-19,Mayiladuthurai(Uzhavar Sandhai ),22.5,22.5,-0.5464612,21.95353877544403
2026-07-19,Manapparai(Uzhavar Sandhai ),24.0,24.0,-1.1794696,22.8205304145813
2026-07-19,Thirumangalam(Uzhavar Sandhai ),22.0,23.0,-0.9668657,22.033134281635284
2026-07-19,Pallapatti (Uzhavar Sandhai ),25.0,25.0,-2.2479563,22.75204372406006
2026-07-19,Vedaranyam(Uzhavar Sandhai),33.0,33.5,-1.4231966,32.07680344581604
2026-07-19,Avallapalli(Uzhavar Sandhai ),17.5,17.5,1.5750747,19.075074672698975
2026-07-19,Ulundurpettai APMC,22.0,25.0,-2.491083,22.508917093276978
2026-07-19,Palanganatham(Uzhavar Sandhai ),23.0,22.0,0.007654763,22.00765476282686
2026-07-19,Singampunari(Uzhavar Sandhai ),25.0,25.0,-1.4497173,23.5502827167511
2026-07-19,Sampath Nagar(Uzhavar Sandhai ),21.0,19.0,2.2400992,21.24009919166565
2026-07-19,Sunguvarchatram(Uzhavar Sandhai ),26.0,26.0,-2.7696612,23.23033881187439
2026-07-19,Attayampatti(Uzhavar Sandhai ),19.0,20.0,0.34478506,20.344785064458847
2026-07-19,Kumbakonam (Uzhavar Sandhai ),26.0,25.0,-2.109025,22.89097499847412
2026-07-19,Vadalur(Uzhavar Sandhai ),20.0,20.0,0.4275816,20.42758160829544
2026-07-19,Aruppukottai(Uzhavar Sandhai ),17.5,22.5,-0.6251864,21.874813616275787
2026-07-19,Tiruthani(Uzhavar Sandhai ),25.0,25.0,-1.6605353,23.33946466445923
2026-07-19,Gudalur(Uzhavar Sandhai ),23.5,27.5,-3.1489437,24.351056337356567
2026-07-19,Chengalpet(Uzhavar Sandhai ),19.0,19.0,0.3632947,19.363294690847397
2026-07-19,Kahithapattarai(Uzhavar Sandhai ),19.0,19.0,-0.35161474,18.648385256528854
2026-07-19,Gobichettipalayam(Uzhavar Sandhai ),21.0,21.0,0.010035666,21.0100356657058
2026-07-19,Aranthangi(Uzhavar Sandhai ),27.5,22.5,0.53906673,23.03906673192978
2026-07-19,Musiri(Uzhavar Sandhai ),22.0,22.0,-0.26794234,21.7320576608181
2026-07-19,Sankarankoil(Uzhavar Sandhai ),25.0,25.0,-1.7474508,23.252549171447754
2026-07-19,Tirukattupalli(Uzhavar Sandhai ),26.0,25.0,-2.0430214,22.95697855949402
2026-07-19,Anna nagar(Uzhavar Sandhai ),22.0,22.0,-0.13168603,21.86831396818161
2026-07-19,Anna nagar(Uzhavar Sandhai ),23.0,22.0,-0.08261374,21.917386263608932
2026-07-19,Sundarapuram(Uzhavar Sandhai ),22.0,22.0,-0.49368665,21.50631335377693
2026-07-19,Karambakkudi(Uzhavar Sandhai ),27.5,22.5,-0.25866953,22.241330474615097
2026-07-19,Tiruppur (South) (Uzhavar Sandhai ),16.5,16.5,1.1314318,17.631431818008423
2026-07-19,Sathur(Uzhavar Sandhai ),23.5,23.5,-0.735404,22.764595985412598
2026-07-19,Kulithalai(Uzhavar Sandhai ),25.0,22.5,0.39743268,22.897432684898376
2026-07-19,Tuticorin(Uzhavar Sandhai ),22.5,22.5,-0.47743943,22.022560566663742
2026-07-19,Thathakapatti(Uzhavar Sandhai ),17.0,17.5,0.6974286,18.197428584098816
2026-07-19,Needamangalam(Uzhavar Sandhai ),20.0,20.0,2.2117279,22.21172785758972
2026-07-19,Tiruvarur(Uzhavar Sandhai ),20.0,20.0,0.365664,20.36566400527954
2026-07-19,Naravarikuppam(Uzhavar Sandhai ),30.0,30.0,-4.935554,25.064445972442627
2026-07-19,Muthupettai(Uzhavar Sandhai ),20.0,20.0,0.6245908,20.624590814113617
2026-07-19,Gandhigramam(Uzhavar Sandhai),22.0,22.0,-0.005124585,21.994875415228307
2026-07-19,Mettur(Uzhavar Sandhai ),17.5,17.5,2.4556763,19.955676317214966
2026-07-19,Sirkali(Uzhavar Sandhai ),22.5,22.5,-0.5451405,21.954859495162964
2026-07-19,Lalgudi(Uzhavar Sandhai ),25.0,24.0,-1.1453052,22.854694843292236
2026-07-19,Alangudi(Uzhavar Sandhai ),27.5,22.5,0.34555754,22.845557540655136
2026-07-19,Ammapet(Uzhavar Sandhai ),18.0,15.0,3.4863632,18.486363172531128
2026-07-19,Gudiyatham(Uzhavar Sandhai ),16.0,15.0,1.7613387,16.761338710784912
2026-07-19,Jameenrayapettai(Uzhavar Sandhai ),19.0,19.0,0.6555028,19.655502796173096
2026-07-19,Gingee(Uzhavar Sandhai ),20.0,20.0,0.39532655,20.395326554775238
2026-07-19,Arani(Uzhavar Sandhai ),17.5,17.5,1.2975694,18.797569394111633
2026-07-19,Melapalayam(Uzhavar Sandhai ),27.5,27.5,-2.5143774,24.98562264442444
2026-07-19,Polur(Uzhavar Sandhai ),17.5,17.5,0.91169226,18.411692261695862
2026-07-19,Bodinayakanur(Uzhavar Sandhai ),24.0,24.0,-0.96102494,23.038975059986115
2026-07-19,Periyakulam(Uzhavar Sandhai ),23.0,22.0,-0.0590007,21.940999299287796
2026-07-19,Tiruvannamalai(Uzhavar Sandhai ),16.5,16.5,0.33132124,16.831321239471436
2026-07-19,Thuraiyur APMC,18.0,18.0,1.1705977,19.170597672462463
2026-07-19,Kangayam(Uzhavar Sandhai ),14.0,16.0,0.0640919,16.06409189850092
2026-07-19,Tamarainagar(Uzhavar Sandhai ),16.5,16.5,0.50007075,17.00007075071335
2026-07-19,Kurichi(Uzhavar Sandhai ),22.0,22.0,-0.25172934,21.74827066063881
2026-07-19,Vadavalli(Uzhavar Sandhai ),18.0,20.0,-0.09467922,19.905320778489113
2026-07-19,Nanganallur(Uzhavar Sandhai ),19.0,19.0,1.8213123,20.821312308311462
2026-07-19,Sivagangai (Uzhavar Sandhai ),25.0,25.0,-1.3418083,23.658191680908203
2026-07-19,Hasthampatti(Uzhavar Sandhai ),17.0,18.0,2.6977758,20.697775840759277
2026-07-19,Thiruverumbur(Uzhavar Sandhai ),24.0,24.0,-1.1746383,22.825361728668213
2026-07-19,Medavakkam(Uzhavar Sandhai ),20.0,20.0,0.44036222,20.440362215042114
2026-07-19,Rajapalayam(Uzhavar Sandhai ),17.5,17.5,0.92727596,18.427275955677032
2026-07-19,Vazhapadi(Uzhavar Sandhai),17.5,14.0,2.926407,16.92640709877014
2026-07-19,Paramakudi(Uzhavar Sandhai ),26.5,26.5,-2.0162904,24.483709573745728
2026-07-19,Ariyalur(Uzhavar Sandhai),27.5,27.5,-2.3762121,25.123787879943848
2026-07-19,Tindivanam APMC,18.0,18.0,0.13906781,18.13906781375408
2026-07-19,Kaveripattinam(Uzhavar Sandhai ),20.0,20.0,0.700026,20.700025975704193
2026-07-19,Edapadi (Uzhavar Sandhai ),18.0,20.0,1.3627659,21.362765908241272
2026-07-19,Manachanallur(Uzhavar Sandhai ),22.0,24.0,-0.9527938,23.047206223011017
2026-07-19,Madhuranthagam(Uzhavar Sandhai ),20.0,20.0,-0.026972873,19.9730271268636
2026-07-19,Denkanikottai(Uzhavar Sandhai ),17.5,17.5,1.2965043,18.796504259109497
2026-07-19,Keelpennathur(Uzhavar Sandhai ),17.5,17.5,1.6360631,19.13606309890747
2026-07-19,Ranipettai(Uzhavar Sandhai ),18.0,19.0,2.134791,21.134790897369385
2026-07-19,Kandiyaperi(Uzhavar Sandhai ),27.5,27.5,-2.1038263,25.39617371559143
2026-07-19,Usilampatti(Uzhavar Sandhai ),23.0,23.0,-0.28267738,22.71732261776924
2026-07-19,Melur(Uzhavar Sandhai ),23.0,23.0,-1.3851888,21.614811182022095
2026-07-19,Thalavaipuram(Uzhavar Sandhai ),18.0,18.0,1.6085639,19.608563899993896
2026-07-19,Kancheepuram(Uzhavar Sandhai ),20.0,19.0,0.39339277,19.393392771482468
2026-07-19,Cheyyar(Uzhavar Sandhai ),17.5,17.5,1.3685423,18.868542313575745
2026-07-19,Pennagaram(Uzhavar Sandhai ),19.0,21.0,1.6708809,22.670880913734436
2026-07-19,Dindigul(Uzhavar Sandhai ),22.5,22.5,-0.12672235,22.37327764928341
2026-07-19,Thalavadi(Uzhavar Sandhai ),17.5,18.0,1.9535947,19.95359468460083
2026-07-19,Ramanathapuram(Uzhavar Sandhai ),26.5,26.5,-1.856928,24.64307200908661
2026-07-19,NGO Colony(Uzhavar Sandhai ),27.5,27.5,-2.9078228,24.592177152633667
2026-07-19,Katpadi (Uzhavar Sandhai ),21.0,21.0,-0.3224442,20.677555799484253
2026-07-19,Villupuram(Uzhavar Sandhai ),20.0,20.0,0.06834809,20.068348087370396
2026-07-19,Thammampatti (Uzhavar Sandhai ),15.0,14.0,0.69805753,14.698057532310486
2026-07-19,Vedasanthur(Uzhavar Sandhai ),17.5,17.5,1.8576715,19.35767149925232
2026-07-19,Tiruvallur(Uzhavar Sandhai ),25.0,27.5,-1.3951151,26.10488486289978
2026-07-19,Pollachi(Uzhavar Sandhai ),19.0,19.0,0.3919384,19.391938388347626
2026-07-19,Udhagamandalam(Uzhavar Sandhai ),26.5,26.5,-3.0397534,23.460246562957764
2026-07-19,Papanasam(Uzhavar Sandhai ),26.0,23.0,-0.4294391,22.5705609023571
2026-07-19,Padappai(Uzhavar Sandhai ),20.0,19.0,0.5495889,19.549588918685913
2026-07-19,Palani(Uzhavar Sandhai ),17.5,17.5,1.5973655,19.097365498542786
2026-07-19,Andipatti(Uzhavar Sandhai ),23.0,23.0,-0.9158887,22.084111273288727
2026-07-19,Tenkasi(Uzhavar Sandhai ),20.0,22.0,-0.5349614,21.46503859758377
2026-07-19,Pallavaram(Uzhavar Sandhai ),19.0,18.5,-0.040033948,18.45996605232358
2026-07-19,Kovilpatti(Uzhavar Sandhai ),27.5,27.5,-2.5869174,24.913082599639893
2026-07-19,Dharapuram(Uzhavar Sandhai ),17.5,17.5,-0.0067853197,17.49321468034759
2026-07-19,Panruti(Uzhavar Sandhai ),20.0,20.0,0.77436274,20.77436274290085
2026-07-19,Vellore APMC,15.0,15.0,1.2923082,16.2923082113266
2026-07-19,Elampillai(Uzhavar Sandhai ),18.0,19.0,1.1703176,20.17031764984131
2026-07-19,Thirupathur APMC,20.0,20.0,-0.24463744,19.755362555384636
2026-07-19,Paramathivelur(Uzhavar Sandhai ),25.5,25.0,-2.0474951,22.952504873275757
2026-07-19,Rasipuram(Uzhavar Sandhai ),22.0,24.0,0.113510236,24.113510236144066
2026-07-19,Singanallur(Uzhavar Sandhai ),22.0,22.0,-0.5678434,21.43215662240982
2026-07-19,Ambattur(Uzhavar Sandhai ),25.0,25.0,-1.9792742,23.02072584629059
2026-07-19,Arcot(Uzhavar Sandhai ),16.0,16.0,0.6553551,16.655355095863342
2026-07-19,Chinnamanur(Uzhavar Sandhai ),24.0,21.0,1.3425297,22.34252965450287
2026-07-19,Kundrathur(Uzhavar Sandhai ),26.0,26.0,-2.787679,23.212321043014526
2026-07-19,Jeyankondam (Uzhavar Sandhai ),24.0,24.0,-1.2596266,22.740373373031616
2026-07-19,Viruthachalam(Uzhavar Sandhai ),20.0,20.0,0.4275816,20.42758160829544
2026-07-19,Myladi(Uzhavar Sandhai ),27.5,27.5,-1.3586979,26.14130210876465
2026-07-19,Peravurani(Uzhavar Sandhai),25.0,25.0,-2.2313843,22.76861572265625
2026-07-19,KKNagar(Uzhavar Sandhai ),24.0,24.0,-1.1496229,22.850377082824707
2026-07-20,Krishnagiri(Uzhavar Sandhai ),17.5,17.5,1.8377588,19.337758779525757
2026-07-20,Chengam(Uzhavar Sandhai ),19.0,17.5,-0.3371961,17.162803888320923
2026-07-20,Sunguvarchatram(Uzhavar Sandhai ),26.0,26.0,-2.4960883,23.50391173362732
2026-07-20,Devakottai (Uzhavar Sandhai ),27.0,26.0,-1.517878,24.48212194442749
2026-07-20,Tindivanam APMC,18.0,18.0,1.7244827,19.724482655525208
2026-07-20,Tiruvallur(Uzhavar Sandhai ),25.0,25.0,-1.2667593,23.733240723609924
2026-07-20,Thalavaipuram(Uzhavar Sandhai ),17.5,18.0,0.80961406,18.809614062309265
2026-07-20,Kangayam(Uzhavar Sandhai ),17.5,14.0,3.158982,17.158982038497925
2026-07-20,Singampunari(Uzhavar Sandhai ),24.0,25.0,-1.329906,23.67009401321411
2026-07-20,Dharapuram(Uzhavar Sandhai ),17.5,17.5,-0.37522548,17.124774515628815
2026-07-20,Thalavadi(Uzhavar Sandhai ),16.0,17.5,1.7889005,19.2889004945755
2026-07-20,Palanganatham(Uzhavar Sandhai ),22.5,23.0,0.403563,23.403562992811203
2026-07-20,Harur(Uzhavar Sandhai ),17.5,17.5,1.3991985,18.899198532104492
2026-07-20,Avallapalli(Uzhavar Sandhai ),32.5,17.5,2.196417,19.696417093276978
2026-07-20,Tiruppur (North) (Uzhavar Sandhai ),27.0,18.5,0.7424052,19.24240517616272
2026-07-20,Nanganallur(Uzhavar Sandhai ),19.0,19.0,1.6433654,20.643365383148193
2026-07-20,Sampath Nagar(Uzhavar Sandhai ),19.0,21.0,0.84591776,21.845917761325836
2026-07-20,Bodinayakanur(Uzhavar Sandhai ),24.0,24.0,-0.6241329,23.375867128372192
2026-07-20,Anna nagar(Uzhavar Sandhai ),23.0,23.0,-0.6037881,22.39621192216873
2026-07-20,Udhagamandalam(Uzhavar Sandhai ),24.0,26.5,-2.8374488,23.662551164627075
2026-07-20,Vedaranyam(Uzhavar Sandhai),35.0,33.0,-1.3207085,31.679291486740112
2026-07-20,Gandarvakottai(Uzhavar Sandhai ),27.5,22.5,0.39087567,22.890875667333603
2026-07-20,Tenkasi(Uzhavar Sandhai ),23.0,20.0,0.400244,20.400243997573853
2026-07-20,Pudukottai(Uzhavar Sandhai ),27.5,27.5,-2.9982994,24.50170063972473
2026-07-20,Aruppukottai(Uzhavar Sandhai ),17.5,17.5,1.3412158,18.84121584892273
2026-07-20,Paramakudi(Uzhavar Sandhai ),26.5,26.5,-1.8697958,24.63020420074463
2026-07-20,Ponnamaravathi(Uzhavar Sandhai),27.5,27.5,-3.2491102,24.250889778137207
2026-07-20,Chinnalapatti(Uzhavar Sandhai ),22.0,22.5,-0.9351415,21.564858496189117
2026-07-20,Ambattur(Uzhavar Sandhai ),25.0,25.0,-1.9268546,23.073145389556885
2026-07-20,Gobichettipalayam(Uzhavar Sandhai ),21.0,21.0,1.2778653,22.277865290641785
2026-07-20,Arcot(Uzhavar Sandhai ),17.0,16.0,2.3473144,18.34731435775757
2026-07-20,Jeyankondam (Uzhavar Sandhai ),24.0,24.0,-1.6104155,22.3895845413208
2026-07-20,Palani(Uzhavar Sandhai ),17.5,17.5,1.751666,19.251665949821472
2026-07-20,Naravarikuppam(Uzhavar Sandhai ),30.0,30.0,-4.401938,25.59806203842163
2026-07-20,Sathur(Uzhavar Sandhai ),23.5,23.5,-1.1228292,22.37717080116272
2026-07-20,Anaiyur(Uzhavar Sandhai ),24.0,23.0,0.32985902,23.329859018325806
2026-07-20,Muthupettai(Uzhavar Sandhai ),20.0,20.0,1.9427439,21.94274389743805
2026-07-20,Villupuram(Uzhavar Sandhai ),20.0,20.0,-0.0034729547,19.996527045266703
2026-07-20,Vedasanthur(Uzhavar Sandhai ),17.5,17.5,1.9399887,19.43998873233795
2026-07-20,Needamangalam(Uzhavar Sandhai ),20.0,20.0,1.9464518,21.946451783180237
2026-07-20,Pallavaram(Uzhavar Sandhai ),18.5,19.0,-0.25611582,18.743884176015854
2026-07-20,Vadaseri APMC,32.5,32.5,-2.0338192,30.4661808013916
2026-07-20,Thathakapatti(Uzhavar Sandhai ),17.5,17.0,0.20911275,17.209112748503685
2026-07-20,Pallikonda(Uzhavar Sandhai),18.0,15.0,1.8486403,16.84864032268524
2026-07-20,Tuticorin(Uzhavar Sandhai ),22.5,22.5,-0.76248604,21.737513959407806
2026-07-20,Katpadi (Uzhavar Sandhai ),20.0,21.0,-0.31449327,20.685506731271744
2026-07-20,Chinnamanur(Uzhavar Sandhai ),20.0,24.0,-1.5827873,22.41721272468567
2026-07-20,Papanasam(Uzhavar Sandhai ),26.0,26.0,-2.3997428,23.60025715827942
2026-07-20,Tiruvarur(Uzhavar Sandhai ),20.0,20.0,-0.16816811,19.831831887364388
2026-07-20,Keelpennathur(Uzhavar Sandhai ),22.5,17.5,1.3962083,18.8962082862854
2026-07-20,Theni(Uzhavar Sandhai ),18.0,19.0,1.5398902,20.53989017009735
2026-07-20,Ramanathapuram(Uzhavar Sandhai ),26.5,26.5,-1.6963854,24.803614616394043
2026-07-20,Dindigul(Uzhavar Sandhai ),22.0,22.5,1.6932901,24.19329011440277
2026-07-20,Ariyalur(Uzhavar Sandhai),27.5,27.5,-2.7872448,24.71275520324707
2026-07-20,Manapparai(Uzhavar Sandhai ),24.0,24.0,-0.6857145,23.31428551673889
2026-07-20,Guduvancheri(Uzhavar Sandhai ),19.0,19.0,0.17656153,19.176561534404755
2026-07-20,Pallapatti (Uzhavar Sandhai ),24.0,25.0,-2.3243544,22.67564558982849
2026-07-20,Madhuranthagam(Uzhavar Sandhai ),20.0,20.0,-0.3379251,19.662074893712997
2026-07-20,Tiruppur (South) (Uzhavar Sandhai ),13.0,16.5,0.57831883,17.07831883430481
2026-07-20,Usilampatti(Uzhavar Sandhai ),22.5,23.0,-0.4063002,22.5936998128891
2026-07-20,Mayiladuthurai(Uzhavar Sandhai ),22.5,22.5,-0.72087777,21.779122233390808
2026-07-20,Kambam(Uzhavar Sandhai ),23.0,23.0,-0.091648825,22.90835117548704
2026-07-20,Karambakkudi(Uzhavar Sandhai ),22.5,27.5,-3.6397657,23.860234260559082
2026-07-20,Cheyyar(Uzhavar Sandhai ),17.5,17.5,0.5060258,18.006025791168213
2026-07-20,Pennagaram(Uzhavar Sandhai ),15.5,19.0,0.9031459,19.903145909309387
2026-07-20,Mannargudi II(Uzhavar Sandhai ),22.0,22.0,-1.1814172,20.818582773208618
2026-07-20,Sooramangalam(Uzhavar Sandhai ),17.5,19.0,2.308801,21.30880093574524
2026-07-20,Udumalpet APMC,17.5,17.5,0.04706916,17.547069158405066
2026-07-20,Alangudi(Uzhavar Sandhai ),27.5,27.5,-3.1937203,24.30627965927124
2026-07-20,Medavakkam(Uzhavar Sandhai ),20.0,20.0,-0.012217404,19.987782595679164
2026-07-20,Jameenrayapettai(Uzhavar Sandhai ),18.5,19.0,0.09695431,19.096954308450222
2026-07-20,Kahithapattarai(Uzhavar Sandhai ),16.5,19.0,-0.34050867,18.659491330385208
2026-07-20,Athur(Uzhavar Sandhai ),17.5,17.5,0.9761985,18.476198494434357
2026-07-20,Kulithalai(Uzhavar Sandhai ),23.0,25.0,-1.6003981,23.399601936340332
2026-07-20,Gandhigramam(Uzhavar Sandhai),22.0,22.0,-0.5479953,21.4520046710968
2026-07-20,Thirumangalam(Uzhavar Sandhai ),22.5,22.0,0.45533973,22.45533972978592
2026-07-20,Mannargudi I(Uzhavar Sandhai ),22.0,22.0,-0.8025088,21.197491228580475
2026-07-20,RSPuram(Uzhavar Sandhai ),15.5,15.5,3.4532409,18.953240871429443
2026-07-20,Lalgudi(Uzhavar Sandhai ),24.0,25.0,-1.83194,23.168059945106506
2026-07-20,Coonoor(Uzhavar Sandhai ),26.0,27.0,-2.446247,24.553752899169922
2026-07-20,Thirupathur APMC,20.0,20.0,-0.4054891,19.594510912895203
2026-07-20,Ambasamudram(Uzhavar Sandhai ),23.0,23.0,-1.168789,21.8312109708786
2026-07-20,Paramathivelur(Uzhavar Sandhai ),26.0,25.5,-1.9034505,23.59654951095581
2026-07-20,Natrampalli(Uzhavar Sandhai ),12.5,12.5,3.1878102,15.687810182571411
2026-07-20,Sivagangai (Uzhavar Sandhai ),24.0,25.0,-1.253374,23.746626019477844
2026-07-20,Kamuthi(Uzhavar Sandhai ),26.5,24.0,0.23759365,24.23759365081787
2026-07-20,Mettupalayam(Uzhavar Sandhai ),22.0,22.0,-0.1437614,21.85623860359192
2026-07-20,Thuraiyur APMC,18.0,18.0,1.5196687,19.519668698310852
2026-07-20,Perampet(Uzhavar Sandhai),17.0,14.0,2.1442454,16.144245386123657
2026-07-20,Pattukottai(Uzhavar Sandhai ),26.0,26.0,-1.93573,24.06427001953125
2026-07-20,Tiruvannamalai(Uzhavar Sandhai ),16.5,16.5,0.30716878,16.807168781757355
2026-07-20,Tamarainagar(Uzhavar Sandhai ),18.0,16.5,0.10575063,16.605750627815723
2026-07-20,Gingee(Uzhavar Sandhai ),20.0,20.0,1.377154,21.377153992652893
2026-07-20,Denkanikottai(Uzhavar Sandhai ),17.5,17.5,2.1742024,19.67420244216919
2026-07-20,Mohanur(Uzhavar Sandhai ),24.0,24.0,-1.0607878,22.939212203025818
2026-07-20,Ammapet(Uzhavar Sandhai ),15.0,18.0,1.9291745,19.929174542427063
2026-07-20,Perundurai(Uzhavar Sandhai ),18.0,18.0,0.1149305,18.114930503070354
2026-07-20,Periyar Nagar(Uzhavar Sandhai ),19.0,21.0,0.9211548,21.92115479707718
2026-07-20,Gudiyatham(Uzhavar Sandhai ),15.0,16.0,1.0436438,17.043643832206726
2026-07-20,Arani(Uzhavar Sandhai ),17.5,17.5,0.8700337,18.37003368139267
2026-07-20,Dharmapuri(Uzhavar Sandhai ),17.5,19.0,1.7481122,20.748112201690674
2026-07-20,Kariyapatti(Uzhavar Sandhai ),19.0,19.0,0.770973,19.770973026752472
2026-07-20,Hasthampatti(Uzhavar Sandhai ),17.0,17.0,2.3200502,19.32005023956299
2026-07-20,Virudhunagar(Uzhavar Sandhai ),22.5,21.5,0.75035053,22.250350534915924
2026-07-20,Attayampatti(Uzhavar Sandhai ),20.0,19.0,0.52457744,19.52457743883133
2026-07-20,Hosur(Uzhavar Sandhai ),17.5,17.5,-0.09096396,17.40903604030609
2026-07-20,Thiruverumbur(Uzhavar Sandhai ),24.0,24.0,-1.2655313,22.734468698501587
2026-07-20,Vandavasi(Uzhavar Sandhai ),18.0,17.5,0.68306154,18.1830615401268
2026-07-20,Myladi(Uzhavar Sandhai ),32.5,27.5,-1.2154878,26.284512162208557
2026-07-20,Mettur(Uzhavar Sandhai ),16.0,17.5,2.3643587,19.86435866355896
2026-07-20,Kundrathur(Uzhavar Sandhai ),26.0,26.0,-2.4780536,23.5219464302063
2026-07-20,Karimangalam(Uzhavar Sandhai),19.0,19.0,1.7079355,20.707935452461243
2026-07-20,Sirkali(Uzhavar Sandhai ),22.5,22.5,-0.6738,21.826200008392334
2026-07-20,Sivakasi(Uzhavar Sandhai ),22.5,22.5,-0.40255615,22.097443848848343
2026-07-20,Chengalpet(Uzhavar Sandhai ),19.0,19.0,0.670398,19.670397996902466
2026-07-20,Palladam(Uzhavar Sandhai ),17.5,17.5,1.2458642,18.745864152908325
2026-07-20,Jalagandapuram(Uzhavar Sandhai ),16.5,16.5,2.6087177,19.108717679977417
2026-07-20,Kovilpatti(Uzhavar Sandhai ),22.5,27.5,-3.058501,24.44149899482727
2026-07-20,Rasipuram(Uzhavar Sandhai ),20.0,22.0,0.5526208,22.552620828151703
2026-07-20,Aranthangi(Uzhavar Sandhai ),27.5,27.5,-3.0931776,24.406822443008423
2026-07-20,Velayuthampalayam(Uzhavar Sandhai ),21.0,22.0,-0.69420725,21.30579274892807
2026-07-20,Palacode(Uzhavar Sandhai ),17.0,19.0,1.6728648,20.67286479473114
2026-07-20,Karur(Uzhavar Sandhai ),21.5,21.5,-0.4740545,21.025945514440536
2026-07-20,Pollachi(Uzhavar Sandhai ),20.0,19.0,0.30828068,19.308280676603317
2026-07-20,Padappai(Uzhavar Sandhai ),20.0,20.0,0.24100664,20.241006642580032
2026-07-20,Kallakurichi(Uzhavar Sandhai ),25.0,25.0,-2.0689042,22.931095838546753
2026-07-20,Elampillai(Uzhavar Sandhai ),19.0,18.0,2.279373,20.279372930526733
2026-07-20,Perambalur(Uzhavar Sandhai ),28.0,28.5,-1.3525832,27.147416830062866
2026-07-20,Karaikudi(Uzhavar Sandhai ),26.5,27.0,-1.3488197,25.651180267333984
2026-07-20,Musiri(Uzhavar Sandhai ),22.0,22.0,-0.17233162,21.827668383717537
2026-07-20,Kumarapalayam(Uzhavar Sandhai ),22.0,22.0,-0.36207557,21.637924432754517
2026-07-20,Andipatti(Uzhavar Sandhai ),23.0,23.0,0.39962196,23.399621963500977
2026-07-20,Melur(Uzhavar Sandhai ),22.5,23.0,-1.3770976,21.622902393341064
2026-07-20,Sathiyamagalam(Uzhavar Sandhai ),21.5,20.0,0.6502267,20.650226712226868
2026-07-20,Kandiyaperi(Uzhavar Sandhai ),27.5,27.5,-2.227539,25.2724609375
2026-07-20,Rajapalayam(Uzhavar Sandhai ),17.5,17.5,0.16384836,17.663848355412483
2026-07-20,Srivilliputhur(Uzhavar Sandhai ),18.5,18.5,0.19121855,18.691218554973602
2026-07-20,Cuddalore(Uzhavar Sandhai ),19.0,20.0,-0.10132205,19.898677952587605
2026-07-20,Periyakulam(Uzhavar Sandhai ),23.0,23.0,-0.022454793,22.977545207366347
2026-07-20,Melapalayam(Uzhavar Sandhai ),27.5,27.5,-2.1884875,25.31151247024536
2026-07-20,Polur(Uzhavar Sandhai ),17.5,17.5,0.5573706,18.057370603084564
2026-07-20,Tiruchengode APMC,22.0,22.0,-0.5120794,21.487920582294464
2026-07-20,Edapadi (Uzhavar Sandhai ),20.0,18.0,2.833056,20.83305597305298
2026-07-20,Viruthachalam(Uzhavar Sandhai ),25.0,20.0,0.52502245,20.525022447109222
2026-07-20,Tiruthani(Uzhavar Sandhai ),25.0,25.0,-2.1634767,22.836523294448853
2026-07-20,Vadavalli(Uzhavar Sandhai ),16.0,18.0,0.19232203,18.19232203066349
2026-07-20,Ulundurpettai APMC,22.0,22.0,0.2511125,22.25111249089241
2026-07-20,Viralimalai(Uzhavar Sandhai ),22.5,27.5,-1.8719292,25.628070831298828
2026-07-20,Thirukalukundram(Uzhavar Sandhai ),16.5,19.0,1.8358418,20.83584177494049
2026-07-20,Vengamedu(Uzhavar Sandhai ),21.5,21.5,-0.5913175,20.90868252515793
2026-07-20,Sundarapuram(Uzhavar Sandhai ),22.0,22.0,-0.16099744,21.839002564549446
2026-07-20,Nagapattinam(Uzhavar Sandhai ),29.0,32.5,-3.489839,29.01016092300415
2026-07-20,KKNagar(Uzhavar Sandhai ),22.0,24.0,-0.65525347,23.344746530056
2026-07-20,Peravurani(Uzhavar Sandhai),25.0,25.0,-1.8884636,23.111536383628845
2026-07-20,Panruti(Uzhavar Sandhai ),20.0,20.0,0.43240044,20.432400435209274
2026-07-20,Vellore APMC,17.0,15.0,1.257821,16.257820963859558
2026-07-20,Thanjavur(Uzhavar Sandhai ),24.0,24.0,-0.9222068,23.077793180942535
2026-07-20,Vadalur(Uzhavar Sandhai ),20.0,20.0,0.28919587,20.289195865392685
2026-07-20,Devaram(Uzhavar Sandhai ),24.0,24.0,-0.6644324,23.335567593574524
2026-07-20,Perambakkam(Uzhavar Sandhai ),25.0,30.0,-2.5053031,27.494696855545044
2026-07-20,AJattihalli(Uzhavar Sandhai ),16.0,18.0,1.8009025,19.800902485847473
2026-07-20,Sankarankoil(Uzhavar Sandhai ),25.0,25.0,-1.8378644,23.1621356010437
2026-07-20,Chidambaram(Uzhavar Sandhai ),20.0,20.0,0.43240044,20.432400435209274
2026-07-20,Kancheepuram(Uzhavar Sandhai ),20.0,20.0,-0.21913518,19.7808648198843
2026-07-20,Vaniyampadi(Uzhavar Sandhai ),15.0,15.0,1.0566007,16.056600689888
2026-07-20,Manachanallur(Uzhavar Sandhai ),24.0,22.0,0.4699489,22.469948887825012
2026-07-20,Paruthipattu(Uzhavar Sandhai ),30.0,30.0,-3.1370912,26.862908840179443
2026-07-20,Palayamkottai(Uzhavar Sandhai ),27.5,27.5,-2.375167,25.12483310699463
2026-07-20,Vazhapadi(Uzhavar Sandhai),17.5,17.5,1.695161,19.19516098499298
2026-07-20,Valangaiman APMC,22.0,22.0,-0.60739917,21.39260083436966
2026-07-20,Sankarapuram(Uzhavar Sandhai ),25.0,25.0,-2.05791,22.942090034484863
2026-07-20,Sulur(Uzhavar Sandhai ),22.0,22.0,-0.20176767,21.798232331871986
2026-07-20,Mecheri(Uzhavar Sandhai),18.0,18.0,0.80205494,18.802054941654205
2026-07-20,Singanallur(Uzhavar Sandhai ),22.0,22.0,-0.1424939,21.857506096363068
2026-07-20,Tirukattupalli(Uzhavar Sandhai ),24.0,26.0,-2.2863002,23.71369981765747
2026-07-20,NGO Colony(Uzhavar Sandhai ),27.5,27.5,-2.5759082,24.924091815948486
2026-07-20,Thammampatti (Uzhavar Sandhai ),14.0,15.0,1.502327,16.50232696533203
2026-07-20,Kaveripattinam(Uzhavar Sandhai ),20.0,20.0,0.26976794,20.269767940044403
2026-07-20,Kurichi(Uzhavar Sandhai ),22.0,22.0,-0.37399423,21.62600576877594
2026-07-20,Kumbakonam (Uzhavar Sandhai ),26.0,26.0,-2.207888,23.792112112045288
2026-07-20,Chokkikulam(Uzhavar Sandhai ),22.5,23.0,0.29519853,23.295198529958725
2026-07-20,Ranipettai(Uzhavar Sandhai ),16.5,18.0,2.1014757,20.101475715637207
2026-07-20,Tirupatthur(Uzhavar Sandhai ),27.5,26.5,-1.0651244,25.43487560749054
2026-07-21,Vengamedu(Uzhavar Sandhai ),21.5,21.5,0.11627875,21.616278752684593
2026-07-21,Padappai(Uzhavar Sandhai ),20.0,20.0,-0.0009800157,19.99901998427231
2026-07-21,Pallikonda(Uzhavar Sandhai),20.0,18.0,0.55960447,18.559604465961456
2026-07-21,Medavakkam(Uzhavar Sandhai ),20.0,20.0,0.18563204,20.185632035136223
2026-07-21,Kancheepuram(Uzhavar Sandhai ),20.0,20.0,0.45633623,20.456336230039597
2026-07-21,Gandarvakottai(Uzhavar Sandhai ),22.5,27.5,-1.7727034,25.727296590805054
2026-07-21,Perambakkam(Uzhavar Sandhai ),20.0,25.0,-0.6566471,24.343352913856506
2026-07-21,Kambam(Uzhavar Sandhai ),22.5,23.0,-0.41257194,22.58742806315422
2026-07-21,Chinnalapatti(Uzhavar Sandhai ),22.0,22.0,-0.64199036,21.35800963640213
2026-07-21,Papanasam(Uzhavar Sandhai ),26.0,26.0,-2.1647859,23.835214138031006
2026-07-21,KKNagar(Uzhavar Sandhai ),20.0,22.0,-0.22328131,21.7767186909914
2026-07-21,Dharapuram(Uzhavar Sandhai ),17.5,17.5,0.08662484,17.586624838411808
2026-07-21,Vadaseri APMC,28.5,32.5,-2.1894922,30.310507774353027
2026-07-21,Melapalayam(Uzhavar Sandhai ),27.5,27.5,-2.2899106,25.210089445114136
2026-07-21,Sankarapuram(Uzhavar Sandhai ),25.0,25.0,-1.6554862,23.344513773918152
2026-07-21,Kaveripattinam(Uzhavar Sandhai ),25.0,20.0,0.54988074,20.549880743026733
2026-07-21,Tirupatthur(Uzhavar Sandhai ),22.0,27.5,-1.7088603,25.791139721870422
2026-07-21,Paruthipattu(Uzhavar Sandhai ),30.0,30.0,-3.0465026,26.953497409820557
2026-07-21,Vazhapadi(Uzhavar Sandhai),16.0,17.5,1.6847787,19.184778690338135
2026-07-21,Chidambaram(Uzhavar Sandhai ),20.0,20.0,0.52298933,20.522989332675934
2026-07-21,Sathiyamagalam(Uzhavar Sandhai ),20.0,21.5,-0.11208724,21.38791275769472
2026-07-21,Kandiyaperi(Uzhavar Sandhai ),27.5,27.5,-1.8150682,25.684931755065918
2026-07-21,Gudiyatham(Uzhavar Sandhai ),16.0,15.0,2.7535782,17.753578186035156
2026-07-21,Perundurai(Uzhavar Sandhai ),20.0,18.0,0.3780277,18.378027707338333
2026-07-21,Gingee(Uzhavar Sandhai ),20.0,20.0,1.6121696,21.61216962337494
2026-07-21,Virudhunagar(Uzhavar Sandhai ),18.0,22.5,-0.5427476,21.957252383232117
2026-07-21,Thuraiyur APMC,18.0,18.0,1.1351078,19.13510775566101
2026-07-21,Natrampalli(Uzhavar Sandhai ),12.5,12.5,3.204039,15.704039096832275
2026-07-21,Mettupalayam(Uzhavar Sandhai ),17.5,22.0,-0.18130185,21.818698152899742
2026-07-21,Tiruvannamalai(Uzhavar Sandhai ),13.5,16.5,2.1359255,18.63592553138733
2026-07-21,Kumarapalayam(Uzhavar Sandhai ),22.0,22.0,-0.1773998,21.822600200772285
2026-07-21,Palacode(Uzhavar Sandhai ),17.0,17.0,2.1068478,19.106847763061523
2026-07-21,Kallakurichi(Uzhavar Sandhai ),25.0,25.0,-1.6870021,23.312997937202454
2026-07-21,Andipatti(Uzhavar Sandhai ),23.0,23.0,-0.16558549,22.83441451191902
2026-07-21,Palladam(Uzhavar Sandhai ),17.5,17.5,1.2957318,18.795731782913208
2026-07-21,Sirkali(Uzhavar Sandhai ),22.5,22.5,-0.6375321,21.862467885017395
2026-07-21,Karimangalam(Uzhavar Sandhai),19.0,19.0,1.0377607,20.037760734558105
2026-07-21,Vandavasi(Uzhavar Sandhai ),18.0,18.0,-0.10393818,17.896061822772026
2026-07-21,Edapadi (Uzhavar Sandhai ),18.0,20.0,1.1944146,21.194414615631104
2026-07-21,Srivilliputhur(Uzhavar Sandhai ),18.5,18.5,0.2850833,18.785083293914795
2026-07-21,Nagapattinam(Uzhavar Sandhai ),31.0,29.0,-1.7683473,27.23165273666382
2026-07-21,Viruthachalam(Uzhavar Sandhai ),25.0,25.0,-1.7852958,23.214704155921936
2026-07-21,Vedasanthur(Uzhavar Sandhai ),20.0,17.5,2.3353536,19.83535361289978
2026-07-21,Usilampatti(Uzhavar Sandhai ),18.0,22.5,0.9974426,23.497442603111267
2026-07-21,Anaiyur(Uzhavar Sandhai ),18.0,24.0,0.17270009,24.172700092196465
2026-07-21,Ambattur(Uzhavar Sandhai ),25.0,25.0,-1.8810008,23.118999242782593
2026-07-21,Ponnamaravathi(Uzhavar Sandhai),17.5,27.5,-3.5366828,23.963317155838013
2026-07-21,Jameenrayapettai(Uzhavar Sandhai ),19.0,18.5,1.728504,20.228503942489624
2026-07-21,Mannargudi II(Uzhavar Sandhai ),20.0,22.0,1.0575839,23.057583928108215
2026-07-21,Pennagaram(Uzhavar Sandhai ),15.5,15.5,2.199777,17.699776887893677
2026-07-21,Udumalpet APMC,18.5,17.5,-0.44848898,17.051511019468307
2026-07-21,Mannargudi I(Uzhavar Sandhai ),20.0,22.0,-0.41636434,21.58363565802574
2026-07-21,Theni(Uzhavar Sandhai ),15.0,18.0,1.5496634,19.549663424491882
2026-07-21,Madhuranthagam(Uzhavar Sandhai ),17.5,20.0,0.26414838,20.264148384332657
2026-07-21,Hasthampatti(Uzhavar Sandhai ),16.5,17.0,1.5591623,18.559162259101868
2026-07-21,Guduvancheri(Uzhavar Sandhai ),19.0,19.0,0.98286027,19.982860267162323
2026-07-21,Thalavaipuram(Uzhavar Sandhai ),15.5,17.5,1.4952607,18.99526071548462
2026-07-21,Pudukottai(Uzhavar Sandhai ),22.5,27.5,-3.0866525,24.413347482681274
2026-07-21,Nanganallur(Uzhavar Sandhai ),19.0,19.0,1.7301127,20.730112671852112
2026-07-21,Harur(Uzhavar Sandhai ),17.5,17.5,1.576181,19.076181054115295
2026-07-21,Chengalpet(Uzhavar Sandhai ),19.0,19.0,0.60908616,19.60908615589142
2026-07-21,Udhagamandalam(Uzhavar Sandhai ),24.0,24.0,-1.2432361,22.75676393508911
2026-07-21,Devakottai (Uzhavar Sandhai ),21.0,27.0,-1.6879346,25.312065362930298
2026-07-21,Chokkikulam(Uzhavar Sandhai ),19.0,22.5,0.87812775,23.37812775373459
2026-07-21,Sulur(Uzhavar Sandhai ),18.0,22.0,-0.5507219,21.449278116226196
2026-07-21,Lalgudi(Uzhavar Sandhai ),20.0,24.0,-0.6825638,23.31743621826172
2026-07-21,Thirukalukundram(Uzhavar Sandhai ),20.0,16.5,2.8522396,19.35223960876465
2026-07-21,Peravurani(Uzhavar Sandhai),25.0,25.0,-1.9137182,23.086281776428223
2026-07-21,Chengam(Uzhavar Sandhai ),13.5,19.0,-0.6732031,18.326796889305115
2026-07-21,Perambalur(Uzhavar Sandhai ),28.0,28.0,-1.4734588,26.526541233062744
2026-07-21,RSPuram(Uzhavar Sandhai ),17.5,15.5,2.5290017,18.029001712799072
2026-07-21,Sampath Nagar(Uzhavar Sandhai ),16.5,19.0,2.4268608,21.426860809326172
2026-07-21,Palanganatham(Uzhavar Sandhai ),20.5,22.5,0.7958955,23.295895516872406
2026-07-21,Athur(Uzhavar Sandhai ),16.5,17.5,1.635328,19.1353280544281
2026-07-21,Dharmapuri(Uzhavar Sandhai ),19.0,17.5,2.212226,19.712225914001465
2026-07-21,Periyar Nagar(Uzhavar Sandhai ),16.5,19.0,2.6229045,21.622904539108276
2026-07-21,Vedaranyam(Uzhavar Sandhai),33.5,35.0,-2.1189914,32.88100862503052
2026-07-21,Bodinayakanur(Uzhavar Sandhai ),22.0,24.0,-0.5449141,23.45508587360382
2026-07-21,Ammapet(Uzhavar Sandhai ),16.5,15.0,3.2556446,18.25564455986023
2026-07-21,Mohanur(Uzhavar Sandhai ),26.0,24.0,-0.76882225,23.231177747249603
2026-07-21,Tindivanam APMC,18.0,18.0,1.9822176,19.98221755027771
2026-07-21,Krishnagiri(Uzhavar Sandhai ),17.5,17.5,0.7931257,18.293125689029694
2026-07-21,Denkanikottai(Uzhavar Sandhai ),17.5,17.5,-0.0054046703,17.49459532974288
2026-07-21,Thirumangalam(Uzhavar Sandhai ),18.0,22.5,0.30848482,22.808484822511673
2026-07-21,Paramakudi(Uzhavar Sandhai ),26.5,26.5,-1.5156165,24.984383463859558
2026-07-21,Manapparai(Uzhavar Sandhai ),20.0,24.0,-1.5227356,22.477264404296875
2026-07-21,Pallapatti (Uzhavar Sandhai ),24.0,24.0,-0.5427119,23.457288086414337
2026-07-21,Ariyalur(Uzhavar Sandhai),28.5,27.5,-2.336066,25.163933992385864
2026-07-21,Tamarainagar(Uzhavar Sandhai ),15.0,18.0,0.99491215,18.994912147521973
2026-07-21,Pattukottai(Uzhavar Sandhai ),28.0,26.0,-1.8712647,24.128735303878784
2026-07-21,Perampet(Uzhavar Sandhai),16.5,17.0,0.6499658,17.649965822696686
2026-07-21,Mayiladuthurai(Uzhavar Sandhai ),22.5,22.5,-0.6447257,21.855274319648743
2026-07-21,Palani(Uzhavar Sandhai ),17.5,17.5,1.2603275,18.760327458381653
2026-07-21,Cheyyar(Uzhavar Sandhai ),18.0,17.5,-0.2148354,17.28516459465027
2026-07-21,Alangudi(Uzhavar Sandhai ),27.5,27.5,-3.082035,24.417964935302734
2026-07-21,Sooramangalam(Uzhavar Sandhai ),17.0,17.5,2.7893338,20.289333820343018
2026-07-21,Gudalur(Uzhavar Sandhai ),20.0,23.5,-0.72621685,22.773783147335052
2026-07-21,Kamuthi(Uzhavar Sandhai ),27.5,26.5,-0.7760669,25.72393310070038
2026-07-21,Ambasamudram(Uzhavar Sandhai ),23.0,23.0,-1.1082673,21.891732692718506
2026-07-21,Kangayam(Uzhavar Sandhai ),16.5,17.5,1.836,19.335999965667725
2026-07-21,Tiruvallur(Uzhavar Sandhai ),25.0,25.0,-1.6235932,23.37640678882599
2026-07-21,Singampunari(Uzhavar Sandhai ),21.0,24.0,-0.15077396,23.84922604262829
2026-07-21,Avallapalli(Uzhavar Sandhai ),17.5,32.5,-7.9769955,24.52300453186035
2026-07-21,Ranipettai(Uzhavar Sandhai ),18.0,16.5,1.6495765,18.149576544761658
2026-07-21,NGO Colony(Uzhavar Sandhai ),26.0,27.5,-2.5921998,24.90780019760132
2026-07-21,Devaram(Uzhavar Sandhai ),22.5,24.0,-0.4375928,23.562407195568085
2026-07-21,Thanjavur(Uzhavar Sandhai ),20.0,24.0,-0.206215,23.793785005807877
2026-07-21,Periyakulam(Uzhavar Sandhai ),23.0,23.0,-0.20226839,22.79773160815239
2026-07-21,Mecheri(Uzhavar Sandhai),16.5,18.0,2.1666307,20.166630744934082
2026-07-21,Valangaiman APMC,22.0,22.0,-0.015827777,21.98417222313583
2026-07-21,Polur(Uzhavar Sandhai ),17.5,17.5,-0.5066618,16.993338227272034
2026-07-21,Tiruchengode APMC,22.0,22.0,-0.6128914,21.387108623981476
2026-07-21,Tiruthani(Uzhavar Sandhai ),25.0,25.0,-2.1598504,22.840149641036987
2026-07-21,Palayamkottai(Uzhavar Sandhai ),27.5,27.5,-1.9848857,25.515114307403564
2026-07-21,Ulundurpettai APMC,22.0,22.0,2.1765387,24.176538705825806
2026-07-21,Vadavalli(Uzhavar Sandhai ),16.5,16.0,0.8331723,16.83317232131958
2026-07-21,Ramanathapuram(Uzhavar Sandhai ),27.5,26.5,-1.5063021,24.99369788169861
2026-07-21,Aruppukottai(Uzhavar Sandhai ),17.5,17.5,0.93291956,18.432919561862946
2026-07-21,Thammampatti (Uzhavar Sandhai ),15.0,14.0,1.9769611,15.976961135864258
2026-07-21,Vadalur(Uzhavar Sandhai ),20.0,20.0,0.3797846,20.379784613847733
2026-07-21,Vaniyampadi(Uzhavar Sandhai ),15.0,15.0,1.8077192,16.807719230651855
2026-07-21,Viralimalai(Uzhavar Sandhai ),22.5,22.5,1.1751502,23.675150156021118
2026-07-21,Kumbakonam (Uzhavar Sandhai ),26.0,26.0,-2.052757,23.947242975234985
2026-07-21,Singanallur(Uzhavar Sandhai ),17.5,22.0,-0.18099572,21.81900428235531
2026-07-21,Attayampatti(Uzhavar Sandhai ),16.5,20.0,1.2604796,21.26047956943512
2026-07-21,Manachanallur(Uzhavar Sandhai ),20.0,24.0,-0.81949925,23.180500745773315
2026-07-21,Sunguvarchatram(Uzhavar Sandhai ),24.0,26.0,-2.2873094,23.712690591812134
2026-07-21,Tenkasi(Uzhavar Sandhai ),17.5,23.0,-0.7092648,22.290735185146332
2026-07-21,AJattihalli(Uzhavar Sandhai ),18.0,16.0,2.5706694,18.570669412612915
2026-07-21,Cuddalore(Uzhavar Sandhai ),19.0,19.0,0.53275156,19.53275156021118
2026-07-21,Melur(Uzhavar Sandhai ),18.0,22.5,-0.8818608,21.61813920736313
2026-07-21,Panruti(Uzhavar Sandhai ),20.0,20.0,0.38926312,20.38926312327385
2026-07-21,Kahithapattarai(Uzhavar Sandhai ),16.5,16.5,0.47284842,16.972848415374756
2026-07-21,Thirupathur APMC,20.0,20.0,-0.42271614,19.57728385925293
2026-07-21,Paramathivelur(Uzhavar Sandhai ),24.5,26.0,-2.2923982,23.70760178565979
2026-07-21,Pollachi(Uzhavar Sandhai ),18.0,20.0,0.45757508,20.45757508277893
2026-07-21,Sathur(Uzhavar Sandhai ),19.0,23.5,-1.4502729,22.049727082252502
2026-07-21,Kulithalai(Uzhavar Sandhai ),23.5,23.0,0.015874805,23.0158748049289
2026-07-21,Karur(Uzhavar Sandhai ),21.5,21.5,-0.6242264,20.87577360868454
2026-07-21,Velayuthampalayam(Uzhavar Sandhai ),22.0,21.0,0.0662054,21.066205397248268
2026-07-21,Tiruppur (South) (Uzhavar Sandhai ),16.5,13.0,2.6620047,15.662004709243774
2026-07-21,Sundarapuram(Uzhavar Sandhai ),17.5,22.0,-0.42068377,21.57931622862816
2026-07-21,Anna nagar(Uzhavar Sandhai ),19.0,23.0,-1.4167384,21.583261609077454
2026-07-21,Jalagandapuram(Uzhavar Sandhai ),16.5,16.5,1.5708177,18.070817708969116
2026-07-21,Dindigul(Uzhavar Sandhai ),22.0,22.0,-0.123066664,21.876933336257935
2026-07-21,Karambakkudi(Uzhavar Sandhai ),22.5,22.5,-0.35106137,22.14893862605095
2026-07-21,Vellore APMC,20.0,17.0,0.19447534,17.19447533786297
2026-07-21,Elampillai(Uzhavar Sandhai ),19.0,19.0,0.32880923,19.3288092315197
2026-07-21,Sivakasi(Uzhavar Sandhai ),22.5,22.5,-0.111944914,22.388055086135864
2026-07-21,Kundrathur(Uzhavar Sandhai ),24.0,26.0,-2.3053272,23.69467282295227
2026-07-21,Kariyapatti(Uzhavar Sandhai ),19.0,19.0,0.47038823,19.47038823366165
2026-07-21,Rajapalayam(Uzhavar Sandhai ),16.5,17.5,1.8092586,19.309258580207825
2026-07-21,Tirukattupalli(Uzhavar Sandhai ),20.0,24.0,-0.46894735,23.53105264902115
2026-07-21,Arani(Uzhavar Sandhai ),17.5,17.5,-0.35873985,17.141260147094727
2026-07-21,Sankarankoil(Uzhavar Sandhai ),22.5,25.0,-2.0044394,22.99556064605713
2026-07-21,Mettur(Uzhavar Sandhai ),14.0,16.0,2.6101072,18.61010718345642
2026-07-21,Sivagangai (Uzhavar Sandhai ),19.0,24.0,-0.24119808,23.75880192220211
2026-07-21,Musiri(Uzhavar Sandhai ),20.0,22.0,-0.2098717,21.79012830555439
2026-07-21,Aranthangi(Uzhavar Sandhai ),22.5,27.5,-3.1184516,24.381548404693604
2026-07-21,Thiruverumbur(Uzhavar Sandhai ),20.0,24.0,-0.84287953,23.1571204662323
2026-07-21,Myladi(Uzhavar Sandhai ),32.5,32.5,-3.2581155,29.241884469985962
2026-07-21,Kovilpatti(Uzhavar Sandhai ),22.5,22.5,-0.04640436,22.453595638275146
2026-07-21,Katpadi (Uzhavar Sandhai ),17.5,20.0,1.708209,21.70820903778076
2026-07-21,Kurichi(Uzhavar Sandhai ),22.0,22.0,0.15529907,22.155299067497253
2026-07-21,Villupuram(Uzhavar Sandhai ),20.0,20.0,0.07630835,20.076308347284794
2026-07-21,Arcot(Uzhavar Sandhai ),17.0,17.0,2.0842698,19.084269762039185
2026-07-21,Naravarikuppam(Uzhavar Sandhai ),30.0,30.0,-3.5783646,26.421635389328003
2026-07-21,Chinnamanur(Uzhavar Sandhai ),21.0,20.0,0.10908822,20.109088219702244
2026-07-21,Tiruvarur(Uzhavar Sandhai ),20.0,20.0,0.37550396,20.375503957271576
2026-07-21,Jeyankondam (Uzhavar Sandhai ),22.5,24.0,-1.3313128,22.668687224388123
2026-07-21,Rasipuram(Uzhavar Sandhai ),20.0,20.0,1.7711512,21.771151185035706
2026-07-21,Coonoor(Uzhavar Sandhai ),26.0,26.0,-2.0852928,23.91470718383789
2026-07-21,Karaikudi(Uzhavar Sandhai ),22.5,26.5,-1.327853,25.172147035598755
2026-07-21,Muthupettai(Uzhavar Sandhai ),20.0,20.0,1.5400721,21.540072083473206
2026-07-21,Needamangalam(Uzhavar Sandhai ),20.0,20.0,1.5400721,21.540072083473206
2026-07-21,Hosur(Uzhavar Sandhai ),17.5,17.5,0.8453909,18.345390915870667
2026-07-21,Pallavaram(Uzhavar Sandhai ),18.5,18.5,0.8468672,19.346867203712463
2026-07-21,Thathakapatti(Uzhavar Sandhai ),16.5,17.5,0.8286464,18.328646421432495
2026-07-21,Gandhigramam(Uzhavar Sandhai),22.0,22.0,-0.11290821,21.887091793119907
2026-07-21,Tuticorin(Uzhavar Sandhai ),22.5,22.5,-0.7274031,21.772596895694733
2026-07-21,Gobichettipalayam(Uzhavar Sandhai ),21.0,21.0,0.5078625,21.507862508296967
2026-07-22,Periyar Nagar(Uzhavar Sandhai ),14.0,16.5,2.1131237,18.613123655319214
2026-07-22,Perampet(Uzhavar Sandhai),14.0,16.5,1.8435531,18.343553066253662
2026-07-22,Kaveripattinam(Uzhavar Sandhai ),20.0,25.0,-2.137387,22.86261296272278
2026-07-22,KKNagar(Uzhavar Sandhai ),22.0,20.0,0.23097478,20.230974778532982
2026-07-22,Ambasamudram(Uzhavar Sandhai ),23.0,23.0,-1.2760054,21.723994612693787
2026-07-22,Athur(Uzhavar Sandhai ),16.5,16.5,2.761666,19.26166605949402
2026-07-22,Virudhunagar(Uzhavar Sandhai ),22.5,18.0,2.2085469,20.20854687690735
2026-07-22,Vandavasi(Uzhavar Sandhai ),17.5,18.0,0.7196489,18.719648897647858
2026-07-22,Mettupalayam(Uzhavar Sandhai ),18.0,17.5,1.4991804,18.99918043613434
2026-07-22,NGO Colony(Uzhavar Sandhai ),23.5,26.0,-2.1529505,23.847049474716187
2026-07-22,Andipatti(Uzhavar Sandhai ),22.0,23.0,0.08255536,23.08255536109209
2026-07-22,Kovilpatti(Uzhavar Sandhai ),22.5,22.5,-0.020135341,22.479864658787847
2026-07-22,Rasipuram(Uzhavar Sandhai ),20.0,20.0,0.2705768,20.270576804876328
2026-07-22,Kallakurichi(Uzhavar Sandhai ),20.0,25.0,-1.9344136,23.06558644771576
2026-07-22,Palladam(Uzhavar Sandhai ),17.5,17.5,1.318116,18.818115949630737
2026-07-22,Gudiyatham(Uzhavar Sandhai ),20.0,16.0,1.7187141,17.718714118003845
2026-07-22,Paramathivelur(Uzhavar Sandhai ),23.0,24.5,-1.5153688,22.984631180763245
2026-07-22,Elampillai(Uzhavar Sandhai ),18.0,19.0,0.7374325,19.7374324798584
2026-07-22,Vazhapadi(Uzhavar Sandhai),16.0,16.0,2.9389966,18.93899655342102
2026-07-22,Denkanikottai(Uzhavar Sandhai ),17.5,17.5,0.7284106,18.228410601615906
2026-07-22,Karur(Uzhavar Sandhai ),21.5,21.5,-0.2063437,21.293656304478645
2026-07-22,Tiruvannamalai(Uzhavar Sandhai ),13.5,13.5,4.165968,17.66596794128418
2026-07-22,Jalagandapuram(Uzhavar Sandhai ),16.5,16.5,2.8000057,19.300005674362183
2026-07-22,Tamarainagar(Uzhavar Sandhai ),16.5,15.0,3.0391755,18.039175510406494
2026-07-22,Cuddalore(Uzhavar Sandhai ),19.0,19.0,0.573154,19.573153972625732
2026-07-22,Vaniyampadi(Uzhavar Sandhai ),15.0,15.0,0.8137845,15.81378448009491
2026-07-22,Paruthipattu(Uzhavar Sandhai ),25.0,30.0,-2.7765543,27.223445653915405
2026-07-22,Mecheri(Uzhavar Sandhai),16.5,16.5,2.6223419,19.122341871261597
2026-07-22,Melur(Uzhavar Sandhai ),19.0,18.0,0.39730355,18.39730355143547
2026-07-22,Myladi(Uzhavar Sandhai ),27.5,32.5,-3.4184735,29.081526517868042
2026-07-22,Melapalayam(Uzhavar Sandhai ),26.0,27.5,-2.2670982,25.23290181159973
2026-07-22,Ramanathapuram(Uzhavar Sandhai ),26.5,27.5,-1.841096,25.65890395641327
2026-07-22,Mannargudi II(Uzhavar Sandhai ),20.0,20.0,0.64507204,20.645072042942047
2026-07-22,Kahithapattarai(Uzhavar Sandhai ),14.5,16.5,0.20794362,16.707943618297577
2026-07-22,Jameenrayapettai(Uzhavar Sandhai ),18.5,19.0,0.7494052,19.749405205249786
2026-07-22,Muthupettai(Uzhavar Sandhai ),20.0,20.0,1.6609745,21.660974502563477
2026-07-22,Ambattur(Uzhavar Sandhai ),25.0,25.0,-1.8239102,23.176089763641357
2026-07-22,Jeyankondam (Uzhavar Sandhai ),22.5,22.5,0.024064882,22.5240648817271
2026-07-22,Usilampatti(Uzhavar Sandhai ),19.0,18.0,2.0057569,20.005756855010986
2026-07-22,Tiruvarur(Uzhavar Sandhai ),20.0,20.0,0.41590655,20.41590654850006
2026-07-22,Needamangalam(Uzhavar Sandhai ),20.0,20.0,1.6609745,21.660974502563477
2026-07-22,Vedasanthur(Uzhavar Sandhai ),16.5,20.0,1.8367369,21.836736917495728
2026-07-22,Thathakapatti(Uzhavar Sandhai ),16.5,16.5,1.8715743,18.37157428264618
2026-07-22,RSPuram(Uzhavar Sandhai ),15.0,17.5,1.2490062,18.749006152153015
2026-07-22,Katpadi (Uzhavar Sandhai ),17.5,17.5,1.6439753,19.143975257873535
2026-07-22,Paramakudi(Uzhavar Sandhai ),27.5,26.5,-1.3849695,25.115030527114868
2026-07-22,Medavakkam(Uzhavar Sandhai ),20.0,20.0,0.33696935,20.33696934580803
2026-07-22,Chinnalapatti(Uzhavar Sandhai ),20.0,22.0,0.38380745,22.383807450532913
2026-07-22,Gandarvakottai(Uzhavar Sandhai ),22.5,22.5,1.314829,23.814828991889954
2026-07-22,Kulithalai(Uzhavar Sandhai ),19.0,23.5,-0.39446414,23.105535864830017
2026-07-22,Tiruppur (South) (Uzhavar Sandhai ),13.5,16.5,2.0862315,18.586231470108032
2026-07-22,Sundarapuram(Uzhavar Sandhai ),17.5,17.5,0.06484676,17.564846761524677
2026-07-22,Thalavadi(Uzhavar Sandhai ),12.0,16.0,2.303564,18.303564071655273
2026-07-22,Vengamedu(Uzhavar Sandhai ),21.5,21.5,0.2872314,21.787231385707855
2026-07-22,Vellore APMC,14.5,20.0,0.65171957,20.651719570159912
2026-07-22,Kariyapatti(Uzhavar Sandhai ),19.0,19.0,0.4890458,19.489045798778534
2026-07-22,Padappai(Uzhavar Sandhai ),21.0,20.0,0.32243797,20.322437971830368
2026-07-22,Pallikonda(Uzhavar Sandhai),17.5,20.0,-0.17164865,19.828351348638535
2026-07-22,Rajapalayam(Uzhavar Sandhai ),17.5,16.5,0.15012424,16.650124236941338
2026-07-22,Sankarankoil(Uzhavar Sandhai ),20.0,22.5,0.21403961,22.714039608836174
2026-07-22,Aranthangi(Uzhavar Sandhai ),22.5,22.5,0.9610554,23.461055397987366
2026-07-22,Keelpennathur(Uzhavar Sandhai ),17.5,22.5,-1.2384264,21.261573553085327
2026-07-22,Ranipettai(Uzhavar Sandhai ),17.0,18.0,2.2083457,20.208345651626587
2026-07-22,Cheyyar(Uzhavar Sandhai ),17.5,18.0,0.62677014,18.62677013874054
2026-07-22,Mayiladuthurai(Uzhavar Sandhai ),22.5,22.5,-0.69251215,21.807487845420837
2026-07-22,Sankarapuram(Uzhavar Sandhai ),20.0,25.0,-1.8524207,23.147579312324524
2026-07-22,Periyakulam(Uzhavar Sandhai ),22.0,23.0,-0.19519475,22.804805248975754
2026-07-22,Thanjavur(Uzhavar Sandhai ),20.0,20.0,1.3467169,21.34671688079834
2026-07-22,Guduvancheri(Uzhavar Sandhai ),19.0,19.0,1.0955198,20.09551978111267
2026-07-22,Nagapattinam(Uzhavar Sandhai ),29.5,31.0,-2.5971143,28.402885675430298
2026-07-22,Ulundurpettai APMC,20.0,22.0,2.8155692,24.815569162368774
2026-07-22,Tiruthani(Uzhavar Sandhai ),25.0,25.0,-2.133207,22.866792917251587
2026-07-22,Peravurani(Uzhavar Sandhai),25.0,25.0,-1.4507284,23.54927158355713
2026-07-22,Panruti(Uzhavar Sandhai ),20.0,20.0,0.42966577,20.42966577410698
2026-07-22,Thammampatti (Uzhavar Sandhai ),13.0,15.0,1.1733652,16.173365235328674
2026-07-22,Vadalur(Uzhavar Sandhai ),20.0,20.0,0.42018706,20.420187056064606
2026-07-22,Sulur(Uzhavar Sandhai ),18.0,18.0,1.5413874,19.54138743877411
2026-07-22,Chokkikulam(Uzhavar Sandhai ),19.0,19.0,0.9697062,19.969706177711487
2026-07-22,Sunguvarchatram(Uzhavar Sandhai ),24.0,24.0,-0.7491888,23.250811219215393
2026-07-22,Gudalur(Uzhavar Sandhai ),18.5,20.0,0.5733724,20.573372423648834
2026-07-22,Tenkasi(Uzhavar Sandhai ),20.0,17.5,1.3677609,18.86776089668274
2026-07-22,Dharapuram(Uzhavar Sandhai ),21.5,17.5,1.2758532,18.775853157043457
2026-07-22,Sampath Nagar(Uzhavar Sandhai ),14.0,16.5,2.088639,18.5886390209198
2026-07-22,Viralimalai(Uzhavar Sandhai ),22.5,22.5,1.3960552,23.896055221557617
2026-07-22,Tiruppur (North) (Uzhavar Sandhai ),20.0,27.0,-4.873709,22.126290798187256
2026-07-22,Tiruvallur(Uzhavar Sandhai ),25.0,25.0,-1.7535644,23.24643564224243
2026-07-22,Vedaranyam(Uzhavar Sandhai),33.5,33.5,-1.7182205,31.781779527664185
2026-07-22,Pudukottai(Uzhavar Sandhai ),22.5,22.5,-0.2532318,22.246768206357956
2026-07-22,Bodinayakanur(Uzhavar Sandhai ),22.0,22.0,0.5367469,22.53674691915512
2026-07-22,Thalavaipuram(Uzhavar Sandhai ),18.0,15.5,2.24067,17.74066996574402
2026-07-22,Krishnagiri(Uzhavar Sandhai ),14.0,17.5,1.3622496,18.862249612808228
2026-07-22,Pallapatti (Uzhavar Sandhai ),25.0,24.0,-0.56652474,23.433475255966187
2026-07-22,Chengam(Uzhavar Sandhai ),13.5,13.5,1.7065995,15.206599473953247
2026-07-22,Theni(Uzhavar Sandhai ),18.0,15.0,1.483434,16.483433961868286
2026-07-22,Palani(Uzhavar Sandhai ),16.5,17.5,2.1894016,19.689401626586914
2026-07-22,Perambalur(Uzhavar Sandhai ),23.5,28.0,-1.8408364,26.15916359424591
2026-07-22,Kumarapalayam(Uzhavar Sandhai ),22.0,22.0,-0.07753233,21.922467671334743
2026-07-22,Chidambaram(Uzhavar Sandhai ),20.0,20.0,0.56339186,20.563391864299774
2026-07-22,Coonoor(Uzhavar Sandhai ),22.0,26.0,-2.2362008,23.76379919052124
2026-07-22,Udhagamandalam(Uzhavar Sandhai ),21.0,24.0,-1.2909417,22.70905828475952
2026-07-22,Udumalpet APMC,18.5,18.5,-0.5137361,17.986263871192932
2026-07-22,Anna nagar(Uzhavar Sandhai ),19.0,19.0,0.2633867,19.263386696577072
2026-07-22,Papanasam(Uzhavar Sandhai ),26.0,26.0,-2.0163143,23.983685731887817
2026-07-22,Thirupathur APMC,20.0,20.0,-0.23853078,19.761469215154648
2026-07-22,Karambakkudi(Uzhavar Sandhai ),22.5,22.5,-0.30012482,22.19987517595291
2026-07-22,Dharmapuri(Uzhavar Sandhai ),15.5,19.0,0.7398821,19.739882111549377
2026-07-22,Lalgudi(Uzhavar Sandhai ),22.0,20.0,0.2783628,20.278362810611725
2026-07-22,Palanganatham(Uzhavar Sandhai ),19.0,20.5,0.22406791,20.7240679115057
2026-07-22,AJattihalli(Uzhavar Sandhai ),14.0,18.0,1.8398972,19.83989715576172
2026-07-22,Tirukattupalli(Uzhavar Sandhai ),20.0,20.0,2.2814302,22.2814302444458
2026-07-22,Viruthachalam(Uzhavar Sandhai ),40.0,25.0,-1.5497142,23.45028579235077
2026-07-22,Singampunari(Uzhavar Sandhai ),21.0,21.0,0.47648445,21.476484447717667
2026-07-22,Edapadi (Uzhavar Sandhai ),16.0,18.0,1.8076284,19.807628393173218
2026-07-22,Tuticorin(Uzhavar Sandhai ),22.5,22.5,-0.7084518,21.791548192501068
2026-07-22,Sathiyamagalam(Uzhavar Sandhai ),17.5,20.0,0.5341932,20.534193217754364
2026-07-22,Kundrathur(Uzhavar Sandhai ),24.0,24.0,-0.7975959,23.20240408182144
2026-07-22,Mannargudi I(Uzhavar Sandhai ),20.0,20.0,0.5554773,20.55547732114792
2026-07-22,Arcot(Uzhavar Sandhai ),17.0,17.0,0.15253158,17.15253157913685
2026-07-22,Perundurai(Uzhavar Sandhai ),20.0,20.0,1.1722678,21.17226779460907
2026-07-22,Avallapalli(Uzhavar Sandhai ),17.5,17.5,2.2461472,19.74614715576172
2026-07-22,Thirumangalam(Uzhavar Sandhai ),17.5,18.0,1.988858,19.988857984542847
2026-07-22,Manapparai(Uzhavar Sandhai ),20.0,20.0,-0.12189436,19.878105640411377
2026-07-22,Tirupatthur(Uzhavar Sandhai ),23.5,22.0,-0.13817945,21.861820548772812
2026-07-22,Ammapet(Uzhavar Sandhai ),15.0,16.5,2.048248,18.548248052597046
2026-07-22,Singanallur(Uzhavar Sandhai ),17.5,17.5,1.7293819,19.229381918907166
2026-07-22,Harur(Uzhavar Sandhai ),16.5,17.5,1.581253,19.081253051757812
2026-07-22,Pennagaram(Uzhavar Sandhai ),15.5,15.5,1.5628611,17.06286108493805
2026-07-22,Vadavalli(Uzhavar Sandhai ),16.5,16.5,0.9599153,17.459915280342102
2026-07-22,Kangayam(Uzhavar Sandhai ),14.5,16.5,1.8686956,18.368695616722107
2026-07-22,Naravarikuppam(Uzhavar Sandhai ),25.0,30.0,-3.1771965,26.822803497314453
2026-07-22,Madhuranthagam(Uzhavar Sandhai ),20.0,17.5,1.3189508,18.81895077228546
2026-07-22,Gobichettipalayam(Uzhavar Sandhai ),17.5,21.0,1.4710939,22.471093893051147
2026-07-22,Polur(Uzhavar Sandhai ),17.5,17.5,0.74584883,18.245848834514618
2026-07-22,Thirukalukundram(Uzhavar Sandhai ),21.0,20.0,1.1436718,21.14367175102234
2026-07-22,Villupuram(Uzhavar Sandhai ),20.0,20.0,-0.16836952,19.83163048326969
2026-07-22,Sathur(Uzhavar Sandhai ),19.0,19.0,0.15744117,19.157441169023514
2026-07-22,Tindivanam APMC,18.0,18.0,2.032683,20.0326828956604
2026-07-22,Kurichi(Uzhavar Sandhai ),17.5,22.0,-0.14946839,21.850531607866287
2026-07-22,Vadaseri APMC,32.5,28.5,0.32091537,28.82091537117958
2026-07-22,Sooramangalam(Uzhavar Sandhai ),17.0,17.0,1.9372565,18.937256455421448
2026-07-22,Srivilliputhur(Uzhavar Sandhai ),17.5,18.5,0.03660914,18.536609139293432
2026-07-22,Alangudi(Uzhavar Sandhai ),22.5,27.5,-2.655924,24.844075918197632
2026-07-22,Nanganallur(Uzhavar Sandhai ),19.0,19.0,1.6633114,20.66331136226654
2026-07-22,Ariyalur(Uzhavar Sandhai),27.5,28.5,-2.29377,26.20622992515564
2026-07-22,Manachanallur(Uzhavar Sandhai ),20.0,20.0,-0.21485633,19.785143673419952
2026-07-22,Hasthampatti(Uzhavar Sandhai ),16.5,16.5,1.9209901,18.420990109443665
2026-07-22,Gandhigramam(Uzhavar Sandhai),22.0,22.0,-0.021073772,21.97892622835934
2026-07-22,Attayampatti(Uzhavar Sandhai ),18.0,16.5,1.8372332,18.337233185768127
2026-07-22,Pollachi(Uzhavar Sandhai ),18.0,18.0,1.2875457,19.287545680999756
2026-07-22,Kumbakonam (Uzhavar Sandhai ),26.0,26.0,-1.9703051,24.02969491481781
2026-07-22,Ponnamaravathi(Uzhavar Sandhai),17.5,17.5,1.2702951,18.77029514312744
2026-07-22,Velayuthampalayam(Uzhavar Sandhai ),22.0,22.0,0.084068194,22.084068194031715
2026-07-22,Anaiyur(Uzhavar Sandhai ),19.0,18.0,2.0303912,20.030391216278076
2026-07-22,Palacode(Uzhavar Sandhai ),16.5,17.0,1.4342936,18.434293627738953
2026-07-22,Karaikudi(Uzhavar Sandhai ),23.0,22.5,-0.07189059,22.428109407424927
2026-07-22,Hosur(Uzhavar Sandhai ),17.5,17.5,0.70270467,18.202704668045044
2026-07-22,Musiri(Uzhavar Sandhai ),17.5,20.0,0.85177773,20.851777732372284
2026-07-22,Devaram(Uzhavar Sandhai ),24.0,22.5,0.7746839,23.274683892726898
2026-07-22,Thiruverumbur(Uzhavar Sandhai ),22.0,20.0,0.21938328,20.219383284449577
2026-07-22,Thuraiyur APMC,19.0,18.0,0.6546382,18.654638171195984
2026-07-22,Kamuthi(Uzhavar Sandhai ),25.0,27.5,-1.7689863,25.731013655662537
2026-07-22,Sivagangai (Uzhavar Sandhai ),21.0,19.0,0.89232266,19.892322659492493
2026-07-22,Valangaiman APMC,22.0,22.0,0.0134602515,22.013460251502693
2026-07-22,Palayamkottai(Uzhavar Sandhai ),26.0,27.5,-2.329379,25.170620918273926
2026-07-22,Dindigul(Uzhavar Sandhai ),21.0,22.0,0.5781636,22.578163623809814
2026-07-22,Kambam(Uzhavar Sandhai ),22.5,22.5,0.3814521,22.88145211338997
2026-07-22,Pattukottai(Uzhavar Sandhai ),24.0,28.0,-2.643705,25.356295108795166
2026-07-22,Karimangalam(Uzhavar Sandhai),19.0,19.0,1.0639266,20.063926577568054
2026-07-22,Mohanur(Uzhavar Sandhai ),22.5,26.0,-2.0168753,23.98312473297119
2026-07-22,Sirkali(Uzhavar Sandhai ),22.5,22.5,-0.63832307,21.861676931381226
2026-07-22,Arani(Uzhavar Sandhai ),17.5,17.5,0.90202457,18.402024567127228
2026-07-22,Perambakkam(Uzhavar Sandhai ),20.0,20.0,0.78264165,20.782641649246216
2026-07-22,Devakottai (Uzhavar Sandhai ),21.0,21.0,0.2962551,21.296255111694336
2026-07-22,Kandiyaperi(Uzhavar Sandhai ),26.0,27.5,-2.1573174,25.342682600021362
2026-07-22,Tiruchengode APMC,22.0,22.0,-0.070555255,21.92944474518299
2026-07-22,Mettur(Uzhavar Sandhai ),14.0,14.0,3.4058845,17.405884504318237
2026-07-22,Gingee(Uzhavar Sandhai ),20.0,20.0,1.738981,21.738981008529663
2026-07-22,Aruppukottai(Uzhavar Sandhai ),17.5,17.5,1.125609,18.625609040260315
2026-07-22,Pallavaram(Uzhavar Sandhai ),18.5,18.5,0.7182817,19.218281686306
2026-07-22,Natrampalli(Uzhavar Sandhai ),12.5,12.5,3.3415327,15.841532707214355
2026-07-22,Kancheepuram(Uzhavar Sandhai ),21.5,20.0,0.259298,20.259297996759415
2026-07-22,Sivakasi(Uzhavar Sandhai ),22.5,22.5,-0.49788022,22.002119779586792
2026-07-22,Chengalpet(Uzhavar Sandhai ),19.0,19.0,0.467407,19.46740698814392
2026-07-22,Chinnamanur(Uzhavar Sandhai ),20.0,21.0,-0.16495295,20.83504705131054
2026-07-23,Aranthangi(Uzhavar Sandhai ),22.5,22.5,1.0305135,23.530513525009155
2026-07-23,Kulithalai(Uzhavar Sandhai ),19.0,19.0,0.9176201,19.91762012243271
2026-07-23,Vadaseri APMC,28.5,32.5,-3.0448318,29.4551682472229
2026-07-23,Pallavaram(Uzhavar Sandhai ),18.0,18.5,0.85724205,19.357242047786713
2026-07-23,Sathur(Uzhavar Sandhai ),22.5,19.0,0.28483063,19.284830629825592
2026-07-23,Thathakapatti(Uzhavar Sandhai ),13.0,16.5,2.5908904,19.090890407562256
2026-07-23,Kambam(Uzhavar Sandhai ),19.0,22.5,0.48887298,22.988872975111008
2026-07-23,RSPuram(Uzhavar Sandhai ),13.5,15.0,2.5160735,17.51607346534729
2026-07-23,Dindigul(Uzhavar Sandhai ),17.5,21.0,0.27819633,21.278196334838867
2026-07-23,Musiri(Uzhavar Sandhai ),19.0,17.5,1.8336912,19.333691239356995
2026-07-23,Tiruvallur(Uzhavar Sandhai ),25.0,25.0,-1.5238966,23.47610342502594
2026-07-23,Tindivanam APMC,15.0,18.0,1.9925153,19.992515325546265
2026-07-23,Villupuram(Uzhavar Sandhai ),20.0,20.0,-0.008304693,19.991695307195187
2026-07-23,Kangayam(Uzhavar Sandhai ),15.0,14.5,3.0470207,17.54702067375183
2026-07-23,Vellore APMC,17.0,14.5,2.3196194,16.81961941719055
2026-07-23,Tenkasi(Uzhavar Sandhai ),20.0,20.0,0.37962407,20.37962406873703
2026-07-23,Chinnalapatti(Uzhavar Sandhai ),18.5,20.0,0.7681917,20.768191695213318
2026-07-23,Sivagangai (Uzhavar Sandhai ),21.0,21.0,0.21853872,21.218538716435432
2026-07-23,Arcot(Uzhavar Sandhai ),17.0,17.0,0.38665774,17.386657744646072
2026-07-23,Perambakkam(Uzhavar Sandhai ),20.0,20.0,0.60059214,20.600592136383057
2026-07-23,Ramanathapuram(Uzhavar Sandhai ),17.5,26.5,-1.6250106,24.87498939037323
2026-07-23,Kariyapatti(Uzhavar Sandhai ),19.0,19.0,0.52736974,19.527369737625122
2026-07-23,Chengalpet(Uzhavar Sandhai ),19.0,19.0,0.5515638,19.551563799381256
2026-07-23,Perambalur(Uzhavar Sandhai ),23.5,23.5,-0.18402657,23.315973430871964
2026-07-23,Pallikonda(Uzhavar Sandhai),16.5,17.5,1.0130336,18.513033628463745
2026-07-23,Anna nagar(Uzhavar Sandhai ),20.0,19.0,0.10626254,19.106262542307377
2026-07-23,Sundarapuram(Uzhavar Sandhai ),16.0,17.5,3.0227652,20.522765159606934
2026-07-23,Paramakudi(Uzhavar Sandhai ),22.5,27.5,-1.79101,25.70898997783661
2026-07-23,Bodinayakanur(Uzhavar Sandhai ),20.0,22.0,0.5645672,22.5645672082901
2026-07-23,Tirukattupalli(Uzhavar Sandhai ),20.0,20.0,1.9604119,21.96041190624237
2026-07-23,Katpadi (Uzhavar Sandhai ),19.0,17.5,2.3636541,19.863654136657715
2026-07-23,Ariyalur(Uzhavar Sandhai),26.0,27.5,-1.7929242,25.707075834274292
2026-07-23,Vengamedu(Uzhavar Sandhai ),17.5,21.5,0.34201312,21.842013120651245
2026-07-23,Jeyankondam (Uzhavar Sandhai ),22.5,22.5,0.17099117,22.67099116742611
2026-07-23,Alangudi(Uzhavar Sandhai ),22.5,22.5,1.169403,23.669402956962585
2026-07-23,Sankarankoil(Uzhavar Sandhai ),20.0,20.0,0.5456645,20.545664489269257
2026-07-23,Tiruppur (South) (Uzhavar Sandhai ),13.5,13.5,2.9400094,16.440009355545044
2026-07-23,Keelpennathur(Uzhavar Sandhai ),17.5,17.5,1.5586272,19.058627247810364
2026-07-23,Palani(Uzhavar Sandhai ),16.5,16.5,2.0950167,18.595016717910767
2026-07-23,Cheyyar(Uzhavar Sandhai ),17.5,17.5,1.8232673,19.323267340660095
2026-07-23,Chinnamanur(Uzhavar Sandhai ),19.0,20.0,0.7100456,20.71004557609558
2026-07-23,Kumarapalayam(Uzhavar Sandhai ),22.0,22.0,-0.09954118,21.900458820164204
2026-07-23,Singanallur(Uzhavar Sandhai ),17.5,17.5,1.3638657,18.863865733146667
2026-07-23,Ulundurpettai APMC,22.0,20.0,2.9341986,22.93419861793518
2026-07-23,Tiruchengode APMC,22.0,22.0,0.04792472,22.04792471975088
2026-07-23,Jalagandapuram(Uzhavar Sandhai ),14.5,16.5,2.263467,18.76346707344055
2026-07-23,Tiruthani(Uzhavar Sandhai ),25.0,25.0,-1.7505158,23.249484181404114
2026-07-23,Aruppukottai(Uzhavar Sandhai ),17.5,17.5,0.99827564,18.498275637626648
2026-07-23,KKNagar(Uzhavar Sandhai ),20.0,22.0,0.07419219,22.074192188680172
2026-07-23,Velayuthampalayam(Uzhavar Sandhai ),17.0,22.0,0.039122295,22.03912229463458
2026-07-23,Mettur(Uzhavar Sandhai ),13.5,14.0,3.4910822,17.491082191467285
2026-07-23,Kumbakonam (Uzhavar Sandhai ),26.0,26.0,-1.919382,24.080618023872375
2026-07-23,Sunguvarchatram(Uzhavar Sandhai ),24.0,24.0,-0.6691136,23.3308864235878
2026-07-23,Attayampatti(Uzhavar Sandhai ),13.0,18.0,2.3058352,20.305835247039795
2026-07-23,Kovilpatti(Uzhavar Sandhai ),22.5,22.5,1.0236404,23.523640394210815
2026-07-23,Avallapalli(Uzhavar Sandhai ),16.5,17.5,2.3247168,19.824716806411743
2026-07-23,Singampunari(Uzhavar Sandhai ),19.0,21.0,0.17535119,21.175351187586784
2026-07-23,Vadalur(Uzhavar Sandhai ),20.0,20.0,0.5914055,20.591405510902405
2026-07-23,Karur(Uzhavar Sandhai ),17.5,21.5,0.05768037,21.557680368423462
2026-07-23,Sivakasi(Uzhavar Sandhai ),17.5,22.5,-0.17873636,22.321263641119003
2026-07-23,Thanjavur(Uzhavar Sandhai ),20.0,20.0,1.7492901,21.749290108680725
2026-07-23,Dharmapuri(Uzhavar Sandhai ),13.5,15.5,2.8352706,18.335270643234253
2026-07-23,Cuddalore(Uzhavar Sandhai ),16.0,19.0,2.2549198,21.25491976737976
2026-07-23,Vaniyampadi(Uzhavar Sandhai ),15.0,15.0,2.1046631,17.104663133621216
2026-07-23,Pattukottai(Uzhavar Sandhai ),24.0,24.0,-0.7577656,23.24223440885544
2026-07-23,Palayamkottai(Uzhavar Sandhai ),22.5,26.0,-2.0198755,23.980124473571777
2026-07-23,Perampet(Uzhavar Sandhai),15.0,14.0,2.311052,16.311052083969116
2026-07-23,Mecheri(Uzhavar Sandhai),14.0,16.5,2.8234277,19.32342767715454
2026-07-23,Valangaiman APMC,20.0,22.0,0.08242698,22.082426980137825
2026-07-23,Ambasamudram(Uzhavar Sandhai ),23.0,23.0,-1.1384879,21.861512064933777
2026-07-23,Karaikudi(Uzhavar Sandhai ),23.0,23.0,-0.47247672,22.527523279190063
2026-07-23,Periyar Nagar(Uzhavar Sandhai ),14.0,14.0,3.5785112,17.578511238098145
2026-07-23,Paramathivelur(Uzhavar Sandhai ),21.0,23.0,0.058066636,23.05806663632393
2026-07-23,Devaram(Uzhavar Sandhai ),20.0,24.0,-0.6360672,23.36393278837204
2026-07-23,Kamuthi(Uzhavar Sandhai ),22.5,25.0,-0.7614747,24.23852527141571
2026-07-23,Hosur(Uzhavar Sandhai ),16.5,17.5,0.8589919,18.35899192094803
2026-07-23,Sampath Nagar(Uzhavar Sandhai ),15.0,14.0,3.4853582,17.485358238220215
2026-07-23,Tuticorin(Uzhavar Sandhai ),22.5,22.5,-0.5514858,21.948514223098755
2026-07-23,Kundrathur(Uzhavar Sandhai ),24.0,24.0,-0.708488,23.29151201248169
2026-07-23,Pollachi(Uzhavar Sandhai ),14.0,18.0,0.7729756,18.772975623607635
2026-07-23,Ranipettai(Uzhavar Sandhai ),15.0,17.0,2.479022,19.47902202606201
2026-07-23,Muthupettai(Uzhavar Sandhai ),20.0,20.0,1.8738848,21.873884797096252
2026-07-23,Kurichi(Uzhavar Sandhai ),17.5,17.5,2.5676665,20.06766653060913
2026-07-23,Periyakulam(Uzhavar Sandhai ),19.0,22.0,0.64213127,22.64213126897812
2026-07-23,Gandhigramam(Uzhavar Sandhai),19.0,22.0,-0.026513321,21.973486678674817
2026-07-23,Kahithapattarai(Uzhavar Sandhai ),15.0,14.5,2.468458,16.9684579372406
2026-07-23,Gudalur(Uzhavar Sandhai ),27.5,18.5,1.5151281,20.015128135681152
2026-07-23,Polur(Uzhavar Sandhai ),17.5,17.5,1.9744784,19.474478363990784
2026-07-23,Naravarikuppam(Uzhavar Sandhai ),25.0,25.0,-0.68083394,24.31916606426239
2026-07-23,Panruti(Uzhavar Sandhai ),20.0,20.0,0.7351915,20.735191524028778
2026-07-23,Tiruvarur(Uzhavar Sandhai ),20.0,20.0,0.58712494,20.587124943733215
2026-07-23,Vadavalli(Uzhavar Sandhai ),15.5,16.5,0.75395167,17.25395166873932
2026-07-23,Needamangalam(Uzhavar Sandhai ),18.0,20.0,1.858701,21.85870099067688
2026-07-23,Thammampatti (Uzhavar Sandhai ),13.0,13.0,4.000182,17.000182151794434
2026-07-23,Gobichettipalayam(Uzhavar Sandhai ),17.5,17.5,1.8226457,19.322645664215088
2026-07-23,NGO Colony(Uzhavar Sandhai ),22.5,23.5,-0.94620943,22.55379056930542
2026-07-23,Athur(Uzhavar Sandhai ),13.0,16.5,2.5929537,19.0929536819458
2026-07-23,Mayiladuthurai(Uzhavar Sandhai ),22.5,22.5,-0.49117115,22.008828848600388
2026-07-23,Vedaranyam(Uzhavar Sandhai),35.0,33.5,-1.6228604,31.877139568328857
2026-07-23,Viralimalai(Uzhavar Sandhai ),22.5,22.5,0.97645164,23.476451635360718
2026-07-23,Rasipuram(Uzhavar Sandhai ),18.0,20.0,0.11779905,20.117799051105976
2026-07-23,AJattihalli(Uzhavar Sandhai ),13.0,14.0,3.587605,17.587604999542236
2026-07-23,Palanganatham(Uzhavar Sandhai ),18.0,19.0,1.1589264,20.158926367759705
2026-07-23,Denkanikottai(Uzhavar Sandhai ),16.5,17.5,0.8539404,18.353940427303314
2026-07-23,Krishnagiri(Uzhavar Sandhai ),14.0,14.0,3.76412,17.76412010192871
2026-07-23,Thirupathur APMC,20.0,20.0,-0.008400565,19.99159943498671
2026-07-23,Thirumangalam(Uzhavar Sandhai ),17.5,17.5,2.1904283,19.690428256988525
2026-07-23,Manapparai(Uzhavar Sandhai ),20.0,20.0,0.7902255,20.790225505828857
2026-07-23,Pallapatti (Uzhavar Sandhai ),23.0,25.0,-1.8167912,23.18320882320404
2026-07-23,Tamarainagar(Uzhavar Sandhai ),14.5,16.5,0.9860676,17.486067593097687
2026-07-23,Ammapet(Uzhavar Sandhai ),14.5,15.0,3.476552,18.47655200958252
2026-07-23,Melur(Uzhavar Sandhai ),18.0,19.0,0.6567283,19.656728327274323
2026-07-23,Manachanallur(Uzhavar Sandhai ),20.0,20.0,0.2819259,20.28192588686943
2026-07-23,Elampillai(Uzhavar Sandhai ),15.5,18.0,2.2085676,20.20856761932373
2026-07-23,Sooramangalam(Uzhavar Sandhai ),13.0,17.0,2.0419502,19.041950225830078
2026-07-23,Karambakkudi(Uzhavar Sandhai ),22.5,22.5,-0.15296592,22.347034081816673
2026-07-23,Vedasanthur(Uzhavar Sandhai ),16.5,16.5,2.3354316,18.835431575775146
2026-07-23,Viruthachalam(Uzhavar Sandhai ),20.0,40.0,-10.583411,29.41658878326416
2026-07-23,Sathiyamagalam(Uzhavar Sandhai ),14.5,17.5,1.8247093,19.3247092962265
2026-07-23,Chidambaram(Uzhavar Sandhai ),20.0,20.0,0.7346103,20.734610319137573
2026-07-23,Thalavadi(Uzhavar Sandhai ),11.5,12.0,5.1548333,17.15483331680298
2026-07-23,Medavakkam(Uzhavar Sandhai ),20.0,20.0,0.7840329,20.784032881259918
2026-07-23,Edapadi (Uzhavar Sandhai ),15.5,16.0,2.4700458,18.470045804977417
2026-07-23,Melapalayam(Uzhavar Sandhai ),22.5,26.0,-1.958491,24.04150903224945
2026-07-23,Pudukottai(Uzhavar Sandhai ),22.5,22.5,0.09386823,22.593868233263493
2026-07-23,Hasthampatti(Uzhavar Sandhai ),11.0,16.5,2.5510936,19.051093578338623
2026-07-23,Peravurani(Uzhavar Sandhai),25.0,25.0,-1.5542456,23.445754408836365
2026-07-23,Kaveripattinam(Uzhavar Sandhai ),20.0,20.0,0.6037604,20.603760421276093
2026-07-23,Mettupalayam(Uzhavar Sandhai ),16.5,18.0,1.4355781,19.435578107833862
2026-07-23,Udumalpet APMC,14.0,18.5,1.1525551,19.652555108070374
2026-07-23,Chengam(Uzhavar Sandhai ),13.5,13.5,2.1514215,15.651421546936035
2026-07-23,Papanasam(Uzhavar Sandhai ),26.0,26.0,-1.9834847,24.016515254974365
2026-07-23,Gingee(Uzhavar Sandhai ),15.0,20.0,1.8135006,21.81350064277649
2026-07-23,Gudiyatham(Uzhavar Sandhai ),18.0,20.0,0.66670585,20.6667058467865
2026-07-23,Theni(Uzhavar Sandhai ),16.0,18.0,1.0591997,19.059199690818787
2026-07-23,Virudhunagar(Uzhavar Sandhai ),18.0,22.5,-0.34019327,22.159806728363037
2026-07-23,Kandiyaperi(Uzhavar Sandhai ),22.5,26.0,-1.88382,24.116179943084717
2026-07-23,Natrampalli(Uzhavar Sandhai ),11.0,12.5,3.577693,16.077692985534668
2026-07-23,Mannargudi I(Uzhavar Sandhai ),18.0,20.0,0.62438154,20.62438154220581
2026-07-23,Tiruppur (North) (Uzhavar Sandhai ),20.0,20.0,0.119170085,20.11917008459568
2026-07-23,Lalgudi(Uzhavar Sandhai ),20.0,22.0,-0.46120724,21.53879275918007
2026-07-23,Coonoor(Uzhavar Sandhai ),21.5,22.0,0.17656022,22.17656022310257
2026-07-23,Thalavaipuram(Uzhavar Sandhai ),18.0,18.0,1.1959873,19.195987343788147
2026-07-23,Nagapattinam(Uzhavar Sandhai ),28.0,29.5,-1.5777576,27.922242403030396
2026-07-23,Nanganallur(Uzhavar Sandhai ),19.0,19.0,1.5485321,20.548532128334045
2026-07-23,Thirukalukundram(Uzhavar Sandhai ),19.0,21.0,0.18085216,21.18085215985775
2026-07-23,Srivilliputhur(Uzhavar Sandhai ),17.5,17.5,0.633749,18.13374900817871
2026-07-23,Ambattur(Uzhavar Sandhai ),25.0,25.0,-1.728428,23.27157199382782
2026-07-23,Madhuranthagam(Uzhavar Sandhai ),20.0,20.0,0.74224067,20.74224066734314
2026-07-23,Sankarapuram(Uzhavar Sandhai ),20.0,20.0,1.4227704,21.422770380973816
2026-07-23,Usilampatti(Uzhavar Sandhai ),19.0,19.0,1.3476967,20.347696661949158
2026-07-23,Sulur(Uzhavar Sandhai ),17.5,18.0,1.7162035,19.716203451156616
2026-07-23,Udhagamandalam(Uzhavar Sandhai ),20.0,21.0,0.33543846,21.335438460111618
2026-07-23,Chokkikulam(Uzhavar Sandhai ),19.0,19.0,1.0377643,20.037764310836792
2026-07-23,Perundurai(Uzhavar Sandhai ),18.0,20.0,0.6761252,20.676125228405
2026-07-23,Tirupatthur(Uzhavar Sandhai ),23.5,23.5,-0.612794,22.88720601797104
2026-07-23,Jameenrayapettai(Uzhavar Sandhai ),18.0,18.5,0.6027274,19.10272741317749
2026-07-23,Paruthipattu(Uzhavar Sandhai ),30.0,25.0,1.4765137,26.476513743400574
2026-07-23,Devakottai (Uzhavar Sandhai ),22.0,21.0,0.7017588,21.701758801937103
2026-07-23,Harur(Uzhavar Sandhai ),16.5,16.5,2.1868484,18.686848402023315
2026-07-23,Dharapuram(Uzhavar Sandhai ),16.0,21.5,0.57344323,22.073443233966827
2026-07-23,Pennagaram(Uzhavar Sandhai ),16.5,15.5,1.3333385,16.833338499069214
2026-07-23,Thuraiyur APMC,18.0,19.0,0.36795622,19.367956221103668
2026-07-23,Guduvancheri(Uzhavar Sandhai ),19.0,19.0,1.3527132,20.352713227272034
2026-07-23,Palladam(Uzhavar Sandhai ),17.5,17.5,1.4888836,18.9888836145401
2026-07-23,Gandarvakottai(Uzhavar Sandhai ),22.5,22.5,1.4642841,23.96428406238556
2026-07-23,Kallakurichi(Uzhavar Sandhai ),20.0,20.0,1.400302,21.400302052497864
2026-07-23,Arani(Uzhavar Sandhai ),17.5,17.5,2.0928345,19.59283447265625
2026-07-23,Vazhapadi(Uzhavar Sandhai),13.0,16.0,2.0295691,18.029569149017334
2026-07-23,Kancheepuram(Uzhavar Sandhai ),21.0,21.5,0.050033018,21.550033017992973
2026-07-23,Padappai(Uzhavar Sandhai ),20.0,21.0,-0.23505886,20.76494114100933
2026-07-23,Vandavasi(Uzhavar Sandhai ),18.0,17.5,1.8404888,19.34048879146576
2026-07-23,Thiruverumbur(Uzhavar Sandhai ),20.0,22.0,-0.6256832,21.374316811561584
2026-07-23,Anaiyur(Uzhavar Sandhai ),19.0,19.0,1.3404611,20.340461134910583
2026-07-23,Karimangalam(Uzhavar Sandhai),15.0,19.0,0.77505136,19.77505135536194
2026-07-23,Rajapalayam(Uzhavar Sandhai ),17.5,17.5,0.64981264,18.149812638759613
2026-07-23,Tiruvannamalai(Uzhavar Sandhai ),13.5,13.5,3.7250104,17.22501039505005
2026-07-23,Andipatti(Uzhavar Sandhai ),21.0,22.0,0.7407916,22.740791618824005
2026-07-23,Myladi(Uzhavar Sandhai ),27.5,27.5,-0.2992588,27.200741201639175
2026-07-23,Mannargudi II(Uzhavar Sandhai ),18.0,20.0,0.7139764,20.71397638320923
2026-07-23,Sirkali(Uzhavar Sandhai ),22.5,22.5,-0.5081573,21.991842687129974
2026-07-23,Palacode(Uzhavar Sandhai ),13.0,16.5,2.6605937,19.16059374809265
2026-07-23,Ponnamaravathi(Uzhavar Sandhai),22.5,17.5,1.4152695,18.9152694940567
2026-07-24,Manapparai(Uzhavar Sandhai ),20.0,20.0,-0.108371094,19.89162890613079
2026-07-24,Perampet(Uzhavar Sandhai),18.0,15.0,2.4866238,17.486623764038086
2026-07-24,Valangaiman APMC,20.0,20.0,0.76559544,20.76559543609619
2026-07-24,Mecheri(Uzhavar Sandhai),13.5,14.0,3.7513707,17.751370668411255
2026-07-24,Tirupatthur(Uzhavar Sandhai ),21.0,23.5,-0.7688263,22.73117369413376
2026-07-24,Sankarapuram(Uzhavar Sandhai ),20.0,20.0,1.0107174,21.010717391967773
2026-07-24,Andipatti(Uzhavar Sandhai ),19.0,21.0,0.44423163,21.444231629371643
2026-07-24,Krishnagiri(Uzhavar Sandhai ),13.5,14.0,3.7765393,17.77653932571411
2026-07-24,Palanganatham(Uzhavar Sandhai ),17.0,18.0,1.763085,19.76308500766754
2026-07-24,Denkanikottai(Uzhavar Sandhai ),12.5,16.5,1.2781228,17.778122782707214
2026-07-24,Manachanallur(Uzhavar Sandhai ),18.0,20.0,-0.008944636,19.9910553637892
2026-07-24,Perundurai(Uzhavar Sandhai ),16.5,18.0,2.2005556,20.200555562973022
2026-07-24,Dharapuram(Uzhavar Sandhai ),16.5,16.0,0.90068716,16.900687158107758
2026-07-24,Thirumangalam(Uzhavar Sandhai ),17.0,17.5,2.0039892,19.503989219665527
2026-07-24,Paruthipattu(Uzhavar Sandhai ),30.0,30.0,-2.1954496,27.804550409317017
2026-07-24,Kumarapalayam(Uzhavar Sandhai ),20.0,22.0,0.76811427,22.768114268779755
2026-07-24,Palacode(Uzhavar Sandhai ),13.0,13.0,3.5627909,16.562790870666504
2026-07-24,Thirupathur APMC,20.0,20.0,-0.09063577,19.909364230930805
2026-07-24,Periyakulam(Uzhavar Sandhai ),19.0,19.0,1.1911824,20.191182374954224
2026-07-24,Guduvancheri(Uzhavar Sandhai ),19.0,19.0,1.2840934,20.284093379974365
2026-07-24,Nanganallur(Uzhavar Sandhai ),19.0,19.0,1.7165545,20.716554522514343
2026-07-24,Karimangalam(Uzhavar Sandhai),15.0,15.0,3.0199652,18.019965171813965
2026-07-24,Gandhigramam(Uzhavar Sandhai),19.0,19.0,1.1812145,20.181214451789856
2026-07-24,Dharmapuri(Uzhavar Sandhai ),11.5,13.5,3.266007,16.76600694656372
2026-07-24,Mohanur(Uzhavar Sandhai ),22.5,22.5,0.2929722,22.792972207069397
2026-07-24,Gudalur(Uzhavar Sandhai ),20.0,27.5,-3.2952766,24.204723358154297
2026-07-24,Athur(Uzhavar Sandhai ),13.0,13.0,4.8569098,17.85690975189209
2026-07-24,Chinnamanur(Uzhavar Sandhai ),15.0,19.0,0.39073282,19.3907328248024
2026-07-24,NGO Colony(Uzhavar Sandhai ),22.5,22.5,-0.4135445,22.08645549416542
2026-07-24,Srivilliputhur(Uzhavar Sandhai ),17.5,17.5,1.0047088,18.504708766937256
2026-07-24,Vaniyampadi(Uzhavar Sandhai ),15.0,15.0,2.2548292,17.254829168319702
2026-07-24,Mayiladuthurai(Uzhavar Sandhai ),22.5,22.5,-0.54206294,21.95793706178665
2026-07-24,Vandavasi(Uzhavar Sandhai ),13.5,18.0,-0.10941221,17.8905877918005
2026-07-24,Ambattur(Uzhavar Sandhai ),25.0,25.0,-1.6691631,23.33083689212799
2026-07-24,Needamangalam(Uzhavar Sandhai ),14.0,18.0,2.2206545,20.220654487609863
2026-07-24,Ammapet(Uzhavar Sandhai ),14.0,14.5,2.9724119,17.47241187095642
2026-07-24,Sirkali(Uzhavar Sandhai ),22.5,22.5,-0.5590493,21.94095069169998
2026-07-24,Udhagamandalam(Uzhavar Sandhai ),20.0,20.0,0.43362483,20.43362483382225
2026-07-24,Ambasamudram(Uzhavar Sandhai ),23.0,23.0,-0.9301907,22.069809317588806
2026-07-24,Tamarainagar(Uzhavar Sandhai ),14.5,14.5,2.5038588,17.00385880470276
2026-07-24,Karaikudi(Uzhavar Sandhai ),21.0,23.0,-0.58876103,22.411238968372345
2026-07-24,Pallapatti (Uzhavar Sandhai ),23.0,23.0,0.1440427,23.1440427005291
2026-07-24,Palayamkottai(Uzhavar Sandhai ),22.5,22.5,-0.3041042,22.195895791053772
2026-07-24,Vazhapadi(Uzhavar Sandhai),13.0,13.0,4.5379505,17.53795051574707
2026-07-24,Palladam(Uzhavar Sandhai ),14.0,17.5,1.2494291,18.74942910671234
2026-07-24,Vadalur(Uzhavar Sandhai ),19.0,20.0,0.7469324,20.74693238735199
2026-07-24,Cuddalore(Uzhavar Sandhai ),14.0,16.0,2.4003744,18.40037441253662
2026-07-24,Kumbakonam (Uzhavar Sandhai ),22.0,26.0,-2.005633,23.994366884231567
2026-07-24,Mettupalayam(Uzhavar Sandhai ),16.5,16.5,2.6034749,19.103474855422974
2026-07-24,Kamuthi(Uzhavar Sandhai ),32.5,22.5,0.8076337,23.307633697986603
2026-07-24,Gingee(Uzhavar Sandhai ),15.0,15.0,3.4444919,18.444491863250732
2026-07-24,Tiruvannamalai(Uzhavar Sandhai ),13.5,13.5,3.5122752,17.012275218963623
2026-07-24,Gudiyatham(Uzhavar Sandhai ),17.0,18.0,1.6949501,19.694950103759766
2026-07-24,Aruppukottai(Uzhavar Sandhai ),19.0,17.5,0.9781794,18.478179395198822
2026-07-24,KKNagar(Uzhavar Sandhai ),18.0,20.0,-0.09879544,19.90120456367731
2026-07-24,Karur(Uzhavar Sandhai ),17.5,17.5,1.8490677,19.34906768798828
2026-07-24,Tiruchengode APMC,22.0,22.0,0.18522388,22.185223877429962
2026-07-24,Tiruthani(Uzhavar Sandhai ),25.0,25.0,-1.8641235,23.135876536369324
2026-07-24,Jalagandapuram(Uzhavar Sandhai ),12.0,14.5,2.7883399,17.288339853286743
2026-07-24,Natrampalli(Uzhavar Sandhai ),12.5,11.0,4.004811,15.004810810089111
2026-07-24,Thanjavur(Uzhavar Sandhai ),18.0,20.0,0.7371886,20.737188577651978
2026-07-24,Virudhunagar(Uzhavar Sandhai ),18.0,18.0,1.958738,19.9587379693985
2026-07-24,Thuraiyur APMC,16.0,18.0,0.41027462,18.410274624824524
2026-07-24,Kandiyaperi(Uzhavar Sandhai ),22.5,22.5,-0.2130449,22.28695510327816
2026-07-24,Ulundurpettai APMC,18.0,22.0,1.179119,23.179118990898132
2026-07-24,Hosur(Uzhavar Sandhai ),12.5,16.5,2.4070222,18.90702223777771
2026-07-24,Velayuthampalayam(Uzhavar Sandhai ),17.0,17.0,2.104102,19.10410189628601
2026-07-24,Sivakasi(Uzhavar Sandhai ),17.5,17.5,2.3174539,19.817453861236572
2026-07-24,Mettur(Uzhavar Sandhai ),11.5,13.5,2.8671615,16.367161512374878
2026-07-24,Lalgudi(Uzhavar Sandhai ),20.0,20.0,-0.22101739,19.77898260951042
2026-07-24,Pattukottai(Uzhavar Sandhai ),20.0,24.0,-0.884901,23.115099012851715
2026-07-24,Kaveripattinam(Uzhavar Sandhai ),20.0,20.0,0.6733984,20.67339837551117
2026-07-24,Peravurani(Uzhavar Sandhai),20.0,25.0,-1.8394035,23.16059648990631
2026-07-24,Rasipuram(Uzhavar Sandhai ),19.0,18.0,0.83668345,18.836683452129364
2026-07-24,Viralimalai(Uzhavar Sandhai ),22.5,22.5,0.99585384,23.49585384130478
2026-07-24,Viruthachalam(Uzhavar Sandhai ),40.0,20.0,2.5724788,22.572478771209717
2026-07-24,Vedaranyam(Uzhavar Sandhai),35.0,35.0,-1.8988364,33.10116362571716
2026-07-24,Pollachi(Uzhavar Sandhai ),16.0,14.0,1.6850134,15.68501341342926
2026-07-24,Sathiyamagalam(Uzhavar Sandhai ),15.5,14.5,1.9356211,16.43562114238739
2026-07-24,Periyar Nagar(Uzhavar Sandhai ),15.0,14.0,2.931084,16.931083917617798
2026-07-24,Elampillai(Uzhavar Sandhai ),16.5,15.5,2.4927118,17.992711782455444
2026-07-24,Kundrathur(Uzhavar Sandhai ),22.0,24.0,-0.8548537,23.145146310329437
2026-07-24,Chidambaram(Uzhavar Sandhai ),20.0,20.0,0.66433,20.664330005645752
2026-07-24,Sampath Nagar(Uzhavar Sandhai ),15.0,15.0,2.6309116,17.630911588668823
2026-07-24,Paramathivelur(Uzhavar Sandhai ),20.0,21.0,1.7364827,22.736482739448547
2026-07-24,Melapalayam(Uzhavar Sandhai ),22.5,22.5,-0.27298358,22.227016419172287
2026-07-24,Kallakurichi(Uzhavar Sandhai ),20.0,20.0,0.9882492,20.98824918270111
2026-07-24,Edapadi (Uzhavar Sandhai ),16.5,15.5,2.5562084,18.05620837211609
2026-07-24,Avallapalli(Uzhavar Sandhai ),13.5,16.5,3.657686,20.15768599510193
2026-07-24,Kovilpatti(Uzhavar Sandhai ),22.5,22.5,1.1152768,23.61527681350708
2026-07-24,Attayampatti(Uzhavar Sandhai ),16.5,13.0,3.6029687,16.60296869277954
2026-07-24,Devaram(Uzhavar Sandhai ),18.0,20.0,1.0103912,21.010391235351562
2026-07-24,Melur(Uzhavar Sandhai ),17.0,18.0,1.2144034,19.2144033908844
2026-07-24,Singampunari(Uzhavar Sandhai ),19.0,19.0,0.45180503,19.451805025339127
2026-07-24,Ranipettai(Uzhavar Sandhai ),14.0,15.0,3.4729676,18.472967624664307
2026-07-24,Sunguvarchatram(Uzhavar Sandhai ),22.0,24.0,-0.8154794,23.184520602226257
2026-07-24,Coonoor(Uzhavar Sandhai ),19.5,21.5,0.16805851,21.66805851459503
2026-07-24,Sooramangalam(Uzhavar Sandhai ),15.0,13.0,3.7107174,16.71071743965149
2026-07-24,Perambalur(Uzhavar Sandhai ),23.5,23.5,-0.47997367,23.020026326179504
2026-07-24,Pudukottai(Uzhavar Sandhai ),17.5,22.5,0.036486987,22.536486987024546
2026-07-24,Alangudi(Uzhavar Sandhai ),22.5,22.5,1.2338692,23.733869194984436
2026-07-24,Ponnamaravathi(Uzhavar Sandhai),19.0,22.5,-1.0194935,21.480506539344788
2026-07-24,Tiruppur (South) (Uzhavar Sandhai ),13.5,13.5,3.6639206,17.163920640945435
2026-07-24,Chengalpet(Uzhavar Sandhai ),21.5,19.0,0.503218,19.50321799516678
2026-07-24,Palani(Uzhavar Sandhai ),12.5,16.5,2.463284,18.963284015655518
2026-07-24,Myladi(Uzhavar Sandhai ),23.5,27.5,-0.7221759,26.777824103832245
2026-07-24,Thalavadi(Uzhavar Sandhai ),11.5,11.5,5.071773,16.571773052215576
2026-07-24,Tindivanam APMC,15.0,15.0,3.1183481,18.118348121643066
2026-07-24,Hasthampatti(Uzhavar Sandhai ),16.5,11.0,3.91881,14.91880989074707
2026-07-24,Kulithalai(Uzhavar Sandhai ),19.0,19.0,0.6621651,19.662165105342865
2026-07-24,Sivagangai (Uzhavar Sandhai ),19.0,21.0,-0.23029183,20.769708171486855
2026-07-24,Anaiyur(Uzhavar Sandhai ),17.0,19.0,1.2154328,20.21543276309967
2026-07-24,Perambakkam(Uzhavar Sandhai ),25.0,20.0,0.44613156,20.44613155722618
2026-07-24,Theni(Uzhavar Sandhai ),15.0,16.0,1.5101057,17.51010572910309
2026-07-24,Sathur(Uzhavar Sandhai ),22.5,22.5,-1.1580939,21.34190607070923
2026-07-24,Thiruverumbur(Uzhavar Sandhai ),18.0,20.0,-0.474348,19.52565199136734
2026-07-24,Tiruvallur(Uzhavar Sandhai ),25.0,25.0,-1.6998934,23.300106644630432
2026-07-24,Tiruppur (North) (Uzhavar Sandhai ),18.0,20.0,2.3787286,22.37872862815857
2026-07-24,Katpadi (Uzhavar Sandhai ),19.0,19.0,0.5856424,19.585642397403717
2026-07-24,Chokkikulam(Uzhavar Sandhai ),17.0,19.0,1.0117868,20.011786818504333
2026-07-24,Pallavaram(Uzhavar Sandhai ),18.0,18.0,0.82151943,18.821519434452057
2026-07-24,Anna nagar(Uzhavar Sandhai ),20.0,20.0,-0.37598887,19.624011129140854
2026-07-24,Musiri(Uzhavar Sandhai ),18.0,19.0,0.49835566,19.49835565686226
2026-07-24,Jeyankondam (Uzhavar Sandhai ),22.5,22.5,0.9649937,23.464993715286255
2026-07-24,Cheyyar(Uzhavar Sandhai ),17.5,17.5,1.1364516,18.636451601982117
2026-07-24,Kariyapatti(Uzhavar Sandhai ),19.0,19.0,1.0373676,20.037367582321167
2026-07-24,Arcot(Uzhavar Sandhai ),14.0,17.0,2.3687208,19.368720769882202
2026-07-24,Mannargudi I(Uzhavar Sandhai ),16.0,18.0,1.3469855,19.346985459327698
2026-07-24,Sankarankoil(Uzhavar Sandhai ),22.5,20.0,-0.019893676,19.980106323957443
2026-07-24,Papanasam(Uzhavar Sandhai ),22.0,26.0,-1.9099263,24.090073704719543
2026-07-24,Ramanathapuram(Uzhavar Sandhai ),22.5,17.5,3.1881382,20.688138246536255
2026-07-24,Karambakkudi(Uzhavar Sandhai ),22.5,22.5,-0.18081754,22.319182455539703
2026-07-24,Udumalpet APMC,12.5,14.0,1.7153571,15.715357065200806
2026-07-24,Sundarapuram(Uzhavar Sandhai ),16.5,16.0,3.2385244,19.238524436950684
2026-07-24,Villupuram(Uzhavar Sandhai ),20.0,20.0,-0.07858523,19.921414770185947
2026-07-24,Kancheepuram(Uzhavar Sandhai ),18.0,21.0,-0.16581602,20.83418397605419
2026-07-24,Bodinayakanur(Uzhavar Sandhai ),18.0,20.0,0.72744846,20.72744846343994
2026-07-24,Pallikonda(Uzhavar Sandhai),19.0,16.5,1.4479285,17.947928547859192
2026-07-24,Paramakudi(Uzhavar Sandhai ),22.5,22.5,1.012214,23.512213945388794
2026-07-24,Aranthangi(Uzhavar Sandhai ),22.5,22.5,0.057099253,22.557099252939224
2026-07-24,Vedasanthur(Uzhavar Sandhai ),13.5,16.5,3.0093703,19.50937032699585
2026-07-24,Mannargudi II(Uzhavar Sandhai ),16.0,18.0,1.4913812,19.49138116836548
2026-07-24,Ariyalur(Uzhavar Sandhai),23.0,26.0,-1.3940438,24.605956196784973
2026-07-24,Padappai(Uzhavar Sandhai ),19.0,20.0,0.13626277,20.13626277446747
2026-07-24,RSPuram(Uzhavar Sandhai ),14.0,13.5,3.023777,16.52377700805664
2026-07-24,Kangayam(Uzhavar Sandhai ),12.5,15.0,2.9047072,17.904707193374634
2026-07-24,Usilampatti(Uzhavar Sandhai ),17.0,19.0,1.2251261,20.225126147270203
2026-07-24,Chengam(Uzhavar Sandhai ),13.5,13.5,1.6110172,15.111017227172852
2026-07-24,Arani(Uzhavar Sandhai ),17.5,17.5,0.9644785,18.464478492736816
2026-07-24,Sulur(Uzhavar Sandhai ),16.5,17.5,3.0289845,20.528984546661377
2026-07-24,Kambam(Uzhavar Sandhai ),19.0,19.0,0.628096,19.628095984458923
2026-07-24,Panruti(Uzhavar Sandhai ),20.0,20.0,0.6649108,20.664910793304443
2026-07-24,Naravarikuppam(Uzhavar Sandhai ),25.0,25.0,-0.58814424,24.41185575723648
2026-07-24,Madhuranthagam(Uzhavar Sandhai ),20.0,20.0,0.89728165,20.897281646728516
2026-07-24,Gobichettipalayam(Uzhavar Sandhai ),17.0,17.5,2.9948008,20.494800806045532
2026-07-24,Thirukalukundram(Uzhavar Sandhai ),19.0,19.0,0.14520735,19.145207345485687
2026-07-24,Rajapalayam(Uzhavar Sandhai ),16.5,17.5,1.1732209,18.67322087287903
2026-07-24,Tiruvarur(Uzhavar Sandhai ),20.0,20.0,0.5330763,20.533076286315918
2026-07-24,Dindigul(Uzhavar Sandhai ),16.5,17.5,1.920657,19.42065703868866
2026-07-24,Chinnalapatti(Uzhavar Sandhai ),16.5,18.5,1.7234523,20.22345232963562
2026-07-24,Polur(Uzhavar Sandhai ),17.5,17.5,0.75757676,18.257576763629913
2026-07-24,Kahithapattarai(Uzhavar Sandhai ),15.0,15.0,2.5310955,17.531095504760742
2026-07-24,Thalavaipuram(Uzhavar Sandhai ),16.0,18.0,0.6204021,18.620402097702026
2026-07-24,Nagapattinam(Uzhavar Sandhai ),34.0,28.0,-0.34174785,27.658252149820328
2026-07-24,Medavakkam(Uzhavar Sandhai ),20.0,20.0,0.71375245,20.713752448558807
2026-07-24,Vellore APMC,15.0,17.0,1.9894407,18.98944067955017
2026-07-24,Vadaseri APMC,23.5,28.5,-0.7269948,27.773005187511444
2026-07-24,Muthupettai(Uzhavar Sandhai ),16.0,20.0,1.7266302,21.726630210876465
2026-07-24,Kurichi(Uzhavar Sandhai ),16.5,17.5,3.3031147,20.803114652633667
2026-07-24,AJattihalli(Uzhavar Sandhai ),11.0,13.0,3.2195399,16.219539880752563
2026-07-24,Tirukattupalli(Uzhavar Sandhai ),18.0,20.0,1.1443814,21.144381403923035
2026-07-24,Gandarvakottai(Uzhavar Sandhai ),22.5,22.5,0.93665314,23.43665313720703
2026-07-24,Tuticorin(Uzhavar Sandhai ),22.5,22.5,-0.72047687,21.779523134231567
2026-07-24,Jameenrayapettai(Uzhavar Sandhai ),18.0,18.0,1.2597944,19.25979435443878
2026-07-24,Thathakapatti(Uzhavar Sandhai ),13.0,13.0,4.030296,17.030295848846436
2026-07-24,Devakottai (Uzhavar Sandhai ),21.0,22.0,-0.122679174,21.87732082605362
2026-07-24,Harur(Uzhavar Sandhai ),16.5,16.5,1.4348116,17.93481159210205
2026-07-24,Keelpennathur(Uzhavar Sandhai ),17.5,17.5,2.0077896,19.507789611816406
2026-07-24,Singanallur(Uzhavar Sandhai ),16.5,17.5,2.0920887,19.59208869934082
2026-07-24,Tenkasi(Uzhavar Sandhai ),16.5,20.0,-0.0662845,19.933715499937534
2026-07-24,Thammampatti (Uzhavar Sandhai ),16.5,13.0,2.0100565,15.010056495666504
2026-07-24,Vengamedu(Uzhavar Sandhai ),17.5,17.5,2.5119035,20.011903524398804
2026-07-24,Vadavalli(Uzhavar Sandhai ),15.5,15.5,1.7508565,17.250856518745422
2026-07-24,Pennagaram(Uzhavar Sandhai ),14.5,16.5,1.8574419,18.357441902160645
2026-07-25,Velayuthampalayam(Uzhavar Sandhai ),17.0,17.0,2.4299476,19.4299476146698
2026-07-25,Vazhapadi(Uzhavar Sandhai),16.0,13.0,4.830859,17.830859184265137
2026-07-25,Arani(Uzhavar Sandhai ),17.5,17.5,1.1506633,18.650663256645203
2026-07-25,Kancheepuram(Uzhavar Sandhai ),20.5,18.0,1.6557338,19.655733823776245
2026-07-25,Dindigul(Uzhavar Sandhai ),16.5,16.5,2.7911844,19.291184425354004
2026-07-25,Vellore APMC,15.0,15.0,3.195421,18.19542098045349
2026-07-25,Kandiyaperi(Uzhavar Sandhai ),21.0,22.5,0.13273416,22.632734164595604
2026-07-25,Villupuram(Uzhavar Sandhai ),20.0,20.0,0.48507163,20.485071629285812
2026-07-25,Perampet(Uzhavar Sandhai),17.0,18.0,1.8889941,19.888994097709656
2026-07-25,Keelpennathur(Uzhavar Sandhai ),17.5,17.5,0.60034275,18.100342750549316
2026-07-25,Thiruverumbur(Uzhavar Sandhai ),22.0,18.0,0.79761285,18.797612845897675
2026-07-25,Cheyyar(Uzhavar Sandhai ),17.5,17.5,1.2107965,18.71079647541046
2026-07-25,Pallavaram(Uzhavar Sandhai ),18.5,18.0,0.98156244,18.981562435626984
2026-07-25,Myladi(Uzhavar Sandhai ),23.5,23.5,0.6350031,24.135003089904785
2026-07-25,Tiruvannamalai(Uzhavar Sandhai ),13.5,13.5,3.859182,17.359181880950928
2026-07-25,Sivagangai (Uzhavar Sandhai ),19.0,19.0,0.8041814,19.804181396961212
2026-07-25,Ambasamudram(Uzhavar Sandhai ),18.5,23.0,-1.4144802,21.585519790649414
2026-07-25,Kamuthi(Uzhavar Sandhai ),27.5,32.5,-3.218803,29.28119707107544
2026-07-25,Sirkali(Uzhavar Sandhai ),22.5,22.5,-0.30450055,22.195499449968338
2026-07-25,Karaikudi(Uzhavar Sandhai ),21.0,21.0,1.1362249,22.13622486591339
2026-07-25,Rajapalayam(Uzhavar Sandhai ),16.5,16.5,1.9470366,18.447036623954773
2026-07-25,Andipatti(Uzhavar Sandhai ),17.0,19.0,1.4093194,20.409319400787354
2026-07-25,Paramathivelur(Uzhavar Sandhai ),18.5,20.0,2.2237372,22.223737239837646
2026-07-25,Padappai(Uzhavar Sandhai ),20.5,19.0,0.7837605,19.783760488033295
2026-07-25,Sivakasi(Uzhavar Sandhai ),17.5,17.5,2.3760533,19.87605333328247
2026-07-25,Ariyalur(Uzhavar Sandhai),23.0,23.0,1.2001252,24.200125217437744
2026-07-25,AJattihalli(Uzhavar Sandhai ),11.0,11.0,4.238957,15.238956928253174
2026-07-25,Thuraiyur APMC,18.0,16.0,1.1734275,17.17342746257782
2026-07-25,Katpadi (Uzhavar Sandhai ),17.5,19.0,0.8657641,19.86576408147812
2026-07-25,Ranipettai(Uzhavar Sandhai ),18.0,14.0,1.4233264,15.42332637310028
2026-07-25,Papanasam(Uzhavar Sandhai ),22.0,22.0,0.8296463,22.829646289348602
2026-07-25,Jameenrayapettai(Uzhavar Sandhai ),19.0,18.0,1.4606787,19.460678696632385
2026-07-25,Denkanikottai(Uzhavar Sandhai ),13.5,12.5,3.5882406,16.08824062347412
2026-07-25,Kangayam(Uzhavar Sandhai ),11.0,12.5,5.141623,17.64162302017212
2026-07-25,Dharapuram(Uzhavar Sandhai ),12.5,16.5,1.9389571,18.43895709514618
2026-07-25,Manachanallur(Uzhavar Sandhai ),21.0,18.0,0.97020286,18.9702028632164
2026-07-25,Tenkasi(Uzhavar Sandhai ),16.5,16.5,1.5786855,18.078685522079468
2026-07-25,Vadavalli(Uzhavar Sandhai ),16.0,15.5,1.7153863,17.215386271476746
2026-07-25,Pennagaram(Uzhavar Sandhai ),16.5,14.5,2.6135142,17.113514184951782
2026-07-25,Thammampatti (Uzhavar Sandhai ),15.0,16.5,2.397538,18.89753794670105
2026-07-25,Thirupathur APMC,20.0,20.0,0.1142766,20.114276602864265
2026-07-25,Tamarainagar(Uzhavar Sandhai ),14.0,14.5,3.1588054,17.65880537033081
2026-07-25,Udhagamandalam(Uzhavar Sandhai ),17.5,20.0,0.44381005,20.443810045719147
2026-07-25,Ammapet(Uzhavar Sandhai ),15.0,14.0,2.9937952,16.993795156478882
2026-07-25,Ambattur(Uzhavar Sandhai ),25.0,25.0,-1.2544919,23.745508074760437
2026-07-25,Madhuranthagam(Uzhavar Sandhai ),20.0,20.0,0.9162022,20.916202187538147
2026-07-25,Chinnamanur(Uzhavar Sandhai ),18.0,15.0,2.122172,17.122172117233276
2026-07-25,Panruti(Uzhavar Sandhai ),20.0,20.0,0.90550053,20.905500531196594
2026-07-25,NGO Colony(Uzhavar Sandhai ),21.0,22.5,-0.18787333,22.31212666630745
2026-07-25,Kurichi(Uzhavar Sandhai ),16.5,16.5,4.1338058,20.633805751800537
2026-07-25,Dharmapuri(Uzhavar Sandhai ),11.5,11.5,3.8592932,15.359293222427368
2026-07-25,Thalavaipuram(Uzhavar Sandhai ),16.5,16.0,1.436503,17.436503052711487
2026-07-25,Polur(Uzhavar Sandhai ),17.5,17.5,1.0164746,18.51647460460663
2026-07-25,Medavakkam(Uzhavar Sandhai ),20.0,20.0,0.91463596,20.914635956287384
2026-07-25,Athur(Uzhavar Sandhai ),13.0,13.0,3.8833168,16.8833167552948
2026-07-25,Periyakulam(Uzhavar Sandhai ),16.5,19.0,1.3946333,20.394633293151855
2026-07-25,Pollachi(Uzhavar Sandhai ),16.5,16.0,1.1989169,17.198916912078857
2026-07-25,Rasipuram(Uzhavar Sandhai ),18.0,19.0,1.2294793,20.22947931289673
2026-07-25,Usilampatti(Uzhavar Sandhai ),17.0,17.0,2.0885255,19.088525533676147
2026-07-25,Peravurani(Uzhavar Sandhai),20.0,20.0,1.0709202,21.07092022895813
2026-07-25,Jalagandapuram(Uzhavar Sandhai ),15.0,12.0,5.063386,17.06338596343994
2026-07-25,Karur(Uzhavar Sandhai ),17.5,17.5,2.0498078,19.54980778694153
2026-07-25,KKNagar(Uzhavar Sandhai ),21.0,18.0,0.9009733,18.900973320007324
2026-07-25,Arcot(Uzhavar Sandhai ),17.0,14.0,3.7081454,17.70814538002014
2026-07-25,Gudiyatham(Uzhavar Sandhai ),16.0,17.0,2.1536164,19.153616428375244
2026-07-25,Vedasanthur(Uzhavar Sandhai ),15.0,13.5,4.67474,18.174739837646484
2026-07-25,Ramanathapuram(Uzhavar Sandhai ),27.5,22.5,1.4391743,23.93917429447174
2026-07-25,Bodinayakanur(Uzhavar Sandhai ),18.0,18.0,1.6909499,19.6909499168396
2026-07-25,Gingee(Uzhavar Sandhai ),15.0,15.0,3.3078892,18.307889223098755
2026-07-25,Mettur(Uzhavar Sandhai ),14.0,11.5,4.7157855,16.21578550338745
2026-07-25,Paramakudi(Uzhavar Sandhai ),22.5,22.5,1.4051805,23.90518045425415
2026-07-25,Kaveripattinam(Uzhavar Sandhai ),20.0,20.0,0.7016839,20.70168387889862
2026-07-25,Jeyankondam (Uzhavar Sandhai ),22.0,22.5,0.68955815,23.189558148384094
2026-07-25,Nanganallur(Uzhavar Sandhai ),19.0,19.0,1.6271902,20.627190232276917
2026-07-25,Pattukottai(Uzhavar Sandhai ),22.0,20.0,2.4208922,22.420892238616943
2026-07-25,Kovilpatti(Uzhavar Sandhai ),27.5,22.5,1.5796456,24.07964563369751
2026-07-25,Edapadi (Uzhavar Sandhai ),19.0,16.5,1.7394675,18.23946750164032
2026-07-25,Melapalayam(Uzhavar Sandhai ),21.0,22.5,0.091102764,22.59110276401043
2026-07-25,Alangudi(Uzhavar Sandhai ),22.5,22.5,1.7816322,24.2816321849823
2026-07-25,Hasthampatti(Uzhavar Sandhai ),16.5,16.5,1.9182285,18.41822850704193
2026-07-25,Kundrathur(Uzhavar Sandhai ),22.0,22.0,0.69747424,22.697474241256714
2026-07-25,Elampillai(Uzhavar Sandhai ),17.5,16.5,1.891064,18.391064047813416
2026-07-25,Palani(Uzhavar Sandhai ),16.0,12.5,5.057688,17.557688236236572
2026-07-25,Thalavadi(Uzhavar Sandhai ),11.5,11.5,5.210501,16.710501194000244
2026-07-25,Tindivanam APMC,14.0,15.0,2.9879584,17.987958431243896
2026-07-25,Tiruvallur(Uzhavar Sandhai ),25.0,25.0,-1.2932025,23.70679748058319
2026-07-25,Singanallur(Uzhavar Sandhai ),17.0,16.5,2.117625,18.61762499809265
2026-07-25,Mohanur(Uzhavar Sandhai ),22.0,22.5,1.5896833,24.089683294296265
2026-07-25,Mecheri(Uzhavar Sandhai),16.5,13.5,4.348547,17.848546981811523
2026-07-25,Lalgudi(Uzhavar Sandhai ),20.0,20.0,-0.03615494,19.963845059275627
2026-07-25,Manapparai(Uzhavar Sandhai ),20.0,20.0,0.29326138,20.293261379003525
2026-07-25,Pallikonda(Uzhavar Sandhai),19.0,19.0,0.4782924,19.478292405605316
2026-07-25,Krishnagiri(Uzhavar Sandhai ),13.0,13.5,4.1936564,17.69365644454956
2026-07-25,Thirumangalam(Uzhavar Sandhai ),17.0,17.0,1.1428998,18.142899751663208
2026-07-25,Devakottai (Uzhavar Sandhai ),21.0,21.0,0.6811875,21.681187510490417
2026-07-25,Palanganatham(Uzhavar Sandhai ),17.0,17.0,1.8584296,18.858429551124573
2026-07-25,Harur(Uzhavar Sandhai ),13.5,16.5,1.6202284,18.12022840976715
2026-07-25,Sundarapuram(Uzhavar Sandhai ),16.5,16.5,2.0058498,18.505849838256836
2026-07-25,Karambakkudi(Uzhavar Sandhai ),22.5,22.5,1.2397414,23.739741444587708
2026-07-25,Cuddalore(Uzhavar Sandhai ),16.0,14.0,3.1655276,17.16552758216858
2026-07-25,Kariyapatti(Uzhavar Sandhai ),19.0,19.0,1.150206,20.150205969810486
2026-07-25,Viralimalai(Uzhavar Sandhai ),22.5,22.5,1.2620876,23.76208758354187
2026-07-25,Vedaranyam(Uzhavar Sandhai),35.0,35.0,-1.166929,33.83307099342346
2026-07-25,Gobichettipalayam(Uzhavar Sandhai ),17.0,17.0,2.6466563,19.646656274795532
2026-07-25,Palacode(Uzhavar Sandhai ),11.0,13.0,3.5500588,16.550058841705322
2026-07-25,Tirukattupalli(Uzhavar Sandhai ),20.0,18.0,1.6442796,19.64427959918976
2026-07-25,Sankarankoil(Uzhavar Sandhai ),20.0,22.5,-0.4796546,22.020345389842987
2026-07-25,Mettupalayam(Uzhavar Sandhai ),16.5,16.5,2.1307683,18.630768299102783
2026-07-25,Aranthangi(Uzhavar Sandhai ),22.5,22.5,1.6581463,24.158146262168884
2026-07-25,Tiruppur (North) (Uzhavar Sandhai ),18.0,18.0,3.795289,21.795289039611816
2026-07-25,Sampath Nagar(Uzhavar Sandhai ),16.0,15.0,2.7675984,17.767598390579224
2026-07-25,Avallapalli(Uzhavar Sandhai ),13.5,13.5,5.1863303,18.686330318450928
2026-07-25,Vadalur(Uzhavar Sandhai ),18.0,19.0,1.5173993,20.517399311065674
2026-07-25,Musiri(Uzhavar Sandhai ),20.0,18.0,1.377968,19.377967953681946
2026-07-25,Chengalpet(Uzhavar Sandhai ),19.0,21.5,0.042767383,21.542767383158207
2026-07-25,Sunguvarchatram(Uzhavar Sandhai ),22.0,22.0,0.6764942,22.67649418115616
2026-07-25,Perambakkam(Uzhavar Sandhai ),25.0,25.0,-1.9193159,23.080684065818787
2026-07-25,Sulur(Uzhavar Sandhai ),17.0,16.5,2.261745,18.7617449760437
2026-07-25,Virudhunagar(Uzhavar Sandhai ),18.5,18.0,1.718785,19.718785047531128
2026-07-25,Perambalur(Uzhavar Sandhai ),27.5,23.5,-0.1672269,23.332773104310036
2026-07-25,Viruthachalam(Uzhavar Sandhai ),17.0,40.0,-7.233937,32.76606321334839
2026-07-25,Naravarikuppam(Uzhavar Sandhai ),25.0,25.0,-0.27166146,24.728338539600372
2026-07-25,Srivilliputhur(Uzhavar Sandhai ),17.5,17.5,0.9898659,18.489865899086
2026-07-25,Guduvancheri(Uzhavar Sandhai ),19.0,19.0,1.4849774,20.4849773645401
2026-07-25,Sathiyamagalam(Uzhavar Sandhai ),15.5,15.5,2.8019514,18.30195140838623
2026-07-25,Kahithapattarai(Uzhavar Sandhai ),15.0,15.0,0.9823238,15.982323825359344
2026-07-25,Attayampatti(Uzhavar Sandhai ),16.5,16.5,2.2901723,18.790172338485718
2026-07-25,Perundurai(Uzhavar Sandhai ),16.0,16.5,2.5013108,19.0013108253479
2026-07-25,Tirupatthur(Uzhavar Sandhai ),21.0,21.0,1.200479,22.20047903060913
2026-07-25,Muthupettai(Uzhavar Sandhai ),20.0,16.0,4.0593777,20.059377670288086
2026-07-25,RSPuram(Uzhavar Sandhai ),15.0,14.0,3.5326624,17.532662391662598
2026-07-25,Tuticorin(Uzhavar Sandhai ),22.5,22.5,-0.45529258,22.044707417488098
2026-07-25,Paruthipattu(Uzhavar Sandhai ),25.0,30.0,-2.0873718,27.912628173828125
2026-07-25,Thathakapatti(Uzhavar Sandhai ),16.5,13.0,4.5281615,17.52816152572632
2026-07-25,Sooramangalam(Uzhavar Sandhai ),17.0,15.0,2.0512838,17.051283836364746
2026-07-25,Gudalur(Uzhavar Sandhai ),23.5,20.0,0.45916784,20.45916783809662
2026-07-25,Sathur(Uzhavar Sandhai ),22.5,22.5,-0.806038,21.69396197795868
2026-07-25,Nagapattinam(Uzhavar Sandhai ),32.5,34.0,-1.914646,32.08535397052765
2026-07-25,Sankarapuram(Uzhavar Sandhai ),20.0,20.0,0.27585885,20.275858849287033
2026-07-25,Gandhigramam(Uzhavar Sandhai),19.0,19.0,1.3901023,20.39010226726532
2026-07-25,Chokkikulam(Uzhavar Sandhai ),17.0,17.0,1.8809303,18.880930304527283
2026-07-25,Kulithalai(Uzhavar Sandhai ),19.0,19.0,0.53539467,19.5353946685791
2026-07-25,Thirukalukundram(Uzhavar Sandhai ),19.0,19.0,-0.138001,18.86199900507927
2026-07-25,Mayiladuthurai(Uzhavar Sandhai ),22.5,22.5,-0.30582172,22.19417828321457
2026-07-25,Tiruppur (South) (Uzhavar Sandhai ),12.5,13.5,3.8152335,17.3152334690094
2026-07-25,Pallapatti (Uzhavar Sandhai ),21.0,23.0,0.55940765,23.559407651424408
2026-07-25,Needamangalam(Uzhavar Sandhai ),18.0,14.0,3.7705243,17.770524263381958
2026-07-25,Anna nagar(Uzhavar Sandhai ),19.0,20.0,0.060889818,20.060889817774296
2026-07-25,Chidambaram(Uzhavar Sandhai ),20.0,20.0,0.9049194,20.904919385910034
2026-07-25,Kumbakonam (Uzhavar Sandhai ),22.0,22.0,0.79198503,22.791985034942627
2026-07-25,Tiruvarur(Uzhavar Sandhai ),20.0,20.0,0.773666,20.77366602420807
2026-07-25,Periyar Nagar(Uzhavar Sandhai ),16.0,15.0,2.6836188,17.683618783950806
2026-07-25,Vaniyampadi(Uzhavar Sandhai ),20.0,15.0,1.4151999,16.415199875831604
2026-07-25,Kumarapalayam(Uzhavar Sandhai ),19.0,20.0,1.0969588,21.09695875644684
2026-07-25,Palladam(Uzhavar Sandhai ),15.0,14.0,1.7184168,15.718416810035706
2026-07-25,Udumalpet APMC,16.5,12.5,3.6652815,16.165281534194946
2026-07-25,Palayamkottai(Uzhavar Sandhai ),21.0,22.5,0.06517976,22.565179757773876
2026-07-25,Pudukottai(Uzhavar Sandhai ),17.5,17.5,3.0913084,20.59130835533142
2026-07-25,Kallakurichi(Uzhavar Sandhai ),20.0,20.0,0.22620682,20.226206824183464
2026-07-25,Chengam(Uzhavar Sandhai ),13.5,13.5,1.2581855,14.758185505867004
2026-07-25,Ulundurpettai APMC,20.0,18.0,3.3618815,21.361881494522095
2026-07-25,Devaram(Uzhavar Sandhai ),18.0,18.0,1.7090851,19.70908510684967
2026-07-25,Theni(Uzhavar Sandhai ),15.0,15.0,2.0469513,17.046951293945312
2026-07-25,Vadaseri APMC,23.5,23.5,1.5255238,25.025523781776428
2026-07-25,Thanjavur(Uzhavar Sandhai ),20.0,18.0,1.5602403,19.560240268707275
2026-07-25,Coonoor(Uzhavar Sandhai ),19.5,19.5,1.6774294,21.17742943763733
2026-07-25,Hosur(Uzhavar Sandhai ),12.5,12.5,5.0292563,17.529256343841553
2026-07-25,Valangaiman APMC,20.0,20.0,0.98580694,20.985806941986084
2026-07-25,Chinnalapatti(Uzhavar Sandhai ),17.0,16.5,2.735362,19.23536205291748
2026-07-25,Anaiyur(Uzhavar Sandhai ),17.0,17.0,2.1001713,19.100171327590942
2026-07-25,Mannargudi I(Uzhavar Sandhai ),20.0,16.0,2.3253944,18.32539439201355
2026-07-25,Tiruthani(Uzhavar Sandhai ),25.0,25.0,-1.4424516,23.55754840373993
2026-07-25,Karimangalam(Uzhavar Sandhai),13.5,15.0,2.4029303,17.40293025970459
2026-07-25,Singampunari(Uzhavar Sandhai ),19.0,19.0,0.8760714,19.876071393489838
2026-07-25,Gandarvakottai(Uzhavar Sandhai ),17.5,22.5,0.48501673,22.985016733407974
2026-07-25,Natrampalli(Uzhavar Sandhai ),11.0,12.5,3.7489429,16.248942852020264
2026-07-25,Vandavasi(Uzhavar Sandhai ),18.0,13.5,2.00458,15.504580020904541
2026-07-25,Melur(Uzhavar Sandhai ),17.0,17.0,1.697287,18.69728696346283
2026-07-25,Aruppukottai(Uzhavar Sandhai ),19.0,19.0,0.6412544,19.641254425048828
2026-07-25,Mannargudi II(Uzhavar Sandhai ),20.0,16.0,2.4480972,18.448097229003906
2026-07-25,Ponnamaravathi(Uzhavar Sandhai),17.5,19.0,1.0937296,20.093729615211487
2026-07-25,Kambam(Uzhavar Sandhai ),18.0,19.0,0.69631714,19.69631713628769
2026-07-25,Tiruchengode APMC,19.0,22.0,0.19839314,22.198393136262894
2026-07-25,Vengamedu(Uzhavar Sandhai ),17.5,17.5,2.678503,20.178503036499023
2026-07-26,Dindigul(Uzhavar Sandhai ),22.0,16.5,2.5865552,19.086555242538452
2026-07-26,Tiruvallur(Uzhavar Sandhai ),25.0,25.0,-1.331089,23.66891098022461
2026-07-26,Thiruverumbur(Uzhavar Sandhai ),22.0,22.0,-0.3560719,21.643928110599518
2026-07-26,Thirukalukundram(Uzhavar Sandhai ),21.0,19.0,0.011004892,19.01100489217788
2026-07-26,Sathiyamagalam(Uzhavar Sandhai ),16.0,15.5,2.6822085,18.18220853805542
2026-07-26,Papanasam(Uzhavar Sandhai ),22.0,22.0,0.55868113,22.55868113040924
2026-07-26,Kulithalai(Uzhavar Sandhai ),22.0,19.0,0.44334137,19.443341374397278
2026-07-26,Tindivanam APMC,14.0,14.0,1.2553421,15.25534212589264
2026-07-26,Pallapatti (Uzhavar Sandhai ),19.0,21.0,0.94955814,21.94955813884735
2026-07-26,Thalavaipuram(Uzhavar Sandhai ),18.0,16.5,1.3325515,17.8325514793396
2026-07-26,Palani(Uzhavar Sandhai ),17.5,16.0,2.975354,18.975353956222534
2026-07-26,Thalavadi(Uzhavar Sandhai ),14.0,11.5,3.6518025,15.15180253982544
2026-07-26,Tenkasi(Uzhavar Sandhai ),16.5,16.5,1.2343364,17.734336376190186
2026-07-26,Sathur(Uzhavar Sandhai ),23.5,22.5,-0.89854246,21.60145753622055
2026-07-26,Srivilliputhur(Uzhavar Sandhai ),18.5,17.5,0.9970243,18.497024297714233
2026-07-26,Padappai(Uzhavar Sandhai ),20.0,20.5,0.2158991,20.715899094939232
2026-07-26,Thammampatti (Uzhavar Sandhai ),15.0,15.0,2.7205095,17.72050952911377
2026-07-26,Gobichettipalayam(Uzhavar Sandhai ),17.0,17.0,2.095225,19.0952250957489
2026-07-26,Udhagamandalam(Uzhavar Sandhai ),17.5,17.5,0.91684514,18.41684514284134
2026-07-26,Vadavalli(Uzhavar Sandhai ),17.0,16.0,2.5821588,18.58215880393982
2026-07-26,Guduvancheri(Uzhavar Sandhai ),19.0,19.0,1.5408548,20.540854811668396
2026-07-26,Anaiyur(Uzhavar Sandhai ),22.0,17.0,1.9178411,18.91784107685089
2026-07-26,Mannargudi II(Uzhavar Sandhai ),22.0,20.0,0.40415582,20.40415582060814
2026-07-26,Chokkikulam(Uzhavar Sandhai ),22.0,17.0,1.6799148,18.679914832115173
2026-07-26,Nanganallur(Uzhavar Sandhai ),19.0,19.0,1.6427591,20.642759084701538
2026-07-26,AJattihalli(Uzhavar Sandhai ),14.0,11.0,4.1880827,15.188082695007324
2026-07-26,Pudukottai(Uzhavar Sandhai ),22.5,17.5,1.9327283,19.43272829055786
2026-07-26,Alangudi(Uzhavar Sandhai ),22.5,22.5,0.3145286,22.814528614282608
2026-07-26,Kangayam(Uzhavar Sandhai ),12.5,11.0,5.3241115,16.324111461639404
2026-07-26,Kancheepuram(Uzhavar Sandhai ),20.0,20.5,0.13942419,20.639424189925194
2026-07-26,Thathakapatti(Uzhavar Sandhai ),17.5,16.5,2.2277684,18.727768421173096
2026-07-26,Rajapalayam(Uzhavar Sandhai ),17.5,16.5,0.88119745,17.381197452545166
2026-07-26,Medavakkam(Uzhavar Sandhai ),20.0,20.0,0.86879337,20.86879336833954
2026-07-26,Nagapattinam(Uzhavar Sandhai ),27.5,32.5,-2.5638442,29.936155796051025
2026-07-26,Tuticorin(Uzhavar Sandhai ),17.5,22.5,-0.77268094,21.727319061756134
2026-07-26,Tiruppur (South) (Uzhavar Sandhai ),16.5,12.5,4.2423477,16.742347717285156
2026-07-26,Theni(Uzhavar Sandhai ),18.0,15.0,1.1133921,16.113392114639282
2026-07-26,Anna nagar(Uzhavar Sandhai ),20.0,22.0,-0.49542877,21.504571229219437
2026-07-26,Karambakkudi(Uzhavar Sandhai ),22.5,22.5,-0.48304272,22.01695728302002
2026-07-26,Chinnalapatti(Uzhavar Sandhai ),22.0,17.0,2.1483588,19.148358821868896
2026-07-26,Ariyalur(Uzhavar Sandhai),26.0,23.0,0.9104481,23.91044807434082
2026-07-26,Tirukattupalli(Uzhavar Sandhai ),20.0,20.0,0.5367422,20.536742210388184
2026-07-26,Sankarankoil(Uzhavar Sandhai ),17.5,20.0,-0.10171338,19.89828661829233
2026-07-26,Hasthampatti(Uzhavar Sandhai ),18.0,16.5,2.8859131,19.385913133621216
2026-07-26,Udumalpet APMC,20.5,16.5,0.36462587,16.864625871181488
2026-07-26,Aranthangi(Uzhavar Sandhai ),22.5,22.5,1.1858053,23.685805320739746
2026-07-26,Cheyyar(Uzhavar Sandhai ),17.5,17.5,1.1828216,18.68282163143158
2026-07-26,Harur(Uzhavar Sandhai ),17.5,13.5,3.4196756,16.919675588607788
2026-07-26,Vengamedu(Uzhavar Sandhai ),17.5,17.5,2.5950897,20.09508967399597
2026-07-26,Sivagangai (Uzhavar Sandhai ),23.0,19.0,0.6529852,19.652985215187073
2026-07-26,Tiruppur (North) (Uzhavar Sandhai ),18.0,18.0,2.3319042,20.33190417289734
2026-07-26,Chengalpet(Uzhavar Sandhai ),21.5,19.0,0.9110484,19.911048412322998
2026-07-26,Musiri(Uzhavar Sandhai ),20.0,20.0,0.36937052,20.3693705201149
2026-07-26,Usilampatti(Uzhavar Sandhai ),22.0,17.0,1.9178411,18.91784107685089
2026-07-26,Kambam(Uzhavar Sandhai ),19.0,18.0,1.1260548,19.126054763793945
2026-07-26,Ponnamaravathi(Uzhavar Sandhai),22.5,17.5,1.0169408,18.51694083213806
2026-07-26,Keelpennathur(Uzhavar Sandhai ),17.5,17.5,1.985225,19.485224962234497
2026-07-26,Katpadi (Uzhavar Sandhai ),17.5,17.5,1.0271089,18.527108907699585
2026-07-26,Perambakkam(Uzhavar Sandhai ),25.0,25.0,-2.390214,22.60978603363037
2026-07-26,Villupuram(Uzhavar Sandhai ),20.0,20.0,0.43922874,20.439228743314743
2026-07-26,Gandarvakottai(Uzhavar Sandhai ),17.5,17.5,1.8372375,19.33723747730255
2026-07-26,Pallavaram(Uzhavar Sandhai ),19.0,18.5,0.9182363,19.418236315250397
2026-07-26,Vadaseri APMC,23.5,23.5,0.7639939,24.26399391889572
2026-07-26,Anna nagar(Uzhavar Sandhai ),22.0,19.0,0.20673068,19.20673067867756
2026-07-26,Madhuranthagam(Uzhavar Sandhai ),30.0,20.0,1.3142037,21.31420373916626
2026-07-26,Singanallur(Uzhavar Sandhai ),17.0,17.0,0.8503175,17.85031747817993
2026-07-26,Perambalur(Uzhavar Sandhai ),27.5,27.5,-2.2529943,25.247005701065063
2026-07-26,Vellore APMC,15.0,15.0,3.1303325,18.130332469940186
2026-07-26,Chengam(Uzhavar Sandhai ),18.0,13.5,1.2918631,14.791863083839417
2026-07-26,Sulur(Uzhavar Sandhai ),17.0,17.0,0.9316188,17.931618809700012
2026-07-26,Pallikonda(Uzhavar Sandhai),19.0,19.0,1.5763618,20.576361775398254
2026-07-26,Mannargudi I(Uzhavar Sandhai ),22.0,20.0,0.23285696,20.232856959104538
2026-07-26,Paramakudi(Uzhavar Sandhai ),22.5,22.5,1.1585213,23.65852129459381
2026-07-26,Devakottai (Uzhavar Sandhai ),22.5,21.0,0.47462812,21.474628120660782
2026-07-26,Pennagaram(Uzhavar Sandhai ),15.5,16.5,0.8960144,17.396014392375946
2026-07-26,Coonoor(Uzhavar Sandhai ),19.5,19.5,0.1650652,19.665065199136734
2026-07-26,Sundarapuram(Uzhavar Sandhai ),16.0,16.5,1.3178114,17.817811369895935
2026-07-26,Arani(Uzhavar Sandhai ),17.5,17.5,1.141126,18.641126036643982
2026-07-26,Bodinayakanur(Uzhavar Sandhai ),20.0,18.0,1.6227607,19.62276065349579
2026-07-26,Vedasanthur(Uzhavar Sandhai ),17.5,15.0,3.9358335,18.93583345413208
2026-07-26,Ramanathapuram(Uzhavar Sandhai ),27.5,27.5,-1.3007745,26.199225544929504
2026-07-26,Mohanur(Uzhavar Sandhai ),21.0,22.0,2.18762,24.187619924545288
2026-07-26,Arcot(Uzhavar Sandhai ),17.0,17.0,2.6718137,19.67181372642517
2026-07-26,Kariyapatti(Uzhavar Sandhai ),19.0,19.0,1.4226661,20.42266607284546
2026-07-26,Jameenrayapettai(Uzhavar Sandhai ),19.0,19.0,1.2055466,20.205546617507935
2026-07-26,Jeyankondam (Uzhavar Sandhai ),22.0,22.0,-0.33651158,21.663488417863846
2026-07-26,Kahithapattarai(Uzhavar Sandhai ),15.0,15.0,0.76538146,15.765381455421448
2026-07-26,Manapparai(Uzhavar Sandhai ),20.0,20.0,-0.088830106,19.91116989403963
2026-07-26,Vedaranyam(Uzhavar Sandhai),33.5,35.0,-1.3256259,33.67437410354614
2026-07-26,Tiruvarur(Uzhavar Sandhai ),20.0,20.0,0.7115912,20.71159118413925
2026-07-26,Gingee(Uzhavar Sandhai ),15.0,15.0,1.8521224,16.85212242603302
2026-07-26,Rasipuram(Uzhavar Sandhai ),16.0,18.0,0.9948069,18.9948068857193
2026-07-26,Viralimalai(Uzhavar Sandhai ),17.5,22.5,-0.70258266,21.79741734266281
2026-07-26,Pollachi(Uzhavar Sandhai ),16.5,16.5,0.9246405,17.424640476703644
2026-07-26,Cuddalore(Uzhavar Sandhai ),18.0,16.0,0.95311785,16.953117847442627
2026-07-26,Hosur(Uzhavar Sandhai ),14.5,12.5,3.920882,16.420881986618042
2026-07-26,Edapadi (Uzhavar Sandhai ),19.0,19.0,2.4240625,21.424062490463257
2026-07-26,Palacode(Uzhavar Sandhai ),15.0,11.0,3.6677,14.667700052261353
2026-07-26,Sivakasi(Uzhavar Sandhai ),17.5,17.5,2.38595,19.885950088500977
2026-07-26,Manachanallur(Uzhavar Sandhai ),18.0,21.0,-0.33094198,20.66905802488327
2026-07-26,Denkanikottai(Uzhavar Sandhai ),16.0,13.5,4.394715,17.894714832305908
2026-07-26,Palanganatham(Uzhavar Sandhai ),22.0,17.0,1.573024,18.573024034500122
2026-07-26,Tiruvannamalai(Uzhavar Sandhai ),13.5,13.5,3.5336862,17.03368616104126
2026-07-26,Melapalayam(Uzhavar Sandhai ),21.0,21.0,0.12450206,21.124502062797546
2026-07-26,Thirumangalam(Uzhavar Sandhai ),22.0,17.0,1.0476136,18.047613620758057
2026-07-26,Krishnagiri(Uzhavar Sandhai ),12.0,13.0,3.8308358,16.830835819244385
2026-07-26,Kamuthi(Uzhavar Sandhai ),29.0,27.5,-0.62466913,26.875330865383148
2026-07-26,Thirupathur APMC,20.0,20.0,0.09756358,20.097563579678535
2026-07-26,Kandiyaperi(Uzhavar Sandhai ),21.0,21.0,0.10966023,21.109660230576992
2026-07-26,Chidambaram(Uzhavar Sandhai ),20.0,20.0,0.76529044,20.765290439128876
2026-07-26,Thanjavur(Uzhavar Sandhai ),20.0,20.0,0.5924912,20.59249120950699
2026-07-26,Kaveripattinam(Uzhavar Sandhai ),20.0,20.0,0.8432494,20.84324938058853
2026-07-26,Periyar Nagar(Uzhavar Sandhai ),19.0,16.0,2.160033,18.160032987594604
2026-07-26,Kumarapalayam(Uzhavar Sandhai ),17.5,19.0,1.2399405,20.239940524101257
2026-07-26,Tiruchengode APMC,19.0,19.0,1.7589015,20.758901476860046
2026-07-26,Karur(Uzhavar Sandhai ),17.5,17.5,1.9736339,19.473633885383606
2026-07-26,KKNagar(Uzhavar Sandhai ),20.0,21.0,-0.5646359,20.43536412715912
2026-07-26,Tiruthani(Uzhavar Sandhai ),25.0,25.0,-1.4921552,23.50784480571747
2026-07-26,Aruppukottai(Uzhavar Sandhai ),19.0,19.0,0.24564075,19.245640754699707
2026-07-26,Virudhunagar(Uzhavar Sandhai ),18.5,18.5,1.9711597,20.47115969657898
2026-07-26,Velayuthampalayam(Uzhavar Sandhai ),18.0,17.0,2.1545117,19.15451169013977
2026-07-26,Kumbakonam (Uzhavar Sandhai ),22.0,22.0,0.5433369,22.543336927890778
2026-07-26,Sunguvarchatram(Uzhavar Sandhai ),24.0,22.0,0.560157,22.560157001018524
2026-07-26,Palladam(Uzhavar Sandhai ),16.0,15.0,2.2738142,17.27381420135498
2026-07-26,Devaram(Uzhavar Sandhai ),20.0,18.0,1.6809038,19.680903792381287
2026-07-26,Pattukottai(Uzhavar Sandhai ),24.0,22.0,0.68237585,22.682375848293304
2026-07-26,Gudiyatham(Uzhavar Sandhai ),17.0,16.0,0.79230523,16.79230523109436
2026-07-26,Ulundurpettai APMC,20.0,20.0,0.90387595,20.903875946998596
2026-07-26,Kovilpatti(Uzhavar Sandhai ),22.5,27.5,-3.145354,24.35464596748352
2026-07-26,Avallapalli(Uzhavar Sandhai ),16.0,13.5,3.2559936,16.755993604660034
2026-07-26,Sampath Nagar(Uzhavar Sandhai ),19.0,16.0,2.020042,18.020041942596436
2026-07-26,Sirkali(Uzhavar Sandhai ),22.5,22.5,-0.321856,22.17814400792122
2026-07-26,Vadalur(Uzhavar Sandhai ),18.0,18.0,1.6896918,19.68969178199768
2026-07-26,Kundrathur(Uzhavar Sandhai ),24.0,22.0,0.59408396,22.594083964824677
2026-07-26,Mettupalayam(Uzhavar Sandhai ),18.0,16.5,1.3997349,17.89973485469818
2026-07-26,Elampillai(Uzhavar Sandhai ),17.5,17.5,0.51969486,18.01969486474991
2026-07-26,Natrampalli(Uzhavar Sandhai ),12.5,11.0,4.2310357,15.231035709381104
2026-07-26,Tamarainagar(Uzhavar Sandhai ),15.5,14.0,3.5263243,17.52632427215576
2026-07-26,Viruthachalam(Uzhavar Sandhai ),20.0,17.0,4.4818997,21.481899738311768
2026-07-26,Jalagandapuram(Uzhavar Sandhai ),16.5,15.0,3.1900542,18.190054178237915
2026-07-26,Melur(Uzhavar Sandhai ),22.0,17.0,1.6876637,18.687663674354553
2026-07-26,Mettur(Uzhavar Sandhai ),16.5,14.0,3.2844224,17.284422397613525
2026-07-26,Andipatti(Uzhavar Sandhai ),19.0,17.0,2.126122,19.126121997833252
2026-07-26,Athur(Uzhavar Sandhai ),15.0,13.0,3.4181821,16.418182134628296
2026-07-26,Ambattur(Uzhavar Sandhai ),25.0,25.0,-1.3619738,23.638026237487793
2026-07-26,Vaniyampadi(Uzhavar Sandhai ),15.0,20.0,-0.64880365,19.351196348667145
2026-07-26,Mecheri(Uzhavar Sandhai),16.5,16.5,2.2046473,18.704647302627563
2026-07-26,Thuraiyur APMC,18.0,18.0,0.4811796,18.48117959499359
2026-07-26,Kurichi(Uzhavar Sandhai ),16.0,16.5,2.825056,19.325056076049805
2026-07-26,Palayamkottai(Uzhavar Sandhai ),21.0,21.0,0.033113863,21.03311386331916
2026-07-26,Dharapuram(Uzhavar Sandhai ),12.5,12.5,4.9513535,17.451353549957275
2026-07-26,Periyakulam(Uzhavar Sandhai ),19.0,16.5,2.5698323,19.06983232498169
2026-07-26,Karaikudi(Uzhavar Sandhai ),25.0,21.0,0.8633415,21.863341510295868
2026-07-26,Muthupettai(Uzhavar Sandhai ),20.0,20.0,0.82655066,20.826550662517548
2026-07-26,Paruthipattu(Uzhavar Sandhai ),25.0,25.0,-0.26773787,24.732262134552002
2026-07-26,Attayampatti(Uzhavar Sandhai ),19.0,16.5,0.9095509,17.40955090522766
2026-07-26,Ranipettai(Uzhavar Sandhai ),19.0,18.0,1.6755209,19.67552089691162
2026-07-26,RSPuram(Uzhavar Sandhai ),16.0,15.0,3.0559995,18.055999517440796
2026-07-26,Sooramangalam(Uzhavar Sandhai ),19.0,17.0,0.7029399,17.702939927577972
2026-07-26,Polur(Uzhavar Sandhai ),17.5,17.5,0.9884992,18.488499224185944
2026-07-26,Myladi(Uzhavar Sandhai ),22.5,23.5,0.31278676,23.812786757946014
2026-07-26,Dharmapuri(Uzhavar Sandhai ),15.5,11.5,3.6258507,15.125850677490234
2026-07-26,Gudalur(Uzhavar Sandhai ),22.5,23.5,-1.0330359,22.46696412563324
2026-07-26,Ambasamudram(Uzhavar Sandhai ),18.5,18.5,0.38859916,18.888599157333374
2026-07-26,Singampunari(Uzhavar Sandhai ),23.0,19.0,0.73386717,19.733867168426514
2026-07-26,Needamangalam(Uzhavar Sandhai ),20.0,18.0,1.2544045,19.254404544830322
2026-07-26,Kallakurichi(Uzhavar Sandhai ),20.0,20.0,-0.10090199,19.89909800887108
2026-07-26,Naravarikuppam(Uzhavar Sandhai ),20.0,25.0,-1.2961795,23.70382046699524
2026-07-26,Ammapet(Uzhavar Sandhai ),18.0,15.0,1.0126079,16.01260793209076
2026-07-26,Paramathivelur(Uzhavar Sandhai ),17.5,18.5,2.7341006,21.234100580215454
2026-07-26,Peravurani(Uzhavar Sandhai),20.0,20.0,1.4406317,21.44063174724579
2026-07-26,Mayiladuthurai(Uzhavar Sandhai ),22.5,22.5,-0.32317707,22.176822930574417
2026-07-26,Karimangalam(Uzhavar Sandhai),13.5,13.5,2.5635843,16.063584327697754
2026-07-26,Vandavasi(Uzhavar Sandhai ),17.5,18.0,1.0823551,19.08235514163971
2026-07-26,Chinnamanur(Uzhavar Sandhai ),20.0,18.0,1.5713166,19.571316599845886
2026-07-26,Tirupatthur(Uzhavar Sandhai ),23.5,21.0,0.8958034,21.89580339193344
2026-07-26,Panruti(Uzhavar Sandhai ),20.0,20.0,0.7253502,20.725350201129913
2026-07-26,Lalgudi(Uzhavar Sandhai ),22.0,20.0,-0.13068445,19.869315549731255
2026-07-26,NGO Colony(Uzhavar Sandhai ),21.0,21.0,-0.118645065,20.881354935467243
2026-07-26,Valangaiman APMC,20.0,20.0,0.9246246,20.924624621868134
2026-07-26,Gandhigramam(Uzhavar Sandhai),19.0,19.0,1.2786583,20.278658270835876
2026-07-26,Sankarapuram(Uzhavar Sandhai ),20.0,20.0,-0.0046327254,19.99536727461964
2026-07-26,Vazhapadi(Uzhavar Sandhai),16.0,16.0,2.6942332,18.694233179092407
2026-07-26,Perundurai(Uzhavar Sandhai ),20.0,16.0,3.395098,19.395097970962524
2026-07-27,Thuraiyur APMC,22.0,18.0,0.43441936,18.434419363737106
2026-07-27,Udumalpet APMC,17.5,20.5,0.6339519,21.133951902389526
2026-07-27,Sirkali(Uzhavar Sandhai ),22.5,22.5,-0.2847134,22.21528661251068
2026-07-27,Vandavasi(Uzhavar Sandhai ),18.0,17.5,0.03733115,17.537331148982048
2026-07-27,Perundurai(Uzhavar Sandhai ),18.0,20.0,0.22385052,20.223850518465042
2026-07-27,Natrampalli(Uzhavar Sandhai ),12.5,12.5,3.8149185,16.314918518066406
2026-07-27,Theni(Uzhavar Sandhai ),18.0,18.0,0.010815393,18.010815393179655
2026-07-27,Mannargudi I(Uzhavar Sandhai ),22.0,22.0,-0.23405562,21.765944376587868
2026-07-27,Kancheepuram(Uzhavar Sandhai ),20.0,20.0,0.49706662,20.497066617012024
2026-07-27,Vedasanthur(Uzhavar Sandhai ),20.0,17.5,1.2104477,18.710447669029236
2026-07-27,Vazhapadi(Uzhavar Sandhai),16.0,16.0,2.3324294,18.3324294090271
2026-07-27,Hosur(Uzhavar Sandhai ),13.5,14.5,0.41324216,14.913242161273956
2026-07-27,Kallakurichi(Uzhavar Sandhai ),20.0,20.0,-0.37998047,19.620019525289536
2026-07-27,Tiruvannamalai(Uzhavar Sandhai ),16.5,13.5,3.4821477,16.982147693634033
2026-07-27,Usilampatti(Uzhavar Sandhai ),21.0,22.0,-0.31621376,21.683786243200302
2026-07-27,Guduvancheri(Uzhavar Sandhai ),19.0,19.0,1.2622199,20.26221990585327
2026-07-27,Jameenrayapettai(Uzhavar Sandhai ),19.0,19.0,0.9269118,19.926911771297455
2026-07-27,Virudhunagar(Uzhavar Sandhai ),18.0,18.5,0.494951,18.994951009750366
2026-07-27,Devakottai (Uzhavar Sandhai ),23.5,22.5,-0.22276899,22.277231007814407
2026-07-27,Thirukalukundram(Uzhavar Sandhai ),21.0,21.0,0.38478148,21.38478147983551
2026-07-27,Tirupatthur(Uzhavar Sandhai ),25.0,23.5,-0.313228,23.186771988868713
2026-07-27,Thalavaipuram(Uzhavar Sandhai ),17.5,18.0,0.36977884,18.369778841733932
2026-07-27,Sankarapuram(Uzhavar Sandhai ),20.0,20.0,-0.2858654,19.714134603738785
2026-07-27,Sathiyamagalam(Uzhavar Sandhai ),16.0,16.0,0.50092494,16.500924944877625
2026-07-27,Mettur(Uzhavar Sandhai ),16.5,16.5,2.1738033,18.673803329467773
2026-07-27,Andipatti(Uzhavar Sandhai ),19.0,19.0,0.6275453,19.627545297145844
2026-07-27,Peravurani(Uzhavar Sandhai),20.0,20.0,1.0612226,21.061222553253174
2026-07-27,Nagapattinam(Uzhavar Sandhai ),30.5,27.5,0.12048053,27.62048052996397
2026-07-27,Medavakkam(Uzhavar Sandhai ),25.0,20.0,0.8979129,20.897912919521332
2026-07-27,Rajapalayam(Uzhavar Sandhai ),17.5,17.5,-0.12617314,17.37382686138153
2026-07-27,Paruthipattu(Uzhavar Sandhai ),25.0,25.0,-0.55445606,24.445543944835663
2026-07-27,Nanganallur(Uzhavar Sandhai ),19.0,19.0,1.4663525,20.466352462768555
2026-07-27,Ambattur(Uzhavar Sandhai ),25.0,25.0,-1.4813759,23.51862406730652
2026-07-27,Udhagamandalam(Uzhavar Sandhai ),20.0,17.5,0.6987453,18.19874531030655
2026-07-27,Padappai(Uzhavar Sandhai ),20.5,20.0,0.440606,20.440605998039246
2026-07-27,Srivilliputhur(Uzhavar Sandhai ),18.5,18.5,0.7870066,19.287006616592407
2026-07-27,Dharapuram(Uzhavar Sandhai ),12.5,12.5,5.19131,17.691309928894043
2026-07-27,Kandiyaperi(Uzhavar Sandhai ),22.5,21.0,-0.1976088,20.802391201257706
2026-07-27,Lalgudi(Uzhavar Sandhai ),24.0,22.0,-0.7842816,21.215718388557434
2026-07-27,Madhuranthagam(Uzhavar Sandhai ),20.0,30.0,-4.6617026,25.338297367095947
2026-07-27,Harur(Uzhavar Sandhai ),16.5,17.5,1.4236077,18.92360770702362
2026-07-27,Tiruppur (North) (Uzhavar Sandhai ),18.5,18.0,1.937124,19.937124013900757
2026-07-27,Thalavadi(Uzhavar Sandhai ),13.5,14.0,2.3510342,16.35103416442871
2026-07-27,Palladam(Uzhavar Sandhai ),17.5,16.0,1.6323432,17.63234317302704
2026-07-27,Gudiyatham(Uzhavar Sandhai ),17.0,17.0,1.6471474,18.64714741706848
2026-07-27,Mettupalayam(Uzhavar Sandhai ),17.5,18.0,0.06863101,18.068631008267403
2026-07-27,Hasthampatti(Uzhavar Sandhai ),18.0,18.0,1.4336469,19.43364691734314
2026-07-27,Dindigul(Uzhavar Sandhai ),22.0,22.0,-0.4740134,21.52598661184311
2026-07-27,Viruthachalam(Uzhavar Sandhai ),20.0,20.0,2.1119866,22.11198663711548
2026-07-27,Kaveripattinam(Uzhavar Sandhai ),20.0,20.0,0.91487163,20.914871633052826
2026-07-27,Pennagaram(Uzhavar Sandhai ),17.5,15.5,0.819142,16.3191419839859
2026-07-27,Gingee(Uzhavar Sandhai ),15.0,15.0,1.6712089,16.67120885848999
2026-07-27,Edapadi (Uzhavar Sandhai ),21.0,19.0,0.57444805,19.57444804906845
2026-07-27,Palacode(Uzhavar Sandhai ),13.5,15.0,2.349322,17.349322080612183
2026-07-27,Ponnamaravathi(Uzhavar Sandhai),22.5,22.5,-0.8389374,21.661062598228455
2026-07-27,Melapalayam(Uzhavar Sandhai ),22.5,21.0,-0.16183111,20.838168889284134
2026-07-27,Chidambaram(Uzhavar Sandhai ),20.0,20.0,0.70324206,20.70324206352234
2026-07-27,Sulur(Uzhavar Sandhai ),17.0,17.0,0.6868042,17.686804175376892
2026-07-27,Kumarapalayam(Uzhavar Sandhai ),16.0,17.5,1.8739061,19.373906135559082
2026-07-27,Anaiyur(Uzhavar Sandhai ),21.0,22.0,-0.31621376,21.683786243200302
2026-07-27,Mohanur(Uzhavar Sandhai ),17.0,21.0,1.1049047,22.104904651641846
2026-07-27,Polur(Uzhavar Sandhai ),17.5,17.5,0.9407131,18.440713107585907
2026-07-27,Manachanallur(Uzhavar Sandhai ),24.0,18.0,0.43933734,18.439337342977524
2026-07-27,Denkanikottai(Uzhavar Sandhai ),13.5,16.0,2.4578283,18.457828283309937
2026-07-27,Palanganatham(Uzhavar Sandhai ),21.0,22.0,-0.42205578,21.577944219112396
2026-07-27,Thirumangalam(Uzhavar Sandhai ),21.0,22.0,-0.55198014,21.448019862174988
2026-07-27,Krishnagiri(Uzhavar Sandhai ),13.0,12.0,3.158394,15.15839409828186
2026-07-27,Tamarainagar(Uzhavar Sandhai ),15.5,15.5,1.710364,17.21036398410797
2026-07-27,Thirupathur APMC,20.0,20.0,0.14957514,20.149575144052505
2026-07-27,Chinnamanur(Uzhavar Sandhai ),20.0,20.0,0.09319014,20.093190141022205
2026-07-27,Needamangalam(Uzhavar Sandhai ),20.0,20.0,0.3781605,20.378160506486893
2026-07-27,Mayiladuthurai(Uzhavar Sandhai ),22.5,22.5,-0.33179134,22.16820865869522
2026-07-27,Ammapet(Uzhavar Sandhai ),16.5,18.0,1.0933652,19.09336519241333
2026-07-27,Manapparai(Uzhavar Sandhai ),24.0,20.0,-0.25549644,19.744503557682037
2026-07-27,NGO Colony(Uzhavar Sandhai ),22.5,21.0,-0.5347828,20.465217173099518
2026-07-27,Gandhigramam(Uzhavar Sandhai),19.0,19.0,0.4271733,19.427173286676407
2026-07-27,Gudalur(Uzhavar Sandhai ),22.5,22.5,-0.66496897,21.835031032562256
2026-07-27,Dharmapuri(Uzhavar Sandhai ),13.5,15.5,2.311677,17.81167697906494
2026-07-27,Papanasam(Uzhavar Sandhai ),20.0,22.0,0.41653824,22.41653823852539
2026-07-27,Thammampatti (Uzhavar Sandhai ),14.0,15.0,2.5336344,17.533634424209595
2026-07-27,Tiruvarur(Uzhavar Sandhai ),20.0,20.0,0.56466675,20.564666748046875
2026-07-27,Devaram(Uzhavar Sandhai ),20.0,20.0,0.49003357,20.49003356695175
2026-07-27,Kurichi(Uzhavar Sandhai ),16.0,16.0,1.761931,17.7619309425354
2026-07-27,Attayampatti(Uzhavar Sandhai ),19.0,19.0,-0.09828586,18.901714138686657
2026-07-27,Kahithapattarai(Uzhavar Sandhai ),18.0,15.0,3.28757,18.287569999694824
2026-07-27,Pollachi(Uzhavar Sandhai ),16.5,16.5,0.6748893,17.17488932609558
2026-07-27,Sooramangalam(Uzhavar Sandhai ),17.5,19.0,0.9758329,19.975832879543304
2026-07-27,RSPuram(Uzhavar Sandhai ),19.0,16.0,2.2530522,18.253052234649658
2026-07-27,Ranipettai(Uzhavar Sandhai ),19.0,19.0,2.0552368,21.05523681640625
2026-07-27,Muthupettai(Uzhavar Sandhai ),20.0,20.0,0.6195275,20.619527518749237
2026-07-27,Periyakulam(Uzhavar Sandhai ),19.0,19.0,0.60923606,19.60923606157303
2026-07-27,Athur(Uzhavar Sandhai ),17.5,15.0,1.9831516,16.98315155506134
2026-07-27,Velayuthampalayam(Uzhavar Sandhai ),17.0,18.0,0.61170095,18.61170095205307
2026-07-27,Myladi(Uzhavar Sandhai ),23.5,22.5,0.51254976,23.01254975795746
2026-07-27,Gobichettipalayam(Uzhavar Sandhai ),19.0,17.0,2.2988503,19.298850297927856
2026-07-27,Cuddalore(Uzhavar Sandhai ),20.0,18.0,0.4575669,18.457566887140274
2026-07-27,Rasipuram(Uzhavar Sandhai ),16.0,16.0,1.0594767,17.059476733207703
2026-07-27,Palayamkottai(Uzhavar Sandhai ),22.5,21.0,-0.3424766,20.65752339363098
2026-07-27,Vaniyampadi(Uzhavar Sandhai ),20.0,15.0,3.6417677,18.641767740249634
2026-07-27,Karaikudi(Uzhavar Sandhai ),25.0,25.0,-1.4188364,23.58116364479065
2026-07-27,Mecheri(Uzhavar Sandhai),17.5,16.5,0.9898219,17.489821910858154
2026-07-27,Karimangalam(Uzhavar Sandhai),13.5,13.5,2.7655282,16.265528202056885
2026-07-27,Ambasamudram(Uzhavar Sandhai ),18.5,18.5,0.1847245,18.684724494814873
2026-07-27,Valangaiman APMC,20.0,20.0,0.8092586,20.809258580207825
2026-07-27,Paramathivelur(Uzhavar Sandhai ),17.0,17.5,1.7985227,19.29852271080017
2026-07-27,Singampunari(Uzhavar Sandhai ),23.0,23.0,-1.0015104,21.99848961830139
2026-07-27,Melur(Uzhavar Sandhai ),21.0,22.0,-0.1907759,21.809224098920822
2026-07-27,Kamuthi(Uzhavar Sandhai ),27.5,29.0,-1.5028728,27.497127175331116
2026-07-27,Aruppukottai(Uzhavar Sandhai ),22.5,19.0,1.6611648,20.6611647605896
2026-07-27,Sivakasi(Uzhavar Sandhai ),17.5,17.5,2.3867779,19.886777877807617
2026-07-27,Thanjavur(Uzhavar Sandhai ),20.0,20.0,0.44120649,20.441206485033035
2026-07-27,Periyar Nagar(Uzhavar Sandhai ),19.0,19.0,-0.33662158,18.663378417491913
2026-07-27,Ulundurpettai APMC,20.0,20.0,0.80506825,20.805068254470825
2026-07-27,Tiruthani(Uzhavar Sandhai ),25.0,25.0,-1.6370256,23.362974405288696
2026-07-27,Vedaranyam(Uzhavar Sandhai),33.5,33.5,-1.5148265,31.98517346382141
2026-07-27,Kundrathur(Uzhavar Sandhai ),24.0,24.0,-0.28085148,23.71914851665497
2026-07-27,Vadalur(Uzhavar Sandhai ),18.0,18.0,1.5735425,19.57354247570038
2026-07-27,Elampillai(Uzhavar Sandhai ),19.0,17.5,0.21893942,17.718939423561096
2026-07-27,Sampath Nagar(Uzhavar Sandhai ),19.0,19.0,-0.19917509,18.800824910402298
2026-07-27,Kovilpatti(Uzhavar Sandhai ),22.5,22.5,0.1842185,22.684218496084213
2026-07-27,Viralimalai(Uzhavar Sandhai ),22.5,17.5,2.0914161,19.591416120529175
2026-07-27,Pattukottai(Uzhavar Sandhai ),26.0,24.0,-0.53536665,23.464633345603943
2026-07-27,Karur(Uzhavar Sandhai ),17.5,17.5,1.2356889,18.73568892478943
2026-07-27,Sunguvarchatram(Uzhavar Sandhai ),24.0,24.0,-0.30183148,23.698168516159058
2026-07-27,Kumbakonam (Uzhavar Sandhai ),20.0,22.0,0.42817262,22.42817261815071
2026-07-27,KKNagar(Uzhavar Sandhai ),20.0,20.0,-0.2749898,19.725010186433792
2026-07-27,Tiruchengode APMC,17.0,19.0,1.7115979,20.71159791946411
2026-07-27,Jalagandapuram(Uzhavar Sandhai ),16.5,16.5,1.4804466,17.980446577072144
2026-07-27,Avallapalli(Uzhavar Sandhai ),16.0,16.0,0.33290702,16.332907021045685
2026-07-27,Vadavalli(Uzhavar Sandhai ),16.0,17.0,1.858142,18.858142018318176
2026-07-27,Kariyapatti(Uzhavar Sandhai ),22.5,19.0,1.6099205,20.609920501708984
2026-07-27,Vengamedu(Uzhavar Sandhai ),17.5,17.5,0.82969743,18.32969743013382
2026-07-27,Musiri(Uzhavar Sandhai ),22.0,20.0,0.021104783,20.021104782819748
2026-07-27,Arcot(Uzhavar Sandhai ),16.0,17.0,2.3671136,19.36711359024048
2026-07-27,Vadaseri APMC,23.5,23.5,0.63175815,24.131758153438568
2026-07-27,Paramakudi(Uzhavar Sandhai ),22.5,22.5,1.1908159,23.690815925598145
2026-07-27,Kambam(Uzhavar Sandhai ),19.0,19.0,0.81725484,19.817254841327667
2026-07-27,Gandarvakottai(Uzhavar Sandhai ),22.5,17.5,0.7077643,18.207764327526093
2026-07-27,Sundarapuram(Uzhavar Sandhai ),16.0,16.0,1.1793427,17.17934274673462
2026-07-27,Bodinayakanur(Uzhavar Sandhai ),20.0,20.0,0.42795575,20.427955746650696
2026-07-27,Coonoor(Uzhavar Sandhai ),22.0,19.5,-0.10189387,19.39810612797737
2026-07-27,Ramanathapuram(Uzhavar Sandhai ),26.5,27.5,-1.2543439,26.24565613269806
2026-07-27,Vellore APMC,16.0,15.0,3.4719865,18.471986532211304
2026-07-27,Villupuram(Uzhavar Sandhai ),17.5,20.0,0.85370994,20.853709936141968
2026-07-27,Jeyankondam (Uzhavar Sandhai ),22.0,22.0,-0.6065376,21.393462419509888
2026-07-27,Karambakkudi(Uzhavar Sandhai ),22.5,22.5,-0.58301175,21.916988253593445
2026-07-27,Chengam(Uzhavar Sandhai ),17.5,18.0,0.5344913,18.534491300582886
2026-07-27,Arani(Uzhavar Sandhai ),17.5,17.5,1.0507674,18.550767421722412
2026-07-27,Sankarankoil(Uzhavar Sandhai ),16.0,17.5,0.45015308,17.950153082609177
2026-07-27,Chengalpet(Uzhavar Sandhai ),25.0,21.5,0.67440814,22.17440813779831
2026-07-27,Sivagangai (Uzhavar Sandhai ),23.0,23.0,-1.0182791,21.98172092437744
2026-07-27,Pallavaram(Uzhavar Sandhai ),18.0,19.0,0.56639653,19.5663965344429
2026-07-27,Tirukattupalli(Uzhavar Sandhai ),20.0,20.0,0.36828125,20.36828124523163
2026-07-27,Aranthangi(Uzhavar Sandhai ),22.5,22.5,-0.48113862,22.01886138319969
2026-07-27,Ariyalur(Uzhavar Sandhai),27.5,26.0,-1.6659188,24.334081172943115
2026-07-27,Panruti(Uzhavar Sandhai ),15.0,20.0,0.55956507,20.55956506729126
2026-07-27,Perambakkam(Uzhavar Sandhai ),25.0,25.0,-2.3675315,22.632468461990356
2026-07-27,Singanallur(Uzhavar Sandhai ),17.0,17.0,-0.05743215,16.942567851394415
2026-07-27,Perambalur(Uzhavar Sandhai ),27.5,27.5,-2.6248941,24.87510585784912
2026-07-27,Mannargudi II(Uzhavar Sandhai ),22.0,22.0,-0.013987123,21.986012876965106
2026-07-27,Alangudi(Uzhavar Sandhai ),22.5,22.5,0.063407816,22.563407815992832
2026-07-27,Tuticorin(Uzhavar Sandhai ),17.5,17.5,0.7058907,18.205890715122223
2026-07-27,Kangayam(Uzhavar Sandhai ),13.0,12.5,4.4861555,16.98615550994873
2026-07-27,Thathakapatti(Uzhavar Sandhai ),17.5,17.5,-0.08771104,17.412288956344128
2026-07-27,Keelpennathur(Uzhavar Sandhai ),17.5,17.5,1.8683285,19.36832845211029
2026-07-27,Chokkikulam(Uzhavar Sandhai ),21.0,22.0,-0.33273336,21.66726663708687
2026-07-27,AJattihalli(Uzhavar Sandhai ),14.0,14.0,2.7435093,16.74350929260254
2026-07-27,Pudukottai(Uzhavar Sandhai ),22.5,22.5,-0.24771942,22.252280578017235
2026-07-27,Sathur(Uzhavar Sandhai ),23.5,23.5,-1.4661093,22.03389072418213
2026-07-27,Cheyyar(Uzhavar Sandhai ),18.0,17.5,0.17380391,17.67380391061306
2026-07-27,Katpadi (Uzhavar Sandhai ),17.5,17.5,1.6024697,19.10246968269348
2026-07-27,Tiruvallur(Uzhavar Sandhai ),25.0,25.0,-1.4841985,23.515801548957825
2026-07-27,Tenkasi(Uzhavar Sandhai ),16.5,16.5,1.0082533,17.50825333595276
2026-07-27,Thiruverumbur(Uzhavar Sandhai ),24.0,22.0,-0.7449875,21.25501251220703
2026-07-27,Kulithalai(Uzhavar Sandhai ),22.0,22.0,-0.88298035,21.117019653320312
2026-07-27,Pallapatti (Uzhavar Sandhai ),21.0,19.0,0.32401773,19.324017733335495
2026-07-27,Palani(Uzhavar Sandhai ),18.5,17.5,0.40309763,17.90309762954712
2026-07-27,Pallikonda(Uzhavar Sandhai),18.0,19.0,1.8580989,20.85809886455536
2026-07-27,Tiruppur (South) (Uzhavar Sandhai ),16.5,16.5,2.1001158,18.60011577606201
2026-07-27,Anna nagar(Uzhavar Sandhai ),22.0,20.0,0.2380935,20.238093495368958
2026-07-27,Tindivanam APMC,14.0,14.0,1.4736896,15.473689556121826
2026-07-27,Chinnalapatti(Uzhavar Sandhai ),22.0,22.0,-0.4793758,21.520624190568924
2026-07-28,Jalagandapuram(Uzhavar Sandhai ),16.5,16.5,0.48128325,16.981283247470856
2026-07-28,Udumalpet APMC,17.5,17.5,-0.3808293,17.11917069554329
2026-07-28,Palanganatham(Uzhavar Sandhai ),21.0,21.0,-0.38963497,20.61036503314972
2026-07-28,Alangudi(Uzhavar Sandhai ),22.5,22.5,-0.6177423,21.88225769996643
2026-07-28,Pallavaram(Uzhavar Sandhai ),22.5,18.0,1.8650109,19.865010857582092
2026-07-28,Aruppukottai(Uzhavar Sandhai ),22.5,22.5,-0.40015787,22.099842131137848
2026-07-28,Hosur(Uzhavar Sandhai ),12.5,13.5,2.5434127,16.043412685394287
2026-07-28,Valangaiman APMC,20.0,20.0,0.25258487,20.252584874629974
2026-07-28,Gandarvakottai(Uzhavar Sandhai ),22.5,22.5,-0.4058003,22.094199687242508
2026-07-28,Vazhapadi(Uzhavar Sandhai),16.0,16.0,1.8325864,17.832586407661438
2026-07-28,Vandavasi(Uzhavar Sandhai ),17.5,18.0,0.38134873,18.381348729133606
2026-07-28,Pallapatti (Uzhavar Sandhai ),21.0,21.0,-0.63273144,20.367268562316895
2026-07-28,Vaniyampadi(Uzhavar Sandhai ),20.0,20.0,-0.61815846,19.38184154033661
2026-07-28,Palayamkottai(Uzhavar Sandhai ),26.5,22.5,-0.5750594,21.924940586090088
2026-07-28,Ulundurpettai APMC,20.0,20.0,0.7264101,20.72641009092331
2026-07-28,Edapadi (Uzhavar Sandhai ),17.5,21.0,-0.5073671,20.492632925510406
2026-07-28,Hasthampatti(Uzhavar Sandhai ),16.5,18.0,0.10157107,18.101571068167686
2026-07-28,Palladam(Uzhavar Sandhai ),17.5,17.5,0.8695344,18.369534373283386
2026-07-28,Tuticorin(Uzhavar Sandhai ),22.5,17.5,0.7053589,18.205358922481537
2026-07-28,Gobichettipalayam(Uzhavar Sandhai ),19.0,19.0,0.57015,19.570150017738342
2026-07-28,Chokkikulam(Uzhavar Sandhai ),21.0,21.0,-0.27328622,20.72671377658844
2026-07-28,Ambattur(Uzhavar Sandhai ),25.0,25.0,-1.5422616,23.457738399505615
2026-07-28,Tiruvarur(Uzhavar Sandhai ),20.0,20.0,0.47619212,20.476192116737366
2026-07-28,Guduvancheri(Uzhavar Sandhai ),22.5,19.0,1.6896067,20.68960666656494
2026-07-28,Palani(Uzhavar Sandhai ),17.5,18.5,0.08615126,18.586151257157326
2026-07-28,Athur(Uzhavar Sandhai ),17.5,17.5,0.88470244,18.384702444076538
2026-07-28,Pallikonda(Uzhavar Sandhai),18.0,18.0,1.2982714,19.298271417617798
2026-07-28,Papanasam(Uzhavar Sandhai ),23.0,20.0,0.6911551,20.691155076026917
2026-07-28,Gandhigramam(Uzhavar Sandhai),19.0,19.0,0.3560024,19.356002390384674
2026-07-28,Viruthachalam(Uzhavar Sandhai ),20.0,20.0,1.6271665,21.627166509628296
2026-07-28,Panruti(Uzhavar Sandhai ),15.0,15.0,2.0837111,17.08371114730835
2026-07-28,Paramakudi(Uzhavar Sandhai ),22.5,22.5,1.0209299,23.5209299325943
2026-07-28,Chinnamanur(Uzhavar Sandhai ),22.0,20.0,-0.30820665,19.691793352365494
2026-07-28,Gudalur(Uzhavar Sandhai ),22.5,22.5,-0.6251291,21.874870896339417
2026-07-28,Palacode(Uzhavar Sandhai ),15.0,13.5,3.002262,16.502262115478516
2026-07-28,Gudiyatham(Uzhavar Sandhai ),15.0,17.0,1.7536218,18.753621816635132
2026-07-28,Udhagamandalam(Uzhavar Sandhai ),17.5,20.0,-0.38891268,19.611087322235107
2026-07-28,Dindigul(Uzhavar Sandhai ),17.5,22.0,-1.0798651,20.920134902000427
2026-07-28,Gingee(Uzhavar Sandhai ),15.0,15.0,1.6562045,16.65620446205139
2026-07-28,Vadavalli(Uzhavar Sandhai ),17.5,16.0,0.624006,16.62400597333908
2026-07-28,Ambasamudram(Uzhavar Sandhai ),23.0,18.5,0.3210919,18.821091890335083
2026-07-28,Vedaranyam(Uzhavar Sandhai),32.5,33.5,-1.3689917,32.13100826740265
2026-07-28,Vadalur(Uzhavar Sandhai ),16.0,18.0,0.6232421,18.62324208021164
2026-07-28,Elampillai(Uzhavar Sandhai ),18.0,19.0,0.010049319,19.010049318894744
2026-07-28,Vadaseri APMC,23.5,23.5,0.2869521,23.78695210814476
2026-07-28,Harur(Uzhavar Sandhai ),16.5,16.5,1.7599446,18.259944558143616
2026-07-28,Usilampatti(Uzhavar Sandhai ),21.0,21.0,-0.04338729,20.956612709909678
2026-07-28,Thirukalukundram(Uzhavar Sandhai ),21.0,21.0,0.07022359,21.070223592221737
2026-07-28,Tenkasi(Uzhavar Sandhai ),21.0,16.5,0.8603992,17.360399186611176
2026-07-28,Karambakkudi(Uzhavar Sandhai ),22.5,22.5,-0.66376305,21.83623695373535
2026-07-28,Paruthipattu(Uzhavar Sandhai ),25.0,25.0,-0.7268434,24.273156583309174
2026-07-28,Tiruppur (North) (Uzhavar Sandhai ),20.0,18.5,1.4701574,19.970157384872437
2026-07-28,Attayampatti(Uzhavar Sandhai ),17.5,19.0,0.1954352,19.19543519616127
2026-07-28,Thirumangalam(Uzhavar Sandhai ),21.0,21.0,-0.40518743,20.59481257200241
2026-07-28,Ariyalur(Uzhavar Sandhai),22.5,27.5,-2.5616574,24.938342571258545
2026-07-28,Kancheepuram(Uzhavar Sandhai ),20.0,20.0,0.9514321,20.95143210887909
2026-07-28,Tiruvallur(Uzhavar Sandhai ),25.0,25.0,-1.4050889,23.594911098480225
2026-07-28,KKNagar(Uzhavar Sandhai ),24.0,20.0,-0.26509184,19.734908163547516
2026-07-28,Keelpennathur(Uzhavar Sandhai ),19.0,17.5,0.65585047,18.15585047006607
2026-07-28,Devakottai (Uzhavar Sandhai ),23.5,23.5,-0.23319353,23.266806468367577
2026-07-28,Myladi(Uzhavar Sandhai ),23.5,23.5,-0.2189697,23.281030297279358
2026-07-28,NGO Colony(Uzhavar Sandhai ),26.5,22.5,-0.8392872,21.660712778568268
2026-07-28,Thalavadi(Uzhavar Sandhai ),13.5,13.5,2.3646252,15.864625215530396
2026-07-28,Medavakkam(Uzhavar Sandhai ),25.0,25.0,-1.3709372,23.62906277179718
2026-07-28,Chinnalapatti(Uzhavar Sandhai ),19.0,22.0,-0.5351703,21.464829683303833
2026-07-28,Thammampatti (Uzhavar Sandhai ),17.5,14.0,3.1882887,17.188288688659668
2026-07-28,Tindivanam APMC,16.0,14.0,1.2842487,15.28424870967865
2026-07-28,Katpadi (Uzhavar Sandhai ),17.5,17.5,1.1572334,18.657233357429504
2026-07-28,Kumbakonam (Uzhavar Sandhai ),23.0,20.0,0.71914893,20.71914893388748
2026-07-28,Rajapalayam(Uzhavar Sandhai ),16.5,17.5,1.1025052,18.602505207061768
2026-07-28,Thanjavur(Uzhavar Sandhai ),20.0,20.0,0.5214699,20.52146989107132
2026-07-28,Perampet(Uzhavar Sandhai),15.0,17.0,1.4023944,18.40239441394806
2026-07-28,Aranthangi(Uzhavar Sandhai ),22.5,22.5,-0.5319843,21.968015670776367
2026-07-28,Melapalayam(Uzhavar Sandhai ),26.5,22.5,-0.44334963,22.05665037035942
2026-07-28,Muthupettai(Uzhavar Sandhai ),20.0,20.0,0.43240523,20.43240523338318
2026-07-28,Kulithalai(Uzhavar Sandhai ),22.0,22.0,-0.8843714,21.115628600120544
2026-07-28,Karur(Uzhavar Sandhai ),17.5,17.5,0.04827436,17.548274360597134
2026-07-28,Ponnamaravathi(Uzhavar Sandhai),22.5,22.5,-0.67296803,21.82703197002411
2026-07-28,Sivagangai (Uzhavar Sandhai ),23.0,23.0,-0.60234445,22.39765554666519
2026-07-28,Lalgudi(Uzhavar Sandhai ),24.0,24.0,-1.5916657,22.408334255218506
2026-07-28,Cheyyar(Uzhavar Sandhai ),17.5,18.0,0.6570995,18.65709948539734
2026-07-28,Anaiyur(Uzhavar Sandhai ),21.0,21.0,-0.04338729,20.956612709909678
2026-07-28,Mannargudi II(Uzhavar Sandhai ),20.0,22.0,-0.34706637,21.65293362736702
2026-07-28,Perambakkam(Uzhavar Sandhai ),25.0,25.0,-1.9890352,23.01096475124359
2026-07-28,Kundrathur(Uzhavar Sandhai ),21.0,24.0,-0.27639812,23.72360187768936
2026-07-28,Polur(Uzhavar Sandhai ),17.5,17.5,0.79890496,18.298904955387115
2026-07-28,Sivakasi(Uzhavar Sandhai ),17.5,17.5,1.2125344,18.712534427642822
2026-07-28,Singanallur(Uzhavar Sandhai ),20.0,17.0,0.25890124,17.258901238441467
2026-07-28,Sathiyamagalam(Uzhavar Sandhai ),16.0,16.0,0.58258635,16.582586348056793
2026-07-28,Nanganallur(Uzhavar Sandhai ),19.0,19.0,1.2848797,20.284879684448242
2026-07-28,Kandiyaperi(Uzhavar Sandhai ),26.5,22.5,-0.42375454,22.076245456933975
2026-07-28,Sirkali(Uzhavar Sandhai ),22.5,22.5,-0.35755554,22.14244446158409
2026-07-28,Mettupalayam(Uzhavar Sandhai ),17.5,17.5,0.21102929,17.711029291152954
2026-07-28,Rasipuram(Uzhavar Sandhai ),16.0,16.0,1.5314339,17.531433939933777
2026-07-28,Tiruthani(Uzhavar Sandhai ),25.0,25.0,-1.536858,23.463142037391663
2026-07-28,Cuddalore(Uzhavar Sandhai ),20.0,20.0,-0.057607163,19.942392837256193
2026-07-28,Chengam(Uzhavar Sandhai ),17.5,17.5,-0.15159957,17.348400428891182
2026-07-28,Arani(Uzhavar Sandhai ),17.5,17.5,0.9605874,18.46058738231659
2026-07-28,Kangayam(Uzhavar Sandhai ),18.0,13.0,3.7659857,16.76598572731018
2026-07-28,Mettur(Uzhavar Sandhai ),16.5,16.5,2.1372116,18.637211561203003
2026-07-28,Kumarapalayam(Uzhavar Sandhai ),20.0,16.0,2.7789228,18.77892279624939
2026-07-28,Sulur(Uzhavar Sandhai ),18.0,17.0,0.30416676,17.30416676402092
2026-07-28,Madhuranthagam(Uzhavar Sandhai ),20.0,20.0,1.1966056,21.196605563163757
2026-07-28,AJattihalli(Uzhavar Sandhai ),14.0,14.0,2.0462005,16.04620051383972
2026-07-28,Kaveripattinam(Uzhavar Sandhai ),20.0,20.0,0.4104442,20.41044420003891
2026-07-28,Kahithapattarai(Uzhavar Sandhai ),18.0,18.0,1.5766971,19.57669711112976
2026-07-28,Thiruverumbur(Uzhavar Sandhai ),24.0,24.0,-1.4880574,22.511942625045776
2026-07-28,Needamangalam(Uzhavar Sandhai ),18.0,20.0,0.1375843,20.137584298849106
2026-07-28,Peravurani(Uzhavar Sandhai),20.0,20.0,0.34573466,20.345734655857086
2026-07-28,Thalavaipuram(Uzhavar Sandhai ),15.5,17.5,1.4445707,18.944570660591125
2026-07-28,Ranipettai(Uzhavar Sandhai ),19.0,19.0,-0.08986337,18.91013663262129
2026-07-28,Bodinayakanur(Uzhavar Sandhai ),20.0,20.0,-0.018403644,19.981596356257796
2026-07-28,Karaikudi(Uzhavar Sandhai ),25.0,25.0,-1.3308822,23.66911780834198
2026-07-28,Thirupathur APMC,20.0,20.0,-0.12661415,19.873385846614838
2026-07-28,Perundurai(Uzhavar Sandhai ),16.5,18.0,0.40331125,18.403311252593994
2026-07-28,Srivilliputhur(Uzhavar Sandhai ),18.5,18.5,0.62125486,19.121254861354828
2026-07-28,Ramanathapuram(Uzhavar Sandhai ),26.5,26.5,-1.255956,25.244043946266174
2026-07-28,Sundarapuram(Uzhavar Sandhai ),17.5,16.0,0.77896386,16.77896386384964
2026-07-28,Tiruppur (South) (Uzhavar Sandhai ),16.5,16.5,1.8065253,18.306525349617004
2026-07-28,Dharapuram(Uzhavar Sandhai ),20.0,12.5,5.165452,17.665452003479004
2026-07-28,Avallapalli(Uzhavar Sandhai ),16.0,16.0,1.3336298,17.333629846572876
2026-07-28,Paramathivelur(Uzhavar Sandhai ),19.0,17.0,0.78880256,17.788802564144135
2026-07-28,Vengamedu(Uzhavar Sandhai ),17.5,17.5,0.4015108,17.901510804891586
2026-07-28,Villupuram(Uzhavar Sandhai ),20.0,17.5,2.0601027,19.560102701187134
2026-07-28,Vellore APMC,18.0,16.0,1.610219,17.61021900177002
2026-07-28,Andipatti(Uzhavar Sandhai ),19.0,19.0,0.37234023,19.372340232133865
2026-07-28,Thuraiyur APMC,22.0,22.0,-0.5861441,21.41385591030121
2026-07-28,Dharmapuri(Uzhavar Sandhai ),15.0,13.5,2.588137,16.088136911392212
2026-07-28,Pudukottai(Uzhavar Sandhai ),22.5,22.5,-0.96116436,21.538835644721985
2026-07-28,Pennagaram(Uzhavar Sandhai ),16.5,17.5,0.011660589,17.511660588905215
2026-07-28,Mohanur(Uzhavar Sandhai ),17.0,17.0,1.9408283,18.940828323364258
2026-07-28,Velayuthampalayam(Uzhavar Sandhai ),17.5,17.0,0.44895703,17.44895702600479
2026-07-28,Coonoor(Uzhavar Sandhai ),21.5,22.0,-0.9602988,21.039701223373413
2026-07-28,Mannargudi I(Uzhavar Sandhai ),20.0,22.0,-0.5480796,21.45192039012909
2026-07-28,Tamarainagar(Uzhavar Sandhai ),19.0,15.5,1.8180863,17.31808626651764
2026-07-28,Perambalur(Uzhavar Sandhai ),26.5,27.5,-2.737488,24.76251196861267
2026-07-28,Sooramangalam(Uzhavar Sandhai ),19.0,17.5,0.8508129,18.350812911987305
2026-07-28,Tiruchengode APMC,19.0,17.0,1.5975661,18.5975661277771
2026-07-28,Kamuthi(Uzhavar Sandhai ),31.0,27.5,-0.3458375,27.154162496328354
2026-07-28,Pollachi(Uzhavar Sandhai ),16.5,16.5,0.15992782,16.6599278151989
2026-07-28,Kovilpatti(Uzhavar Sandhai ),22.5,22.5,0.15512061,22.655120611190796
2026-07-28,Karimangalam(Uzhavar Sandhai),15.0,13.5,1.7173742,15.217374205589294
2026-07-28,Padappai(Uzhavar Sandhai ),21.0,20.5,0.5244525,21.02445250749588
2026-07-28,Jameenrayapettai(Uzhavar Sandhai ),22.5,19.0,1.3855438,20.385543823242188
2026-07-28,Pattukottai(Uzhavar Sandhai ),24.0,26.0,-2.1856136,23.81438636779785
2026-07-28,Virudhunagar(Uzhavar Sandhai ),18.0,18.0,0.5376047,18.537604689598083
2026-07-28,Arcot(Uzhavar Sandhai ),16.0,16.0,2.6321018,18.6321017742157
2026-07-28,Thathakapatti(Uzhavar Sandhai ),17.5,17.5,0.05160717,17.55160716921091
2026-07-28,Natrampalli(Uzhavar Sandhai ),12.5,12.5,3.6281645,16.128164529800415
2026-07-28,Ammapet(Uzhavar Sandhai ),16.5,16.5,1.4055665,17.905566453933716
2026-07-28,Krishnagiri(Uzhavar Sandhai ),17.5,13.0,1.4204804,14.420480370521545
2026-07-28,Devaram(Uzhavar Sandhai ),20.0,20.0,0.121513955,20.121513955295086
2026-07-28,Tirukattupalli(Uzhavar Sandhai ),20.0,20.0,0.35343283,20.353432834148407
2026-07-28,Sunguvarchatram(Uzhavar Sandhai ),21.0,24.0,-0.29737812,23.70262187719345
2026-07-28,Singampunari(Uzhavar Sandhai ),23.0,23.0,-0.7501107,22.249889314174652
2026-07-28,Manapparai(Uzhavar Sandhai ),24.0,24.0,-1.5785955,22.421404480934143
2026-07-28,Chidambaram(Uzhavar Sandhai ),20.0,20.0,0.509379,20.509379029273987
2026-07-28,Kambam(Uzhavar Sandhai ),19.0,19.0,0.10622639,19.10622639209032
2026-07-28,Denkanikottai(Uzhavar Sandhai ),12.5,13.5,1.4527206,14.952720642089844
2026-07-28,Tirupatthur(Uzhavar Sandhai ),23.0,25.0,-1.3850541,23.614945888519287
2026-07-28,Periyar Nagar(Uzhavar Sandhai ),16.5,19.0,1.2291265,20.229126453399658
2026-07-28,Nagapattinam(Uzhavar Sandhai ),31.0,30.5,-1.3281028,29.171897172927856
2026-07-28,Viralimalai(Uzhavar Sandhai ),22.5,22.5,-0.89811134,21.60188865661621
2026-07-28,Theni(Uzhavar Sandhai ),18.0,18.0,0.18382719,18.183827191591263
2026-07-28,Kariyapatti(Uzhavar Sandhai ),22.5,22.5,-0.3169329,22.183067113161087
2026-07-28,Sampath Nagar(Uzhavar Sandhai ),16.5,19.0,1.2590312,20.259031176567078
2026-07-28,Tiruvannamalai(Uzhavar Sandhai ),18.0,16.5,1.4849273,17.98492729663849
2026-07-28,Kurichi(Uzhavar Sandhai ),16.5,16.0,1.3267077,17.32670772075653
2026-07-28,Sankarapuram(Uzhavar Sandhai ),25.0,20.0,-0.2867606,19.713239401578903
2026-07-28,RSPuram(Uzhavar Sandhai ),18.0,19.0,-0.15025038,18.849749624729156
2026-07-28,Chengalpet(Uzhavar Sandhai ),22.5,25.0,-1.7920669,23.20793306827545
2026-07-28,Manachanallur(Uzhavar Sandhai ),24.0,24.0,-1.4431417,22.55685830116272
2026-07-28,Jeyankondam (Uzhavar Sandhai ),22.0,22.0,-0.64438236,21.35561764240265
2026-07-28,Periyakulam(Uzhavar Sandhai ),19.0,19.0,0.32339695,19.32339695096016
2026-07-28,Mayiladuthurai(Uzhavar Sandhai ),22.5,22.5,-0.36784142,22.13215857744217
2026-07-28,Anna nagar(Uzhavar Sandhai ),23.0,22.0,-0.44230095,21.5576990544796
2026-07-28,Vedasanthur(Uzhavar Sandhai ),17.5,20.0,-0.98781973,19.012180268764496
2026-07-28,Mecheri(Uzhavar Sandhai),17.5,17.5,0.55606574,18.05606573820114
2026-07-28,Sankarankoil(Uzhavar Sandhai ),25.0,16.0,0.87018305,16.870183050632477
2026-07-28,Sathur(Uzhavar Sandhai ),22.5,23.5,-1.2433466,22.256653428077698
2026-07-28,Melur(Uzhavar Sandhai ),21.0,21.0,0.25105518,21.25105518102646
2026-07-28,Musiri(Uzhavar Sandhai ),21.0,22.0,-0.4169226,21.583077400922775
2026-07-29,Sampath Nagar(Uzhavar Sandhai ),16.5,16.5,0.058469426,16.55846942588687
2026-07-29,Sivagangai (Uzhavar Sandhai ),21.0,23.0,-1.2851772,21.71482276916504
2026-07-29,Pennagaram(Uzhavar Sandhai ),19.0,16.5,-0.02233429,16.47766570933163
2026-07-29,Sankarankoil(Uzhavar Sandhai ),25.0,25.0,-2.833977,22.166023015975952
2026-07-29,Vadavalli(Uzhavar Sandhai ),18.0,17.5,-0.23141697,17.26858302950859
2026-07-29,Denkanikottai(Uzhavar Sandhai ),12.5,12.5,2.677896,15.17789602279663
2026-07-29,Sirkali(Uzhavar Sandhai ),22.5,22.5,-0.64754957,21.85245043039322
2026-07-29,Viralimalai(Uzhavar Sandhai ),22.5,22.5,-1.1373771,21.36262285709381
2026-07-29,Elampillai(Uzhavar Sandhai ),17.5,18.0,-0.5168326,17.48316740989685
2026-07-29,Kulithalai(Uzhavar Sandhai ),22.0,22.0,-1.0957527,20.904247283935547
2026-07-29,Dindigul(Uzhavar Sandhai ),17.5,17.5,-0.48075083,17.0192491710186
2026-07-29,Udhagamandalam(Uzhavar Sandhai ),22.5,17.5,0.32157397,17.821573972702026
2026-07-29,Palani(Uzhavar Sandhai ),17.5,17.5,0.2630852,17.763085186481476
2026-07-29,Gingee(Uzhavar Sandhai ),15.0,15.0,0.5048786,15.504878580570221
2026-07-29,Pudukottai(Uzhavar Sandhai ),22.5,22.5,-1.043649,21.456351041793823
2026-07-29,Tiruvarur(Uzhavar Sandhai ),20.0,20.0,0.2573867,20.257386714220047
2026-07-29,Paruthipattu(Uzhavar Sandhai ),25.0,25.0,-0.87277514,24.12722486257553
2026-07-29,Rasipuram(Uzhavar Sandhai ),18.0,16.0,0.6279103,16.627910315990448
2026-07-29,Needamangalam(Uzhavar Sandhai ),18.0,18.0,0.37517035,18.375170350074768
2026-07-29,Tirukattupalli(Uzhavar Sandhai ),20.0,20.0,0.20153214,20.201532140374184
2026-07-29,Pollachi(Uzhavar Sandhai ),16.5,16.5,-0.034190677,16.46580932289362
2026-07-29,Vadalur(Uzhavar Sandhai ),20.0,16.0,1.0223571,17.0223571062088
2026-07-29,Kahithapattarai(Uzhavar Sandhai ),18.0,18.0,1.3084562,19.30845618247986
2026-07-29,Velayuthampalayam(Uzhavar Sandhai ),17.0,17.5,0.11627708,17.61627707630396
2026-07-29,Mannargudi II(Uzhavar Sandhai ),20.0,20.0,-0.27494964,19.72505035996437
2026-07-29,Papanasam(Uzhavar Sandhai ),23.0,23.0,-1.0508261,21.94917392730713
2026-07-29,AJattihalli(Uzhavar Sandhai ),16.0,14.0,1.1261796,15.126179575920105
2026-07-29,Hasthampatti(Uzhavar Sandhai ),15.0,16.5,0.21997318,16.719973176717758
2026-07-29,Madhuranthagam(Uzhavar Sandhai ),20.0,20.0,0.88240075,20.88240075111389
2026-07-29,Sunguvarchatram(Uzhavar Sandhai ),21.0,21.0,0.4498117,21.449811697006226
2026-07-29,Kambam(Uzhavar Sandhai ),19.0,19.0,-0.6021161,18.397883892059326
2026-07-29,Aranthangi(Uzhavar Sandhai ),22.5,22.5,-0.98118186,21.518818140029907
2026-07-29,Mettur(Uzhavar Sandhai ),16.5,16.5,1.9742478,18.474247813224792
2026-07-29,Muthupettai(Uzhavar Sandhai ),20.0,20.0,0.21788043,20.217880427837372
2026-07-29,Tirupatthur(Uzhavar Sandhai ),23.5,23.0,-0.9296143,22.070385694503784
2026-07-29,Periyar Nagar(Uzhavar Sandhai ),16.5,16.5,0.19523454,16.695234537124634
2026-07-29,Chengam(Uzhavar Sandhai ),18.0,17.5,-0.28168383,17.218316167593002
2026-07-29,Thuraiyur APMC,18.0,22.0,-0.9440343,21.05596572160721
2026-07-29,Tenkasi(Uzhavar Sandhai ),20.0,21.0,-0.69209546,20.307904541492462
2026-07-29,Vaniyampadi(Uzhavar Sandhai ),20.0,20.0,-0.55320245,19.44679754972458
2026-07-29,Kovilpatti(Uzhavar Sandhai ),22.5,22.5,0.05495656,22.554956559091806
2026-07-29,Vengamedu(Uzhavar Sandhai ),17.5,17.5,0.08344739,17.583447389304638
2026-07-29,Chinnalapatti(Uzhavar Sandhai ),18.0,19.0,-0.2882191,18.711780905723572
2026-07-29,Athur(Uzhavar Sandhai ),17.5,17.5,0.6373979,18.13739788532257
2026-07-29,Pallapatti (Uzhavar Sandhai ),21.0,21.0,-1.0704277,19.929572343826294
2026-07-29,Periyakulam(Uzhavar Sandhai ),19.0,19.0,-0.42137513,18.57862487435341
2026-07-29,RSPuram(Uzhavar Sandhai ),18.0,18.0,-0.053513806,17.946486193686724
2026-07-29,Usilampatti(Uzhavar Sandhai ),19.0,21.0,-0.7697218,20.230278193950653
2026-07-29,Mecheri(Uzhavar Sandhai),16.5,17.5,0.4949231,17.99492311477661
2026-07-29,Myladi(Uzhavar Sandhai ),22.5,23.5,-0.58149016,22.91850984096527
2026-07-29,Pattukottai(Uzhavar Sandhai ),24.0,24.0,-1.1374888,22.862511157989502
2026-07-29,Arcot(Uzhavar Sandhai ),16.0,16.0,2.5323064,18.532306432724
2026-07-29,Kurichi(Uzhavar Sandhai ),18.0,16.5,0.761111,17.26111102104187
2026-07-29,Hosur(Uzhavar Sandhai ),13.5,12.5,2.478696,14.97869610786438
2026-07-29,Kancheepuram(Uzhavar Sandhai ),21.5,20.0,0.27651104,20.276511043310165
2026-07-29,Sivakasi(Uzhavar Sandhai ),17.5,17.5,0.16208588,17.662085875868797
2026-07-29,Ariyalur(Uzhavar Sandhai),26.0,22.5,-0.040965114,22.459034886211157
2026-07-29,Ammapet(Uzhavar Sandhai ),16.5,16.5,0.2493006,16.749300599098206
2026-07-29,Tiruppur (North) (Uzhavar Sandhai ),18.0,20.0,0.06640725,20.0664072483778
2026-07-29,Mayiladuthurai(Uzhavar Sandhai ),22.5,22.5,-0.51050836,21.989491641521454
2026-07-29,Melur(Uzhavar Sandhai ),19.0,21.0,-0.6973564,20.302643597126007
2026-07-29,Natrampalli(Uzhavar Sandhai ),17.5,12.5,3.5470345,16.04703450202942
2026-07-29,Mohanur(Uzhavar Sandhai ),20.0,17.0,2.4043498,19.40434980392456
2026-07-29,Kundrathur(Uzhavar Sandhai ),21.0,21.0,0.47079176,21.47079175710678
2026-07-29,Pallavaram(Uzhavar Sandhai ),22.5,22.5,-0.24710996,22.252890035510063
2026-07-29,Alangudi(Uzhavar Sandhai ),22.5,22.5,-1.038371,21.461629033088684
2026-07-29,Gandarvakottai(Uzhavar Sandhai ),22.5,22.5,-1.2623181,21.23768186569214
2026-07-29,Krishnagiri(Uzhavar Sandhai ),16.0,17.5,-1.2967317,16.20326828956604
2026-07-29,Andipatti(Uzhavar Sandhai ),19.0,19.0,-0.13908236,18.860917642712593
2026-07-29,Lalgudi(Uzhavar Sandhai ),20.0,24.0,-1.9578117,22.04218828678131
2026-07-29,Dharapuram(Uzhavar Sandhai ),17.5,20.0,-1.2707254,18.72927463054657
2026-07-29,Kallakurichi(Uzhavar Sandhai ),25.0,20.0,-0.7466661,19.253333926200867
2026-07-29,Tiruppur (South) (Uzhavar Sandhai ),16.5,16.5,1.9093564,18.409356355667114
2026-07-29,Tiruchengode APMC,19.0,19.0,0.9770662,19.977066218852997
2026-07-29,Cheyyar(Uzhavar Sandhai ),13.5,17.5,-0.25356123,17.246438771486282
2026-07-29,Tindivanam APMC,15.0,16.0,0.015069917,16.015069916844368
2026-07-29,Sundarapuram(Uzhavar Sandhai ),17.5,17.5,-0.49287084,17.007129162549973
2026-07-29,Kandiyaperi(Uzhavar Sandhai ),26.5,26.5,-3.6376777,22.862322330474854
2026-07-29,Kamuthi(Uzhavar Sandhai ),30.0,31.0,-1.9362564,29.063743591308594
2026-07-29,Aruppukottai(Uzhavar Sandhai ),22.5,22.5,0.69105077,23.19105076789856
2026-07-29,Palacode(Uzhavar Sandhai ),17.0,15.0,0.10306647,15.103066466748714
2026-07-29,Gudalur(Uzhavar Sandhai ),22.5,22.5,-0.0002625396,22.499737460399047
2026-07-29,Tamarainagar(Uzhavar Sandhai ),13.5,19.0,0.37590235,19.375902354717255
2026-07-29,Nanganallur(Uzhavar Sandhai ),19.0,19.0,1.0703547,20.0703547000885
2026-07-29,Thalavadi(Uzhavar Sandhai ),12.0,13.5,2.3601131,15.860113143920898
2026-07-29,Pallikonda(Uzhavar Sandhai),16.5,18.0,1.1927683,19.192768335342407
2026-07-29,Kaveripattinam(Uzhavar Sandhai ),20.0,20.0,-0.11498708,19.885012917220592
2026-07-29,Vedaranyam(Uzhavar Sandhai),33.5,32.5,-0.79318947,31.706810534000397
2026-07-29,Singanallur(Uzhavar Sandhai ),21.0,20.0,-0.6079091,19.392090916633606
2026-07-29,Valangaiman APMC,20.0,20.0,-0.056145985,19.94385401532054
2026-07-29,Karambakkudi(Uzhavar Sandhai ),22.5,22.5,-1.0214981,21.4785019159317
2026-07-29,Kumbakonam (Uzhavar Sandhai ),23.0,23.0,-1.3887997,21.6112003326416
2026-07-29,Jameenrayapettai(Uzhavar Sandhai ),32.5,22.5,0.014745005,22.51474500540644
2026-07-29,Attayampatti(Uzhavar Sandhai ),18.0,17.5,-0.13831052,17.36168947815895
2026-07-29,Thirumangalam(Uzhavar Sandhai ),19.0,21.0,-0.8090353,20.190964698791504
2026-07-29,Padappai(Uzhavar Sandhai ),21.5,21.0,-0.3774146,20.622585386037827
2026-07-29,Tiruvallur(Uzhavar Sandhai ),25.0,25.0,-1.7827051,23.217294931411743
2026-07-29,KKNagar(Uzhavar Sandhai ),20.0,24.0,-2.045487,21.95451307296753
2026-07-29,NGO Colony(Uzhavar Sandhai ),26.5,26.5,-4.0384803,22.461519718170166
2026-07-29,Coonoor(Uzhavar Sandhai ),21.5,21.5,-0.884657,20.61534297466278
2026-07-29,Ambasamudram(Uzhavar Sandhai ),23.0,23.0,-2.3382988,20.661701202392578
2026-07-29,Ambattur(Uzhavar Sandhai ),25.0,25.0,-1.8882352,23.111764788627625
2026-07-29,Medavakkam(Uzhavar Sandhai ),25.0,25.0,-1.5728469,23.42715311050415
2026-07-29,Thammampatti (Uzhavar Sandhai ),17.5,17.5,1.7730927,19.27309274673462
2026-07-29,Musiri(Uzhavar Sandhai ),20.0,21.0,-0.54114693,20.45885306596756
2026-07-29,Katpadi (Uzhavar Sandhai ),17.5,17.5,-0.2858845,17.214115500450134
2026-07-29,Perambalur(Uzhavar Sandhai ),27.5,26.5,-2.29615,24.203850030899048
2026-07-29,Sooramangalam(Uzhavar Sandhai ),19.0,19.0,-0.00894647,18.99105353001505
2026-07-29,Panruti(Uzhavar Sandhai ),15.0,15.0,1.4836689,16.48366892337799
2026-07-29,Sathiyamagalam(Uzhavar Sandhai ),16.0,16.0,0.3184602,16.318460196256638
2026-07-29,Jalagandapuram(Uzhavar Sandhai ),16.0,16.5,2.0906396,18.59063959121704
2026-07-29,Devakottai (Uzhavar Sandhai ),21.0,23.5,-1.1057059,22.394294142723083
2026-07-29,Karimangalam(Uzhavar Sandhai),17.0,15.0,0.19230142,15.19230142235756
2026-07-29,Thirupathur APMC,20.0,20.0,-0.41093174,19.58906826376915
2026-07-29,Rajapalayam(Uzhavar Sandhai ),22.0,16.5,0.4369957,16.936995685100555
2026-07-29,Virudhunagar(Uzhavar Sandhai ),22.5,18.0,0.283799,18.28379899263382
2026-07-29,Harur(Uzhavar Sandhai ),16.5,16.5,1.1083835,17.608383536338806
2026-07-29,Chengalpet(Uzhavar Sandhai ),22.5,22.5,-0.41219383,22.087806165218353
2026-07-29,Manachanallur(Uzhavar Sandhai ),22.0,24.0,-1.7210237,22.278976321220398
2026-07-29,Jeyankondam (Uzhavar Sandhai ),24.0,22.0,-0.81029224,21.18970775604248
2026-07-29,Thanjavur(Uzhavar Sandhai ),20.0,20.0,-0.20596385,19.794036149978638
2026-07-29,Vedasanthur(Uzhavar Sandhai ),17.5,17.5,0.61979586,18.119795858860016
2026-07-29,Palanganatham(Uzhavar Sandhai ),19.0,21.0,-0.82851815,20.17148184776306
2026-07-29,Mannargudi I(Uzhavar Sandhai ),20.0,20.0,-0.49465963,19.50534036755562
2026-07-29,Thirukalukundram(Uzhavar Sandhai ),21.0,21.0,-0.021967305,20.978032695129514
2026-07-29,Avallapalli(Uzhavar Sandhai ),13.5,16.0,0.31147605,16.311476051807404
2026-07-29,Sathur(Uzhavar Sandhai ),23.5,22.5,-0.6121542,21.887845814228058
2026-07-29,Polur(Uzhavar Sandhai ),13.5,17.5,0.20368272,17.703682720661163
2026-07-29,Chokkikulam(Uzhavar Sandhai ),19.0,21.0,-0.758443,20.241557002067566
2026-07-29,Melapalayam(Uzhavar Sandhai ),26.5,26.5,-3.82608,22.673919916152954
2026-07-29,Udumalpet APMC,16.5,17.5,-0.52638495,16.973615050315857
2026-07-29,Karur(Uzhavar Sandhai ),17.5,17.5,-0.3605048,17.139495193958282
2026-07-29,Ponnamaravathi(Uzhavar Sandhai),22.5,22.5,-0.9043826,21.595617413520813
2026-07-29,Vadaseri APMC,27.5,23.5,-0.17040953,23.32959046959877
2026-07-29,Sankarapuram(Uzhavar Sandhai ),25.0,25.0,-2.77857,22.22143006324768
2026-07-29,Ulundurpettai APMC,20.0,20.0,0.17150222,20.171502217650414
2026-07-29,Thathakapatti(Uzhavar Sandhai ),17.5,17.5,-0.40003163,17.099968373775482
2026-07-29,Anaiyur(Uzhavar Sandhai ),19.0,21.0,-0.5304209,20.469579100608826
2026-07-29,Perambakkam(Uzhavar Sandhai ),25.0,25.0,-2.1998427,22.80015730857849
2026-07-29,Paramakudi(Uzhavar Sandhai ),26.5,22.5,0.7006428,23.200642824172974
2026-07-29,Perampet(Uzhavar Sandhai),17.0,15.0,1.9124057,16.912405729293823
2026-07-29,Gandhigramam(Uzhavar Sandhai),19.0,19.0,-0.036444705,18.963555295020342
2026-07-29,Karaikudi(Uzhavar Sandhai ),23.0,25.0,-2.4973104,22.502689599990845
2026-07-29,Ramanathapuram(Uzhavar Sandhai ),29.0,26.5,-1.0416049,25.45839512348175
2026-07-29,Vazhapadi(Uzhavar Sandhai),17.5,16.0,1.7054496,17.70544958114624
2026-07-29,Thalavaipuram(Uzhavar Sandhai ),16.0,15.5,1.0040333,16.50403332710266
2026-07-29,Bodinayakanur(Uzhavar Sandhai ),20.0,20.0,-0.19262531,19.80737468600273
2026-07-29,Ranipettai(Uzhavar Sandhai ),18.0,19.0,0.9989255,19.998925507068634
2026-07-29,Perundurai(Uzhavar Sandhai ),16.5,16.5,0.5207133,17.020713329315186
2026-07-29,Tiruvannamalai(Uzhavar Sandhai ),14.0,18.0,0.59301865,18.593018651008606
2026-07-29,Mettupalayam(Uzhavar Sandhai ),16.5,17.5,-0.48576447,17.01423552632332
2026-07-29,Palladam(Uzhavar Sandhai ),17.5,17.5,0.6230699,18.123069882392883
2026-07-29,Kumarapalayam(Uzhavar Sandhai ),18.0,20.0,0.3475667,20.347566694021225
2026-07-29,Chidambaram(Uzhavar Sandhai ),20.0,20.0,0.29485413,20.294854134321213
2026-07-29,Dharmapuri(Uzhavar Sandhai ),17.5,15.0,0.05928651,15.059286508709192
2026-07-29,Arani(Uzhavar Sandhai ),13.5,17.5,0.24129589,17.741295889019966
2026-07-29,Cuddalore(Uzhavar Sandhai ),20.0,20.0,-0.3625168,19.637483209371567
2026-07-29,Gudiyatham(Uzhavar Sandhai ),18.0,15.0,0.6567838,15.656783819198608
2026-07-29,Viruthachalam(Uzhavar Sandhai ),40.0,20.0,1.0408314,21.040831446647644
2026-07-29,Manapparai(Uzhavar Sandhai ),22.0,24.0,-1.9006177,22.099382281303406
2026-07-29,Singampunari(Uzhavar Sandhai ),21.0,23.0,-1.4844568,21.515543222427368
2026-07-29,Sulur(Uzhavar Sandhai ),18.0,18.0,-0.1619421,17.838057905435562
2026-07-29,Guduvancheri(Uzhavar Sandhai ),22.5,22.5,-0.036597002,22.46340299770236
2026-07-29,Peravurani(Uzhavar Sandhai),20.0,20.0,0.09549242,20.09549242258072
2026-07-29,Gobichettipalayam(Uzhavar Sandhai ),18.0,19.0,1.1854339,20.185433864593506
2026-07-29,Thiruverumbur(Uzhavar Sandhai ),22.0,24.0,-1.9441447,22.05585527420044
2026-07-29,Tiruthani(Uzhavar Sandhai ),25.0,25.0,-1.6265444,23.37345564365387
2026-07-29,Palayamkottai(Uzhavar Sandhai ),26.5,26.5,-4.0156116,22.48438835144043
2026-07-29,Nagapattinam(Uzhavar Sandhai ),27.5,31.0,-1.9419435,29.058056473731995
2026-07-29,Theni(Uzhavar Sandhai ),16.0,18.0,-0.49899176,17.501008242368698
2026-07-29,Edapadi (Uzhavar Sandhai ),18.0,17.5,-0.2897277,17.210272312164307
2026-07-29,Vandavasi(Uzhavar Sandhai ),13.5,17.5,-0.6370834,16.862916588783264
2026-07-29,Paramathivelur(Uzhavar Sandhai ),21.0,19.0,-0.26975226,18.730247735977173
2026-07-29,Villupuram(Uzhavar Sandhai ),20.0,20.0,0.07256868,20.07256867736578
2026-07-29,Srivilliputhur(Uzhavar Sandhai ),18.5,18.5,0.6250915,19.12509149312973
2026-07-29,Vellore APMC,17.0,18.0,-0.2346473,17.765352696180344
2026-07-29,Devaram(Uzhavar Sandhai ),20.0,20.0,-0.018466892,19.98153310827911
2026-07-29,Kariyapatti(Uzhavar Sandhai ),22.5,22.5,-0.56251544,21.937484562397003
2026-07-29,Anna nagar(Uzhavar Sandhai ),20.0,23.0,-1.4979812,21.502018809318542
2026-07-29,Chinnamanur(Uzhavar Sandhai ),20.0,22.0,-0.93998814,21.060011863708496
2026-07-30,Sunguvarchatram(Uzhavar Sandhai ),21.0,21.0,-1.1547033,19.84529674053192
2026-07-30,Aruppukottai(Uzhavar Sandhai ),22.5,22.5,-1.2557765,21.244223475456238
2026-07-30,Alangudi(Uzhavar Sandhai ),22.5,22.5,-1.5504743,20.949525713920593
2026-07-30,Denkanikottai(Uzhavar Sandhai ),12.5,12.5,2.0516877,14.551687717437744
2026-07-30,Edapadi (Uzhavar Sandhai ),17.5,18.0,-0.39126858,17.608731418848038
2026-07-30,Tiruchengode APMC,18.0,19.0,0.52375054,19.52375054359436
2026-07-30,Kovilpatti(Uzhavar Sandhai ),22.5,22.5,-0.49915844,22.000841557979584
2026-07-30,Theni(Uzhavar Sandhai ),16.5,16.0,0.17391431,16.173914313316345
2026-07-30,Tamarainagar(Uzhavar Sandhai ),14.0,13.5,0.7748559,14.27485591173172
2026-07-30,Thirukalukundram(Uzhavar Sandhai ),21.0,21.0,-0.41067532,20.589324682950974
2026-07-30,Periyakulam(Uzhavar Sandhai ),18.0,19.0,-0.66853917,18.3314608335495
2026-07-30,Viralimalai(Uzhavar Sandhai ),22.5,22.5,-1.6505185,20.849481463432312
2026-07-30,Guduvancheri(Uzhavar Sandhai ),22.5,22.5,-0.41244388,22.08755612373352
2026-07-30,Manachanallur(Uzhavar Sandhai ),20.0,22.0,-1.2368627,20.763137340545654
2026-07-30,Gandhigramam(Uzhavar Sandhai),19.0,19.0,-0.48327696,18.516723036766052
2026-07-30,Panruti(Uzhavar Sandhai ),20.0,15.0,1.0917323,16.091732263565063
2026-07-30,Tirukattupalli(Uzhavar Sandhai ),20.0,20.0,-0.29509306,19.704906940460205
2026-07-30,Tuticorin(Uzhavar Sandhai ),22.5,22.5,-1.6880217,20.811978340148926
2026-07-30,Mayiladuthurai(Uzhavar Sandhai ),22.5,22.5,-0.67111623,21.82888376712799
2026-07-30,RSPuram(Uzhavar Sandhai ),16.5,18.0,-0.47904804,17.520951956510544
2026-07-30,Vedaranyam(Uzhavar Sandhai),32.5,33.5,-2.0307248,31.46927523612976
2026-07-30,Singampunari(Uzhavar Sandhai ),21.0,21.0,-1.2032838,19.79671621322632
2026-07-30,Arcot(Uzhavar Sandhai ),16.0,16.0,2.3024547,18.302454710006714
2026-07-30,Kamuthi(Uzhavar Sandhai ),27.5,30.0,-2.2393553,27.760644674301147
2026-07-30,Pattukottai(Uzhavar Sandhai ),24.0,24.0,-2.2143106,21.78568935394287
2026-07-30,Virudhunagar(Uzhavar Sandhai ),22.5,22.5,-1.5051483,20.99485170841217
2026-07-30,Nagapattinam(Uzhavar Sandhai ),31.0,27.5,0.21256138,27.712561383843422
2026-07-30,Kariyapatti(Uzhavar Sandhai ),22.5,22.5,-1.0843071,21.415692925453186
2026-07-30,Thathakapatti(Uzhavar Sandhai ),17.5,17.5,0.43849322,17.938493221998215
2026-07-30,Chidambaram(Uzhavar Sandhai ),20.0,20.0,-0.21441202,19.78558798134327
2026-07-30,Valangaiman APMC,18.0,20.0,-0.20675784,19.793242156505585
2026-07-30,Manapparai(Uzhavar Sandhai ),22.0,22.0,-1.6473782,20.35262179374695
2026-07-30,Periyar Nagar(Uzhavar Sandhai ),16.0,16.5,0.25492093,16.754920929670334
2026-07-30,Ulundurpettai APMC,20.0,20.0,-1.0971497,18.9028502702713
2026-07-30,Ambasamudram(Uzhavar Sandhai ),18.5,23.0,-2.360958,20.639041900634766
2026-07-30,Ammapet(Uzhavar Sandhai ),15.0,16.5,1.3842185,17.884218454360962
2026-07-30,Sathur(Uzhavar Sandhai ),23.5,23.5,-1.5542207,21.94577932357788
2026-07-30,Perambalur(Uzhavar Sandhai ),26.5,27.5,-2.8950188,24.604981184005737
2026-07-30,Naravarikuppam(Uzhavar Sandhai ),20.0,20.0,0.7718261,20.771826088428497
2026-07-30,Karimangalam(Uzhavar Sandhai),17.0,17.0,-0.45536423,16.544635772705078
2026-07-30,Sankarapuram(Uzhavar Sandhai ),25.0,25.0,-3.2724633,21.72753667831421
2026-07-30,Harur(Uzhavar Sandhai ),16.5,16.5,0.7520264,17.25202637910843
2026-07-30,Dharmapuri(Uzhavar Sandhai ),17.5,17.5,1.1050109,18.605010867118835
2026-07-30,Pudukottai(Uzhavar Sandhai ),22.5,22.5,-1.8229015,20.677098512649536
2026-07-30,Gingee(Uzhavar Sandhai ),15.0,15.0,-0.28189674,14.718103259801865
2026-07-30,Chinnamanur(Uzhavar Sandhai ),19.0,20.0,-0.70254916,19.297450840473175
2026-07-30,Thuraiyur APMC,18.0,18.0,-0.45725876,17.542741239070892
2026-07-30,Vellore APMC,16.0,17.0,1.2734009,18.273400902748108
2026-07-30,Thalavaipuram(Uzhavar Sandhai ),22.0,16.0,0.34707215,16.347072154283524
2026-07-30,Villupuram(Uzhavar Sandhai ),17.5,20.0,-0.79650015,19.203499853610992
2026-07-30,Vandavasi(Uzhavar Sandhai ),17.5,13.5,0.7236609,14.22366088628769
2026-07-30,Katpadi (Uzhavar Sandhai ),17.5,17.5,-0.6987344,16.801265597343445
2026-07-30,Thirupathur APMC,20.0,20.0,-0.7256459,19.274354100227356
2026-07-30,Kandiyaperi(Uzhavar Sandhai ),22.5,26.5,-3.5898595,22.91014051437378
2026-07-30,Devakottai (Uzhavar Sandhai ),23.5,21.0,-0.64666927,20.353330731391907
2026-07-30,Nanganallur(Uzhavar Sandhai ),19.0,19.0,0.2849969,19.284996896982193
2026-07-30,Andipatti(Uzhavar Sandhai ),19.0,19.0,-0.63934696,18.360653042793274
2026-07-30,Sirkali(Uzhavar Sandhai ),22.5,22.5,-0.84435046,21.655649542808533
2026-07-30,Udhagamandalam(Uzhavar Sandhai ),21.5,22.5,-1.5334809,20.966519117355347
2026-07-30,Mettupalayam(Uzhavar Sandhai ),16.5,16.5,-0.09235841,16.40764158964157
2026-07-30,Thiruverumbur(Uzhavar Sandhai ),20.0,22.0,-1.5778753,20.42212474346161
2026-07-30,Kaveripattinam(Uzhavar Sandhai ),20.0,20.0,-0.5234654,19.476534605026245
2026-07-30,Vadalur(Uzhavar Sandhai ),20.0,20.0,-0.58262646,19.417373538017273
2026-07-30,Viruthachalam(Uzhavar Sandhai ),20.0,40.0,-11.055876,28.944124221801758
2026-07-30,AJattihalli(Uzhavar Sandhai ),16.0,16.0,1.1805084,17.180508375167847
2026-07-30,Madhuranthagam(Uzhavar Sandhai ),20.0,20.0,0.6052454,20.605245411396027
2026-07-30,Gudiyatham(Uzhavar Sandhai ),16.0,18.0,-1.0580676,16.941932439804077
2026-07-30,Kangayam(Uzhavar Sandhai ),12.5,18.0,0.02254737,18.02254736982286
2026-07-30,Arani(Uzhavar Sandhai ),17.5,13.5,1.6034479,15.103447914123535
2026-07-30,Mettur(Uzhavar Sandhai ),12.0,16.5,-0.30903175,16.190968245267868
2026-07-30,Palladam(Uzhavar Sandhai ),17.5,17.5,0.23892333,17.73892332613468
2026-07-30,Dindigul(Uzhavar Sandhai ),17.5,17.5,-0.45298046,17.04701954126358
2026-07-30,Pennagaram(Uzhavar Sandhai ),19.0,19.0,-1.1202964,17.879703640937805
2026-07-30,Mannargudi II(Uzhavar Sandhai ),16.0,20.0,-0.72428983,19.27571016550064
2026-07-30,Dharapuram(Uzhavar Sandhai ),17.5,17.5,0.3653972,17.865397214889526
2026-07-30,Sathiyamagalam(Uzhavar Sandhai ),16.0,16.0,0.03044413,16.030444130301476
2026-07-30,Athur(Uzhavar Sandhai ),17.5,17.5,0.646298,18.146297991275787
2026-07-30,Pallavaram(Uzhavar Sandhai ),22.5,22.5,-0.504052,21.995948016643524
2026-07-30,Karaikudi(Uzhavar Sandhai ),23.0,23.0,-1.1289017,21.871098279953003
2026-07-30,Karur(Uzhavar Sandhai ),17.5,17.5,-0.6724058,16.827594220638275
2026-07-30,Palani(Uzhavar Sandhai ),17.5,17.5,0.30843112,17.80843111872673
2026-07-30,Perambakkam(Uzhavar Sandhai ),25.0,25.0,-2.0958092,22.9041907787323
2026-07-30,Udumalpet APMC,16.5,16.5,1.3564636,17.8564635515213
2026-07-30,Perampet(Uzhavar Sandhai),17.0,17.0,0.54809403,17.548094034194946
2026-07-30,Aranthangi(Uzhavar Sandhai ),22.5,22.5,-1.5177873,20.98221266269684
2026-07-30,Anaiyur(Uzhavar Sandhai ),19.0,19.0,-0.37976694,18.620233058929443
2026-07-30,Sivagangai (Uzhavar Sandhai ),21.0,21.0,-1.0740029,19.925997138023376
2026-07-30,Mannargudi I(Uzhavar Sandhai ),16.0,20.0,-0.9508162,19.049183785915375
2026-07-30,Palanganatham(Uzhavar Sandhai ),19.0,19.0,-0.6215137,18.378486275672913
2026-07-30,Papanasam(Uzhavar Sandhai ),23.0,23.0,-1.7513655,21.248634457588196
2026-07-30,Tenkasi(Uzhavar Sandhai ),17.5,20.0,-0.74656713,19.253432869911194
2026-07-30,Thanjavur(Uzhavar Sandhai ),20.0,20.0,-0.69802505,19.301974952220917
2026-07-30,Sankarankoil(Uzhavar Sandhai ),22.5,25.0,-3.360476,21.63952398300171
2026-07-30,Velayuthampalayam(Uzhavar Sandhai ),18.0,17.0,0.004375451,17.004375450778753
2026-07-30,Lalgudi(Uzhavar Sandhai ),22.0,20.0,-1.0051509,18.9948490858078
2026-07-30,Kodaikkanal(Uzhavar Sandhai),17.5,30.0,-0.21218954,29.78781045973301
2026-07-30,Tindivanam APMC,15.0,15.0,-0.45425627,14.545743733644485
2026-07-30,Pallapatti (Uzhavar Sandhai ),21.0,21.0,-1.59613,19.40386998653412
2026-07-30,Myladi(Uzhavar Sandhai ),22.5,22.5,-0.6132075,21.886792480945587
2026-07-30,Thammampatti (Uzhavar Sandhai ),16.0,17.5,1.7488896,19.248889565467834
2026-07-30,Usilampatti(Uzhavar Sandhai ),19.0,19.0,-0.38325056,18.616749435663223
2026-07-30,Kancheepuram(Uzhavar Sandhai ),21.5,21.5,-0.21991132,21.280088678002357
2026-07-30,Hasthampatti(Uzhavar Sandhai ),15.0,15.0,2.1443813,17.144381284713745
2026-07-30,NGO Colony(Uzhavar Sandhai ),22.5,26.5,-3.736585,22.763415098190308
2026-07-30,Singanallur(Uzhavar Sandhai ),19.0,21.0,-1.2714866,19.7285133600235
2026-07-30,Thirumangalam(Uzhavar Sandhai ),19.0,19.0,-0.4702912,18.529708802700043
2026-07-30,Attayampatti(Uzhavar Sandhai ),17.5,18.0,-0.16676664,17.83323335647583
2026-07-30,Ariyalur(Uzhavar Sandhai),22.5,26.0,-3.1137915,22.886208534240723
2026-07-30,Gandarvakottai(Uzhavar Sandhai ),22.5,22.5,-1.7395025,20.760497450828552
2026-07-30,Karambakkudi(Uzhavar Sandhai ),22.5,22.5,-1.5336014,20.96639859676361
2026-07-30,Cheyyar(Uzhavar Sandhai ),17.5,13.5,1.0581445,14.558144450187683
2026-07-30,Polur(Uzhavar Sandhai ),18.0,13.5,1.6701247,15.170124650001526
2026-07-30,Thalavadi(Uzhavar Sandhai ),12.0,12.0,3.1631057,15.163105726242065
2026-07-30,Ponnamaravathi(Uzhavar Sandhai),22.5,22.5,-1.6368454,20.863154649734497
2026-07-30,Chengalpet(Uzhavar Sandhai ),22.5,22.5,-0.7112641,21.788735926151276
2026-07-30,Kumbakonam (Uzhavar Sandhai ),23.0,23.0,-2.2294652,20.77053475379944
2026-07-30,Musiri(Uzhavar Sandhai ),19.0,20.0,-0.7412023,19.258797705173492
2026-07-30,Tiruvarur(Uzhavar Sandhai ),20.0,20.0,-0.1839346,19.816065400838852
2026-07-30,Rasipuram(Uzhavar Sandhai ),18.0,18.0,-0.027534915,17.97246508486569
2026-07-30,Hosur(Uzhavar Sandhai ),12.5,13.5,0.86401814,14.364018142223358
2026-07-30,Kurichi(Uzhavar Sandhai ),18.0,18.0,0.03717833,18.037178330123425
2026-07-30,Kundrathur(Uzhavar Sandhai ),21.0,21.0,-1.1337233,19.866276741027832
2026-07-30,Kahithapattarai(Uzhavar Sandhai ),16.0,18.0,1.1529914,19.15299141407013
2026-07-30,Needamangalam(Uzhavar Sandhai ),14.0,18.0,-0.22867717,17.771322831511497
2026-07-30,Devaram(Uzhavar Sandhai ),20.0,20.0,-0.8153004,19.184699594974518
2026-07-30,Anna nagar(Uzhavar Sandhai ),17.5,20.0,-0.7629282,19.237071812152863
2026-07-30,Natrampalli(Uzhavar Sandhai ),17.5,17.5,0.4082717,17.908271700143814
2026-07-30,Bodinayakanur(Uzhavar Sandhai ),20.0,20.0,-0.8130576,19.186942398548126
2026-07-30,Sulur(Uzhavar Sandhai ),19.0,18.0,-0.5663501,17.43364989757538
2026-07-30,Vazhapadi(Uzhavar Sandhai),17.0,17.5,-0.6386576,16.8613423705101
2026-07-30,Avallapalli(Uzhavar Sandhai ),13.5,13.5,1.3005322,14.800532221794128
2026-07-30,Palacode(Uzhavar Sandhai ),17.0,17.0,0.41141656,17.411416560411453
2026-07-30,Melapalayam(Uzhavar Sandhai ),22.5,26.5,-3.6338549,22.866145133972168
2026-07-30,Cuddalore(Uzhavar Sandhai ),20.0,20.0,-0.69199336,19.308006644248962
2026-07-30,Kumarapalayam(Uzhavar Sandhai ),20.0,18.0,0.845989,18.845988988876343
2026-07-30,Krishnagiri(Uzhavar Sandhai ),13.5,16.0,1.4360495,17.436049461364746
2026-07-30,Melur(Uzhavar Sandhai ),19.0,19.0,-0.39487842,18.605121582746506
2026-07-30,Chengam(Uzhavar Sandhai ),17.5,18.0,-0.8480585,17.15194147825241
2026-07-30,Mecheri(Uzhavar Sandhai),17.5,16.5,0.4662729,16.96627289056778
2026-07-30,Gudalur(Uzhavar Sandhai ),21.0,22.5,-1.5060146,20.993985414505005
2026-07-30,Padappai(Uzhavar Sandhai ),22.5,21.5,-0.63200206,20.86799794435501
2026-07-30,Paruthipattu(Uzhavar Sandhai ),25.0,25.0,-2.0437896,22.956210374832153
2026-07-30,Tiruppur (North) (Uzhavar Sandhai ),18.0,18.0,0.0778268,18.07782679796219
2026-07-30,Kallakurichi(Uzhavar Sandhai ),20.0,25.0,-3.7835636,21.2164363861084
2026-07-30,Jameenrayapettai(Uzhavar Sandhai ),22.5,32.5,-7.307122,25.192877769470215
2026-07-30,Kulithalai(Uzhavar Sandhai ),22.0,22.0,-1.4114224,20.58857762813568
2026-07-30,Ambattur(Uzhavar Sandhai ),25.0,25.0,-2.09253,22.907469987869263
2026-07-30,Muthupettai(Uzhavar Sandhai ),16.0,20.0,-0.425256,19.57474398612976
2026-07-30,Chinnalapatti(Uzhavar Sandhai ),17.5,18.0,-0.35586116,17.64413884282112
2026-07-30,Pallikonda(Uzhavar Sandhai),16.0,16.5,0.7596604,17.25966042280197
2026-07-30,Sundarapuram(Uzhavar Sandhai ),17.5,17.5,-0.641356,16.858644008636475
2026-07-30,Sooramangalam(Uzhavar Sandhai ),19.0,19.0,-0.1908325,18.809167504310608
2026-07-30,Pollachi(Uzhavar Sandhai ),16.5,16.5,-0.34355053,16.15644946694374
2026-07-30,Tiruppur (South) (Uzhavar Sandhai ),12.5,16.5,0.87302965,17.37302964925766
2026-07-30,Chokkikulam(Uzhavar Sandhai ),19.0,19.0,-0.562773,18.43722701072693
2026-07-30,Vengamedu(Uzhavar Sandhai ),17.5,17.5,-0.1767762,17.323223799467087
2026-07-30,Vaniyampadi(Uzhavar Sandhai ),15.0,20.0,0.867883,20.867883026599884
2026-07-30,Mohanur(Uzhavar Sandhai ),20.0,20.0,-0.22378652,19.776213482022285
2026-07-30,Elampillai(Uzhavar Sandhai ),17.5,17.5,-0.15812923,17.34187076985836
2026-07-30,Anna nagar(Uzhavar Sandhai ),20.0,17.5,0.53136593,18.031365931034088
2026-07-30,Vedasanthur(Uzhavar Sandhai ),17.5,17.5,0.7983954,18.29839539527893
2026-07-30,Ranipettai(Uzhavar Sandhai ),17.0,18.0,0.55287266,18.55287265777588
2026-07-30,Palayamkottai(Uzhavar Sandhai ),22.5,26.5,-3.930454,22.56954598426819
2026-07-30,Jeyankondam (Uzhavar Sandhai ),24.0,24.0,-2.131963,21.86803698539734
2026-07-30,Tiruvannamalai(Uzhavar Sandhai ),13.5,14.0,1.2957685,15.29576849937439
2026-07-30,Paramathivelur(Uzhavar Sandhai ),21.0,21.0,-0.8783873,20.12161272764206
2026-07-30,Tirupatthur(Uzhavar Sandhai ),23.5,23.5,-1.6000718,21.899928212165833
2026-07-30,Kambam(Uzhavar Sandhai ),19.0,19.0,-0.80066556,18.19933444261551
2026-07-30,Ramanathapuram(Uzhavar Sandhai ),27.5,29.0,-2.7825196,26.217480421066284
2026-07-30,Perundurai(Uzhavar Sandhai ),16.5,16.5,-0.02821006,16.471789939329028
2026-07-30,Jalagandapuram(Uzhavar Sandhai ),16.5,16.0,-0.0066394233,15.993360576685518
2026-07-30,Srivilliputhur(Uzhavar Sandhai ),17.5,18.5,0.9433021,19.44330209493637
2026-07-30,Paramakudi(Uzhavar Sandhai ),26.5,26.5,-2.9975235,23.502476453781128
2026-07-30,Rajapalayam(Uzhavar Sandhai ),17.5,22.0,-1.6579095,20.342090487480164
2026-07-30,Coonoor(Uzhavar Sandhai ),19.5,21.5,-1.5541842,19.945815801620483
2026-07-30,Sampath Nagar(Uzhavar Sandhai ),16.0,16.5,0.21445543,16.71445542573929
2026-07-30,KKNagar(Uzhavar Sandhai ),20.0,20.0,-0.7881244,19.21187561750412
2026-07-30,Tiruvallur(Uzhavar Sandhai ),25.0,25.0,-2.5782478,22.421752214431763
2026-07-30,Gobichettipalayam(Uzhavar Sandhai ),16.5,18.0,-0.12940095,17.870599046349525
2026-07-30,Medavakkam(Uzhavar Sandhai ),25.0,25.0,-1.8688564,23.13114356994629
2026-07-30,Vadavalli(Uzhavar Sandhai ),16.0,18.0,-0.4953502,17.50464978814125
2026-07-30,Sivakasi(Uzhavar Sandhai ),17.5,17.5,-0.18922685,17.31077314913273
2026-07-30,Vadaseri APMC,27.5,27.5,-3.6825507,23.81744933128357
2026-07-31,Melapalayam(Uzhavar Sandhai ),22.5,22.5,-0.70861894,21.791381061077118
2026-07-31,Pallavaram(Uzhavar Sandhai ),22.5,22.5,-0.1003079,22.399692103266716
2026-07-31,Kumbakonam (Uzhavar Sandhai ),22.5,23.0,-2.2071383,20.792861700057983
2026-07-31,Nanganallur(Uzhavar Sandhai ),19.0,19.0,0.06851478,19.06851477921009
2026-07-31,Pallikonda(Uzhavar Sandhai),17.0,16.0,0.27097622,16.270976215600967
2026-07-31,Udumalpet APMC,16.0,16.5,0.25703084,16.757030844688416
2026-07-31,Sundarapuram(Uzhavar Sandhai ),17.5,17.5,-0.7735702,16.72642982006073
2026-07-31,Chinnamanur(Uzhavar Sandhai ),20.0,19.0,-0.29885072,18.70114928483963
2026-07-31,Medavakkam(Uzhavar Sandhai ),22.5,25.0,-2.3122,22.68779993057251
2026-07-31,Ranipettai(Uzhavar Sandhai ),16.0,17.0,0.71285915,17.71285915374756
2026-07-31,Kandiyaperi(Uzhavar Sandhai ),22.5,22.5,-0.5945487,21.90545129776001
2026-07-31,Chokkikulam(Uzhavar Sandhai ),19.0,19.0,-0.44708088,18.55291911959648
2026-07-31,Rajapalayam(Uzhavar Sandhai ),16.5,17.5,0.7728057,18.27280569076538
2026-07-31,Tiruppur (South) (Uzhavar Sandhai ),12.5,12.5,3.243223,15.743222951889038
2026-07-31,Sathur(Uzhavar Sandhai ),22.5,23.5,-1.7832875,21.716712474822998
2026-07-31,Polur(Uzhavar Sandhai ),17.5,18.0,-0.51250696,17.48749303817749
2026-07-31,Andipatti(Uzhavar Sandhai ),19.0,19.0,-0.79744315,18.202556848526
2026-07-31,Anna nagar(Uzhavar Sandhai ),20.0,17.5,0.1553178,17.655317798256874
2026-07-31,Thammampatti (Uzhavar Sandhai ),15.0,16.0,0.85171926,16.85171926021576
2026-07-31,Anna nagar(Uzhavar Sandhai ),17.5,20.0,-1.0326308,18.967369198799133
2026-07-31,Mettupalayam(Uzhavar Sandhai ),16.5,16.5,-0.20462024,16.295379757881165
2026-07-31,Chengalpet(Uzhavar Sandhai ),22.5,22.5,-0.5594654,21.940534591674805
2026-07-31,Ulundurpettai APMC,20.0,20.0,-1.15526,18.84474003314972
2026-07-31,Gingee(Uzhavar Sandhai ),15.0,15.0,-0.36871564,14.631284356117249
2026-07-31,Thuraiyur APMC,18.0,18.0,-0.16923419,17.830765813589096
2026-07-31,Karaikudi(Uzhavar Sandhai ),23.0,23.0,-1.052138,21.947862029075623
2026-07-31,Thalavadi(Uzhavar Sandhai ),13.5,12.0,3.2220604,15.222060441970825
2026-07-31,Chinnalapatti(Uzhavar Sandhai ),17.5,17.5,0.47313198,17.973131984472275
2026-07-31,NGO Colony(Uzhavar Sandhai ),22.5,22.5,-0.70737475,21.79262524843216
2026-07-31,Pallapatti (Uzhavar Sandhai ),21.0,21.0,-1.708356,19.291643977165222
2026-07-31,Ambasamudram(Uzhavar Sandhai ),18.5,18.5,0.26909122,18.769091218709946
2026-07-31,Paruthipattu(Uzhavar Sandhai ),25.0,25.0,-2.400715,22.599284887313843
2026-07-31,Gandarvakottai(Uzhavar Sandhai ),22.5,22.5,-1.8575865,20.64241349697113
2026-07-31,Tiruvallur(Uzhavar Sandhai ),25.0,25.0,-2.183283,22.81671690940857
2026-07-31,Cheyyar(Uzhavar Sandhai ),17.5,17.5,-0.043755524,17.456244476139545
2026-07-31,Valangaiman APMC,18.0,18.0,0.38871816,18.388718158006668
2026-07-31,Ariyalur(Uzhavar Sandhai),26.0,22.5,-0.66472596,21.835274040699005
2026-07-31,Dharmapuri(Uzhavar Sandhai ),13.5,17.5,-0.7591108,16.740889191627502
2026-07-31,Thirumangalam(Uzhavar Sandhai ),19.0,19.0,-0.47870862,18.521291375160217
2026-07-31,Thalavaipuram(Uzhavar Sandhai ),16.5,22.0,-2.1730852,19.82691478729248
2026-07-31,Tiruppur (North) (Uzhavar Sandhai ),18.0,18.0,0.5990542,18.599054217338562
2026-07-31,Singanallur(Uzhavar Sandhai ),17.5,19.0,-0.88666034,18.11333966255188
2026-07-31,Jameenrayapettai(Uzhavar Sandhai ),22.5,22.5,0.3779194,22.877919405698776
2026-07-31,Sivakasi(Uzhavar Sandhai ),17.5,17.5,-0.3911126,17.108887404203415
2026-07-31,Karambakkudi(Uzhavar Sandhai ),22.5,22.5,-1.6516855,20.8483145236969
2026-07-31,Thathakapatti(Uzhavar Sandhai ),13.0,17.5,-0.42055538,17.079444617033005
2026-07-31,Hasthampatti(Uzhavar Sandhai ),14.0,15.0,0.6730095,15.673009514808655
2026-07-31,Attayampatti(Uzhavar Sandhai ),16.5,17.5,-0.20275328,17.29724672436714
2026-07-31,Coonoor(Uzhavar Sandhai ),19.5,19.5,-1.055278,18.444722056388855
2026-07-31,Avallapalli(Uzhavar Sandhai ),16.0,13.5,1.4807385,14.980738520622253
2026-07-31,Kancheepuram(Uzhavar Sandhai ),21.5,21.5,-0.43497407,21.06502592563629
2026-07-31,Usilampatti(Uzhavar Sandhai ),19.0,19.0,-0.25411057,18.74588942527771
2026-07-31,Devakottai (Uzhavar Sandhai ),23.5,23.5,-1.8965663,21.60343372821808
2026-07-31,Myladi(Uzhavar Sandhai ),22.5,22.5,-0.9246287,21.57537132501602
2026-07-31,Virudhunagar(Uzhavar Sandhai ),22.5,22.5,-1.5333029,20.966697096824646
2026-07-31,Elampillai(Uzhavar Sandhai ),14.0,17.5,-0.3889372,17.111062794923782
2026-07-31,Pudukottai(Uzhavar Sandhai ),22.5,22.5,-1.8302872,20.669712781906128
2026-07-31,Ponnamaravathi(Uzhavar Sandhai),22.5,22.5,-1.8064464,20.693553566932678
2026-07-31,Mohanur(Uzhavar Sandhai ),20.0,20.0,-0.45531118,19.544688820838928
2026-07-31,Ramanathapuram(Uzhavar Sandhai ),27.5,27.5,-1.9293683,25.570631742477417
2026-07-31,AJattihalli(Uzhavar Sandhai ),13.0,16.0,-0.60361415,15.396385848522186
2026-07-31,Katpadi (Uzhavar Sandhai ),17.5,17.5,-0.9671958,16.53280419111252
2026-07-31,Kahithapattarai(Uzhavar Sandhai ),15.0,16.0,-0.114080094,15.885919906198978
2026-07-31,Arani(Uzhavar Sandhai ),17.5,17.5,-0.24196856,17.25803144276142
2026-07-31,Tiruthani(Uzhavar Sandhai ),25.0,25.0,-2.4603324,22.53966760635376
2026-07-31,Needamangalam(Uzhavar Sandhai ),14.0,14.0,1.1963252,15.196325182914734
2026-07-31,Sankarapuram(Uzhavar Sandhai ),25.0,25.0,-3.3458195,21.6541805267334
2026-07-31,Palanganatham(Uzhavar Sandhai ),19.0,19.0,-0.55397165,18.446028351783752
2026-07-31,Jeyankondam (Uzhavar Sandhai ),24.0,24.0,-2.2495253,21.75047469139099
2026-07-31,Anaiyur(Uzhavar Sandhai ),19.0,19.0,-0.2506268,18.749373197555542
2026-07-31,Thiruverumbur(Uzhavar Sandhai ),20.0,20.0,-0.91208905,19.08791095018387
2026-07-31,Palayamkottai(Uzhavar Sandhai ),22.5,22.5,-0.7652512,21.734748780727386
2026-07-31,Villupuram(Uzhavar Sandhai ),20.0,17.5,0.3184017,17.81840169429779
2026-07-31,Vandavasi(Uzhavar Sandhai ),18.0,17.5,-0.055535674,17.444464325904846
2026-07-31,Mannargudi I(Uzhavar Sandhai ),16.0,16.0,0.66555524,16.665555238723755
2026-07-31,Kaveripattinam(Uzhavar Sandhai ),20.0,20.0,-0.750997,19.249002993106842
2026-07-31,Sulur(Uzhavar Sandhai ),16.5,19.0,-0.7774892,18.222510814666748
2026-07-31,Viruthachalam(Uzhavar Sandhai ),20.0,20.0,0.12901248,20.12901248037815
2026-07-31,Paramathivelur(Uzhavar Sandhai ),20.0,21.0,-0.5478365,20.452163517475128
2026-07-31,Perampet(Uzhavar Sandhai),18.0,17.0,0.9915393,17.991539299488068
2026-07-31,Srivilliputhur(Uzhavar Sandhai ),17.5,17.5,0.8767807,18.376780688762665
2026-07-31,Cuddalore(Uzhavar Sandhai ),20.0,20.0,-0.5941891,19.40581089258194
2026-07-31,Kangayam(Uzhavar Sandhai ),14.0,12.5,2.888081,15.388081073760986
2026-07-31,Vellore APMC,15.0,16.0,1.6787293,17.67872929573059
2026-07-31,Thirupathur APMC,20.0,20.0,-0.9087721,19.091227889060974
2026-07-31,Gudiyatham(Uzhavar Sandhai ),15.0,16.0,1.3670428,17.367042779922485
2026-07-31,Madhuranthagam(Uzhavar Sandhai ),20.0,20.0,0.22846788,20.228467881679535
2026-07-31,Vengamedu(Uzhavar Sandhai ),17.5,17.5,-0.4144445,17.085555493831635
2026-07-31,Kumarapalayam(Uzhavar Sandhai ),20.0,20.0,1.3113285,21.311328530311584
2026-07-31,Sathiyamagalam(Uzhavar Sandhai ),12.5,16.0,-0.4573338,15.54266619682312
2026-07-31,Jalagandapuram(Uzhavar Sandhai ),16.5,16.5,-0.14036131,16.359638690948486
2026-07-31,Thirukalukundram(Uzhavar Sandhai ),23.5,21.0,-0.5640591,20.43594092130661
2026-07-31,Karur(Uzhavar Sandhai ),17.5,17.5,-0.81503624,16.684963762760162
2026-07-31,Sirkali(Uzhavar Sandhai ),22.5,22.5,-1.0690056,21.430994391441345
2026-07-31,Peravurani(Uzhavar Sandhai),20.0,20.0,-0.75276244,19.24723756313324
2026-07-31,Perambakkam(Uzhavar Sandhai ),25.0,25.0,-2.2812572,22.718742847442627
2026-07-31,Vedasanthur(Uzhavar Sandhai ),14.0,17.5,0.7525588,18.252558827400208
2026-07-31,Udhagamandalam(Uzhavar Sandhai ),21.5,21.5,-1.4104773,20.08952271938324
2026-07-31,Chengam(Uzhavar Sandhai ),13.5,17.5,-0.82798207,16.67201793193817
2026-07-31,KKNagar(Uzhavar Sandhai ),20.0,20.0,-0.8288223,19.171177685260773
2026-07-31,Dharapuram(Uzhavar Sandhai ),17.5,17.5,0.3444386,17.84443861246109
2026-07-31,Paramakudi(Uzhavar Sandhai ),26.5,26.5,-3.0276477,23.472352266311646
2026-07-31,Perundurai(Uzhavar Sandhai ),14.5,16.5,0.088050276,16.58805027604103
2026-07-31,Musiri(Uzhavar Sandhai ),20.0,19.0,-0.44358993,18.55641007423401
2026-07-31,Mannargudi II(Uzhavar Sandhai ),16.0,16.0,0.9595581,16.959558129310608
2026-07-31,Harur(Uzhavar Sandhai ),16.5,16.5,0.64853865,17.148538649082184
2026-07-31,Tiruvarur(Uzhavar Sandhai ),20.0,20.0,-0.4046972,19.595302790403366
2026-07-31,Vadaseri APMC,23.5,27.5,-3.9743164,23.525683641433716
2026-07-31,Dindigul(Uzhavar Sandhai ),18.0,17.5,-0.4553555,17.044644504785538
2026-07-31,Mettur(Uzhavar Sandhai ),16.5,12.0,2.48753,14.487529993057251
2026-07-31,Rasipuram(Uzhavar Sandhai ),18.0,18.0,-0.2002016,17.799798399209976
2026-07-31,Pennagaram(Uzhavar Sandhai ),17.5,19.0,-0.7973502,18.202649772167206
2026-07-31,Palladam(Uzhavar Sandhai ),17.5,17.5,0.3979212,17.897921204566956
2026-07-31,Thanjavur(Uzhavar Sandhai ),20.0,20.0,-0.7763997,19.223600327968597
2026-07-31,Manachanallur(Uzhavar Sandhai ),20.0,20.0,-0.45421144,19.545788556337357
2026-07-31,Guduvancheri(Uzhavar Sandhai ),22.5,22.5,-0.5305277,21.969472289085388
2026-07-31,Pattukottai(Uzhavar Sandhai ),22.0,24.0,-2.0576787,21.942321300506592
2026-07-31,Ambattur(Uzhavar Sandhai ),25.0,25.0,-2.5635014,22.436498641967773
2026-07-31,Perambalur(Uzhavar Sandhai ),26.5,26.5,-2.5827065,23.917293548583984
2026-07-31,Palacode(Uzhavar Sandhai ),16.0,17.0,-0.70028305,16.29971694946289
2026-07-31,Tiruvannamalai(Uzhavar Sandhai ),13.5,13.5,1.8560354,15.356035351753235
2026-07-31,Vedaranyam(Uzhavar Sandhai),35.0,32.5,-1.3687768,31.13122320175171
2026-07-31,Velayuthampalayam(Uzhavar Sandhai ),18.0,18.0,-0.451395,17.548604995012283
2026-07-31,Theni(Uzhavar Sandhai ),16.5,16.5,0.10443838,16.60443837940693
2026-07-31,Aranthangi(Uzhavar Sandhai ),22.5,22.5,-1.6358714,20.864128589630127
2026-07-31,Tirupatthur(Uzhavar Sandhai ),23.5,23.5,-1.3906031,22.109396934509277
2026-07-31,Periyar Nagar(Uzhavar Sandhai ),16.0,16.0,0.21851282,16.218512818217278
2026-07-31,Kamuthi(Uzhavar Sandhai ),27.5,27.5,-0.8981218,26.601878225803375
2026-07-31,Edapadi (Uzhavar Sandhai ),15.5,17.5,-0.39143875,17.108561247587204
2026-07-31,Kovilpatti(Uzhavar Sandhai ),22.5,22.5,-0.95547384,21.544526159763336
2026-07-31,Ammapet(Uzhavar Sandhai ),13.5,15.0,2.042531,17.04253101348877
2026-07-31,Sivagangai (Uzhavar Sandhai ),21.0,21.0,-1.2216209,19.77837908267975
2026-07-31,Tuticorin(Uzhavar Sandhai ),22.5,22.5,-1.8594813,20.64051866531372
2026-07-31,Periyakulam(Uzhavar Sandhai ),19.0,18.0,-0.68586767,17.31413233280182
2026-07-31,Chidambaram(Uzhavar Sandhai ),20.0,20.0,-0.43089458,19.56910541653633
2026-07-31,Sooramangalam(Uzhavar Sandhai ),15.0,19.0,0.00082553265,19.000825532653835
2026-07-31,Naravarikuppam(Uzhavar Sandhai ),25.0,20.0,0.3358827,20.33588269352913
2026-07-31,Athur(Uzhavar Sandhai ),16.5,17.5,0.9566466,18.456646621227264
2026-07-31,Singampunari(Uzhavar Sandhai ),21.0,21.0,-1.3009896,19.699010372161865
2026-07-31,Mecheri(Uzhavar Sandhai),16.5,17.5,0.8526486,18.352648615837097
2026-07-31,Pollachi(Uzhavar Sandhai ),12.5,16.5,-0.39753568,16.10246431827545
2026-07-31,Sankarankoil(Uzhavar Sandhai ),20.0,22.5,-1.823958,20.676041960716248
2026-07-31,Vazhapadi(Uzhavar Sandhai),17.0,17.0,0.38913998,17.389139980077744
2026-07-31,Kurichi(Uzhavar Sandhai ),17.5,18.0,-0.60340166,17.39659833908081
2026-07-31,Krishnagiri(Uzhavar Sandhai ),12.0,13.5,2.7269325,16.226932525634766
2026-07-31,Aruppukottai(Uzhavar Sandhai ),22.5,22.5,-1.474017,21.025982975959778
2026-07-31,Gudalur(Uzhavar Sandhai ),21.5,21.0,-1.3043166,19.695683360099792
2026-07-31,Vaniyampadi(Uzhavar Sandhai ),15.0,15.0,2.6723711,17.67237114906311
2026-07-31,Viralimalai(Uzhavar Sandhai ),22.5,22.5,-1.8636404,20.636359572410583
2026-07-31,Tenkasi(Uzhavar Sandhai ),20.0,17.5,-0.12358188,17.376418121159077
2026-07-31,Tiruchengode APMC,18.0,18.0,0.53683424,18.536834239959717
2026-07-31,Panruti(Uzhavar Sandhai ),20.0,20.0,-0.736375,19.263625025749207
2026-07-31,Denkanikottai(Uzhavar Sandhai ),12.5,12.5,2.1884637,14.688463687896729
2026-07-31,Papanasam(Uzhavar Sandhai ),23.0,23.0,-1.8850482,21.114951848983765
2026-07-31,Karimangalam(Uzhavar Sandhai),13.5,17.0,-0.49088526,16.509114742279053
2026-07-31,Kambam(Uzhavar Sandhai ),20.0,19.0,-0.8440655,18.155934512615204
2026-07-31,Alangudi(Uzhavar Sandhai ),22.5,22.5,-1.6685584,20.831441640853882
2026-07-31,Sampath Nagar(Uzhavar Sandhai ),16.0,16.0,0.17804694,16.178046941757202
2026-07-31,Devaram(Uzhavar Sandhai ),20.0,20.0,-0.82456166,19.175438344478607
2026-07-31,Nagapattinam(Uzhavar Sandhai ),29.5,31.0,-2.7941682,28.20583176612854
2026-07-31,Tirukattupalli(Uzhavar Sandhai ),20.0,20.0,-0.46856147,19.531438529491425
2026-07-31,Kallakurichi(Uzhavar Sandhai ),20.0,20.0,-1.1408877,18.85911226272583
2026-07-31,Lalgudi(Uzhavar Sandhai ),20.0,22.0,-1.6860231,20.313976883888245
2026-07-31,Natrampalli(Uzhavar Sandhai ),17.5,17.5,0.90264505,18.40264505147934
2026-07-31,Kulithalai(Uzhavar Sandhai ),22.0,22.0,-1.6003318,20.399668216705322
2026-07-31,Gobichettipalayam(Uzhavar Sandhai ),17.0,16.5,0.19821124,16.6982112377882
2026-07-31,Vadalur(Uzhavar Sandhai ),20.0,20.0,-0.7991085,19.200891494750977
2026-07-31,Kariyapatti(Uzhavar Sandhai ),19.0,22.5,-1.3725291,21.12747085094452
2026-07-31,Arcot(Uzhavar Sandhai ),16.0,16.0,2.0259037,18.025903701782227
2026-07-31,Kundrathur(Uzhavar Sandhai ),21.0,21.0,-1.4326891,19.5673109292984
2026-07-31,Bodinayakanur(Uzhavar Sandhai ),20.0,20.0,-0.5143884,19.485611617565155
2026-07-31,Tindivanam APMC,15.0,15.0,-0.64471096,14.355289041996002
2026-07-31,Padappai(Uzhavar Sandhai ),21.5,22.5,-0.9481539,21.551846086978912
2026-07-31,RSPuram(Uzhavar Sandhai ),16.0,16.5,0.1305911,16.630591094493866
2026-07-31,Gandhigramam(Uzhavar Sandhai),19.0,19.0,-0.6047212,18.395278811454773
2026-07-31,Hosur(Uzhavar Sandhai ),12.5,12.5,2.033175,14.533174991607666
2026-07-31,Sunguvarchatram(Uzhavar Sandhai ),21.0,21.0,-1.4536691,19.54633092880249
2026-07-31,Tamarainagar(Uzhavar Sandhai ),14.0,14.0,2.1765084,16.17650842666626
2026-07-31,Mayiladuthurai(Uzhavar Sandhai ),22.5,22.5,-0.99080956,21.509190440177917
2026-07-31,Palani(Uzhavar Sandhai ),14.0,17.5,0.730891,18.23089098930359
2026-07-31,Muthupettai(Uzhavar Sandhai ),16.0,16.0,0.9801054,16.98010540008545
2026-07-31,Manapparai(Uzhavar Sandhai ),20.0,22.0,-1.7654622,20.234537839889526
2026-07-31,Vadavalli(Uzhavar Sandhai ),19.0,16.0,0.24833217,16.248332172632217
2026-07-31,Melur(Uzhavar Sandhai ),19.0,19.0,-0.31388873,18.686111271381378
2026-08-01,Udumalpet APMC,18.5,16.0,3.1329005,19.13290047645569
2026-08-01,Kamuthi(Uzhavar Sandhai ),23.5,27.5,-1.5109618,25.989038228988647
2026-08-01,Ranipettai(Uzhavar Sandhai ),16.0,16.0,2.1785626,18.1785626411438
2026-08-01,Kurichi(Uzhavar Sandhai ),17.5,17.5,1.1140976,18.614097595214844
2026-08-01,Natrampalli(Uzhavar Sandhai ),17.5,17.5,2.003267,19.50326704978943
2026-08-01,Madhuranthagam(Uzhavar Sandhai ),20.0,20.0,2.4761932,22.47619318962097
2026-08-01,Kumarapalayam(Uzhavar Sandhai ),20.0,20.0,0.7071854,20.70718538761139
2026-08-01,Melapalayam(Uzhavar Sandhai ),22.5,22.5,0.21259353,22.712593525648117
2026-08-01,Palanganatham(Uzhavar Sandhai ),19.0,19.0,1.5982515,20.598251461982727
2026-08-01,Palladam(Uzhavar Sandhai ),16.5,17.5,0.97834736,18.4783473610878
2026-08-01,Perampet(Uzhavar Sandhai),18.0,18.0,2.1512015,20.151201486587524
2026-08-01,Arani(Uzhavar Sandhai ),17.5,17.5,1.8403177,19.340317726135254
2026-08-01,Kangayam(Uzhavar Sandhai ),12.5,14.0,3.0262992,17.026299238204956
2026-08-01,Sulur(Uzhavar Sandhai ),18.0,16.5,1.6667608,18.166760802268982
2026-08-01,Kaveripattinam(Uzhavar Sandhai ),20.0,20.0,1.5092795,21.509279489517212
2026-08-01,Tiruchengode APMC,19.0,18.0,1.3554163,19.355416297912598
2026-08-01,Tiruthani(Uzhavar Sandhai ),25.0,25.0,-1.8563114,23.143688559532166
2026-08-01,Jeyankondam (Uzhavar Sandhai ),22.5,24.0,-0.90386826,23.09613174200058
2026-08-01,Mannargudi I(Uzhavar Sandhai ),16.0,16.0,1.8417238,17.841723799705505
2026-08-01,Thiruverumbur(Uzhavar Sandhai ),20.0,20.0,1.4257607,21.425760746002197
2026-08-01,Krishnagiri(Uzhavar Sandhai ),12.0,12.0,3.8938181,15.893818140029907
2026-08-01,Tamarainagar(Uzhavar Sandhai ),16.5,14.0,2.7177474,16.717747449874878
2026-08-01,Theni(Uzhavar Sandhai ),16.5,16.5,1.7550405,18.255040526390076
2026-08-01,Gudiyatham(Uzhavar Sandhai ),18.0,15.0,3.3431804,18.343180418014526
2026-08-01,Palayamkottai(Uzhavar Sandhai ),22.5,22.5,0.09926906,22.599269062280655
2026-08-01,Devaram(Uzhavar Sandhai ),20.0,20.0,1.4066335,21.406633496284485
2026-08-01,Palacode(Uzhavar Sandhai ),13.5,16.0,0.9877312,16.987731218338013
2026-08-01,Sankarapuram(Uzhavar Sandhai ),25.0,25.0,-1.8724711,23.12752890586853
2026-08-01,Cuddalore(Uzhavar Sandhai ),20.0,20.0,1.6660614,21.666061401367188
2026-08-01,Melur(Uzhavar Sandhai ),19.0,19.0,1.8535597,20.853559732437134
2026-08-01,Paruthipattu(Uzhavar Sandhai ),25.0,25.0,-1.5730807,23.42691934108734
2026-08-01,Manapparai(Uzhavar Sandhai ),20.0,20.0,1.6801872,21.680187225341797
2026-08-01,KKNagar(Uzhavar Sandhai ),20.0,20.0,1.3083566,21.308356642723083
2026-08-01,Jalagandapuram(Uzhavar Sandhai ),14.0,16.5,2.3848658,18.884865760803223
2026-08-01,Perundurai(Uzhavar Sandhai ),15.0,14.5,2.287923,16.787923097610474
2026-08-01,Sunguvarchatram(Uzhavar Sandhai ),21.0,21.0,0.65174174,21.65174174308777
2026-08-01,Ponnamaravathi(Uzhavar Sandhai),22.5,22.5,0.06213472,22.562134720385075
2026-08-01,Karaikudi(Uzhavar Sandhai ),23.5,23.0,0.2760768,23.276076793670654
2026-08-01,Polur(Uzhavar Sandhai ),17.5,17.5,1.7099699,19.209969878196716
2026-08-01,Kambam(Uzhavar Sandhai ),20.0,20.0,1.0709894,21.07098937034607
2026-08-01,Thammampatti (Uzhavar Sandhai ),14.0,15.0,3.6264975,18.626497507095337
2026-08-01,Sathiyamagalam(Uzhavar Sandhai ),12.5,12.5,3.105619,15.605618953704834
2026-08-01,Rajapalayam(Uzhavar Sandhai ),17.5,16.5,3.0855494,19.585549354553223
2026-08-01,Gobichettipalayam(Uzhavar Sandhai ),17.0,17.0,1.457658,18.457658052444458
2026-08-01,Nagapattinam(Uzhavar Sandhai ),20.0,29.5,-1.7449054,27.75509464740753
2026-08-01,Vadavalli(Uzhavar Sandhai ),15.0,19.0,0.71637714,19.71637713909149
2026-08-01,Medavakkam(Uzhavar Sandhai ),20.0,22.5,2.0910757,24.591075658798218
2026-08-01,NGO Colony(Uzhavar Sandhai ),22.5,22.5,0.08288705,22.582887053489685
2026-08-01,Tirukattupalli(Uzhavar Sandhai ),20.0,20.0,1.7476732,21.74767315387726
2026-08-01,Karambakkudi(Uzhavar Sandhai ),22.5,22.5,-0.16489512,22.335104882717133
2026-08-01,Singanallur(Uzhavar Sandhai ),15.0,17.5,1.0407797,18.54077970981598
2026-08-01,Sampath Nagar(Uzhavar Sandhai ),16.0,16.0,1.8900583,17.890058279037476
2026-08-01,Coonoor(Uzhavar Sandhai ),19.5,19.5,1.3442625,20.84426248073578
2026-08-01,Thirumangalam(Uzhavar Sandhai ),19.0,19.0,1.7102947,20.710294723510742
2026-08-01,Vadalur(Uzhavar Sandhai ),20.0,20.0,1.1710839,21.17108392715454
2026-08-01,Tiruvallur(Uzhavar Sandhai ),25.0,25.0,-1.4876087,23.512391328811646
2026-08-01,Kumbakonam (Uzhavar Sandhai ),20.0,22.5,-0.05612322,22.443876780569553
2026-08-01,Tuticorin(Uzhavar Sandhai ),22.5,22.5,-0.31869256,22.181307435035706
2026-08-01,RSPuram(Uzhavar Sandhai ),13.0,16.0,2.3527644,18.35276436805725
2026-08-01,Tiruvannamalai(Uzhavar Sandhai ),12.5,13.5,3.0369642,16.536964178085327
2026-08-01,Thirupathur APMC,20.0,20.0,1.2652519,21.265251874923706
2026-08-01,Kovilpatti(Uzhavar Sandhai ),27.5,22.5,0.9876543,23.487654328346252
2026-08-01,Avallapalli(Uzhavar Sandhai ),14.0,16.0,1.5355695,17.535569548606873
2026-08-01,Dharmapuri(Uzhavar Sandhai ),14.5,13.5,2.2303226,15.73032259941101
2026-08-01,Vazhapadi(Uzhavar Sandhai),16.0,17.0,2.7676597,19.767659664154053
2026-08-01,Mettupalayam(Uzhavar Sandhai ),16.5,16.5,1.1341577,17.63415765762329
2026-08-01,Thalavaipuram(Uzhavar Sandhai ),18.0,16.5,2.309321,18.80932092666626
2026-08-01,Perambakkam(Uzhavar Sandhai ),25.0,25.0,-1.2497157,23.75028431415558
2026-08-01,Srivilliputhur(Uzhavar Sandhai ),17.5,17.5,1.7712113,19.27121126651764
2026-08-01,Viralimalai(Uzhavar Sandhai ),22.5,22.5,-0.34432387,22.155676126480103
2026-08-01,Chinnamanur(Uzhavar Sandhai ),20.0,20.0,1.3913552,21.3913551568985
2026-08-01,Vadaseri APMC,26.5,23.5,-0.14272508,23.357274919748306
2026-08-01,Needamangalam(Uzhavar Sandhai ),14.0,14.0,2.7756739,16.775673866271973
2026-08-01,Karur(Uzhavar Sandhai ),17.5,17.5,1.0849787,18.584978699684143
2026-08-01,Vellore APMC,15.0,15.0,3.2667482,18.266748189926147
2026-08-01,Chidambaram(Uzhavar Sandhai ),20.0,20.0,1.8163252,21.816325187683105
2026-08-01,Paramathivelur(Uzhavar Sandhai ),20.0,20.0,1.3916302,21.391630172729492
2026-08-01,Naravarikuppam(Uzhavar Sandhai ),25.0,25.0,-2.0008373,22.999162673950195
2026-08-01,Vandavasi(Uzhavar Sandhai ),18.0,18.0,1.4687163,19.468716263771057
2026-08-01,Tirupatthur(Uzhavar Sandhai ),23.5,23.5,0.27853167,23.778531670570374
2026-08-01,Ramanathapuram(Uzhavar Sandhai ),32.5,27.5,-1.0080253,26.491974711418152
2026-08-01,Villupuram(Uzhavar Sandhai ),20.0,20.0,1.5507607,21.550760746002197
2026-08-01,Anaiyur(Uzhavar Sandhai ),19.0,19.0,1.7945923,20.794592261314392
2026-08-01,Katpadi (Uzhavar Sandhai ),17.5,17.5,0.97088975,18.47088974714279
2026-08-01,Periyar Nagar(Uzhavar Sandhai ),16.0,16.0,1.9202347,17.92023468017578
2026-08-01,Paramakudi(Uzhavar Sandhai ),22.5,26.5,-2.1950421,24.3049578666687
2026-08-01,Alangudi(Uzhavar Sandhai ),22.5,22.5,-0.16489512,22.335104882717133
2026-08-01,Denkanikottai(Uzhavar Sandhai ),12.5,12.5,3.2619402,15.761940240859985
2026-08-01,Kahithapattarai(Uzhavar Sandhai ),15.0,15.0,2.030455,17.030455112457275
2026-08-01,Tiruppur (South) (Uzhavar Sandhai ),13.5,12.5,4.180724,16.680724143981934
2026-08-01,Sathur(Uzhavar Sandhai ),23.5,22.5,0.45342115,22.953421145677567
2026-08-01,Velayuthampalayam(Uzhavar Sandhai ),17.0,18.0,1.2689419,19.26894187927246
2026-08-01,Thalavadi(Uzhavar Sandhai ),11.0,13.5,2.6445239,16.144523859024048
2026-08-01,Anna nagar(Uzhavar Sandhai ),20.0,19.0,1.8605001,20.86050009727478
2026-08-01,Chinnalapatti(Uzhavar Sandhai ),15.0,17.5,1.9024144,19.402414441108704
2026-08-01,Anna nagar(Uzhavar Sandhai ),19.0,20.0,1.8633465,21.863346457481384
2026-08-01,Chokkikulam(Uzhavar Sandhai ),19.0,19.0,1.7887441,20.78874409198761
2026-08-01,Perambalur(Uzhavar Sandhai ),22.0,26.5,-2.0966823,24.40331768989563
2026-08-01,Pallikonda(Uzhavar Sandhai),15.0,17.0,2.1659534,19.165953397750854
2026-08-01,Sundarapuram(Uzhavar Sandhai ),16.5,17.5,0.7716239,18.27162390947342
2026-08-01,Aranthangi(Uzhavar Sandhai ),22.5,22.5,-0.14248714,22.35751286149025
2026-08-01,Pallapatti (Uzhavar Sandhai ),21.0,21.0,0.24894266,21.248942658305168
2026-08-01,Kandiyaperi(Uzhavar Sandhai ),22.5,22.5,0.27742785,22.777427852153778
2026-08-01,Sooramangalam(Uzhavar Sandhai ),15.0,15.0,3.2638485,18.263848543167114
2026-08-01,Tenkasi(Uzhavar Sandhai ),20.0,20.0,0.84740984,20.8474098443985
2026-08-01,Andipatti(Uzhavar Sandhai ),19.0,19.0,1.4665092,20.466509222984314
2026-08-01,Pattukottai(Uzhavar Sandhai ),22.0,22.0,1.7232547,23.723254680633545
2026-08-01,Vaniyampadi(Uzhavar Sandhai ),20.0,15.0,3.518169,18.518168926239014
2026-08-01,Myladi(Uzhavar Sandhai ),22.5,22.5,-0.11241935,22.387580648064613
2026-08-01,Guduvancheri(Uzhavar Sandhai ),22.5,22.5,0.9981032,23.498103201389313
2026-08-01,Athur(Uzhavar Sandhai ),16.5,16.5,2.9520428,19.452042818069458
2026-08-01,Panruti(Uzhavar Sandhai ),20.0,20.0,1.036184,21.036183953285217
2026-08-01,Ulundurpettai APMC,20.0,20.0,1.4133055,21.413305521011353
2026-08-01,Gingee(Uzhavar Sandhai ),15.0,15.0,1.5370764,16.537076354026794
2026-08-01,Papanasam(Uzhavar Sandhai ),23.0,23.0,-0.6071552,22.392844796180725
2026-08-01,Sivagangai (Uzhavar Sandhai ),21.0,21.0,1.2448198,22.24481976032257
2026-08-01,Virudhunagar(Uzhavar Sandhai ),20.5,22.5,0.038756113,22.538756113499403
2026-08-01,Karimangalam(Uzhavar Sandhai),13.5,13.5,2.1877377,15.687737703323364
2026-08-01,Tindivanam APMC,15.0,15.0,1.3768824,16.376882433891296
2026-08-01,Gandarvakottai(Uzhavar Sandhai ),22.5,22.5,-0.29490578,22.20509421825409
2026-08-01,Ambasamudram(Uzhavar Sandhai ),23.0,18.5,1.8629129,20.362912893295288
2026-08-01,Kundrathur(Uzhavar Sandhai ),21.0,21.0,0.40293014,21.4029301404953
2026-08-01,Cheyyar(Uzhavar Sandhai ),17.5,17.5,1.9493991,19.44939911365509
2026-08-01,Lalgudi(Uzhavar Sandhai ),20.0,20.0,1.3485007,21.348500728607178
2026-08-01,Valangaiman APMC,18.0,18.0,2.2167795,20.216779470443726
2026-08-01,Ariyalur(Uzhavar Sandhai),23.0,26.0,-2.0950308,23.904969215393066
2026-08-01,Kulithalai(Uzhavar Sandhai ),18.0,22.0,0.14986704,22.14986704289913
2026-08-01,Tiruppur (North) (Uzhavar Sandhai ),18.0,18.0,2.2558267,20.255826711654663
2026-08-01,Kallakurichi(Uzhavar Sandhai ),20.0,20.0,1.104712,21.10471200942993
2026-08-01,Padappai(Uzhavar Sandhai ),20.0,21.5,0.8050511,22.30505108833313
2026-08-01,Keelpennathur(Uzhavar Sandhai ),19.0,19.0,1.9722333,20.972233295440674
2026-08-01,Sivakasi(Uzhavar Sandhai ),17.5,17.5,1.3308145,18.830814480781555
2026-08-01,Chengalpet(Uzhavar Sandhai ),22.5,22.5,1.7309693,24.230969309806824
2026-08-01,Thathakapatti(Uzhavar Sandhai ),13.0,13.0,3.960058,16.960057973861694
2026-08-01,Pallavaram(Uzhavar Sandhai ),22.5,22.5,0.8137401,23.313740074634552
2026-08-01,Attayampatti(Uzhavar Sandhai ),15.0,16.5,2.1580725,18.658072471618652
2026-08-01,Hasthampatti(Uzhavar Sandhai ),13.0,14.0,2.2742043,16.27420425415039
2026-08-01,Palani(Uzhavar Sandhai ),12.5,14.0,3.1109061,17.11090612411499
2026-08-01,Jameenrayapettai(Uzhavar Sandhai ),22.5,22.5,1.9801669,24.480166912078857
2026-08-01,Kancheepuram(Uzhavar Sandhai ),20.5,21.5,0.6627651,22.162765085697174
2026-08-01,Usilampatti(Uzhavar Sandhai ),19.0,19.0,1.8535597,20.853559732437134
2026-08-01,Muthupettai(Uzhavar Sandhai ),16.0,16.0,2.4450035,18.445003509521484
2026-08-01,Devakottai (Uzhavar Sandhai ),23.5,23.5,0.11181935,23.611819349229336
2026-08-01,Sankarankoil(Uzhavar Sandhai ),20.0,20.0,1.2851928,21.285192847251892
2026-08-01,Thuraiyur APMC,20.0,18.0,2.6601238,20.660123825073242
2026-08-01,Nanganallur(Uzhavar Sandhai ),19.0,19.0,2.4241621,21.42416214942932
2026-08-01,Elampillai(Uzhavar Sandhai ),16.0,14.0,2.6923985,16.69239854812622
2026-08-01,Vengamedu(Uzhavar Sandhai ),17.5,17.5,1.314621,18.814620971679688
2026-08-01,Gudalur(Uzhavar Sandhai ),20.0,21.5,0.048082195,21.548082195222378
2026-08-01,Dindigul(Uzhavar Sandhai ),15.0,18.0,1.7943025,19.794302463531494
2026-08-01,Periyakulam(Uzhavar Sandhai ),19.0,19.0,1.1626508,20.16265082359314
2026-08-01,Chengam(Uzhavar Sandhai ),18.0,13.5,2.609638,16.10963797569275
2026-08-01,Musiri(Uzhavar Sandhai ),20.0,20.0,1.4811575,21.481157541275024
2026-08-01,Singampunari(Uzhavar Sandhai ),21.0,21.0,1.084799,22.08479905128479
2026-08-01,Pennagaram(Uzhavar Sandhai ),14.5,17.5,0.78649753,18.28649753332138
2026-08-01,Mayiladuthurai(Uzhavar Sandhai ),22.5,22.5,0.1789853,22.6789852976799
2026-08-01,Dharapuram(Uzhavar Sandhai ),16.0,17.5,1.950973,19.45097303390503
2026-08-01,Bodinayakanur(Uzhavar Sandhai ),20.0,20.0,1.4066335,21.406633496284485
2026-08-01,Mannargudi II(Uzhavar Sandhai ),16.0,16.0,1.9604461,17.96044611930847
2026-08-01,Mettur(Uzhavar Sandhai ),14.5,16.5,2.250537,18.750536918640137
2026-08-01,Ammapet(Uzhavar Sandhai ),13.0,13.5,4.541703,18.04170322418213
2026-08-01,Tiruvarur(Uzhavar Sandhai ),20.0,20.0,1.6850717,21.68507170677185
2026-08-01,Edapadi (Uzhavar Sandhai ),16.0,15.5,2.4281654,17.928165435791016
2026-08-01,Rasipuram(Uzhavar Sandhai ),16.0,18.0,0.88744825,18.887448251247406
2026-08-01,Hosur(Uzhavar Sandhai ),12.5,12.5,2.8516493,15.351649284362793
2026-08-01,Harur(Uzhavar Sandhai ),16.5,16.5,2.211727,18.711726903915405
2026-08-01,Vedasanthur(Uzhavar Sandhai ),12.5,14.0,3.5581536,17.55815362930298
2026-08-01,Aruppukottai(Uzhavar Sandhai ),22.5,22.5,-0.15637295,22.34362705051899
2026-08-01,Udhagamandalam(Uzhavar Sandhai ),21.5,21.5,0.35963368,21.859633684158325
2026-08-01,Mecheri(Uzhavar Sandhai),16.5,16.5,2.2521822,18.752182245254517
2026-08-01,Arcot(Uzhavar Sandhai ),16.0,16.0,3.0276473,19.027647256851196
2026-08-01,Pollachi(Uzhavar Sandhai ),15.5,12.5,4.142806,16.64280605316162
2026-08-01,Pudukottai(Uzhavar Sandhai ),22.5,22.5,0.0710377,22.5710377022624
2026-08-01,AJattihalli(Uzhavar Sandhai ),13.5,13.0,2.3892002,15.389200210571289
2026-08-01,Kariyapatti(Uzhavar Sandhai ),22.5,19.0,1.806025,20.80602502822876
2026-08-01,Mohanur(Uzhavar Sandhai ),20.0,20.0,1.2123469,21.21234691143036
2026-08-01,Viruthachalam(Uzhavar Sandhai ),20.0,20.0,2.4665115,22.466511487960815
2026-08-01,Thirukalukundram(Uzhavar Sandhai ),21.0,23.5,0.10943504,23.60943503677845
2026-08-01,Harur(Uzhavar Sandhai ),16.5,16.5,2.2983928,18.79839277267456
2026-08-01,Sirkali(Uzhavar Sandhai ),22.5,22.5,0.21065652,22.71065652370453
2026-08-01,Manachanallur(Uzhavar Sandhai ),18.0,20.0,1.7155395,21.71553945541382
2026-08-01,Gandhigramam(Uzhavar Sandhai),19.0,19.0,1.3660485,20.366048455238342
2026-08-01,Thanjavur(Uzhavar Sandhai ),20.0,20.0,1.3992958,21.399295806884766
2026-08-02,Singampunari(Uzhavar Sandhai ),21.0,21.0,1.415498,22.41549801826477
2026-08-02,Palanganatham(Uzhavar Sandhai ),19.0,19.0,1.6412879,20.641287922859192
2026-08-02,Ponnamaravathi(Uzhavar Sandhai),22.5,22.5,0.4334327,22.933432698249817
2026-08-02,Mannargudi I(Uzhavar Sandhai ),16.0,16.0,1.7856181,17.78561806678772
2026-08-02,Coonoor(Uzhavar Sandhai ),18.0,19.5,1.8186915,21.31869149208069
2026-08-02,Harur(Uzhavar Sandhai ),16.5,16.5,2.399336,18.899336099624634
2026-08-02,Valangaiman APMC,18.0,18.0,1.7634858,19.76348578929901
2026-08-02,Guduvancheri(Uzhavar Sandhai ),22.5,22.5,1.2344187,23.734418749809265
2026-08-02,Jeyankondam (Uzhavar Sandhai ),22.5,22.5,0.8480583,23.34805828332901
2026-08-02,Attayampatti(Uzhavar Sandhai ),18.0,15.0,2.859327,17.8593270778656
2026-08-02,Kariyapatti(Uzhavar Sandhai ),19.0,22.5,0.45815554,22.958155542612076
2026-08-02,Melapalayam(Uzhavar Sandhai ),22.5,22.5,0.47115922,22.97115921974182
2026-08-02,Musiri(Uzhavar Sandhai ),22.0,20.0,1.7025119,21.70251190662384
2026-08-02,Karambakkudi(Uzhavar Sandhai ),22.5,22.5,0.16282615,22.662826150655746
2026-08-02,Thathakapatti(Uzhavar Sandhai ),16.5,13.0,4.023618,17.02361822128296
2026-08-02,Ambasamudram(Uzhavar Sandhai ),18.5,23.0,-0.69224054,22.30775946378708
2026-08-02,Nagapattinam(Uzhavar Sandhai ),18.0,20.0,3.1089034,23.108903408050537
2026-08-02,Edapadi (Uzhavar Sandhai ),17.5,16.0,2.232246,18.232245922088623
2026-08-02,Gobichettipalayam(Uzhavar Sandhai ),17.0,17.0,1.4591208,18.459120750427246
2026-08-02,Thanjavur(Uzhavar Sandhai ),20.0,20.0,1.595755,21.595754981040955
2026-08-02,Anna nagar(Uzhavar Sandhai ),19.0,20.0,1.3345733,21.33457326889038
2026-08-02,Rajapalayam(Uzhavar Sandhai ),17.5,17.5,2.512516,20.012516021728516
2026-08-02,Perampet(Uzhavar Sandhai),17.0,18.0,1.2581128,19.25811278820038
2026-08-02,Ulundurpettai APMC,15.0,20.0,1.420841,21.420840978622437
2026-08-02,Avallapalli(Uzhavar Sandhai ),13.5,14.0,2.7359087,16.73590874671936
2026-08-02,Perambakkam(Uzhavar Sandhai ),25.0,25.0,-1.0502338,23.949766159057617
2026-08-02,Panruti(Uzhavar Sandhai ),20.0,20.0,1.26633,21.266330003738403
2026-08-02,Vazhapadi(Uzhavar Sandhai),17.0,16.0,2.6277654,18.627765417099
2026-08-02,Sooramangalam(Uzhavar Sandhai ),17.0,15.0,2.9090304,17.909030437469482
2026-08-02,Vadaseri APMC,26.5,26.5,-1.6443462,24.855653762817383
2026-08-02,Chidambaram(Uzhavar Sandhai ),20.0,20.0,2.0088048,22.00880479812622
2026-08-02,Udumalpet APMC,16.5,18.5,0.9841975,19.48419749736786
2026-08-02,Manapparai(Uzhavar Sandhai ),24.0,20.0,2.2933335,22.293333530426025
2026-08-02,Thirukalukundram(Uzhavar Sandhai ),21.0,21.0,1.7525975,22.752597451210022
2026-08-02,Karur(Uzhavar Sandhai ),17.5,17.5,1.2114798,18.711479783058167
2026-08-02,Chengalpet(Uzhavar Sandhai ),22.5,22.5,2.1561246,24.656124591827393
2026-08-02,Padappai(Uzhavar Sandhai ),20.5,20.0,2.091246,22.091245889663696
2026-08-02,Polur(Uzhavar Sandhai ),17.5,17.5,1.8932699,19.393269896507263
2026-08-02,Vedasanthur(Uzhavar Sandhai ),17.5,12.5,5.81429,18.314290046691895
2026-08-02,Theni(Uzhavar Sandhai ),18.0,16.5,1.9010794,18.401079416275024
2026-08-02,Gandhigramam(Uzhavar Sandhai),19.0,19.0,1.6431412,20.64314115047455
2026-08-02,Virudhunagar(Uzhavar Sandhai ),22.0,20.5,1.3309345,21.830934524536133
2026-08-02,Paramakudi(Uzhavar Sandhai ),26.5,22.5,1.2717882,23.771788239479065
2026-08-02,Bodinayakanur(Uzhavar Sandhai ),20.0,20.0,1.5393811,21.53938114643097
2026-08-02,Perambalur(Uzhavar Sandhai ),24.5,22.0,0.6486485,22.648648500442505
2026-08-02,Karimangalam(Uzhavar Sandhai),13.5,13.5,2.3329613,15.832961320877075
2026-08-02,Sathur(Uzhavar Sandhai ),23.5,23.5,-0.17354795,23.326452046632767
2026-08-02,Tiruvannamalai(Uzhavar Sandhai ),12.5,12.5,4.9373374,17.437337398529053
2026-08-02,Manachanallur(Uzhavar Sandhai ),22.0,18.0,2.8591688,20.859168767929077
2026-08-02,Anna nagar(Uzhavar Sandhai ),24.0,19.0,1.9779389,20.977938890457153
2026-08-02,Devaram(Uzhavar Sandhai ),20.0,20.0,1.5393811,21.53938114643097
2026-08-02,Jameenrayapettai(Uzhavar Sandhai ),22.5,22.5,2.5347733,25.034773349761963
2026-08-02,Anaiyur(Uzhavar Sandhai ),19.0,19.0,1.8376286,20.837628602981567
2026-08-02,Athur(Uzhavar Sandhai ),16.5,16.5,2.69253,19.192529916763306
2026-08-02,Kaveripattinam(Uzhavar Sandhai ),20.0,20.0,1.9145966,21.914596557617188
2026-08-02,Tiruvallur(Uzhavar Sandhai ),25.0,25.0,-1.341139,23.65886104106903
2026-08-02,Usilampatti(Uzhavar Sandhai ),19.0,19.0,1.8330793,20.83307933807373
2026-08-02,Pallavaram(Uzhavar Sandhai ),22.5,22.5,1.0143611,23.514361143112183
2026-08-02,Tiruppur (North) (Uzhavar Sandhai ),18.0,18.0,1.8697292,19.869729161262512
2026-08-02,Ariyalur(Uzhavar Sandhai),22.0,23.0,0.06004884,23.06004884094
2026-08-02,Lalgudi(Uzhavar Sandhai ),22.0,20.0,1.9145585,21.91455852985382
2026-08-02,Cheyyar(Uzhavar Sandhai ),18.0,17.5,2.1327016,19.632701635360718
2026-08-02,Gandarvakottai(Uzhavar Sandhai ),22.5,22.5,0.07714799,22.577147990465164
2026-08-02,Paruthipattu(Uzhavar Sandhai ),25.0,25.0,-1.2872654,23.712734580039978
2026-08-02,Tindivanam APMC,15.0,15.0,1.5629482,16.56294822692871
2026-08-02,Kulithalai(Uzhavar Sandhai ),18.0,18.0,2.0452654,20.045265436172485
2026-08-02,Kallakurichi(Uzhavar Sandhai ),20.0,20.0,1.5878165,21.5878164768219
2026-08-02,Palani(Uzhavar Sandhai ),12.5,12.5,4.933073,17.433073043823242
2026-08-02,Viralimalai(Uzhavar Sandhai ),22.5,22.5,0.37693474,22.876934736967087
2026-08-02,Muthupettai(Uzhavar Sandhai ),20.0,16.0,2.6374831,18.6374831199646
2026-08-02,Sivagangai (Uzhavar Sandhai ),21.0,21.0,1.2045087,22.204508662223816
2026-08-02,Hasthampatti(Uzhavar Sandhai ),16.5,13.0,3.6995084,16.69950842857361
2026-08-02,Sundarapuram(Uzhavar Sandhai ),14.0,16.5,1.3188599,17.818859934806824
2026-08-02,Sivakasi(Uzhavar Sandhai ),17.5,17.5,1.5841119,19.08411192893982
2026-08-02,Kancheepuram(Uzhavar Sandhai ),21.5,20.5,1.4197804,21.919780373573303
2026-08-02,Sirkali(Uzhavar Sandhai ),22.5,22.5,0.3860286,22.886028587818146
2026-08-02,Viruthachalam(Uzhavar Sandhai ),20.0,20.0,2.6694114,22.669411420822144
2026-08-02,Mohanur(Uzhavar Sandhai ),19.0,20.0,1.2980763,21.298076272010803
2026-08-02,Elampillai(Uzhavar Sandhai ),16.5,16.0,2.1241944,18.124194383621216
2026-08-02,Thuraiyur APMC,22.0,20.0,2.0045664,22.004566431045532
2026-08-02,Gingee(Uzhavar Sandhai ),15.0,15.0,1.7234008,16.723400831222534
2026-08-02,Myladi(Uzhavar Sandhai ),22.5,22.5,0.17339532,22.673395320773125
2026-08-02,Velayuthampalayam(Uzhavar Sandhai ),18.0,17.0,1.5763991,18.576399087905884
2026-08-02,Tiruppur (South) (Uzhavar Sandhai ),13.5,13.5,3.3161373,16.816137313842773
2026-08-02,Kandiyaperi(Uzhavar Sandhai ),22.5,22.5,0.553101,23.053101003170013
2026-08-02,Nanganallur(Uzhavar Sandhai ),19.0,19.0,2.6780522,21.678052186965942
2026-08-02,Chinnalapatti(Uzhavar Sandhai ),17.5,15.0,2.8042958,17.804295778274536
2026-08-02,Thalavadi(Uzhavar Sandhai ),11.0,11.0,3.0020716,14.002071619033813
2026-08-02,Pallikonda(Uzhavar Sandhai),15.0,15.0,3.1752088,18.175208806991577
2026-08-02,Pudukottai(Uzhavar Sandhai ),22.5,22.5,0.38004053,22.880040526390076
2026-08-02,Devakottai (Uzhavar Sandhai ),23.5,23.5,0.31485078,23.81485077738762
2026-08-02,Andipatti(Uzhavar Sandhai ),19.0,19.0,1.6676892,20.667689204216003
2026-08-02,Rasipuram(Uzhavar Sandhai ),16.0,16.0,1.8097076,17.809707641601562
2026-08-02,Kundrathur(Uzhavar Sandhai ),21.0,21.0,0.52613735,21.526137351989746
2026-08-02,Papanasam(Uzhavar Sandhai ),23.0,23.0,-0.25633854,22.74366146326065
2026-08-02,RSPuram(Uzhavar Sandhai ),13.5,13.0,4.517358,17.51735782623291
2026-08-02,Kovilpatti(Uzhavar Sandhai ),27.5,27.5,-2.2722344,25.227765560150146
2026-08-02,Kurichi(Uzhavar Sandhai ),16.0,17.5,1.3350233,18.835023283958435
2026-08-02,Denkanikottai(Uzhavar Sandhai ),12.5,12.5,3.434938,15.934937953948975
2026-08-02,Tirupatthur(Uzhavar Sandhai ),23.5,23.5,0.5441596,24.044159591197968
2026-08-02,Naravarikuppam(Uzhavar Sandhai ),25.0,25.0,-1.715023,23.284976959228516
2026-08-02,Aranthangi(Uzhavar Sandhai ),22.5,22.5,0.23886655,22.738866552710533
2026-08-02,Alangudi(Uzhavar Sandhai ),22.5,22.5,0.16282615,22.662826150655746
2026-08-02,Tuticorin(Uzhavar Sandhai ),22.5,22.5,-0.1458187,22.354181304574013
2026-08-02,Sunguvarchatram(Uzhavar Sandhai ),21.0,21.0,0.661304,21.661303997039795
2026-08-02,Kambam(Uzhavar Sandhai ),20.0,20.0,1.1630181,21.163018107414246
2026-08-02,Periyar Nagar(Uzhavar Sandhai ),16.0,16.0,1.5141318,17.514131784439087
2026-08-02,Vadavalli(Uzhavar Sandhai ),15.0,15.0,2.298192,17.298192024230957
2026-08-02,Tirukattupalli(Uzhavar Sandhai ),20.0,20.0,1.8857051,21.88570511341095
2026-08-02,Vadalur(Uzhavar Sandhai ),20.0,20.0,1.930907,21.930907011032104
2026-08-02,Tiruchengode APMC,19.0,19.0,1.552992,20.55299198627472
2026-08-02,Krishnagiri(Uzhavar Sandhai ),11.0,12.0,3.9899688,15.98996877670288
2026-08-02,Palacode(Uzhavar Sandhai ),13.5,13.5,2.5386083,16.03860831260681
2026-08-02,Melur(Uzhavar Sandhai ),19.0,19.0,1.8330793,20.83307933807373
2026-08-02,Tenkasi(Uzhavar Sandhai ),17.5,20.0,1.5172788,21.517278790473938
2026-08-02,Sankarankoil(Uzhavar Sandhai ),20.0,20.0,1.8813449,21.88134491443634
2026-08-02,Pollachi(Uzhavar Sandhai ),14.0,15.5,1.723214,17.223214030265808
2026-08-02,Mecheri(Uzhavar Sandhai),16.5,16.5,2.395169,18.895169019699097
2026-08-02,Aruppukottai(Uzhavar Sandhai ),19.0,22.5,0.4462726,22.946272611618042
2026-08-02,Gudalur(Uzhavar Sandhai ),21.0,20.0,1.654089,21.654088973999023
2026-08-02,Vedaranyam(Uzhavar Sandhai),32.5,35.0,-1.3141247,33.68587529659271
2026-08-02,Vaniyampadi(Uzhavar Sandhai ),15.0,20.0,2.2104774,22.210477352142334
2026-08-02,Ammapet(Uzhavar Sandhai ),13.5,13.0,2.7526114,15.7526113986969
2026-08-02,Mayiladuthurai(Uzhavar Sandhai ),22.5,22.5,0.37146467,22.871464669704437
2026-08-02,Periyakulam(Uzhavar Sandhai ),19.0,19.0,1.4227985,20.42279851436615
2026-08-02,Pattukottai(Uzhavar Sandhai ),20.0,22.0,1.0621394,23.06213939189911
2026-08-02,Natrampalli(Uzhavar Sandhai ),17.5,17.5,2.745732,20.245732069015503
2026-08-02,Arcot(Uzhavar Sandhai ),16.0,16.0,3.2940013,19.29400134086609
2026-08-02,Tamarainagar(Uzhavar Sandhai ),14.0,16.5,2.1971145,18.69711446762085
2026-08-02,Kamuthi(Uzhavar Sandhai ),23.5,23.5,0.44145608,23.941456079483032
2026-08-02,Hosur(Uzhavar Sandhai ),12.5,12.5,3.0974658,15.597465753555298
2026-08-02,Chengam(Uzhavar Sandhai ),18.0,18.0,1.6140311,19.614031076431274
2026-08-02,Pallapatti (Uzhavar Sandhai ),21.0,21.0,0.4301728,21.43017280101776
2026-08-02,Dharapuram(Uzhavar Sandhai ),12.5,16.0,2.3281014,18.32810139656067
2026-08-02,Palayamkottai(Uzhavar Sandhai ),22.5,22.5,0.35783455,22.857834547758102
2026-08-02,Sankarapuram(Uzhavar Sandhai ),25.0,25.0,-1.6213197,23.3786803483963
2026-08-02,Arani(Uzhavar Sandhai ),17.5,17.5,2.0549774,19.554977416992188
2026-08-02,Jalagandapuram(Uzhavar Sandhai ),16.5,14.0,3.2083683,17.2083683013916
2026-08-02,KKNagar(Uzhavar Sandhai ),24.0,20.0,1.4990685,21.49906849861145
2026-08-02,Thirupathur APMC,20.0,20.0,1.341372,21.34137201309204
2026-08-02,Sulur(Uzhavar Sandhai ),13.0,18.0,0.961256,18.96125602722168
2026-08-02,Ranipettai(Uzhavar Sandhai ),16.0,16.0,1.9592805,17.959280490875244
2026-08-02,Cuddalore(Uzhavar Sandhai ),18.0,20.0,1.7975705,21.79757046699524
2026-08-02,Kangayam(Uzhavar Sandhai ),15.0,12.5,5.1772923,17.677292346954346
2026-08-02,Gudiyatham(Uzhavar Sandhai ),16.0,18.0,2.3842218,20.38422179222107
2026-08-02,Katpadi (Uzhavar Sandhai ),17.5,17.5,1.1644542,18.664454221725464
2026-08-02,Palladam(Uzhavar Sandhai ),16.5,16.5,2.9349217,19.434921741485596
2026-08-02,Tiruthani(Uzhavar Sandhai ),25.0,25.0,-1.5704962,23.429503798484802
2026-08-02,Villupuram(Uzhavar Sandhai ),20.0,20.0,1.7875444,21.78754436969757
2026-08-02,Kumarapalayam(Uzhavar Sandhai ),19.0,20.0,1.1566412,21.156641244888306
2026-08-02,Ramanathapuram(Uzhavar Sandhai ),32.5,32.5,-3.2583377,29.24166226387024
2026-08-02,Vandavasi(Uzhavar Sandhai ),18.0,18.0,1.9273108,19.927310824394226
2026-08-02,Dharmapuri(Uzhavar Sandhai ),14.5,14.5,1.3089379,15.808937907218933
2026-08-02,Chokkikulam(Uzhavar Sandhai ),19.0,19.0,1.7682638,20.768263816833496
2026-08-02,Udhagamandalam(Uzhavar Sandhai ),21.5,21.5,0.6315706,22.13157057762146
2026-08-02,Mettupalayam(Uzhavar Sandhai ),14.0,16.5,0.9795963,17.479596316814423
2026-08-02,Thalavaipuram(Uzhavar Sandhai ),18.0,18.0,1.7284148,19.72841477394104
2026-08-02,Srivilliputhur(Uzhavar Sandhai ),18.5,17.5,1.9944066,19.494406580924988
2026-08-02,Paramathivelur(Uzhavar Sandhai ),19.0,20.0,1.6863518,21.686351776123047
2026-08-02,Chinnamanur(Uzhavar Sandhai ),20.0,20.0,1.4534329,21.45343291759491
2026-08-02,Vellore APMC,15.0,15.0,3.445682,18.445682048797607
2026-08-02,Thiruverumbur(Uzhavar Sandhai ),22.0,20.0,1.6935185,21.69351851940155
2026-08-02,Sampath Nagar(Uzhavar Sandhai ),16.0,16.0,1.4567348,17.456734776496887
2026-08-02,Perundurai(Uzhavar Sandhai ),15.0,15.0,2.3715253,17.371525287628174
2026-08-02,Karaikudi(Uzhavar Sandhai ),22.0,23.5,0.3798575,23.879857510328293
2026-08-02,Mettur(Uzhavar Sandhai ),15.0,14.5,2.48276,16.982759952545166
2026-08-02,Pennagaram(Uzhavar Sandhai ),17.5,14.5,2.6051311,17.105131149291992
2026-08-02,Tiruvarur(Uzhavar Sandhai ),20.0,20.0,1.8775512,21.877551198005676
2026-08-02,NGO Colony(Uzhavar Sandhai ),22.5,22.5,0.34145275,22.84145274758339
2026-08-02,Vengamedu(Uzhavar Sandhai ),17.5,17.5,1.5195547,19.01955473423004
2026-08-02,Medavakkam(Uzhavar Sandhai ),20.0,20.0,4.092964,24.09296417236328
2026-08-02,Mannargudi II(Uzhavar Sandhai ),16.0,16.0,1.9043397,17.90433967113495
2026-08-02,Kahithapattarai(Uzhavar Sandhai ),15.0,15.0,2.222228,17.222228050231934
2026-08-02,Singanallur(Uzhavar Sandhai ),13.0,15.0,2.2807221,17.28072214126587
2026-08-02,AJattihalli(Uzhavar Sandhai ),13.5,13.5,2.2328699,15.732869863510132
2026-08-02,Needamangalam(Uzhavar Sandhai ),14.0,14.0,2.4683573,16.46835732460022
2026-08-02,Kumbakonam (Uzhavar Sandhai ),23.0,20.0,1.6130452,21.61304521560669
2026-08-02,Thammampatti (Uzhavar Sandhai ),14.0,14.0,3.8147564,17.814756393432617
2026-08-02,Madhuranthagam(Uzhavar Sandhai ),20.0,20.0,2.2764244,22.276424407958984
2026-08-02,Thirumangalam(Uzhavar Sandhai ),19.0,19.0,1.5861273,20.586127281188965
2026-08-02,Dindigul(Uzhavar Sandhai ),17.5,15.0,2.9641476,17.964147567749023
2026-08-02,Sathiyamagalam(Uzhavar Sandhai ),12.5,12.5,3.5209475,16.020947456359863
2026-08-03,Avallapalli(Uzhavar Sandhai ),13.5,13.5,2.0670226,15.567022562026978
2026-08-03,Gudalur(Uzhavar Sandhai ),17.5,21.0,0.25716516,21.257165163755417
2026-08-03,Edapadi (Uzhavar Sandhai ),15.5,17.5,0.64369416,18.143694162368774
2026-08-03,Vadalur(Uzhavar Sandhai ),20.0,20.0,1.3595529,21.35955286026001
2026-08-03,Karur(Uzhavar Sandhai ),17.5,17.5,1.0283486,18.528348565101624
2026-08-03,Polur(Uzhavar Sandhai ),13.5,17.5,1.3614856,18.861485600471497
2026-08-03,Vellore APMC,20.0,15.0,2.9236007,17.923600673675537
2026-08-03,Nagapattinam(Uzhavar Sandhai ),20.5,18.0,2.8178787,20.81787872314453
2026-08-03,Periyakulam(Uzhavar Sandhai ),19.0,19.0,0.930383,19.930383026599884
2026-08-03,Krishnagiri(Uzhavar Sandhai ),12.0,11.0,3.6103113,14.610311269760132
2026-08-03,Singanallur(Uzhavar Sandhai ),15.0,13.0,2.4966602,15.496660232543945
2026-08-03,Kariyapatti(Uzhavar Sandhai ),19.0,19.0,1.7238069,20.723806858062744
2026-08-03,Tamarainagar(Uzhavar Sandhai ),13.5,14.0,1.4679006,15.46790063381195
2026-08-03,NGO Colony(Uzhavar Sandhai ),22.5,22.5,0.52633125,23.0263312458992
2026-08-03,Kurichi(Uzhavar Sandhai ),14.0,16.0,1.4289492,17.428949236869812
2026-08-03,Kumbakonam (Uzhavar Sandhai ),21.0,23.0,-0.32676,22.67324000597
2026-08-03,Kovilpatti(Uzhavar Sandhai ),22.5,27.5,-2.7158484,24.784151554107666
2026-08-03,Perundurai(Uzhavar Sandhai ),15.0,15.0,1.8994379,16.89943790435791
2026-08-03,Theni(Uzhavar Sandhai ),18.0,18.0,0.94964904,18.949649035930634
2026-08-03,Thammampatti (Uzhavar Sandhai ),14.0,14.0,4.0272055,18.02720546722412
2026-08-03,Periyar Nagar(Uzhavar Sandhai ),16.0,16.0,1.2777314,17.27773141860962
2026-08-03,Villupuram(Uzhavar Sandhai ),18.0,20.0,1.4186932,21.4186931848526
2026-08-03,Sunguvarchatram(Uzhavar Sandhai ),21.0,21.0,0.35075438,21.350754380226135
2026-08-03,Devaram(Uzhavar Sandhai ),20.0,20.0,0.99467325,20.994673252105713
2026-08-03,Katpadi (Uzhavar Sandhai ),17.5,17.5,1.1678425,18.667842507362366
2026-08-03,Gobichettipalayam(Uzhavar Sandhai ),15.0,17.0,0.84669197,17.846691966056824
2026-08-03,Denkanikottai(Uzhavar Sandhai ),12.5,12.5,3.11399,15.613990068435669
2026-08-03,Arcot(Uzhavar Sandhai ),15.0,16.0,2.4639778,18.463977813720703
2026-08-03,Alangudi(Uzhavar Sandhai ),17.5,22.5,-0.23692712,22.26307287812233
2026-08-03,Vedaranyam(Uzhavar Sandhai),21.0,32.5,-1.154441,31.345559000968933
2026-08-03,Kundrathur(Uzhavar Sandhai ),21.0,21.0,0.21558785,21.215587854385376
2026-08-03,Thalavaipuram(Uzhavar Sandhai ),17.5,18.0,2.1850266,20.1850266456604
2026-08-03,Musiri(Uzhavar Sandhai ),22.0,22.0,0.1521838,22.152183800935745
2026-08-03,Kaveripattinam(Uzhavar Sandhai ),20.0,20.0,1.3922763,21.392276287078857
2026-08-03,Sivakasi(Uzhavar Sandhai ),17.5,17.5,1.1894907,18.68949067592621
2026-08-03,Madhuranthagam(Uzhavar Sandhai ),20.0,20.0,1.8142235,21.814223527908325
2026-08-03,Pallikonda(Uzhavar Sandhai),17.5,15.0,2.2410955,17.241095542907715
2026-08-03,Coonoor(Uzhavar Sandhai ),17.0,18.0,1.3164643,19.31646430492401
2026-08-03,Thalavadi(Uzhavar Sandhai ),9.0,11.0,3.532544,14.532543897628784
2026-08-03,Manachanallur(Uzhavar Sandhai ),22.0,22.0,0.30602294,22.306022942066193
2026-08-03,Palayamkottai(Uzhavar Sandhai ),22.5,22.5,0.54274195,23.04274195432663
2026-08-03,Andipatti(Uzhavar Sandhai ),19.0,19.0,1.1336792,20.133679151535034
2026-08-03,Vengamedu(Uzhavar Sandhai ),17.5,17.5,1.0798565,18.579856514930725
2026-08-03,Thanjavur(Uzhavar Sandhai ),20.0,20.0,1.1290454,21.129045367240906
2026-08-03,Myladi(Uzhavar Sandhai ),22.5,22.5,0.65827996,23.158279955387115
2026-08-03,Gingee(Uzhavar Sandhai ),15.0,15.0,1.380046,16.380046010017395
2026-08-03,Ulundurpettai APMC,15.0,15.0,2.2886803,17.2886803150177
2026-08-03,Mettur(Uzhavar Sandhai ),15.0,15.0,3.1631887,18.163188695907593
2026-08-03,Sirkali(Uzhavar Sandhai ),22.5,22.5,0.21798564,22.71798564493656
2026-08-03,Mohanur(Uzhavar Sandhai ),20.0,19.0,1.2967107,20.296710729599
2026-08-03,Peravurani(Uzhavar Sandhai),20.0,20.0,0.8158872,20.815887212753296
2026-08-03,Dharapuram(Uzhavar Sandhai ),16.0,12.5,5.0562773,17.55627727508545
2026-08-03,Chengam(Uzhavar Sandhai ),16.5,18.0,0.79750466,18.797504663467407
2026-08-03,Usilampatti(Uzhavar Sandhai ),17.0,19.0,1.0036477,20.003647685050964
2026-08-03,Arani(Uzhavar Sandhai ),12.5,17.5,1.756172,19.256171941757202
2026-08-03,Sulur(Uzhavar Sandhai ),15.0,13.0,2.8975084,15.897508382797241
2026-08-03,Thathakapatti(Uzhavar Sandhai ),14.0,16.5,1.8100618,18.310061812400818
2026-08-03,Sooramangalam(Uzhavar Sandhai ),14.0,17.0,3.0648587,20.06485867500305
2026-08-03,Pollachi(Uzhavar Sandhai ),14.0,14.0,1.5593495,15.559349536895752
2026-08-03,Panruti(Uzhavar Sandhai ),20.0,20.0,1.0534195,21.05341947078705
2026-08-03,Vadaseri APMC,23.5,26.5,-0.9324415,25.567558526992798
2026-08-03,Tenkasi(Uzhavar Sandhai ),19.0,17.5,2.1073916,19.607391595840454
2026-08-03,Sivagangai (Uzhavar Sandhai ),19.0,21.0,0.7966509,21.796650886535645
2026-08-03,Anna nagar(Uzhavar Sandhai ),24.0,24.0,-0.07928972,23.920710280537605
2026-08-03,Srivilliputhur(Uzhavar Sandhai ),18.5,18.5,1.2898266,19.78982663154602
2026-08-03,Muthupettai(Uzhavar Sandhai ),16.0,20.0,0.6531562,20.653156220912933
2026-08-03,Perampet(Uzhavar Sandhai),17.0,17.0,2.405775,19.40577507019043
2026-08-03,Palani(Uzhavar Sandhai ),12.5,12.5,3.3268158,15.826815843582153
2026-08-03,Chokkikulam(Uzhavar Sandhai ),17.0,19.0,0.92323625,19.92323625087738
2026-08-03,Kumarapalayam(Uzhavar Sandhai ),16.0,19.0,1.1013345,20.10133445262909
2026-08-03,Perambalur(Uzhavar Sandhai ),22.0,24.5,-1.7032613,22.796738743782043
2026-08-03,Valangaiman APMC,18.0,18.0,0.998727,18.998727023601532
2026-08-03,Kulithalai(Uzhavar Sandhai ),20.0,18.0,1.7016197,19.701619744300842
2026-08-03,Gudiyatham(Uzhavar Sandhai ),16.5,16.0,2.7991192,18.799119234085083
2026-08-03,Lalgudi(Uzhavar Sandhai ),22.0,22.0,0.3129196,22.312919586896896
2026-08-03,Keelpennathur(Uzhavar Sandhai ),19.0,19.0,1.7772604,20.777260422706604
2026-08-03,Sundarapuram(Uzhavar Sandhai ),14.0,14.0,1.7157954,15.715795397758484
2026-08-03,Singampunari(Uzhavar Sandhai ),19.0,21.0,1.0801892,22.08018922805786
2026-08-03,Pallavaram(Uzhavar Sandhai ),22.5,22.5,1.5347403,24.034740328788757
2026-08-03,Vadavalli(Uzhavar Sandhai ),14.0,15.0,3.5983853,18.598385334014893
2026-08-03,Cheyyar(Uzhavar Sandhai ),13.5,18.0,1.095508,19.095507979393005
2026-08-03,Papanasam(Uzhavar Sandhai ),23.0,23.0,0.15105595,23.151055946946144
2026-08-03,Harur(Uzhavar Sandhai ),16.5,16.5,2.0999103,18.599910259246826
2026-08-03,Tirukattupalli(Uzhavar Sandhai ),20.0,20.0,1.3336039,21.333603858947754
2026-08-03,Palanganatham(Uzhavar Sandhai ),17.0,19.0,0.75532097,19.755320966243744
2026-08-03,Mannargudi I(Uzhavar Sandhai ),18.0,16.0,1.0938783,17.093878269195557
2026-08-03,Naravarikuppam(Uzhavar Sandhai ),25.0,25.0,-2.074532,22.92546796798706
2026-08-03,Tuticorin(Uzhavar Sandhai ),22.5,22.5,-0.030976016,22.46902398392558
2026-08-03,Thirukalukundram(Uzhavar Sandhai ),21.0,21.0,1.6584543,22.658454298973083
2026-08-03,Udumalpet APMC,14.5,16.5,1.8913212,18.391321182250977
2026-08-03,RSPuram(Uzhavar Sandhai ),15.0,13.5,3.148185,16.64818501472473
2026-08-03,Tiruchengode APMC,17.0,19.0,1.065684,20.065683960914612
2026-08-03,Kamuthi(Uzhavar Sandhai ),32.5,23.5,0.8093265,24.30932652950287
2026-08-03,Perambakkam(Uzhavar Sandhai ),25.0,25.0,-1.3985715,23.601428508758545
2026-08-03,Pattukottai(Uzhavar Sandhai ),20.0,20.0,1.3243936,21.32439363002777
2026-08-03,Mayiladuthurai(Uzhavar Sandhai ),22.5,22.5,0.21177357,22.711773574352264
2026-08-03,Aranthangi(Uzhavar Sandhai ),22.5,22.5,0.052946795,22.55294679477811
2026-08-03,Ammapet(Uzhavar Sandhai ),14.0,13.5,4.394632,17.89463186264038
2026-08-03,Chinnamanur(Uzhavar Sandhai ),20.0,20.0,1.1893253,21.1893253326416
2026-08-03,Tirupatthur(Uzhavar Sandhai ),22.5,23.5,0.73580337,24.235803365707397
2026-08-03,Tiruppur (South) (Uzhavar Sandhai ),13.5,13.5,4.164964,17.664964199066162
2026-08-03,Chinnalapatti(Uzhavar Sandhai ),17.5,17.5,0.48662814,17.986628144979477
2026-08-03,Tiruppur (North) (Uzhavar Sandhai ),18.5,18.0,1.5187116,19.51871156692505
2026-08-03,Paruthipattu(Uzhavar Sandhai ),25.0,25.0,-1.5084704,23.49152958393097
2026-08-03,Sathur(Uzhavar Sandhai ),22.5,23.5,-0.3728509,23.12714910507202
2026-08-03,Virudhunagar(Uzhavar Sandhai ),18.0,22.0,0.0037527785,22.003752778517082
2026-08-03,Kambam(Uzhavar Sandhai ),19.0,20.0,0.6989297,20.698929727077484
2026-08-03,Devakottai (Uzhavar Sandhai ),22.0,23.5,0.29083467,23.790834665298462
2026-08-03,Vaniyampadi(Uzhavar Sandhai ),15.0,15.0,3.3716898,18.371689796447754
2026-08-03,Mecheri(Uzhavar Sandhai),16.0,16.5,1.7159977,18.21599769592285
2026-08-03,Hosur(Uzhavar Sandhai ),13.5,12.5,2.8391945,15.339194536209106
2026-08-03,Natrampalli(Uzhavar Sandhai ),17.5,17.5,2.5978963,20.097896337509155
2026-08-03,Palacode(Uzhavar Sandhai ),13.5,13.5,3.424227,16.924226999282837
2026-08-03,Melur(Uzhavar Sandhai ),17.0,19.0,1.0292072,20.029207229614258
2026-08-03,Kallakurichi(Uzhavar Sandhai ),20.0,20.0,1.0060958,21.00609576702118
2026-08-03,Elampillai(Uzhavar Sandhai ),16.0,16.5,1.2074612,17.70746123790741
2026-08-03,Aruppukottai(Uzhavar Sandhai ),19.0,19.0,1.9379596,20.93795955181122
2026-08-03,Ponnamaravathi(Uzhavar Sandhai),17.5,22.5,0.22153468,22.721534684300423
2026-08-03,Thuraiyur APMC,22.0,22.0,0.44416872,22.444168716669083
2026-08-03,Viruthachalam(Uzhavar Sandhai ),20.0,20.0,1.3300346,21.330034613609314
2026-08-03,Udhagamandalam(Uzhavar Sandhai ),19.0,21.5,0.16821411,21.668214112520218
2026-08-03,Mannargudi II(Uzhavar Sandhai ),18.0,16.0,1.2510188,17.2510187625885
2026-08-03,Vandavasi(Uzhavar Sandhai ),13.5,18.0,0.42612076,18.42612075805664
2026-08-03,Dindigul(Uzhavar Sandhai ),17.5,17.5,0.33987063,17.839870631694794
2026-08-03,Thirupathur APMC,20.0,20.0,0.96081185,20.960811853408813
2026-08-03,Pennagaram(Uzhavar Sandhai ),14.5,17.5,2.4071097,19.90710973739624
2026-08-03,Thiruverumbur(Uzhavar Sandhai ),22.0,22.0,0.0907232,22.0907232016325
2026-08-03,Sankarapuram(Uzhavar Sandhai ),20.0,25.0,-1.8000417,23.199958324432373
2026-08-03,Kangayam(Uzhavar Sandhai ),12.5,15.0,2.8559103,17.855910301208496
2026-08-03,Palladam(Uzhavar Sandhai ),17.5,16.5,2.6173174,19.11731743812561
2026-08-03,Dharmapuri(Uzhavar Sandhai ),14.5,14.5,2.0464163,16.54641628265381
2026-08-03,Mettupalayam(Uzhavar Sandhai ),12.5,14.0,1.6028116,15.602811574935913
2026-08-03,AJattihalli(Uzhavar Sandhai ),13.5,13.5,3.5154207,17.01542067527771
2026-08-03,Anaiyur(Uzhavar Sandhai ),17.0,19.0,0.97427076,19.97427076101303
2026-08-03,Karaikudi(Uzhavar Sandhai ),21.0,22.0,1.1031168,23.103116750717163
2026-08-03,Nanganallur(Uzhavar Sandhai ),19.0,19.0,2.03686,21.03685998916626
2026-08-03,Sankarankoil(Uzhavar Sandhai ),20.0,20.0,1.5018463,21.501846313476562
2026-08-03,Guduvancheri(Uzhavar Sandhai ),22.5,22.5,1.7175597,24.217559695243835
2026-08-03,Karambakkudi(Uzhavar Sandhai ),22.5,22.5,-0.15350851,22.34649148583412
2026-08-03,Thirumangalam(Uzhavar Sandhai ),17.0,19.0,0.7629778,19.76297777891159
2026-08-03,Velayuthampalayam(Uzhavar Sandhai ),18.0,18.0,1.1432449,19.143244862556458
2026-08-03,Viralimalai(Uzhavar Sandhai ),17.5,22.5,-0.33028406,22.1697159409523
2026-08-03,Kandiyaperi(Uzhavar Sandhai ),22.5,22.5,0.615611,23.115611016750336
2026-08-03,Tindivanam APMC,15.0,15.0,1.4688575,16.468857526779175
2026-08-03,Gandarvakottai(Uzhavar Sandhai ),17.5,22.5,0.21981773,22.719817727804184
2026-08-03,Hasthampatti(Uzhavar Sandhai ),14.0,16.5,1.5634285,18.06342852115631
2026-08-03,Kancheepuram(Uzhavar Sandhai ),20.5,21.5,0.5105417,22.010541677474976
2026-08-03,Pudukottai(Uzhavar Sandhai ),17.5,22.5,0.07815117,22.578151166439056
2026-08-03,Pallapatti (Uzhavar Sandhai ),21.0,21.0,0.30923152,21.309231519699097
2026-08-03,Sathiyamagalam(Uzhavar Sandhai ),12.5,12.5,3.3465483,15.846548318862915
2026-08-03,Ariyalur(Uzhavar Sandhai),26.0,22.0,0.29127938,22.29127937555313
2026-08-03,Rasipuram(Uzhavar Sandhai ),15.0,16.0,1.5563823,17.556382298469543
2026-08-03,Sampath Nagar(Uzhavar Sandhai ),16.0,16.0,1.2152766,17.21527659893036
2026-08-03,Needamangalam(Uzhavar Sandhai ),16.0,14.0,1.6066493,15.606649279594421
2026-08-03,Ramanathapuram(Uzhavar Sandhai ),32.5,32.5,-2.8133657,29.686634302139282
2026-08-03,Paramakudi(Uzhavar Sandhai ),22.5,26.5,-1.6702173,24.829782724380493
2026-08-03,Tiruthani(Uzhavar Sandhai ),25.0,25.0,-1.7861876,23.213812351226807
2026-08-03,Ambattur(Uzhavar Sandhai ),25.0,25.0,-1.6019961,23.398003935813904
2026-08-03,Padappai(Uzhavar Sandhai ),21.5,20.5,1.0864239,21.586423873901367
2026-08-03,Paramathivelur(Uzhavar Sandhai ),19.0,19.0,1.5533596,20.553359627723694
2026-08-03,Ranipettai(Uzhavar Sandhai ),18.0,16.0,1.995842,17.99584197998047
2026-08-03,Vedasanthur(Uzhavar Sandhai ),13.5,17.5,0.6182972,18.118297219276428
2026-08-03,Melapalayam(Uzhavar Sandhai ),22.5,22.5,0.63538504,23.135385036468506
2026-08-03,Jalagandapuram(Uzhavar Sandhai ),16.5,16.5,2.1516938,18.65169382095337
2026-08-03,Jeyankondam (Uzhavar Sandhai ),22.5,22.5,0.5407213,23.0407212972641
2026-08-03,Gandhigramam(Uzhavar Sandhai),19.0,19.0,1.0222069,20.022206902503967
2026-08-03,Chengalpet(Uzhavar Sandhai ),22.5,22.5,1.4253988,23.92539882659912
2026-08-03,Cuddalore(Uzhavar Sandhai ),18.0,18.0,2.3495843,20.349584341049194
2026-08-03,Bodinayakanur(Uzhavar Sandhai ),20.0,20.0,0.99467325,20.994673252105713
2026-08-03,Karimangalam(Uzhavar Sandhai),13.5,13.5,2.442025,15.942024946212769
2026-08-03,KKNagar(Uzhavar Sandhai ),22.0,24.0,-0.6812377,23.31876230239868
2026-08-03,Jameenrayapettai(Uzhavar Sandhai ),22.5,22.5,2.384065,24.88406491279602
2026-08-03,Tiruvannamalai(Uzhavar Sandhai ),13.5,12.5,5.3480034,17.848003387451172
2026-08-03,Chidambaram(Uzhavar Sandhai ),20.0,20.0,1.4289104,21.42891037464142
2026-08-03,Tiruvallur(Uzhavar Sandhai ),20.0,25.0,-1.7013662,23.298633813858032
2026-08-03,Attayampatti(Uzhavar Sandhai ),16.5,18.0,1.0067002,19.0067001581192
2026-08-03,Ambasamudram(Uzhavar Sandhai ),23.0,18.5,2.1211796,20.621179580688477
2026-08-03,Rajapalayam(Uzhavar Sandhai ),17.5,17.5,2.3526273,19.852627277374268
2026-08-03,Athur(Uzhavar Sandhai ),17.5,16.5,2.4788644,18.978864431381226
2026-08-03,Kahithapattarai(Uzhavar Sandhai ),16.0,15.0,2.5588865,17.558886528015137
2026-08-03,Medavakkam(Uzhavar Sandhai ),40.0,20.0,3.042279,23.04227900505066
2026-08-03,Tiruvarur(Uzhavar Sandhai ),20.0,20.0,1.2008295,21.20082950592041
2026-08-03,Vazhapadi(Uzhavar Sandhai),17.5,17.0,2.0499945,19.049994468688965
2026-08-03,Manapparai(Uzhavar Sandhai ),22.0,24.0,-0.43591863,23.564081370830536
2026-08-04,Hasthampatti(Uzhavar Sandhai ),18.0,14.0,3.243117,17.243117094039917
2026-08-04,Vedasanthur(Uzhavar Sandhai ),16.5,13.5,3.1006658,16.600665807724
2026-08-04,Pudukottai(Uzhavar Sandhai ),18.0,17.5,2.3483882,19.848388195037842
2026-08-04,Kancheepuram(Uzhavar Sandhai ),20.0,20.5,1.3164873,21.816487312316895
2026-08-04,Melapalayam(Uzhavar Sandhai ),23.5,22.5,0.517929,23.017929017543793
2026-08-04,Chengam(Uzhavar Sandhai ),16.5,16.5,3.280048,19.78004789352417
2026-08-04,Jeyankondam (Uzhavar Sandhai ),22.5,22.5,0.7289108,23.22891080379486
2026-08-04,Pallavaram(Uzhavar Sandhai ),22.5,22.5,1.8007795,24.300779461860657
2026-08-04,Gandarvakottai(Uzhavar Sandhai ),17.5,17.5,2.5233462,20.023346185684204
2026-08-04,Lalgudi(Uzhavar Sandhai ),24.0,22.0,0.45922738,22.45922738313675
2026-08-04,Musiri(Uzhavar Sandhai ),22.0,22.0,0.59903926,22.599039256572723
2026-08-04,Cheyyar(Uzhavar Sandhai ),18.0,13.5,3.1699922,16.669992208480835
2026-08-04,Ariyalur(Uzhavar Sandhai),22.5,26.0,-1.9458127,24.054187297821045
2026-08-04,Vadaseri APMC,23.5,23.5,0.70300776,24.203007757663727
2026-08-04,Tindivanam APMC,15.0,15.0,1.5052432,16.505243182182312
2026-08-04,Viralimalai(Uzhavar Sandhai ),17.5,17.5,2.6341264,20.13412642478943
2026-08-04,Rajapalayam(Uzhavar Sandhai ),17.5,17.5,2.945289,20.44528889656067
2026-08-04,Palani(Uzhavar Sandhai ),14.0,12.5,4.7607493,17.260749340057373
2026-08-04,Velayuthampalayam(Uzhavar Sandhai ),17.0,18.0,1.5398619,19.539861917495728
2026-08-04,Sivagangai (Uzhavar Sandhai ),21.0,19.0,2.4176817,21.41768169403076
2026-08-04,Paramakudi(Uzhavar Sandhai ),22.5,22.5,1.6599224,24.1599223613739
2026-08-04,Usilampatti(Uzhavar Sandhai ),19.0,17.0,2.4994764,19.499476432800293
2026-08-04,Pallapatti (Uzhavar Sandhai ),21.0,21.0,0.6240972,21.624097228050232
2026-08-04,Myladi(Uzhavar Sandhai ),23.5,22.5,0.7766559,23.276655912399292
2026-08-04,Nanganallur(Uzhavar Sandhai ),19.0,19.0,2.4971347,21.497134685516357
2026-08-04,AJattihalli(Uzhavar Sandhai ),13.5,13.5,2.4013324,15.901332378387451
2026-08-04,Padappai(Uzhavar Sandhai ),21.0,21.5,0.8882259,22.38822591304779
2026-08-04,Madhuranthagam(Uzhavar Sandhai ),20.0,20.0,2.904392,22.90439200401306
2026-08-04,Kaveripattinam(Uzhavar Sandhai ),20.0,20.0,1.6781023,21.678102254867554
2026-08-04,Thiruverumbur(Uzhavar Sandhai ),22.0,22.0,0.5816132,22.581613183021545
2026-08-04,Sankarapuram(Uzhavar Sandhai ),20.0,20.0,2.08285,22.082849979400635
2026-08-04,Pennagaram(Uzhavar Sandhai ),17.5,14.5,4.208907,18.70890712738037
2026-08-04,Devaram(Uzhavar Sandhai ),20.0,20.0,1.4851745,21.485174536705017
2026-08-04,Gudiyatham(Uzhavar Sandhai ),15.0,16.5,2.9801638,19.48016381263733
2026-08-04,Palladam(Uzhavar Sandhai ),17.5,17.5,2.336091,19.83609104156494
2026-08-04,Gobichettipalayam(Uzhavar Sandhai ),17.0,15.0,2.5532196,17.55321955680847
2026-08-04,Dharmapuri(Uzhavar Sandhai ),14.5,14.5,1.5896922,16.08969223499298
2026-08-04,Vazhapadi(Uzhavar Sandhai),17.5,17.5,3.351892,20.85189199447632
2026-08-04,Mettupalayam(Uzhavar Sandhai ),12.5,12.5,4.260824,16.76082420349121
2026-08-04,Kangayam(Uzhavar Sandhai ),14.5,12.5,5.1812177,17.681217670440674
2026-08-04,Dindigul(Uzhavar Sandhai ),18.0,17.5,0.95880175,18.458801746368408
2026-08-04,Sooramangalam(Uzhavar Sandhai ),17.5,14.0,3.934404,17.934403896331787
2026-08-04,Mettur(Uzhavar Sandhai ),15.0,15.0,3.2907383,18.290738344192505
2026-08-04,Jameenrayapettai(Uzhavar Sandhai ),22.5,22.5,2.2659187,24.765918731689453
2026-08-04,Kandiyaperi(Uzhavar Sandhai ),23.5,22.5,0.57456857,23.074568569660187
2026-08-04,Gingee(Uzhavar Sandhai ),15.0,15.0,1.827932,16.827932000160217
2026-08-04,Andipatti(Uzhavar Sandhai ),19.0,19.0,1.482471,20.482470989227295
2026-08-04,Thuraiyur APMC,22.0,22.0,0.7559273,22.755927324295044
2026-08-04,Anna nagar(Uzhavar Sandhai ),17.5,24.0,-0.28759694,23.712403059005737
2026-08-04,Viruthachalam(Uzhavar Sandhai ),20.0,20.0,1.8386346,21.838634610176086
2026-08-04,Anna nagar(Uzhavar Sandhai ),22.0,17.5,2.9673274,20.4673273563385
2026-08-04,Sirkali(Uzhavar Sandhai ),22.5,22.5,0.4042026,22.904202610254288
2026-08-04,Peravurani(Uzhavar Sandhai),20.0,20.0,1.324488,21.324488043785095
2026-08-04,Ambattur(Uzhavar Sandhai ),25.0,25.0,-1.4138057,23.586194276809692
2026-08-04,Udhagamandalam(Uzhavar Sandhai ),17.5,19.0,1.8905022,20.890502214431763
2026-08-04,Mannargudi II(Uzhavar Sandhai ),18.0,18.0,1.2800556,19.28005564212799
2026-08-04,Bodinayakanur(Uzhavar Sandhai ),20.0,20.0,1.4851745,21.485174536705017
2026-08-04,Dharapuram(Uzhavar Sandhai ),17.0,16.0,1.514805,17.51480495929718
2026-08-04,Thalavadi(Uzhavar Sandhai ),9.0,9.0,4.8725967,13.872596740722656
2026-08-04,Tenkasi(Uzhavar Sandhai ),20.0,19.0,2.1168861,21.116886138916016
2026-08-04,Ammapet(Uzhavar Sandhai ),18.0,14.0,3.109359,17.1093590259552
2026-08-04,Papanasam(Uzhavar Sandhai ),20.0,23.0,-0.23367319,22.766326814889908
2026-08-04,Vaniyampadi(Uzhavar Sandhai ),20.0,15.0,3.729736,18.72973608970642
2026-08-04,Sulur(Uzhavar Sandhai ),15.0,15.0,2.0955,17.095499992370605
2026-08-04,Mecheri(Uzhavar Sandhai),17.5,16.0,2.960617,18.960617065429688
2026-08-04,Ranipettai(Uzhavar Sandhai ),17.0,18.0,1.1386241,19.13862407207489
2026-08-04,Pollachi(Uzhavar Sandhai ),14.0,14.0,1.9629138,15.962913751602173
2026-08-04,Hosur(Uzhavar Sandhai ),12.5,13.5,2.372567,15.872566938400269
2026-08-04,Kundrathur(Uzhavar Sandhai ),21.0,21.0,0.37854156,21.37854155898094
2026-08-04,Gudalur(Uzhavar Sandhai ),17.5,17.5,2.902789,20.40278911590576
2026-08-04,Krishnagiri(Uzhavar Sandhai ),15.0,12.0,3.1351845,15.135184526443481
2026-08-04,Cuddalore(Uzhavar Sandhai ),20.0,18.0,2.8177392,20.817739248275757
2026-08-04,Palacode(Uzhavar Sandhai ),13.5,13.5,3.6970057,17.19700574874878
2026-08-04,Melur(Uzhavar Sandhai ),19.0,17.0,2.5608187,19.560818672180176
2026-08-04,Kurichi(Uzhavar Sandhai ),14.0,14.0,2.2821386,16.28213858604431
2026-08-04,Denkanikottai(Uzhavar Sandhai ),12.5,12.5,3.4507105,15.950710535049438
2026-08-04,Natrampalli(Uzhavar Sandhai ),17.5,17.5,2.9941394,20.494139432907104
2026-08-04,Muthupettai(Uzhavar Sandhai ),16.0,16.0,2.2903843,18.29038429260254
2026-08-04,Kallakurichi(Uzhavar Sandhai ),20.0,20.0,1.4957609,21.495760917663574
2026-08-04,Needamangalam(Uzhavar Sandhai ),16.0,16.0,1.44682,17.44682002067566
2026-08-04,Rasipuram(Uzhavar Sandhai ),17.0,15.0,3.0302083,18.030208349227905
2026-08-04,Tiruvarur(Uzhavar Sandhai ),20.0,20.0,1.8148186,21.814818620681763
2026-08-04,Tiruppur (South) (Uzhavar Sandhai ),12.5,13.5,2.79765,16.29765009880066
2026-08-04,Elampillai(Uzhavar Sandhai ),19.0,16.0,1.7902901,17.790290117263794
2026-08-04,Chinnalapatti(Uzhavar Sandhai ),18.0,17.5,0.96179855,18.461798548698425
2026-08-04,Kahithapattarai(Uzhavar Sandhai ),16.0,16.0,2.1590323,18.159032344818115
2026-08-04,Pallikonda(Uzhavar Sandhai),16.5,17.5,1.3284057,18.828405737876892
2026-08-04,Sivakasi(Uzhavar Sandhai ),17.5,17.5,1.5510358,19.05103576183319
2026-08-04,Sundarapuram(Uzhavar Sandhai ),14.0,14.0,3.29262,17.292619943618774
2026-08-04,Tiruppur (North) (Uzhavar Sandhai ),18.0,18.5,1.3858445,19.885844469070435
2026-08-04,Vengamedu(Uzhavar Sandhai ),17.5,17.5,1.4942503,18.994250297546387
2026-08-04,Palayamkottai(Uzhavar Sandhai ),23.5,22.5,0.3468395,22.846839487552643
2026-08-04,Paruthipattu(Uzhavar Sandhai ),25.0,25.0,-1.3202797,23.679720282554626
2026-08-04,Devakottai (Uzhavar Sandhai ),22.5,22.0,0.94398236,22.943982362747192
2026-08-04,Kulithalai(Uzhavar Sandhai ),20.0,20.0,1.4368596,21.436859607696533
2026-08-04,Tirupatthur(Uzhavar Sandhai ),22.5,22.5,1.2444592,23.74445915222168
2026-08-04,Tiruthani(Uzhavar Sandhai ),25.0,25.0,-1.5855334,23.414466619491577
2026-08-04,Kambam(Uzhavar Sandhai ),19.0,19.0,1.2363986,20.236398577690125
2026-08-04,Kumarapalayam(Uzhavar Sandhai ),20.0,16.0,3.3732831,19.37328314781189
2026-08-04,Jalagandapuram(Uzhavar Sandhai ),18.0,16.5,2.4399254,18.9399254322052
2026-08-04,Kamuthi(Uzhavar Sandhai ),26.5,32.5,-2.86781,29.632189989089966
2026-08-04,Perundurai(Uzhavar Sandhai ),15.0,15.0,1.9971182,16.9971182346344
2026-08-04,Tamarainagar(Uzhavar Sandhai ),15.0,13.5,3.511559,17.011559009552002
2026-08-04,Arcot(Uzhavar Sandhai ),15.0,15.0,3.6311884,18.63118839263916
2026-08-04,Kumbakonam (Uzhavar Sandhai ),20.0,21.0,0.5753883,21.575388312339783
2026-08-04,Pattukottai(Uzhavar Sandhai ),22.0,20.0,1.6540266,21.65402662754059
2026-08-04,Periyakulam(Uzhavar Sandhai ),19.0,19.0,1.2868489,20.28684890270233
2026-08-04,Mayiladuthurai(Uzhavar Sandhai ),22.5,22.5,0.38552666,22.885526657104492
2026-08-04,Tiruvallur(Uzhavar Sandhai ),25.0,20.0,2.169502,22.169502019882202
2026-08-04,Vedaranyam(Uzhavar Sandhai),27.5,21.0,3.6285057,24.62850570678711
2026-08-04,Coonoor(Uzhavar Sandhai ),17.0,17.0,1.5742512,18.574251174926758
2026-08-04,Aruppukottai(Uzhavar Sandhai ),17.5,19.0,2.3785007,21.37850069999695
2026-08-04,Medavakkam(Uzhavar Sandhai ),20.0,40.0,-9.182506,30.81749439239502
2026-08-04,Sankarankoil(Uzhavar Sandhai ),20.0,20.0,1.6693802,21.66938018798828
2026-08-04,Tiruchengode APMC,19.0,17.0,1.6046814,18.604681372642517
2026-08-04,Avallapalli(Uzhavar Sandhai ),13.5,13.5,3.4063303,16.906330347061157
2026-08-04,RSPuram(Uzhavar Sandhai ),13.5,15.0,2.0200503,17.020050287246704
2026-08-04,KKNagar(Uzhavar Sandhai ),24.0,22.0,0.6228111,22.62281107902527
2026-08-04,Chokkikulam(Uzhavar Sandhai ),19.0,17.0,2.5013714,19.501371383666992
2026-08-04,Sampath Nagar(Uzhavar Sandhai ),16.5,16.0,2.7290452,18.729045152664185
2026-08-04,Vadavalli(Uzhavar Sandhai ),14.0,14.0,3.503303,17.503303050994873
2026-08-04,Vadalur(Uzhavar Sandhai ),20.0,20.0,2.0121188,22.012118816375732
2026-08-04,Ramanathapuram(Uzhavar Sandhai ),32.5,32.5,-1.777281,30.722718954086304
2026-08-04,Tirukattupalli(Uzhavar Sandhai ),18.0,20.0,2.090709,22.09070897102356
2026-08-04,Mohanur(Uzhavar Sandhai ),20.0,20.0,1.5740929,21.574092864990234
2026-08-04,Periyar Nagar(Uzhavar Sandhai ),16.5,16.0,2.8238149,18.823814868927002
2026-08-04,Naravarikuppam(Uzhavar Sandhai ),25.0,25.0,-1.8839661,23.116033911705017
2026-08-04,Sunguvarchatram(Uzhavar Sandhai ),21.0,21.0,0.6273533,21.627353310585022
2026-08-04,Alangudi(Uzhavar Sandhai ),17.5,17.5,1.8268739,19.326873898506165
2026-08-04,Srivilliputhur(Uzhavar Sandhai ),18.5,18.5,1.7377126,20.237712621688843
2026-08-04,Paramathivelur(Uzhavar Sandhai ),19.0,19.0,1.8043557,20.80435574054718
2026-08-04,Tuticorin(Uzhavar Sandhai ),22.5,22.5,0.3970816,22.89708161354065
2026-08-04,Aranthangi(Uzhavar Sandhai ),17.5,22.5,-0.105066285,22.394933715462685
2026-08-04,Kovilpatti(Uzhavar Sandhai ),22.5,22.5,0.7821666,23.282166600227356
2026-08-04,Thalavaipuram(Uzhavar Sandhai ),17.5,17.5,3.5069706,21.006970643997192
2026-08-04,Guduvancheri(Uzhavar Sandhai ),22.5,22.5,1.9311004,24.431100368499756
2026-08-04,Chengalpet(Uzhavar Sandhai ),19.0,22.5,0.9050554,23.40505540370941
2026-08-04,Karambakkudi(Uzhavar Sandhai ),22.5,22.5,-0.027548935,22.47245106473565
2026-08-04,Thammampatti (Uzhavar Sandhai ),14.0,14.0,3.9801278,17.980127811431885
2026-08-04,Virudhunagar(Uzhavar Sandhai ),18.0,18.0,3.3253348,21.325334787368774
2026-08-04,Nagapattinam(Uzhavar Sandhai ),16.5,20.5,1.8503668,22.350366830825806
2026-08-04,Karaikudi(Uzhavar Sandhai ),25.0,21.0,1.5602083,22.560208320617676
2026-08-04,Ulundurpettai APMC,15.0,15.0,2.483858,17.483858108520508
2026-08-04,Manapparai(Uzhavar Sandhai ),22.0,22.0,0.80200016,22.802000164985657
2026-08-04,Katpadi (Uzhavar Sandhai ),19.0,17.5,2.4222543,19.92225432395935
2026-08-04,Ponnamaravathi(Uzhavar Sandhai),17.5,17.5,3.7701483,21.270148277282715
2026-08-04,Valangaiman APMC,18.0,18.0,1.4992764,19.499276399612427
2026-08-04,Kariyapatti(Uzhavar Sandhai ),19.0,19.0,2.362843,21.36284303665161
2026-08-04,Villupuram(Uzhavar Sandhai ),18.0,18.0,2.5038311,20.503831148147583
2026-08-04,Sathiyamagalam(Uzhavar Sandhai ),12.5,12.5,3.4550107,15.955010652542114
2026-08-04,Chidambaram(Uzhavar Sandhai ),20.0,20.0,1.9417914,21.94179141521454
2026-08-04,Anaiyur(Uzhavar Sandhai ),19.0,17.0,2.524111,19.524111032485962
2026-08-04,Palanganatham(Uzhavar Sandhai ),19.0,17.0,2.0564742,19.056474208831787
2026-08-04,Polur(Uzhavar Sandhai ),17.5,13.5,3.8601744,17.360174417495728
2026-08-04,Perampet(Uzhavar Sandhai),16.5,17.0,2.8105588,19.810558795928955
2026-08-04,Karur(Uzhavar Sandhai ),17.5,17.5,1.176233,18.676233053207397
2026-08-04,Theni(Uzhavar Sandhai ),16.5,18.0,2.6004968,20.600496768951416
2026-08-04,Vandavasi(Uzhavar Sandhai ),17.5,13.5,3.110224,16.61022400856018
2026-08-04,Manachanallur(Uzhavar Sandhai ),20.0,22.0,0.79034233,22.790342330932617
2026-08-04,Panruti(Uzhavar Sandhai ),20.0,20.0,1.8131269,21.813126921653748
2026-08-04,Sathur(Uzhavar Sandhai ),22.5,22.5,1.4583547,23.958354711532593
2026-08-04,Perambakkam(Uzhavar Sandhai ),25.0,25.0,-0.87854713,24.12145286798477
2026-08-04,Vellore APMC,15.0,20.0,0.30328646,20.303286463022232
2026-08-04,Thirumangalam(Uzhavar Sandhai ),19.0,17.0,2.3494167,19.349416732788086
2026-08-04,Attayampatti(Uzhavar Sandhai ),18.0,16.5,3.3055544,19.805554389953613
2026-08-04,Chinnamanur(Uzhavar Sandhai ),18.0,20.0,1.3436176,21.34361755847931
2026-08-04,Ambasamudram(Uzhavar Sandhai ),23.0,23.0,-0.45081028,22.54918971657753
2026-08-04,Arani(Uzhavar Sandhai ),17.5,12.5,5.0236883,17.523688316345215
2026-08-04,Gandhigramam(Uzhavar Sandhai),19.0,19.0,1.4825572,20.48255717754364
2026-08-04,NGO Colony(Uzhavar Sandhai ),23.5,22.5,0.28371292,22.783712923526764
2026-08-04,Singampunari(Uzhavar Sandhai ),21.0,19.0,2.2116296,21.211629629135132
2026-08-04,Edapadi (Uzhavar Sandhai ),21.0,15.5,2.7628872,18.262887239456177
2026-08-04,Karimangalam(Uzhavar Sandhai),17.0,13.5,2.6954308,16.195430755615234
2026-08-04,Thanjavur(Uzhavar Sandhai ),18.0,20.0,1.8865421,21.886542081832886
2026-08-04,Thirupathur APMC,20.0,20.0,1.3777094,21.37770938873291
2026-08-04,Harur(Uzhavar Sandhai ),16.5,16.5,2.643474,19.143474102020264
2026-08-04,Udumalpet APMC,17.5,14.5,2.456052,16.95605206489563
2026-08-04,Thirukalukundram(Uzhavar Sandhai ),21.0,21.0,1.7010344,22.701034426689148
2026-08-04,Thathakapatti(Uzhavar Sandhai ),18.0,14.0,3.4767358,17.476735830307007
2026-08-04,Mannargudi I(Uzhavar Sandhai ),18.0,18.0,1.1522242,19.15222418308258
2026-08-04,Perambalur(Uzhavar Sandhai ),27.5,22.0,0.44699988,22.44699987769127
2026-08-04,Singanallur(Uzhavar Sandhai ),14.0,15.0,2.113459,17.11345911026001
2026-08-04,Athur(Uzhavar Sandhai ),19.0,17.5,2.664895,20.164895057678223
2026-08-05,Jalagandapuram(Uzhavar Sandhai ),17.5,18.0,2.4600987,20.46009874343872
2026-08-05,Gandhigramam(Uzhavar Sandhai),19.0,19.0,1.4516381,20.451638102531433
2026-08-05,Udumalpet APMC,14.5,17.5,1.3572527,18.857252717018127
2026-08-05,RSPuram(Uzhavar Sandhai ),13.5,13.5,3.9425547,17.442554712295532
2026-08-05,Kovilpatti(Uzhavar Sandhai ),27.5,22.5,0.7963005,23.29630047082901
2026-08-05,Aranthangi(Uzhavar Sandhai ),22.5,17.5,2.2734108,19.77341079711914
2026-08-05,Perundurai(Uzhavar Sandhai ),15.0,15.0,1.8364006,16.836400628089905
2026-08-05,Perampet(Uzhavar Sandhai),15.0,16.5,2.3346186,18.83461856842041
2026-08-05,Arcot(Uzhavar Sandhai ),15.0,15.0,3.3985434,18.39854335784912
2026-08-05,Tiruchengode APMC,19.0,19.0,1.3285966,20.328596591949463
2026-08-05,Polur(Uzhavar Sandhai ),17.5,17.5,1.9106442,19.41064417362213
2026-08-05,Mannargudi I(Uzhavar Sandhai ),22.0,18.0,1.1514807,19.151480674743652
2026-08-05,Kamuthi(Uzhavar Sandhai ),25.0,26.5,-0.87144953,25.628550469875336
2026-08-05,Tiruvallur(Uzhavar Sandhai ),20.0,25.0,-1.5439824,23.45601761341095
2026-08-05,Periyakulam(Uzhavar Sandhai ),19.0,19.0,1.1306361,20.13063609600067
2026-08-05,Coonoor(Uzhavar Sandhai ),17.0,17.0,1.3470719,18.347071886062622
2026-08-05,Cheyyar(Uzhavar Sandhai ),17.5,18.0,2.1502233,20.15022325515747
2026-08-05,Ariyalur(Uzhavar Sandhai),23.0,22.5,0.75407714,23.25407713651657
2026-08-05,Pudukottai(Uzhavar Sandhai ),22.0,18.0,2.1772466,20.177246570587158
2026-08-05,NGO Colony(Uzhavar Sandhai ),23.5,23.5,-1.1212565,22.378743529319763
2026-08-05,Tindivanam APMC,16.0,15.0,1.7136954,16.713695406913757
2026-08-05,Vadaseri APMC,27.5,23.5,0.8195206,24.319520592689514
2026-08-05,Rajapalayam(Uzhavar Sandhai ),17.5,17.5,1.5502932,19.05029320716858
2026-08-05,Viralimalai(Uzhavar Sandhai ),22.5,17.5,2.6109152,20.110915184020996
2026-08-05,Paramakudi(Uzhavar Sandhai ),22.5,22.5,1.3755496,23.87554955482483
2026-08-05,Palani(Uzhavar Sandhai ),14.0,14.0,2.939179,16.939178943634033
2026-08-05,Athur(Uzhavar Sandhai ),19.0,19.0,2.1461177,21.146117687225342
2026-08-05,Velayuthampalayam(Uzhavar Sandhai ),17.0,17.0,1.6805218,18.680521845817566
2026-08-05,Thirumangalam(Uzhavar Sandhai ),19.0,19.0,1.6807101,20.680710077285767
2026-08-05,Tamarainagar(Uzhavar Sandhai ),14.0,15.0,2.2969434,17.296943426132202
2026-08-05,Tenkasi(Uzhavar Sandhai ),17.5,20.0,1.1535376,21.15353763103485
2026-08-05,Karambakkudi(Uzhavar Sandhai ),22.5,22.5,-0.038427617,22.461572382599115
2026-08-05,Papanasam(Uzhavar Sandhai ),21.0,20.0,1.7120019,21.7120019197464
2026-08-05,Sankarankoil(Uzhavar Sandhai ),20.0,20.0,1.8906012,21.89060115814209
2026-08-05,Ponnamaravathi(Uzhavar Sandhai),22.5,17.5,3.7430313,21.24303126335144
2026-08-05,Aruppukottai(Uzhavar Sandhai ),17.5,17.5,3.168907,20.668906927108765
2026-08-05,Ammapet(Uzhavar Sandhai ),18.0,18.0,2.3747387,20.374738693237305
2026-08-05,Karur(Uzhavar Sandhai ),17.5,17.5,1.1355753,18.63557529449463
2026-08-05,Anaiyur(Uzhavar Sandhai ),19.0,19.0,1.6573868,20.657386779785156
2026-08-05,Mayiladuthurai(Uzhavar Sandhai ),22.5,22.5,0.35204566,22.85204565525055
2026-08-05,Medavakkam(Uzhavar Sandhai ),20.0,20.0,3.5789514,23.578951358795166
2026-08-05,Sivagangai (Uzhavar Sandhai ),21.0,21.0,1.1516619,22.15166187286377
2026-08-05,Kariyapatti(Uzhavar Sandhai ),19.0,19.0,2.276413,21.276412963867188
2026-08-05,Pattukottai(Uzhavar Sandhai ),26.0,22.0,0.3690082,22.36900821328163
2026-08-05,Avallapalli(Uzhavar Sandhai ),13.5,13.5,3.2285101,16.72851014137268
2026-08-05,KKNagar(Uzhavar Sandhai ),24.0,24.0,-0.66164714,23.338352859020233
2026-08-05,Srivilliputhur(Uzhavar Sandhai ),18.5,18.5,1.9318144,20.431814432144165
2026-08-05,Palanganatham(Uzhavar Sandhai ),19.0,19.0,1.5580924,20.55809235572815
2026-08-05,Cuddalore(Uzhavar Sandhai ),20.0,20.0,1.8883661,21.888366103172302
2026-08-05,Muthupettai(Uzhavar Sandhai ),16.0,16.0,2.0568433,18.056843280792236
2026-08-05,Vaniyampadi(Uzhavar Sandhai ),20.0,20.0,0.95613486,20.956134855747223
2026-08-05,Valangaiman APMC,20.0,18.0,1.4846103,19.484610319137573
2026-08-05,Ranipettai(Uzhavar Sandhai ),18.0,17.0,2.1794689,19.179468870162964
2026-08-05,Kallakurichi(Uzhavar Sandhai ),20.0,20.0,1.2249019,21.224901914596558
2026-08-05,Sulur(Uzhavar Sandhai ),14.0,15.0,2.3079267,17.307926654815674
2026-08-05,Kulithalai(Uzhavar Sandhai ),22.0,20.0,2.0163133,22.016313314437866
2026-08-05,Devakottai (Uzhavar Sandhai ),21.0,22.5,0.6385547,23.13855469226837
2026-08-05,Needamangalam(Uzhavar Sandhai ),20.0,16.0,1.5567999,17.55679988861084
2026-08-05,Karimangalam(Uzhavar Sandhai),13.5,17.0,0.43811435,17.4381143450737
2026-08-05,Paruthipattu(Uzhavar Sandhai ),25.0,25.0,-1.528025,23.471974968910217
2026-08-05,Sathur(Uzhavar Sandhai ),22.5,22.5,1.021004,23.52100396156311
2026-08-05,Attayampatti(Uzhavar Sandhai ),18.0,18.0,1.5442827,19.54428267478943
2026-08-05,Kundrathur(Uzhavar Sandhai ),21.0,21.0,0.32796243,21.327962428331375
2026-08-05,Sundarapuram(Uzhavar Sandhai ),13.5,14.0,2.9147968,16.914796829223633
2026-08-05,Palayamkottai(Uzhavar Sandhai ),23.5,23.5,-1.2193714,22.280628561973572
2026-08-05,Thathakapatti(Uzhavar Sandhai ),17.5,18.0,1.8306327,19.83063268661499
2026-08-05,Sivakasi(Uzhavar Sandhai ),17.5,17.5,1.5113919,19.01139187812805
2026-08-05,Pallikonda(Uzhavar Sandhai),17.0,16.5,2.3689938,18.868993759155273
2026-08-05,Vengamedu(Uzhavar Sandhai ),17.5,17.5,1.4535925,18.953592538833618
2026-08-05,Chinnalapatti(Uzhavar Sandhai ),18.0,18.0,1.3104584,19.310458421707153
2026-08-05,Perambalur(Uzhavar Sandhai ),27.5,27.5,-2.7036436,24.796356439590454
2026-08-05,Elampillai(Uzhavar Sandhai ),19.0,19.0,1.1516714,20.151671409606934
2026-08-05,Singampunari(Uzhavar Sandhai ),21.0,21.0,1.3196081,22.319608092308044
2026-08-05,Kahithapattarai(Uzhavar Sandhai ),14.0,16.0,2.272694,18.27269411087036
2026-08-05,Tiruppur (South) (Uzhavar Sandhai ),12.5,12.5,3.8955574,16.395557403564453
2026-08-05,Rasipuram(Uzhavar Sandhai ),17.0,17.0,1.2133259,18.21332585811615
2026-08-05,Ambasamudram(Uzhavar Sandhai ),18.5,23.0,-0.5956742,22.404325783252716
2026-08-05,Chengam(Uzhavar Sandhai ),18.0,16.5,2.910498,19.410497903823853
2026-08-05,Tiruppur (North) (Uzhavar Sandhai ),18.0,18.0,1.4361068,19.43610680103302
2026-08-05,Chengalpet(Uzhavar Sandhai ),19.0,19.0,2.553787,21.553786993026733
2026-08-05,Tiruthani(Uzhavar Sandhai ),25.0,25.0,-1.5804837,23.41951632499695
2026-08-05,Mecheri(Uzhavar Sandhai),16.5,17.5,2.699976,20.199975967407227
2026-08-05,Naravarikuppam(Uzhavar Sandhai ),25.0,25.0,-1.8100451,23.18995487689972
2026-08-05,Paramathivelur(Uzhavar Sandhai ),20.0,19.0,1.7871581,20.787158131599426
2026-08-05,Periyar Nagar(Uzhavar Sandhai ),16.5,16.5,3.320267,19.82026696205139
2026-08-05,Sampath Nagar(Uzhavar Sandhai ),16.5,16.5,3.214146,19.71414589881897
2026-08-05,Tirukattupalli(Uzhavar Sandhai ),18.0,18.0,2.8833942,20.883394241333008
2026-08-05,Vadalur(Uzhavar Sandhai ),20.0,20.0,1.8056443,21.805644273757935
2026-08-05,Panruti(Uzhavar Sandhai ),20.0,20.0,2.0941346,22.09413456916809
2026-08-05,Keelpennathur(Uzhavar Sandhai ),19.0,19.0,1.2891558,20.28915584087372
2026-08-05,Vadavalli(Uzhavar Sandhai ),14.0,14.0,2.6690943,16.66909432411194
2026-08-05,Kambam(Uzhavar Sandhai ),19.0,19.0,1.2009271,20.200927138328552
2026-08-05,Kumbakonam (Uzhavar Sandhai ),21.0,20.0,1.3877971,21.387797117233276
2026-08-05,Ulundurpettai APMC,15.0,15.0,2.6655757,17.665575742721558
2026-08-05,Thalavaipuram(Uzhavar Sandhai ),18.0,17.5,2.1054533,19.60545325279236
2026-08-05,Tirupatthur(Uzhavar Sandhai ),23.5,22.5,0.8847939,23.384793877601624
2026-08-05,Perambakkam(Uzhavar Sandhai ),25.0,25.0,-0.90181845,24.098181545734406
2026-08-05,Denkanikottai(Uzhavar Sandhai ),12.5,12.5,3.0319555,15.531955480575562
2026-08-05,Kurichi(Uzhavar Sandhai ),14.0,14.0,3.0428727,17.042872667312622
2026-08-05,Kumarapalayam(Uzhavar Sandhai ),14.0,20.0,0.9377555,20.937755525112152
2026-08-05,Hosur(Uzhavar Sandhai ),12.5,12.5,2.7759738,15.275973796844482
2026-08-05,Manachanallur(Uzhavar Sandhai ),22.0,20.0,2.0987473,22.09874725341797
2026-08-05,Gudalur(Uzhavar Sandhai ),16.5,17.5,3.3497455,20.849745512008667
2026-08-05,Pollachi(Uzhavar Sandhai ),14.0,14.0,1.9164546,15.916454553604126
2026-08-05,Chokkikulam(Uzhavar Sandhai ),19.0,19.0,1.7008418,20.700841784477234
2026-08-05,Sunguvarchatram(Uzhavar Sandhai ),21.0,21.0,0.5069144,21.506914377212524
2026-08-05,Virudhunagar(Uzhavar Sandhai ),18.0,18.0,2.5696208,20.569620847702026
2026-08-05,Krishnagiri(Uzhavar Sandhai ),12.0,15.0,2.0857527,17.085752725601196
2026-08-05,Thanjavur(Uzhavar Sandhai ),20.0,18.0,2.5618837,20.561883687973022
2026-08-05,Palacode(Uzhavar Sandhai ),16.5,13.5,3.61129,17.111289978027344
2026-08-05,Ramanathapuram(Uzhavar Sandhai ),29.0,32.5,-1.6503062,30.849693775177002
2026-08-05,Mohanur(Uzhavar Sandhai ),19.0,20.0,1.495207,21.49520695209503
2026-08-05,Melur(Uzhavar Sandhai ),19.0,19.0,1.6940944,20.69409441947937
2026-08-05,Natrampalli(Uzhavar Sandhai ),17.5,17.5,3.0035937,20.503593683242798
2026-08-05,Jeyankondam (Uzhavar Sandhai ),22.0,22.5,0.20718262,22.707182615995407
2026-08-05,Tiruvarur(Uzhavar Sandhai ),20.0,20.0,1.8056443,21.805644273757935
2026-08-05,Bodinayakanur(Uzhavar Sandhai ),20.0,20.0,1.4542553,21.45425534248352
2026-08-05,Anna nagar(Uzhavar Sandhai ),22.0,22.0,0.22384322,22.223843216896057
2026-08-05,Alangudi(Uzhavar Sandhai ),22.5,17.5,1.953102,19.453101992607117
2026-08-05,Pallapatti (Uzhavar Sandhai ),21.0,21.0,0.65305454,21.653054535388947
2026-08-05,Kaveripattinam(Uzhavar Sandhai ),20.0,20.0,1.5517792,21.55177915096283
2026-08-05,Vellore APMC,17.0,15.0,3.5359225,18.535922527313232
2026-08-05,Sankarapuram(Uzhavar Sandhai ),20.0,20.0,2.6881428,22.688142776489258
2026-08-05,Kancheepuram(Uzhavar Sandhai ),21.0,20.0,1.5446489,21.54464888572693
2026-08-05,Thammampatti (Uzhavar Sandhai ),17.5,14.0,4.0735703,18.073570251464844
2026-08-05,Villupuram(Uzhavar Sandhai ),18.0,18.0,1.7923964,19.792396426200867
2026-08-05,Udhagamandalam(Uzhavar Sandhai ),16.5,17.5,2.3577201,19.857720136642456
2026-08-05,Viruthachalam(Uzhavar Sandhai ),20.0,20.0,1.6635567,21.663556694984436
2026-08-05,Devaram(Uzhavar Sandhai ),20.0,20.0,1.4542553,21.45425534248352
2026-08-05,Sathiyamagalam(Uzhavar Sandhai ),12.5,12.5,3.8450105,16.34501051902771
2026-08-05,Usilampatti(Uzhavar Sandhai ),19.0,19.0,1.6327524,20.632752418518066
2026-08-05,Mettur(Uzhavar Sandhai ),16.5,15.0,3.248592,18.248591899871826
2026-08-05,Sooramangalam(Uzhavar Sandhai ),19.0,17.5,1.8443562,19.344356179237366
2026-08-05,Vedasanthur(Uzhavar Sandhai ),14.0,16.5,2.5120125,19.012012481689453
2026-08-05,Hasthampatti(Uzhavar Sandhai ),15.0,18.0,1.9877598,19.987759828567505
2026-08-05,Kandiyaperi(Uzhavar Sandhai ),23.5,23.5,-0.9080747,22.59192532300949
2026-08-05,Harur(Uzhavar Sandhai ),16.5,16.5,2.6621377,19.162137746810913
2026-08-05,Sirkali(Uzhavar Sandhai ),22.5,22.5,0.33815515,22.838155150413513
2026-08-05,Theni(Uzhavar Sandhai ),16.5,16.5,1.9815891,18.4815890789032
2026-08-05,Vandavasi(Uzhavar Sandhai ),18.0,17.5,2.0326622,19.53266215324402
2026-08-05,Dindigul(Uzhavar Sandhai ),17.5,18.0,1.1069539,19.106953859329224
2026-08-05,Gingee(Uzhavar Sandhai ),15.0,15.0,1.8142338,16.814233779907227
2026-08-05,Jameenrayapettai(Uzhavar Sandhai ),22.5,22.5,1.4042879,23.904287934303284
2026-08-05,Pennagaram(Uzhavar Sandhai ),17.5,17.5,1.9410228,19.441022753715515
2026-08-05,Thalavadi(Uzhavar Sandhai ),11.0,9.0,4.7262874,13.726287364959717
2026-08-05,Padappai(Uzhavar Sandhai ),21.5,21.0,0.9677706,21.96777057647705
2026-08-05,Dharapuram(Uzhavar Sandhai ),15.5,17.0,0.8329647,17.832964718341827
2026-08-05,Nanganallur(Uzhavar Sandhai ),19.0,19.0,2.48796,21.48796010017395
2026-08-05,Andipatti(Uzhavar Sandhai ),19.0,19.0,1.3925843,20.392584323883057
2026-08-05,Thiruverumbur(Uzhavar Sandhai ),22.0,22.0,0.26757708,22.267577081918716
2026-08-05,Mettupalayam(Uzhavar Sandhai ),16.5,12.5,4.0767827,16.576782703399658
2026-08-05,Madhuranthagam(Uzhavar Sandhai ),20.0,20.0,2.2627532,22.26275324821472
2026-08-05,Chidambaram(Uzhavar Sandhai ),20.0,20.0,1.9326173,21.93261730670929
2026-08-05,Tiruvannamalai(Uzhavar Sandhai ),18.0,13.5,4.0642014,17.56420135498047
2026-08-05,Gobichettipalayam(Uzhavar Sandhai ),16.5,17.0,1.9836576,18.983657598495483
2026-08-05,Singanallur(Uzhavar Sandhai ),14.0,14.0,1.6644009,15.664400935173035
2026-08-05,Kangayam(Uzhavar Sandhai ),16.0,14.5,2.2021556,16.702155590057373
2026-08-05,Thuraiyur APMC,22.0,22.0,0.72174335,22.72174334526062
2026-08-05,Ambattur(Uzhavar Sandhai ),25.0,25.0,-1.408756,23.591243982315063
2026-08-05,Guduvancheri(Uzhavar Sandhai ),22.5,22.5,2.0535657,24.553565740585327
2026-08-05,Thirupathur APMC,20.0,20.0,1.2196352,21.219635248184204
2026-08-05,Palladam(Uzhavar Sandhai ),16.5,17.5,2.2699459,19.769945859909058
2026-08-05,Lalgudi(Uzhavar Sandhai ),22.0,24.0,-0.608141,23.391858994960785
2026-08-05,Peravurani(Uzhavar Sandhai),20.0,20.0,1.7855194,21.78551936149597
2026-08-05,Arani(Uzhavar Sandhai ),17.5,17.5,2.1248727,19.62487268447876
2026-08-05,Musiri(Uzhavar Sandhai ),20.0,22.0,0.83545804,22.835458040237427
2026-08-05,Vedaranyam(Uzhavar Sandhai),25.0,27.5,0.0092911115,27.50929111149162
2026-08-05,Vazhapadi(Uzhavar Sandhai),18.0,17.5,3.1000473,20.60004734992981
2026-08-05,Gandarvakottai(Uzhavar Sandhai ),22.0,17.5,2.5001345,20.000134468078613
2026-08-05,Dharmapuri(Uzhavar Sandhai ),17.5,14.5,2.6786716,17.17867159843445
2026-08-05,Chinnamanur(Uzhavar Sandhai ),20.0,18.0,2.356025,20.356024980545044
2026-08-05,Mannargudi II(Uzhavar Sandhai ),22.0,18.0,1.2906632,19.290663242340088
2026-08-05,AJattihalli(Uzhavar Sandhai ),16.0,13.5,4.2371974,17.737197399139404
2026-08-05,Edapadi (Uzhavar Sandhai ),21.0,21.0,1.6524881,22.652488112449646
2026-08-05,Karaikudi(Uzhavar Sandhai ),23.0,25.0,-1.4096073,23.59039270877838
2026-08-05,Myladi(Uzhavar Sandhai ),23.5,23.5,-0.2922356,23.207764387130737
2026-08-05,Gudiyatham(Uzhavar Sandhai ),18.0,15.0,1.9898632,16.98986315727234
2026-08-05,Katpadi (Uzhavar Sandhai ),17.5,19.0,1.790077,20.790076971054077
2026-08-05,Melapalayam(Uzhavar Sandhai ),23.5,23.5,-0.9647145,22.535285472869873
2026-08-05,Manapparai(Uzhavar Sandhai ),22.0,22.0,0.5218123,22.521812319755554
2026-08-05,Nagapattinam(Uzhavar Sandhai ),19.5,16.5,3.224891,19.72489094734192
2026-08-05,Pallavaram(Uzhavar Sandhai ),22.5,22.5,1.9080584,24.408058404922485
2026-08-06,Virudhunagar(Uzhavar Sandhai ),18.0,18.0,2.870153,20.870152950286865
2026-08-06,Kumarapalayam(Uzhavar Sandhai ),16.0,14.0,2.8563662,16.85636615753174
2026-08-06,Gudalur(Uzhavar Sandhai ),16.5,16.5,2.1550186,18.65501856803894
2026-08-06,Mettupalayam(Uzhavar Sandhai ),16.5,16.5,2.228816,18.728816032409668
2026-08-06,Ulundurpettai APMC,20.0,15.0,2.404669,17.404669046401978
2026-08-06,Edapadi (Uzhavar Sandhai ),19.0,21.0,1.9799484,22.97994840145111
2026-08-06,Padappai(Uzhavar Sandhai ),20.0,21.5,0.73654336,22.236543357372284
2026-08-06,Perambakkam(Uzhavar Sandhai ),25.0,25.0,-1.3172098,23.682790160179138
2026-08-06,Periyar Nagar(Uzhavar Sandhai ),16.5,16.5,3.2163937,19.71639370918274
2026-08-06,Mohanur(Uzhavar Sandhai ),20.0,19.0,1.7287271,20.728727102279663
2026-08-06,Mettur(Uzhavar Sandhai ),12.0,16.5,2.6764808,19.176480770111084
2026-08-06,Kurichi(Uzhavar Sandhai ),13.5,14.0,2.7159045,16.715904474258423
2026-08-06,Dharapuram(Uzhavar Sandhai ),12.5,15.5,3.0367174,18.536717414855957
2026-08-06,Hosur(Uzhavar Sandhai ),17.5,12.5,2.9375994,15.437599420547485
2026-08-06,Peravurani(Uzhavar Sandhai),20.0,20.0,1.665996,21.665995955467224
2026-08-06,Kumbakonam (Uzhavar Sandhai ),22.0,21.0,0.38688588,21.38688588142395
2026-08-06,Denkanikottai(Uzhavar Sandhai ),17.5,12.5,3.695738,16.195738077163696
2026-08-06,AJattihalli(Uzhavar Sandhai ),18.0,16.0,2.3419025,18.341902494430542
2026-08-06,Katpadi (Uzhavar Sandhai ),17.5,17.5,1.7633522,19.263352155685425
2026-08-06,Chidambaram(Uzhavar Sandhai ),20.0,20.0,1.8570894,21.857089400291443
2026-08-06,Palacode(Uzhavar Sandhai ),19.0,16.5,2.7055411,19.205541133880615
2026-08-06,Melur(Uzhavar Sandhai ),19.0,19.0,1.5895716,20.589571595191956
2026-08-06,Udhagamandalam(Uzhavar Sandhai ),16.5,16.5,2.9800415,19.48004150390625
2026-08-06,Krishnagiri(Uzhavar Sandhai ),12.0,12.0,3.6781254,15.678125381469727
2026-08-06,Thanjavur(Uzhavar Sandhai ),20.0,20.0,1.6199434,21.619943380355835
2026-08-06,Ramanathapuram(Uzhavar Sandhai ),22.5,29.0,-0.15525559,28.84474441409111
2026-08-06,Tirupatthur(Uzhavar Sandhai ),23.0,23.5,-0.07966834,23.42033165693283
2026-08-06,Sooramangalam(Uzhavar Sandhai ),19.0,19.0,1.8189807,20.81898069381714
2026-08-06,Pollachi(Uzhavar Sandhai ),14.0,14.0,3.5716019,17.57160186767578
2026-08-06,Attayampatti(Uzhavar Sandhai ),18.0,18.0,3.3310778,21.331077814102173
2026-08-06,Gandarvakottai(Uzhavar Sandhai ),22.0,22.0,0.16872688,22.16872687637806
2026-08-06,Natrampalli(Uzhavar Sandhai ),17.5,17.5,2.9408379,20.440837860107422
2026-08-06,Sundarapuram(Uzhavar Sandhai ),13.5,13.5,4.0060253,17.506025314331055
2026-08-06,Gobichettipalayam(Uzhavar Sandhai ),14.0,16.5,2.47208,18.97207999229431
2026-08-06,Tiruppur (North) (Uzhavar Sandhai ),13.5,18.0,1.0895239,19.089523911476135
2026-08-06,Kangayam(Uzhavar Sandhai ),13.0,16.0,2.626381,18.626380920410156
2026-08-06,Tiruvannamalai(Uzhavar Sandhai ),14.0,18.0,1.4008538,19.400853753089905
2026-08-06,Sivakasi(Uzhavar Sandhai ),17.5,17.5,2.5820713,20.08207130432129
2026-08-06,Palayamkottai(Uzhavar Sandhai ),23.5,23.5,-0.9319605,22.56803947687149
2026-08-06,Pallikonda(Uzhavar Sandhai),17.0,17.0,2.1724892,19.172489166259766
2026-08-06,Thathakapatti(Uzhavar Sandhai ),17.5,17.5,2.347598,19.8475980758667
2026-08-06,Vengamedu(Uzhavar Sandhai ),17.5,17.5,2.594522,20.09452199935913
2026-08-06,Gudiyatham(Uzhavar Sandhai ),18.0,18.0,1.0512468,19.051246762275696
2026-08-06,Singampunari(Uzhavar Sandhai ),21.0,21.0,1.4686428,22.468642830848694
2026-08-06,Chinnalapatti(Uzhavar Sandhai ),17.5,18.0,1.440207,19.44020700454712
2026-08-06,Guduvancheri(Uzhavar Sandhai ),22.5,22.5,1.5841022,24.084102153778076
2026-08-06,Perambalur(Uzhavar Sandhai ),26.5,27.5,-2.929377,24.57062292098999
2026-08-06,Elampillai(Uzhavar Sandhai ),17.5,19.0,2.6248276,21.62482762336731
2026-08-06,Palladam(Uzhavar Sandhai ),16.5,16.5,2.7489884,19.248988389968872
2026-08-06,Arani(Uzhavar Sandhai ),17.5,17.5,1.915323,19.41532301902771
2026-08-06,Kahithapattarai(Uzhavar Sandhai ),14.0,14.0,3.6147707,17.614770650863647
2026-08-06,Tiruppur (South) (Uzhavar Sandhai ),13.5,12.5,3.9592512,16.459251165390015
2026-08-06,Rasipuram(Uzhavar Sandhai ),17.0,17.0,1.320264,18.320263981819153
2026-08-06,Ambasamudram(Uzhavar Sandhai ),18.5,18.5,2.3664274,20.866427421569824
2026-08-06,Dharmapuri(Uzhavar Sandhai ),19.0,17.5,1.4736093,18.97360932826996
2026-08-06,Chengam(Uzhavar Sandhai ),18.0,18.0,2.5194213,20.519421339035034
2026-08-06,Vazhapadi(Uzhavar Sandhai),16.5,18.0,3.0451126,21.04511260986328
2026-08-06,Devaram(Uzhavar Sandhai ),20.0,20.0,1.6764873,21.67648732662201
2026-08-06,Dindigul(Uzhavar Sandhai ),17.5,17.5,2.3665934,19.86659336090088
2026-08-06,Sathur(Uzhavar Sandhai ),22.5,22.5,-0.14489122,22.35510878264904
2026-08-06,Vellore APMC,16.0,17.0,1.9353882,18.935388207435608
2026-08-06,Manachanallur(Uzhavar Sandhai ),22.0,22.0,0.64083046,22.64083045721054
2026-08-06,Tiruthani(Uzhavar Sandhai ),25.0,25.0,-1.7321862,23.267813801765442
2026-08-06,Mecheri(Uzhavar Sandhai),17.5,16.5,3.5084865,20.00848650932312
2026-08-06,Villupuram(Uzhavar Sandhai ),20.0,18.0,2.658566,20.658565998077393
2026-08-06,Vandavasi(Uzhavar Sandhai ),17.5,18.0,1.0180398,19.01803982257843
2026-08-06,Chengalpet(Uzhavar Sandhai ),19.0,19.0,2.4108868,21.410886764526367
2026-08-06,Pennagaram(Uzhavar Sandhai ),15.5,17.5,1.4088318,18.90883183479309
2026-08-06,Kundrathur(Uzhavar Sandhai ),21.0,21.0,0.45498678,21.45498678088188
2026-08-06,Cuddalore(Uzhavar Sandhai ),18.0,20.0,2.7345839,22.734583854675293
2026-08-06,Chokkikulam(Uzhavar Sandhai ),19.0,19.0,1.6171168,20.617116808891296
2026-08-06,Muthupettai(Uzhavar Sandhai ),20.0,16.0,2.4622962,18.4622962474823
2026-08-06,Thiruverumbur(Uzhavar Sandhai ),22.0,22.0,0.447633,22.447632998228073
2026-08-06,Mannargudi II(Uzhavar Sandhai ),20.0,22.0,-0.016461462,21.983538538217545
2026-08-06,Ranipettai(Uzhavar Sandhai ),17.0,18.0,2.8039813,20.8039813041687
2026-08-06,Kallakurichi(Uzhavar Sandhai ),20.0,20.0,1.5226148,21.52261483669281
2026-08-06,Madhuranthagam(Uzhavar Sandhai ),30.0,20.0,2.5618272,22.561827182769775
2026-08-06,Needamangalam(Uzhavar Sandhai ),18.0,20.0,0.8631493,20.863149285316467
2026-08-06,Karimangalam(Uzhavar Sandhai),19.0,13.5,4.1147904,17.614790439605713
2026-08-06,Alangudi(Uzhavar Sandhai ),22.5,22.5,-0.40174755,22.098252445459366
2026-08-06,Devakottai (Uzhavar Sandhai ),22.0,21.0,1.0294507,22.02945065498352
2026-08-06,Sulur(Uzhavar Sandhai ),15.0,14.0,2.0731657,16.07316565513611
2026-08-06,Kulithalai(Uzhavar Sandhai ),22.0,22.0,0.54755896,22.547558963298798
2026-08-06,Kaveripattinam(Uzhavar Sandhai ),20.0,20.0,1.4773258,21.477325797080994
2026-08-06,Chinnamanur(Uzhavar Sandhai ),20.0,20.0,1.7959137,21.795913696289062
2026-08-06,Paruthipattu(Uzhavar Sandhai ),20.0,25.0,-1.8969269,23.103073120117188
2026-08-06,Sankarapuram(Uzhavar Sandhai ),20.0,20.0,2.3860795,22.38607954978943
2026-08-06,Vaniyampadi(Uzhavar Sandhai ),20.0,20.0,2.5238187,22.523818731307983
2026-08-06,Ambattur(Uzhavar Sandhai ),25.0,25.0,-1.5534576,23.446542382240295
2026-08-06,Vadavalli(Uzhavar Sandhai ),14.0,14.0,3.5151544,17.515154361724854
2026-08-06,Kancheepuram(Uzhavar Sandhai ),20.5,21.0,0.8421975,21.842197477817535
2026-08-06,Aruppukottai(Uzhavar Sandhai ),17.5,17.5,3.0808635,20.58086347579956
2026-08-06,Melapalayam(Uzhavar Sandhai ),23.5,23.5,-0.8327111,22.667288899421692
2026-08-06,Thammampatti (Uzhavar Sandhai ),15.0,17.5,2.5977724,20.097772359848022
2026-08-06,Medavakkam(Uzhavar Sandhai ),20.0,20.0,3.4368317,23.43683171272278
2026-08-06,Ammapet(Uzhavar Sandhai ),16.5,18.0,2.4823456,20.482345581054688
2026-08-06,Karur(Uzhavar Sandhai ),17.5,17.5,2.3025558,19.802555799484253
2026-08-06,Pallapatti (Uzhavar Sandhai ),21.0,21.0,0.4905983,21.490598291158676
2026-08-06,Nanganallur(Uzhavar Sandhai ),19.0,19.0,2.5197015,21.51970148086548
2026-08-06,Anaiyur(Uzhavar Sandhai ),19.0,19.0,1.6098208,20.60982084274292
2026-08-06,Tiruvarur(Uzhavar Sandhai ),20.0,20.0,1.7301162,21.7301162481308
2026-08-06,Sankarankoil(Uzhavar Sandhai ),17.5,20.0,1.6314919,21.631491899490356
2026-08-06,Periyakulam(Uzhavar Sandhai ),19.0,19.0,1.8805369,20.880536913871765
2026-08-06,Sivagangai (Uzhavar Sandhai ),21.0,21.0,0.9924732,21.99247318506241
2026-08-06,Bodinayakanur(Uzhavar Sandhai ),20.0,20.0,1.6764873,21.67648732662201
2026-08-06,Kariyapatti(Uzhavar Sandhai ),19.0,19.0,2.2088337,21.208833694458008
2026-08-06,Pattukottai(Uzhavar Sandhai ),22.0,26.0,-2.4425204,23.55747961997986
2026-08-06,Thirukalukundram(Uzhavar Sandhai ),21.0,21.0,1.4255803,22.425580263137817
2026-08-06,Mayiladuthurai(Uzhavar Sandhai ),22.5,22.5,0.22134992,22.72134992480278
2026-08-06,Coonoor(Uzhavar Sandhai ),17.0,17.0,1.2972621,18.29726207256317
2026-08-06,Tiruvallur(Uzhavar Sandhai ),25.0,20.0,2.059903,22.059902906417847
2026-08-06,Tamarainagar(Uzhavar Sandhai ),15.0,14.0,3.4463305,17.446330547332764
2026-08-06,Jameenrayapettai(Uzhavar Sandhai ),22.5,22.5,1.3117988,23.811798810958862
2026-08-06,Mannargudi I(Uzhavar Sandhai ),20.0,22.0,-0.05532706,21.94467293843627
2026-08-06,Thalavadi(Uzhavar Sandhai ),11.5,11.0,4.381344,15.381343841552734
2026-08-06,Avallapalli(Uzhavar Sandhai ),17.5,13.5,3.3944027,16.894402742385864
2026-08-06,Usilampatti(Uzhavar Sandhai ),19.0,19.0,1.5851865,20.58518648147583
2026-08-06,Vedasanthur(Uzhavar Sandhai ),14.0,14.0,2.9765396,16.976539611816406
2026-08-06,Musiri(Uzhavar Sandhai ),21.0,20.0,2.108335,22.10833501815796
2026-08-06,Keelpennathur(Uzhavar Sandhai ),19.0,19.0,1.303939,20.30393898487091
2026-08-06,Jeyankondam (Uzhavar Sandhai ),22.0,22.0,0.062134884,22.062134884297848
2026-08-06,Rajapalayam(Uzhavar Sandhai ),17.5,17.5,2.3584867,19.858486652374268
2026-08-06,Cheyyar(Uzhavar Sandhai ),17.5,17.5,2.107175,19.60717511177063
2026-08-06,Ponnamaravathi(Uzhavar Sandhai),22.0,22.5,0.19844745,22.698447450995445
2026-08-06,Vedaranyam(Uzhavar Sandhai),25.0,25.0,0.91625816,25.91625815629959
2026-08-06,Ariyalur(Uzhavar Sandhai),22.0,23.0,-0.14349304,22.85650695860386
2026-08-06,Lalgudi(Uzhavar Sandhai ),22.0,22.0,0.11067574,22.110675737261772
2026-08-06,NGO Colony(Uzhavar Sandhai ),26.0,23.5,-0.548442,22.951557993888855
2026-08-06,Manapparai(Uzhavar Sandhai ),22.0,22.0,0.11067574,22.110675737261772
2026-08-06,Tindivanam APMC,16.0,16.0,2.7835174,18.783517360687256
2026-08-06,Vadaseri APMC,23.5,27.5,-2.50438,24.995620012283325
2026-08-06,Pudukottai(Uzhavar Sandhai ),22.0,22.0,0.037217893,22.037217892706394
2026-08-06,Nagapattinam(Uzhavar Sandhai ),20.0,19.5,1.6380919,21.138091921806335
2026-08-06,Paramakudi(Uzhavar Sandhai ),22.5,22.5,1.0916712,23.591671228408813
2026-08-06,Viralimalai(Uzhavar Sandhai ),22.5,22.5,0.23691486,22.736914858222008
2026-08-06,Pallavaram(Uzhavar Sandhai ),23.5,22.5,1.8001437,24.300143718719482
2026-08-06,Palani(Uzhavar Sandhai ),14.0,14.0,2.5246892,16.524689197540283
2026-08-06,Sathiyamagalam(Uzhavar Sandhai ),12.5,12.5,4.317551,16.817551136016846
2026-08-06,Velayuthampalayam(Uzhavar Sandhai ),18.0,17.0,2.489913,19.48991298675537
2026-08-06,Thirumangalam(Uzhavar Sandhai ),19.0,19.0,1.6272861,20.627286076545715
2026-08-06,Hasthampatti(Uzhavar Sandhai ),15.0,15.0,3.4282885,18.428288459777832
2026-08-06,Athur(Uzhavar Sandhai ),17.5,19.0,2.6862218,21.686221837997437
2026-08-06,Tenkasi(Uzhavar Sandhai ),17.5,17.5,2.1377728,19.637772798538208
2026-08-06,Kamuthi(Uzhavar Sandhai ),22.5,25.0,-0.7859627,24.21403729915619
2026-08-06,Sirkali(Uzhavar Sandhai ),22.5,22.5,0.20045835,22.700458347797394
2026-08-06,Thalavaipuram(Uzhavar Sandhai ),18.0,18.0,1.5955302,19.595530152320862
2026-08-06,Polur(Uzhavar Sandhai ),17.5,17.5,1.3386277,18.838627696037292
2026-08-06,Kambam(Uzhavar Sandhai ),19.0,19.0,1.5847932,20.584793210029602
2026-08-06,Kandiyaperi(Uzhavar Sandhai ),23.5,23.5,-0.76546156,22.734538435935974
2026-08-06,Aranthangi(Uzhavar Sandhai ),22.5,22.5,-0.35963956,22.140360444784164
2026-08-06,Tuticorin(Uzhavar Sandhai ),22.5,22.5,0.039853893,22.539853893220425
2026-08-06,Anna nagar(Uzhavar Sandhai ),20.0,22.0,0.042900205,22.04290020465851
2026-08-06,Udumalpet APMC,14.5,14.5,3.6237168,18.123716831207275
2026-08-06,Karaikudi(Uzhavar Sandhai ),23.0,23.0,-0.22521974,22.77478025853634
2026-08-06,Sunguvarchatram(Uzhavar Sandhai ),21.0,21.0,0.7565337,21.756533682346344
2026-08-06,Harur(Uzhavar Sandhai ),16.5,16.5,2.6019285,19.10192847251892
2026-08-06,Palanganatham(Uzhavar Sandhai ),19.0,19.0,1.5149115,20.51491153240204
2026-08-06,Gandhigramam(Uzhavar Sandhai),19.0,19.0,1.9700943,20.970094323158264
2026-08-06,Naravarikuppam(Uzhavar Sandhai ),25.0,25.0,-1.2416204,23.758379578590393
2026-08-06,Valangaiman APMC,20.0,20.0,1.2208198,21.22081983089447
2026-08-06,Myladi(Uzhavar Sandhai ),22.5,23.5,-0.53361326,22.9663867354393
2026-08-06,Sampath Nagar(Uzhavar Sandhai ),16.5,16.5,3.2163937,19.71639370918274
2026-08-06,Paramathivelur(Uzhavar Sandhai ),21.0,20.0,1.5051079,21.505107879638672
2026-08-06,Thuraiyur APMC,22.0,22.0,0.4864227,22.486422687768936
2026-08-06,Tirukattupalli(Uzhavar Sandhai ),20.0,18.0,2.7481778,20.748177766799927
2026-08-06,Panruti(Uzhavar Sandhai ),20.0,20.0,1.6875805,21.687580466270447
2026-08-06,Thirupathur APMC,20.0,20.0,1.1428715,21.142871499061584
2026-08-06,Vadalur(Uzhavar Sandhai ),19.0,20.0,1.7149324,21.714932441711426
2026-08-06,Srivilliputhur(Uzhavar Sandhai ),18.5,18.5,2.7397242,21.239724159240723
2026-08-06,KKNagar(Uzhavar Sandhai ),24.0,24.0,-0.17343979,23.826560214161873
2026-08-06,RSPuram(Uzhavar Sandhai ),13.5,13.5,4.097881,17.597880840301514
2026-08-06,Viruthachalam(Uzhavar Sandhai ),20.0,20.0,1.1272048,21.12720477581024
2026-08-06,Jalagandapuram(Uzhavar Sandhai ),16.0,17.5,2.8027618,20.302761793136597
2026-08-06,Perampet(Uzhavar Sandhai),17.0,15.0,3.1053033,18.105303287506104
2026-08-06,Theni(Uzhavar Sandhai ),20.0,16.5,3.447073,19.947072982788086
2026-08-06,Tiruchengode APMC,18.0,19.0,1.2821621,20.282162070274353
2026-08-06,Andipatti(Uzhavar Sandhai ),19.0,19.0,1.4025438,20.402543783187866
2026-08-06,Gingee(Uzhavar Sandhai ),15.0,15.0,3.3472722,18.347272157669067
2026-08-06,Kovilpatti(Uzhavar Sandhai ),22.5,27.5,-2.7624273,24.73757266998291
2026-08-06,Arcot(Uzhavar Sandhai ),15.0,15.0,3.0612674,18.061267375946045
2026-08-06,Perundurai(Uzhavar Sandhai ),18.0,15.0,2.0412228,17.04122281074524
2026-08-07,Nagapattinam(Uzhavar Sandhai ),21.0,20.0,1.3954953,21.395495295524597
2026-08-07,Vadaseri APMC,23.5,23.5,-0.5984977,22.901502311229706
2026-08-07,Kumbakonam (Uzhavar Sandhai ),22.0,22.0,0.01232745,22.012327450327575
2026-08-07,Vazhapadi(Uzhavar Sandhai),17.5,16.5,3.8735807,20.37358069419861
2026-08-07,Padappai(Uzhavar Sandhai ),20.0,20.0,2.237346,22.237345933914185
2026-08-07,Tiruvannamalai(Uzhavar Sandhai ),14.0,14.0,3.5396655,17.539665460586548
2026-08-07,Panruti(Uzhavar Sandhai ),20.0,20.0,1.8400606,21.840060591697693
2026-08-07,Manapparai(Uzhavar Sandhai ),22.0,22.0,0.07846754,22.078467540442944
2026-08-07,Coonoor(Uzhavar Sandhai ),17.0,17.0,1.4992173,18.49921727180481
2026-08-07,Needamangalam(Uzhavar Sandhai ),20.0,18.0,3.0002997,21.00029969215393
2026-08-07,Chengalpet(Uzhavar Sandhai ),19.0,19.0,2.1193967,21.119396686553955
2026-08-07,Kahithapattarai(Uzhavar Sandhai ),14.0,14.0,3.5303767,17.53037667274475
2026-08-07,Ranipettai(Uzhavar Sandhai ),16.0,17.0,3.1091683,20.10916829109192
2026-08-07,Jalagandapuram(Uzhavar Sandhai ),16.5,16.0,3.1318135,19.131813526153564
2026-08-07,Edapadi (Uzhavar Sandhai ),16.5,19.0,2.4991016,21.499101638793945
2026-08-07,Athur(Uzhavar Sandhai ),17.5,17.5,3.223529,20.72352910041809
2026-08-07,Rajapalayam(Uzhavar Sandhai ),16.5,17.5,2.6053498,20.10534977912903
2026-08-07,Perambalur(Uzhavar Sandhai ),22.5,26.5,-2.6628013,23.837198734283447
2026-08-07,Jeyankondam (Uzhavar Sandhai ),22.0,22.0,0.03142685,22.03142685070634
2026-08-07,Srivilliputhur(Uzhavar Sandhai ),17.5,18.5,2.7056096,21.205609560012817
2026-08-07,Ambattur(Uzhavar Sandhai ),25.0,25.0,-1.5440379,23.45596206188202
2026-08-07,Tiruthani(Uzhavar Sandhai ),25.0,25.0,-1.7227665,23.277233481407166
2026-08-07,Paramakudi(Uzhavar Sandhai ),22.5,22.5,1.0316491,23.531649112701416
2026-08-07,Paramathivelur(Uzhavar Sandhai ),21.0,21.0,0.85518265,21.855182647705078
2026-08-07,Musiri(Uzhavar Sandhai ),20.0,21.0,1.0669729,22.066972851753235
2026-08-07,Mohanur(Uzhavar Sandhai ),20.0,20.0,1.3581073,21.358107328414917
2026-08-07,Bodinayakanur(Uzhavar Sandhai ),20.0,20.0,1.9608877,21.960887670516968
2026-08-07,Perundurai(Uzhavar Sandhai ),16.5,18.0,2.1082287,20.10822868347168
2026-08-07,Ramanathapuram(Uzhavar Sandhai ),23.5,22.5,3.2295258,25.729525804519653
2026-08-07,Sulur(Uzhavar Sandhai ),17.0,15.0,2.7888064,17.788806438446045
2026-08-07,Theni(Uzhavar Sandhai ),20.0,20.0,2.589553,22.589553117752075
2026-08-07,Medavakkam(Uzhavar Sandhai ),20.0,20.0,3.160966,23.16096591949463
2026-08-07,Sooramangalam(Uzhavar Sandhai ),17.0,19.0,2.9411802,21.94118022918701
2026-08-07,Melapalayam(Uzhavar Sandhai ),23.5,23.5,-0.70206827,22.797931730747223
2026-08-07,Karimangalam(Uzhavar Sandhai),16.5,19.0,1.926103,20.926102995872498
2026-08-07,Gandhigramam(Uzhavar Sandhai),19.0,19.0,1.9888481,20.988848090171814
2026-08-07,Tiruvallur(Uzhavar Sandhai ),25.0,25.0,-1.712332,23.287667989730835
2026-08-07,Avallapalli(Uzhavar Sandhai ),13.5,17.5,1.815381,19.315381050109863
2026-08-07,Anna nagar(Uzhavar Sandhai ),19.0,20.0,1.7212871,21.72128713130951
2026-08-07,Valangaiman APMC,22.0,20.0,1.685121,21.685121059417725
2026-08-07,Gobichettipalayam(Uzhavar Sandhai ),17.0,14.0,3.471108,17.471107959747314
2026-08-07,Anna nagar(Uzhavar Sandhai ),20.0,19.0,2.2186334,21.21863341331482
2026-08-07,Chokkikulam(Uzhavar Sandhai ),19.0,19.0,1.9657836,20.96578359603882
2026-08-07,Guduvancheri(Uzhavar Sandhai ),22.5,22.5,1.3744817,23.874481678009033
2026-08-07,Alangudi(Uzhavar Sandhai ),22.5,22.5,-0.3960215,22.103978514671326
2026-08-07,Vedasanthur(Uzhavar Sandhai ),13.5,14.0,3.9256902,17.925690174102783
2026-08-07,Jameenrayapettai(Uzhavar Sandhai ),22.5,22.5,1.2603306,23.76033055782318
2026-08-07,Chidambaram(Uzhavar Sandhai ),20.0,20.0,1.8758432,21.875843167304993
2026-08-07,Palayamkottai(Uzhavar Sandhai ),23.5,23.5,-0.59495723,22.90504276752472
2026-08-07,Kumarapalayam(Uzhavar Sandhai ),14.0,16.0,2.08157,18.08156991004944
2026-08-07,KKNagar(Uzhavar Sandhai ),24.0,24.0,-0.20790002,23.792099982500076
2026-08-07,Vengamedu(Uzhavar Sandhai ),17.5,17.5,2.6002479,20.100247859954834
2026-08-07,Kariyapatti(Uzhavar Sandhai ),19.0,19.0,2.2275872,21.22758722305298
2026-08-07,Kurichi(Uzhavar Sandhai ),13.5,13.5,3.504962,17.00496196746826
2026-08-07,Chengam(Uzhavar Sandhai ),18.0,18.0,2.822174,20.822174072265625
2026-08-07,NGO Colony(Uzhavar Sandhai ),26.0,26.0,-2.6361911,23.36380887031555
2026-08-07,Viralimalai(Uzhavar Sandhai ),22.5,22.5,0.24264088,22.742640882730484
2026-08-07,Tenkasi(Uzhavar Sandhai ),17.5,17.5,2.2946131,19.794613122940063
2026-08-07,Pudukottai(Uzhavar Sandhai ),22.0,22.0,0.71645343,22.716453433036804
2026-08-07,Tindivanam APMC,16.0,16.0,3.1539154,19.153915405273438
2026-08-07,Ariyalur(Uzhavar Sandhai),22.5,22.0,0.5080748,22.508074820041656
2026-08-07,Cheyyar(Uzhavar Sandhai ),13.5,17.5,1.9842879,19.48428785800934
2026-08-07,Ponnamaravathi(Uzhavar Sandhai),22.5,22.0,0.67676103,22.676761031150818
2026-08-07,Sathiyamagalam(Uzhavar Sandhai ),13.0,12.5,4.193699,16.69369888305664
2026-08-07,Gandarvakottai(Uzhavar Sandhai ),22.5,22.0,0.18748048,22.187480479478836
2026-08-07,Vedaranyam(Uzhavar Sandhai),25.0,25.0,0.19369073,25.193690732121468
2026-08-07,Lalgudi(Uzhavar Sandhai ),24.0,22.0,0.7634864,22.76348638534546
2026-08-07,Pallavaram(Uzhavar Sandhai ),22.5,23.5,0.67226017,24.17226016521454
2026-08-07,Hasthampatti(Uzhavar Sandhai ),17.0,15.0,3.1506503,18.15065026283264
2026-08-07,Usilampatti(Uzhavar Sandhai ),19.0,19.0,1.9338533,20.933853268623352
2026-08-07,Velayuthampalayam(Uzhavar Sandhai ),17.0,18.0,2.1620405,20.16204047203064
2026-08-07,Thirumangalam(Uzhavar Sandhai ),19.0,19.0,1.8313471,20.831347107887268
2026-08-07,Palani(Uzhavar Sandhai ),12.5,14.0,3.3100436,17.310043573379517
2026-08-07,Sankarankoil(Uzhavar Sandhai ),17.5,17.5,2.3356297,19.83562970161438
2026-08-07,Kovilpatti(Uzhavar Sandhai ),22.5,22.5,0.688054,23.188054025173187
2026-08-07,Tiruchengode APMC,18.0,18.0,1.6441911,19.64419114589691
2026-08-07,Perampet(Uzhavar Sandhai),18.0,17.0,1.9665266,18.96652662754059
2026-08-07,Kamuthi(Uzhavar Sandhai ),22.5,22.5,1.2709639,23.77096390724182
2026-08-07,Tamarainagar(Uzhavar Sandhai ),14.0,15.0,2.9137433,17.913743257522583
2026-08-07,Mannargudi I(Uzhavar Sandhai ),22.0,20.0,3.0618289,23.06182885169983
2026-08-07,Mayiladuthurai(Uzhavar Sandhai ),22.5,22.5,0.22707598,22.72707597911358
2026-08-07,Singanallur(Uzhavar Sandhai ),17.0,14.0,1.7649231,15.764923095703125
2026-08-07,Anaiyur(Uzhavar Sandhai ),19.0,19.0,1.9584876,20.958487629890442
2026-08-07,Tiruvarur(Uzhavar Sandhai ),20.0,20.0,1.74887,21.748870015144348
2026-08-07,Periyakulam(Uzhavar Sandhai ),19.0,19.0,1.8634684,20.863468408584595
2026-08-07,Ammapet(Uzhavar Sandhai ),14.0,16.5,3.0029497,19.502949714660645
2026-08-07,Karur(Uzhavar Sandhai ),17.5,17.5,2.3082817,19.808281660079956
2026-08-07,Aruppukottai(Uzhavar Sandhai ),17.5,17.5,2.1823113,19.682311296463013
2026-08-07,Papanasam(Uzhavar Sandhai ),22.0,21.0,0.83117217,21.831172168254852
2026-08-07,Karambakkudi(Uzhavar Sandhai ),22.5,22.5,-0.1703985,22.329601496458054
2026-08-07,Pattukottai(Uzhavar Sandhai ),22.0,22.0,0.3678657,22.367865711450577
2026-08-07,Arcot(Uzhavar Sandhai ),15.0,15.0,3.6096423,18.609642267227173
2026-08-07,Kancheepuram(Uzhavar Sandhai ),20.5,20.5,1.7582483,22.258248329162598
2026-08-07,Nanganallur(Uzhavar Sandhai ),19.0,19.0,2.538455,21.53845500946045
2026-08-07,Dindigul(Uzhavar Sandhai ),18.0,17.5,2.261004,19.761003971099854
2026-08-07,Pennagaram(Uzhavar Sandhai ),17.5,15.5,3.3897355,18.889735460281372
2026-08-07,Vandavasi(Uzhavar Sandhai ),13.5,17.5,2.0658038,19.56580376625061
2026-08-07,Thiruverumbur(Uzhavar Sandhai ),22.0,22.0,0.3571109,22.357110887765884
2026-08-07,Madhuranthagam(Uzhavar Sandhai ),20.0,30.0,-3.7076135,26.292386531829834
2026-08-07,Kaveripattinam(Uzhavar Sandhai ),20.0,20.0,1.6575474,21.65754735469818
2026-08-07,Chinnamanur(Uzhavar Sandhai ),20.0,20.0,2.7277336,22.727733612060547
2026-08-07,Sankarapuram(Uzhavar Sandhai ),20.0,20.0,1.4874806,21.487480640411377
2026-08-07,Palladam(Uzhavar Sandhai ),16.5,16.5,3.5037775,20.003777503967285
2026-08-07,Vellore APMC,15.0,16.0,2.778236,18.778235912322998
2026-08-07,Arani(Uzhavar Sandhai ),12.5,17.5,1.9844745,19.484474539756775
2026-08-07,Gudiyatham(Uzhavar Sandhai ),16.0,18.0,1.8354323,19.835432291030884
2026-08-07,Kangayam(Uzhavar Sandhai ),12.5,13.0,5.0278306,18.027830600738525
2026-08-07,Dharmapuri(Uzhavar Sandhai ),19.0,19.0,1.9162863,20.91628634929657
2026-08-07,Thalavaipuram(Uzhavar Sandhai ),16.0,18.0,3.1862884,21.186288356781006
2026-08-07,Dharapuram(Uzhavar Sandhai ),12.5,12.5,4.400019,16.90001916885376
2026-08-07,Mettupalayam(Uzhavar Sandhai ),16.5,16.5,2.234542,18.73454189300537
2026-08-07,Katpadi (Uzhavar Sandhai ),17.5,17.5,1.6967571,19.196757078170776
2026-08-07,Udhagamandalam(Uzhavar Sandhai ),16.5,16.5,2.1758153,18.67581534385681
2026-08-07,Thalavadi(Uzhavar Sandhai ),11.5,11.5,4.0185103,15.518510341644287
2026-08-07,Karaikudi(Uzhavar Sandhai ),23.5,23.0,0.18908577,23.189085766673088
2026-08-07,Sirkali(Uzhavar Sandhai ),22.5,22.5,0.2061844,22.706184402108192
2026-08-07,Gingee(Uzhavar Sandhai ),15.0,15.0,3.312432,18.312432050704956
2026-08-07,Andipatti(Uzhavar Sandhai ),19.0,19.0,1.8881028,20.888102769851685
2026-08-07,Kandiyaperi(Uzhavar Sandhai ),23.5,23.5,-0.60917,22.890829980373383
2026-08-07,Pallapatti (Uzhavar Sandhai ),21.0,21.0,0.50349396,21.50349396467209
2026-08-07,Thammampatti (Uzhavar Sandhai ),14.0,15.0,2.545235,17.54523491859436
2026-08-07,Viruthachalam(Uzhavar Sandhai ),20.0,20.0,1.7789272,21.778927206993103
2026-08-07,Myladi(Uzhavar Sandhai ),23.5,22.5,0.08614748,22.586147479712963
2026-08-07,Harur(Uzhavar Sandhai ),16.5,16.5,3.0290668,19.529066801071167
2026-08-07,Thirupathur APMC,20.0,20.0,1.1572484,21.157248377799988
2026-08-07,Mannargudi II(Uzhavar Sandhai ),22.0,20.0,3.100694,23.100693941116333
2026-08-07,AJattihalli(Uzhavar Sandhai ),19.0,18.0,1.9961542,19.996154189109802
2026-08-07,Peravurani(Uzhavar Sandhai),20.0,20.0,1.8099566,21.809956550598145
2026-08-07,Mettur(Uzhavar Sandhai ),14.5,12.0,5.761489,17.761488914489746
2026-08-07,Thuraiyur APMC,20.0,22.0,2.0917017,24.09170174598694
2026-08-07,RSPuram(Uzhavar Sandhai ),15.0,13.5,4.052628,17.55262804031372
2026-08-07,Sivagangai (Uzhavar Sandhai ),21.0,21.0,1.531958,22.531957983970642
2026-08-07,Manachanallur(Uzhavar Sandhai ),24.0,22.0,0.8449722,22.84497219324112
2026-08-07,Pallikonda(Uzhavar Sandhai),17.0,17.0,1.510385,18.510385036468506
2026-08-07,Denkanikottai(Uzhavar Sandhai ),12.5,17.5,1.1865875,18.68658745288849
2026-08-07,Melur(Uzhavar Sandhai ),19.0,19.0,1.9951953,20.995195269584656
2026-08-07,Perambakkam(Uzhavar Sandhai ),25.0,25.0,-1.5440379,23.45596206188202
2026-08-07,Sivakasi(Uzhavar Sandhai ),17.5,17.5,2.5902698,20.090269804000854
2026-08-07,Vaniyampadi(Uzhavar Sandhai ),20.0,20.0,2.239367,22.23936700820923
2026-08-07,Devaram(Uzhavar Sandhai ),20.0,20.0,1.9608877,21.960887670516968
2026-08-07,Tiruppur (North) (Uzhavar Sandhai ),17.5,13.5,3.4534178,16.953417778015137
2026-08-07,Palacode(Uzhavar Sandhai ),19.0,19.0,1.8949878,20.89498782157898
2026-08-07,Virudhunagar(Uzhavar Sandhai ),18.0,18.0,2.8119662,20.81196618080139
2026-08-07,Krishnagiri(Uzhavar Sandhai ),12.0,12.0,3.7570531,15.757053136825562
2026-08-07,Sundarapuram(Uzhavar Sandhai ),14.5,13.5,3.4248898,16.92488980293274
2026-08-07,Sathur(Uzhavar Sandhai ),17.5,22.5,-0.5143136,21.985686421394348
2026-08-07,Villupuram(Uzhavar Sandhai ),20.0,20.0,1.6041062,21.604106187820435
2026-08-07,Thanjavur(Uzhavar Sandhai ),20.0,20.0,1.9928896,21.992889642715454
2026-08-07,Pollachi(Uzhavar Sandhai ),14.0,14.0,3.3629208,17.3629207611084
2026-08-07,Gudalur(Uzhavar Sandhai ),17.5,16.5,2.3298771,18.829877138137817
2026-08-07,Paruthipattu(Uzhavar Sandhai ),20.0,20.0,2.2882183,22.2882182598114
2026-08-07,Singampunari(Uzhavar Sandhai ),21.0,21.0,1.6362636,22.636263608932495
2026-08-07,Kulithalai(Uzhavar Sandhai ),18.0,22.0,0.5334951,22.533495128154755
2026-08-07,Hosur(Uzhavar Sandhai ),14.0,17.5,0.9633441,18.46334409713745
2026-08-07,Natrampalli(Uzhavar Sandhai ),17.5,17.5,2.9667885,20.46678853034973
2026-08-07,Attayampatti(Uzhavar Sandhai ),20.0,18.0,2.7975361,20.79753613471985
2026-08-07,Kambam(Uzhavar Sandhai ),20.0,19.0,1.603547,20.603546977043152
2026-08-07,Cuddalore(Uzhavar Sandhai ),18.0,18.0,3.0562947,21.056294679641724
2026-08-07,Rasipuram(Uzhavar Sandhai ),17.0,17.0,1.2971618,18.29716181755066
2026-08-07,Ulundurpettai APMC,15.0,20.0,0.82008976,20.820089757442474
2026-08-07,Tuticorin(Uzhavar Sandhai ),22.5,22.5,0.06462703,22.564627029001713
2026-08-07,Polur(Uzhavar Sandhai ),13.5,17.5,1.7243782,19.22437822818756
2026-08-07,Udumalpet APMC,12.5,14.5,3.6238775,18.12387752532959
2026-08-07,Ambasamudram(Uzhavar Sandhai ),18.5,18.5,2.2776768,20.777676820755005
2026-08-07,Tiruppur (South) (Uzhavar Sandhai ),13.5,13.5,3.4816988,16.981698751449585
2026-08-07,Sunguvarchatram(Uzhavar Sandhai ),21.0,21.0,0.7399137,21.73991370201111
2026-08-07,Muthupettai(Uzhavar Sandhai ),20.0,20.0,2.7914941,22.791494131088257
2026-08-07,Naravarikuppam(Uzhavar Sandhai ),25.0,25.0,-1.1722153,23.827784657478333
2026-08-07,Aranthangi(Uzhavar Sandhai ),22.5,22.5,-0.3539135,22.146086513996124
2026-08-07,Mecheri(Uzhavar Sandhai),16.5,17.5,3.1057162,20.605716228485107
2026-08-07,Tirupatthur(Uzhavar Sandhai ),23.5,23.0,0.29394478,23.293944776058197
2026-08-07,Elampillai(Uzhavar Sandhai ),16.5,17.5,2.6664796,20.16647958755493
2026-08-07,Devakottai (Uzhavar Sandhai ),23.5,22.0,0.7387195,22.738719522953033
2026-08-07,Palanganatham(Uzhavar Sandhai ),19.0,19.0,1.8591931,20.859193086624146
2026-08-07,Periyar Nagar(Uzhavar Sandhai ),16.5,16.5,3.2420213,19.742021322250366
2026-08-07,Thathakapatti(Uzhavar Sandhai ),16.5,17.5,2.7600358,20.260035753250122
2026-08-07,Vadavalli(Uzhavar Sandhai ),16.0,14.0,2.6742344,16.67423439025879
2026-08-07,Kallakurichi(Uzhavar Sandhai ),20.0,20.0,1.5413686,21.54136860370636
2026-08-07,Sampath Nagar(Uzhavar Sandhai ),16.5,16.5,3.1972425,19.697242498397827
2026-08-07,Kundrathur(Uzhavar Sandhai ),21.0,21.0,0.4607128,21.460712790489197
2026-08-07,Thirukalukundram(Uzhavar Sandhai ),21.0,21.0,1.722687,22.722687005996704
2026-08-07,Tirukattupalli(Uzhavar Sandhai ),20.0,20.0,2.104012,22.10401201248169
2026-08-07,Chinnalapatti(Uzhavar Sandhai ),17.5,17.5,2.6409955,20.140995502471924
2026-08-07,Vadalur(Uzhavar Sandhai ),20.0,19.0,2.2170846,21.217084646224976
2026-08-08,Singampunari(Uzhavar Sandhai ),23.0,21.0,1.9400549,22.940054893493652
2026-08-08,Mannargudi II(Uzhavar Sandhai ),22.0,22.0,0.7922703,22.792270302772522
2026-08-08,Viruthachalam(Uzhavar Sandhai ),20.0,20.0,2.6197567,22.6197566986084
2026-08-08,Devakottai (Uzhavar Sandhai ),23.5,23.5,0.24116856,23.741168558597565
2026-08-08,Polur(Uzhavar Sandhai ),13.5,13.5,3.6758697,17.175869703292847
2026-08-08,Mecheri(Uzhavar Sandhai),16.5,16.5,3.2052565,19.705256462097168
2026-08-08,Rasipuram(Uzhavar Sandhai ),15.0,17.0,1.7830602,18.78306019306183
2026-08-08,Sooramangalam(Uzhavar Sandhai ),17.0,17.0,3.1673398,20.16733980178833
2026-08-08,Mettupalayam(Uzhavar Sandhai ),16.5,16.5,2.3212082,18.821208238601685
2026-08-08,Vandavasi(Uzhavar Sandhai ),13.5,13.5,2.7677088,16.267708778381348
2026-08-08,Palayamkottai(Uzhavar Sandhai ),23.5,23.5,-0.4478238,23.052176207304
2026-08-08,Elampillai(Uzhavar Sandhai ),16.5,16.5,3.2112374,19.71123743057251
2026-08-08,Sankarapuram(Uzhavar Sandhai ),20.0,20.0,1.6176618,21.617661833763123
2026-08-08,Palladam(Uzhavar Sandhai ),14.5,16.5,3.5579848,20.057984828948975
2026-08-08,Arani(Uzhavar Sandhai ),13.5,12.5,5.014569,17.51456880569458
2026-08-08,Sivakasi(Uzhavar Sandhai ),17.5,17.5,2.8160572,20.316057205200195
2026-08-08,Sathur(Uzhavar Sandhai ),23.5,17.5,2.7046087,20.20460867881775
2026-08-08,Madhuranthagam(Uzhavar Sandhai ),20.0,20.0,2.6454058,22.645405769348145
2026-08-08,Ranipettai(Uzhavar Sandhai ),15.5,16.0,2.2276027,18.22760272026062
2026-08-08,Mettur(Uzhavar Sandhai ),14.5,14.5,3.3040457,17.80404567718506
2026-08-08,Pallapatti (Uzhavar Sandhai ),21.0,21.0,0.8700919,21.870091915130615
2026-08-08,RSPuram(Uzhavar Sandhai ),14.0,15.0,3.0891159,18.089115858078003
2026-08-08,Gingee(Uzhavar Sandhai ),15.0,15.0,3.577446,18.57744598388672
2026-08-08,Mohanur(Uzhavar Sandhai ),20.0,20.0,1.7650074,21.765007376670837
2026-08-08,Kumbakonam (Uzhavar Sandhai ),20.0,22.0,0.4861666,22.48616659641266
2026-08-08,Melur(Uzhavar Sandhai ),21.0,19.0,2.6833389,21.68333888053894
2026-08-08,Sankarankoil(Uzhavar Sandhai ),17.5,17.5,2.9532158,20.453215837478638
2026-08-08,Avallapalli(Uzhavar Sandhai ),13.5,13.5,4.612639,18.1126389503479
2026-08-08,Medavakkam(Uzhavar Sandhai ),40.0,20.0,3.8308575,23.830857515335083
2026-08-08,Vadavalli(Uzhavar Sandhai ),15.0,16.0,3.1526344,19.152634382247925
2026-08-08,Manapparai(Uzhavar Sandhai ),22.0,22.0,1.0875187,23.0875186920166
2026-08-08,Sivagangai (Uzhavar Sandhai ),23.0,21.0,1.8390015,22.839001536369324
2026-08-08,Sampath Nagar(Uzhavar Sandhai ),16.5,16.5,3.5457973,20.04579734802246
2026-08-08,Aranthangi(Uzhavar Sandhai ),22.5,22.5,-0.07962585,22.420374147593975
2026-08-08,Mayiladuthurai(Uzhavar Sandhai ),22.5,22.5,0.3970499,22.89704990386963
2026-08-08,Gandhigramam(Uzhavar Sandhai),19.0,19.0,2.2420225,21.24202251434326
2026-08-08,Kurichi(Uzhavar Sandhai ),14.0,13.5,3.6606102,17.16061019897461
2026-08-08,Valangaiman APMC,22.0,22.0,0.6215372,22.62153720855713
2026-08-08,Arcot(Uzhavar Sandhai ),15.0,15.0,3.159808,18.159807920455933
2026-08-08,Mannargudi I(Uzhavar Sandhai ),22.0,22.0,0.6728524,22.672852396965027
2026-08-08,Viralimalai(Uzhavar Sandhai ),22.5,22.5,0.50898755,23.008987545967102
2026-08-08,Pudukottai(Uzhavar Sandhai ),17.5,22.0,0.98420155,22.984201550483704
2026-08-08,Chengalpet(Uzhavar Sandhai ),19.0,19.0,2.7457898,21.745789766311646
2026-08-08,Villupuram(Uzhavar Sandhai ),20.0,20.0,1.7823274,21.78232741355896
2026-08-08,Sirkali(Uzhavar Sandhai ),22.5,22.5,0.48047197,22.980471968650818
2026-08-08,Kundrathur(Uzhavar Sandhai ),21.0,21.0,1.0610309,22.061030864715576
2026-08-08,Bodinayakanur(Uzhavar Sandhai ),24.0,20.0,2.3282156,22.32821559906006
2026-08-08,Melapalayam(Uzhavar Sandhai ),23.5,23.5,-0.35100117,23.148998826742172
2026-08-08,Manachanallur(Uzhavar Sandhai ),22.0,24.0,0.08441425,24.0844142511487
2026-08-08,Singanallur(Uzhavar Sandhai ),16.0,17.0,1.9578227,18.957822680473328
2026-08-08,Edapadi (Uzhavar Sandhai ),16.0,16.5,2.7045956,19.2045955657959
2026-08-08,Ramanathapuram(Uzhavar Sandhai ),27.5,23.5,1.8405453,25.340545296669006
2026-08-08,Gandarvakottai(Uzhavar Sandhai ),22.5,22.5,0.95799166,23.457991659641266
2026-08-08,Pallavaram(Uzhavar Sandhai ),22.5,22.5,1.5769795,24.076979517936707
2026-08-08,Chokkikulam(Uzhavar Sandhai ),21.0,19.0,2.6205676,21.620567560195923
2026-08-08,Lalgudi(Uzhavar Sandhai ),22.0,24.0,-0.036824487,23.963175512850285
2026-08-08,Pollachi(Uzhavar Sandhai ),14.0,14.0,3.0318651,17.031865119934082
2026-08-08,Sathiyamagalam(Uzhavar Sandhai ),14.5,13.0,3.9624174,16.962417364120483
2026-08-08,Ponnamaravathi(Uzhavar Sandhai),17.5,22.5,1.0697074,23.56970739364624
2026-08-08,Rajapalayam(Uzhavar Sandhai ),17.5,16.5,3.2498038,19.7498037815094
2026-08-08,Vaniyampadi(Uzhavar Sandhai ),20.0,20.0,1.0525199,21.052519917488098
2026-08-08,Devaram(Uzhavar Sandhai ),22.0,20.0,2.3287084,22.32870841026306
2026-08-08,Vazhapadi(Uzhavar Sandhai),16.0,17.5,3.3792758,20.879275798797607
2026-08-08,Myladi(Uzhavar Sandhai ),23.5,23.5,-0.09795166,23.402048341929913
2026-08-08,Andipatti(Uzhavar Sandhai ),23.0,19.0,2.5148308,21.514830827713013
2026-08-08,Tamarainagar(Uzhavar Sandhai ),18.5,14.0,3.8007884,17.800788402557373
2026-08-08,Paramathivelur(Uzhavar Sandhai ),21.0,21.0,1.2198485,22.21984851360321
2026-08-08,Vedaranyam(Uzhavar Sandhai),26.0,25.0,-0.3188682,24.681131809949875
2026-08-08,Kambam(Uzhavar Sandhai ),22.0,20.0,1.8600004,21.860000371932983
2026-08-08,Periyar Nagar(Uzhavar Sandhai ),16.5,16.5,3.578485,20.078485012054443
2026-08-08,Athur(Uzhavar Sandhai ),16.5,17.5,3.5940228,21.094022750854492
2026-08-08,Chengam(Uzhavar Sandhai ),18.0,18.0,2.7345483,20.734548330307007
2026-08-08,KKNagar(Uzhavar Sandhai ),24.0,24.0,-0.37069055,23.629309445619583
2026-08-08,Jalagandapuram(Uzhavar Sandhai ),16.5,16.5,3.5773544,20.077354431152344
2026-08-08,Peravurani(Uzhavar Sandhai),20.0,20.0,2.0707543,22.070754289627075
2026-08-08,Cheyyar(Uzhavar Sandhai ),13.5,13.5,3.912686,17.412686109542847
2026-08-08,Vengamedu(Uzhavar Sandhai ),17.5,17.5,2.8514326,20.35143256187439
2026-08-08,Hosur(Uzhavar Sandhai ),12.5,14.0,3.2782805,17.27828049659729
2026-08-08,Natrampalli(Uzhavar Sandhai ),17.5,17.5,3.220543,20.720542907714844
2026-08-08,Vadalur(Uzhavar Sandhai ),20.0,20.0,2.2451866,22.24518656730652
2026-08-08,Kancheepuram(Uzhavar Sandhai ),20.0,20.5,1.7024899,22.202489852905273
2026-08-08,Sulur(Uzhavar Sandhai ),16.0,17.0,1.9484918,18.94849181175232
2026-08-08,Tenkasi(Uzhavar Sandhai ),17.5,17.5,2.587662,20.08766198158264
2026-08-08,Kumarapalayam(Uzhavar Sandhai ),16.0,14.0,2.7239928,16.723992824554443
2026-08-08,Dharapuram(Uzhavar Sandhai ),11.0,12.5,5.621649,18.12164878845215
2026-08-08,Palani(Uzhavar Sandhai ),17.0,12.5,6.2734537,18.77345371246338
2026-08-08,Tiruvallur(Uzhavar Sandhai ),25.0,25.0,-1.5081621,23.491837859153748
2026-08-08,Hasthampatti(Uzhavar Sandhai ),16.5,17.0,2.7233193,19.72331929206848
2026-08-08,Perambakkam(Uzhavar Sandhai ),25.0,25.0,-1.2838118,23.716188192367554
2026-08-08,Tiruchengode APMC,19.0,18.0,2.1037714,20.103771448135376
2026-08-08,Kamuthi(Uzhavar Sandhai ),28.0,22.5,1.3494749,23.849474906921387
2026-08-08,Nagapattinam(Uzhavar Sandhai ),20.0,21.0,0.80657166,21.806571662425995
2026-08-08,Palanganatham(Uzhavar Sandhai ),21.0,19.0,2.513978,21.513978004455566
2026-08-08,Nanganallur(Uzhavar Sandhai ),19.0,19.0,2.6082406,21.608240604400635
2026-08-08,Chinnalapatti(Uzhavar Sandhai ),17.5,17.5,3.5473595,21.047359466552734
2026-08-08,Tuticorin(Uzhavar Sandhai ),22.5,22.5,0.32311973,22.82311972975731
2026-08-08,Tirupatthur(Uzhavar Sandhai ),23.5,23.5,0.5891206,24.089120626449585
2026-08-08,Perambalur(Uzhavar Sandhai ),23.0,22.5,0.7615837,23.26158368587494
2026-08-08,Tiruvarur(Uzhavar Sandhai ),20.0,20.0,1.994725,21.994724988937378
2026-08-08,Virudhunagar(Uzhavar Sandhai ),22.5,18.0,3.1641324,21.164132356643677
2026-08-08,Kangayam(Uzhavar Sandhai ),15.5,12.5,6.0071855,18.507185459136963
2026-08-08,Thuraiyur APMC,20.0,20.0,2.3438256,22.343825578689575
2026-08-08,Tirukattupalli(Uzhavar Sandhai ),20.0,20.0,2.043109,22.04310894012451
2026-08-08,Kandiyaperi(Uzhavar Sandhai ),23.5,23.5,-0.265423,23.234577000141144
2026-08-08,Usilampatti(Uzhavar Sandhai ),21.0,19.0,2.6219966,21.621996641159058
2026-08-08,Thalavadi(Uzhavar Sandhai ),11.5,11.5,4.28959,15.789589881896973
2026-08-08,Kahithapattarai(Uzhavar Sandhai ),17.5,14.0,4.0571733,18.057173252105713
2026-08-08,Needamangalam(Uzhavar Sandhai ),20.0,20.0,1.5801218,21.580121755599976
2026-08-08,Krishnagiri(Uzhavar Sandhai ),15.0,12.0,4.1810837,16.18108367919922
2026-08-08,Panruti(Uzhavar Sandhai ),20.0,20.0,2.0859144,22.085914373397827
2026-08-08,Tiruppur (South) (Uzhavar Sandhai ),13.5,13.5,3.7793195,17.279319524765015
2026-08-08,Thathakapatti(Uzhavar Sandhai ),16.5,16.5,2.7974803,19.29748034477234
2026-08-08,Muthupettai(Uzhavar Sandhai ),20.0,20.0,1.715581,21.71558105945587
2026-08-08,Kulithalai(Uzhavar Sandhai ),19.0,18.0,2.9942613,20.994261264801025
2026-08-08,Attayampatti(Uzhavar Sandhai ),18.0,20.0,2.5703452,22.570345163345337
2026-08-08,Dharmapuri(Uzhavar Sandhai ),15.5,19.0,2.6192675,21.619267463684082
2026-08-08,Tiruthani(Uzhavar Sandhai ),25.0,25.0,-1.4555396,23.54446041584015
2026-08-08,Palacode(Uzhavar Sandhai ),15.0,19.0,2.4961212,21.496121168136597
2026-08-08,Naravarikuppam(Uzhavar Sandhai ),25.0,25.0,-1.1418788,23.858121156692505
2026-08-08,Sundarapuram(Uzhavar Sandhai ),14.0,14.5,2.6881483,17.188148260116577
2026-08-08,Karimangalam(Uzhavar Sandhai),17.0,16.5,3.3781765,19.87817645072937
2026-08-08,Ambasamudram(Uzhavar Sandhai ),22.0,18.5,2.810912,21.310911893844604
2026-08-08,Denkanikottai(Uzhavar Sandhai ),12.5,12.5,4.8912106,17.391210556030273
2026-08-08,Chinnamanur(Uzhavar Sandhai ),21.0,20.0,2.0843182,22.084318161010742
2026-08-08,Pallikonda(Uzhavar Sandhai),17.0,17.0,1.8570639,18.85706388950348
2026-08-08,Dindigul(Uzhavar Sandhai ),18.0,18.0,3.5870202,21.5870201587677
2026-08-08,Sunguvarchatram(Uzhavar Sandhai ),21.0,21.0,1.3098426,22.309842586517334
2026-08-08,Thirukalukundram(Uzhavar Sandhai ),21.0,21.0,1.7632302,22.763230204582214
2026-08-08,Anaiyur(Uzhavar Sandhai ),21.0,19.0,2.6219966,21.621996641159058
2026-08-08,Vadaseri APMC,26.5,23.5,-0.20805693,23.291943073272705
2026-08-08,Perampet(Uzhavar Sandhai),18.0,18.0,2.135782,20.13578200340271
2026-08-08,Cuddalore(Uzhavar Sandhai ),18.0,18.0,3.2860692,21.28606915473938
2026-08-08,Harur(Uzhavar Sandhai ),16.5,16.5,2.740575,19.240575075149536
2026-08-08,Karaikudi(Uzhavar Sandhai ),25.0,23.5,0.52133286,24.02133285999298
2026-08-08,Vellore APMC,15.0,15.0,3.718909,18.71890902519226
2026-08-08,Anna nagar(Uzhavar Sandhai ),20.0,20.0,1.7639532,21.76395320892334
2026-08-08,Anna nagar(Uzhavar Sandhai ),22.0,20.0,3.41069,23.41069006919861
2026-08-08,Karur(Uzhavar Sandhai ),17.5,17.5,2.6425178,20.142517805099487
2026-08-08,Papanasam(Uzhavar Sandhai ),20.0,22.0,0.23732907,22.237329065799713
2026-08-08,Jameenrayapettai(Uzhavar Sandhai ),22.5,22.5,1.3411183,23.841118335723877
2026-08-08,Ambattur(Uzhavar Sandhai ),25.0,25.0,-1.2838118,23.716188192367554
2026-08-08,Karambakkudi(Uzhavar Sandhai ),17.5,22.5,-0.040691733,22.45930826663971
2026-08-08,Musiri(Uzhavar Sandhai ),20.0,20.0,2.1442122,22.144212245941162
2026-08-08,Thirumangalam(Uzhavar Sandhai ),21.0,19.0,2.4809344,21.480934381484985
2026-08-08,Tindivanam APMC,16.0,16.0,3.4732804,19.473280429840088
2026-08-08,Padappai(Uzhavar Sandhai ),20.0,20.0,2.1600888,22.160088777542114
2026-08-08,AJattihalli(Uzhavar Sandhai ),14.0,19.0,2.098668,21.098668098449707
2026-08-08,Guduvancheri(Uzhavar Sandhai ),22.5,22.5,1.4596543,23.959654331207275
2026-08-08,Katpadi (Uzhavar Sandhai ),17.5,17.5,2.6096733,20.109673261642456
2026-08-08,Tiruvannamalai(Uzhavar Sandhai ),13.5,14.0,3.7175694,17.71756935119629
2026-08-08,Thammampatti (Uzhavar Sandhai ),14.0,14.0,3.9977174,17.99771738052368
2026-08-08,Velayuthampalayam(Uzhavar Sandhai ),17.0,17.0,3.0625937,20.062593698501587
2026-08-08,Udhagamandalam(Uzhavar Sandhai ),17.5,16.5,2.7511213,19.251121282577515
2026-08-08,Alangudi(Uzhavar Sandhai ),22.5,22.5,-0.12173378,22.378266222774982
2026-08-08,Kallakurichi(Uzhavar Sandhai ),20.0,20.0,1.8066349,21.8066349029541
2026-08-08,Gobichettipalayam(Uzhavar Sandhai ),17.0,17.0,2.4682367,19.468236684799194
2026-08-08,Kovilpatti(Uzhavar Sandhai ),27.5,22.5,1.3799442,23.87994420528412
2026-08-08,Chidambaram(Uzhavar Sandhai ),20.0,20.0,2.121697,22.121696949005127
2026-08-08,Thalavaipuram(Uzhavar Sandhai ),18.0,16.0,3.162145,19.162144899368286
2026-08-08,Gudalur(Uzhavar Sandhai ),17.5,17.5,1.8226316,19.32263159751892
2026-08-08,Vedasanthur(Uzhavar Sandhai ),17.5,13.5,4.9378405,18.437840461730957
2026-08-08,Gudiyatham(Uzhavar Sandhai ),14.0,16.0,2.7889328,18.78893280029297
2026-08-08,Kaveripattinam(Uzhavar Sandhai ),20.0,20.0,1.9240081,21.92400813102722
2026-08-08,Thirupathur APMC,20.0,20.0,1.4173075,21.417307496070862
2026-08-08,Periyakulam(Uzhavar Sandhai ),22.0,19.0,2.5542896,21.55428957939148
2026-08-08,Theni(Uzhavar Sandhai ),22.0,20.0,2.9906676,22.990667581558228
2026-08-08,Thanjavur(Uzhavar Sandhai ),20.0,20.0,1.9039638,21.903963804244995
2026-08-08,Ulundurpettai APMC,15.0,15.0,2.5153587,17.515358686447144
2026-08-08,Thiruverumbur(Uzhavar Sandhai ),22.0,22.0,0.24388379,22.243883788585663
2026-08-08,Udumalpet APMC,14.5,12.5,3.7783966,16.278396606445312
2026-08-08,Ammapet(Uzhavar Sandhai ),15.0,14.0,4.404558,18.404558181762695
2026-08-08,Srivilliputhur(Uzhavar Sandhai ),18.5,17.5,3.2768052,20.77680516242981
2026-08-08,Pennagaram(Uzhavar Sandhai ),17.5,17.5,2.6641543,20.164154291152954
2026-08-08,Perundurai(Uzhavar Sandhai ),16.5,16.5,3.571404,20.071403980255127
2026-08-08,Pattukottai(Uzhavar Sandhai ),22.0,22.0,0.2881053,22.288105309009552
2026-08-08,NGO Colony(Uzhavar Sandhai ),23.5,26.0,-2.272791,23.727209091186523
2026-08-08,Jeyankondam (Uzhavar Sandhai ),22.0,22.0,0.29839438,22.29839438199997
2026-08-08,Tiruppur (North) (Uzhavar Sandhai ),18.0,17.5,1.631798,19.131798028945923
2026-08-08,Kariyapatti(Uzhavar Sandhai ),19.0,19.0,2.2759092,21.275909185409546
2026-08-08,Paruthipattu(Uzhavar Sandhai ),20.0,20.0,1.9835081,21.983508110046387
2026-08-08,Aruppukottai(Uzhavar Sandhai ),19.0,17.5,2.1394162,19.639416217803955
2026-08-08,Ariyalur(Uzhavar Sandhai),22.0,22.5,0.39586046,22.895860463380814
2026-08-08,Paramakudi(Uzhavar Sandhai ),22.5,22.5,1.4668628,23.96686279773712
2026-08-08,Coonoor(Uzhavar Sandhai ),17.0,17.0,1.6513855,18.65138554573059
2026-08-09,Melur(Uzhavar Sandhai ),23.0,21.0,0.61073256,21.610732555389404
2026-08-09,Kallakurichi(Uzhavar Sandhai ),20.0,20.0,1.6692495,21.669249534606934
2026-08-09,Mecheri(Uzhavar Sandhai),16.5,16.5,3.0867622,19.586762189865112
2026-08-09,Chokkikulam(Uzhavar Sandhai ),23.0,21.0,0.5982053,21.59820532798767
2026-08-09,Perambalur(Uzhavar Sandhai ),25.0,23.0,-0.2770724,22.72292760014534
2026-08-09,Vaniyampadi(Uzhavar Sandhai ),20.0,20.0,3.1985023,23.1985023021698
2026-08-09,Cuddalore(Uzhavar Sandhai ),18.0,18.0,2.2080207,20.20802068710327
2026-08-09,Periyakulam(Uzhavar Sandhai ),21.0,22.0,0.6290919,22.629091918468475
2026-08-09,Theni(Uzhavar Sandhai ),20.0,22.0,0.31303227,22.313032269477844
2026-08-09,Vedaranyam(Uzhavar Sandhai),29.0,26.0,-1.1121293,24.88787066936493
2026-08-09,Hosur(Uzhavar Sandhai ),12.5,12.5,5.3862963,17.886296272277832
2026-08-09,Kariyapatti(Uzhavar Sandhai ),19.0,19.0,2.242886,21.242886066436768
2026-08-09,Lalgudi(Uzhavar Sandhai ),22.0,22.0,0.13342945,22.13342945277691
2026-08-09,Tenkasi(Uzhavar Sandhai ),20.0,17.5,3.4350939,20.935093879699707
2026-08-09,Sivagangai (Uzhavar Sandhai ),25.0,23.0,0.18017395,23.180173948407173
2026-08-09,Natrampalli(Uzhavar Sandhai ),17.5,17.5,3.3039882,20.803988218307495
2026-08-09,AJattihalli(Uzhavar Sandhai ),16.5,14.0,4.2488446,18.248844623565674
2026-08-09,Valangaiman APMC,22.0,22.0,0.51696944,22.516969442367554
2026-08-09,Panruti(Uzhavar Sandhai ),20.0,20.0,1.8148038,21.81480383872986
2026-08-09,Mannargudi II(Uzhavar Sandhai ),22.0,22.0,0.4049305,22.404930502176285
2026-08-09,Palacode(Uzhavar Sandhai ),15.0,15.0,3.9324217,18.932421684265137
2026-08-09,Kandiyaperi(Uzhavar Sandhai ),23.5,23.5,-0.37007028,23.12992972135544
2026-08-09,Palani(Uzhavar Sandhai ),17.0,17.0,1.9648681,18.96486806869507
2026-08-09,Myladi(Uzhavar Sandhai ),22.5,23.5,-0.14492397,23.355076029896736
2026-08-09,Thuraiyur APMC,20.0,20.0,2.2143824,22.21438241004944
2026-08-09,Manachanallur(Uzhavar Sandhai ),20.0,22.0,0.6994178,22.69941782951355
2026-08-09,Mayiladuthurai(Uzhavar Sandhai ),22.5,22.5,0.22796468,22.72796468436718
2026-08-09,Vellore APMC,16.0,15.0,3.7678227,18.767822742462158
2026-08-09,Pattukottai(Uzhavar Sandhai ),22.0,22.0,0.27347404,22.273474037647247
2026-08-09,Thanjavur(Uzhavar Sandhai ),20.0,20.0,1.76351,21.76350998878479
2026-08-09,Kaveripattinam(Uzhavar Sandhai ),20.0,20.0,1.8645896,21.86458957195282
2026-08-09,Madhuranthagam(Uzhavar Sandhai ),20.0,20.0,2.369257,22.3692569732666
2026-08-09,Ammapet(Uzhavar Sandhai ),17.0,15.0,2.4315484,17.431548357009888
2026-08-09,Gudiyatham(Uzhavar Sandhai ),16.0,14.0,3.346338,17.346338033676147
2026-08-09,Ulundurpettai APMC,15.0,15.0,2.5968354,17.596835374832153
2026-08-09,Aruppukottai(Uzhavar Sandhai ),19.0,19.0,1.6905292,20.690529227256775
2026-08-09,Thalavaipuram(Uzhavar Sandhai ),18.0,18.0,1.7317854,19.73178541660309
2026-08-09,Ariyalur(Uzhavar Sandhai),22.0,22.0,0.30686712,22.306867122650146
2026-08-09,Perampet(Uzhavar Sandhai),17.0,18.0,1.336083,19.33608305454254
2026-08-09,Arani(Uzhavar Sandhai ),17.5,13.5,3.9064887,17.40648865699768
2026-08-09,Papanasam(Uzhavar Sandhai ),20.0,20.0,1.3966011,21.39660108089447
2026-08-09,Karur(Uzhavar Sandhai ),17.5,17.5,2.523001,20.023000955581665
2026-08-09,Sankarankoil(Uzhavar Sandhai ),20.0,17.5,3.2290342,20.729034185409546
2026-08-09,Tindivanam APMC,16.0,16.0,3.335903,19.33590292930603
2026-08-09,Katpadi (Uzhavar Sandhai ),17.5,17.5,2.3947697,19.8947696685791
2026-08-09,Thammampatti (Uzhavar Sandhai ),14.0,14.0,3.8338797,17.833879709243774
2026-08-09,Velayuthampalayam(Uzhavar Sandhai ),18.0,17.0,1.8626143,18.862614274024963
2026-08-09,Pudukottai(Uzhavar Sandhai ),22.0,17.5,2.345952,19.845952033996582
2026-08-09,Singanallur(Uzhavar Sandhai ),17.0,16.0,2.5823507,18.582350730895996
2026-08-09,Viralimalai(Uzhavar Sandhai ),22.5,22.5,0.36192352,22.86192351579666
2026-08-09,Hasthampatti(Uzhavar Sandhai ),18.0,16.5,1.7577323,18.257732272148132
2026-08-09,Kamuthi(Uzhavar Sandhai ),27.5,28.0,-1.4493918,26.550608158111572
2026-08-09,Dharapuram(Uzhavar Sandhai ),12.5,11.0,5.9281993,16.928199291229248
2026-08-09,Tiruchengode APMC,19.0,19.0,1.7291443,20.72914433479309
2026-08-09,Pallavaram(Uzhavar Sandhai ),22.5,22.5,1.253707,23.75370705127716
2026-08-09,Tirukattupalli(Uzhavar Sandhai ),20.0,20.0,1.987634,21.98763394355774
2026-08-09,Viruthachalam(Uzhavar Sandhai ),20.0,20.0,1.8499082,21.849908232688904
2026-08-09,Usilampatti(Uzhavar Sandhai ),23.0,21.0,0.61073256,21.610732555389404
2026-08-09,Thalavadi(Uzhavar Sandhai ),11.5,11.5,4.0991397,15.59913969039917
2026-08-09,Thathakapatti(Uzhavar Sandhai ),17.5,16.5,2.865846,19.365845918655396
2026-08-09,Sampath Nagar(Uzhavar Sandhai ),19.0,16.5,2.0693204,18.56932044029236
2026-08-09,Sirkali(Uzhavar Sandhai ),22.5,22.5,0.21439327,22.71439327299595
2026-08-09,Singampunari(Uzhavar Sandhai ),25.0,23.0,0.110521086,23.110521085560322
2026-08-09,Aranthangi(Uzhavar Sandhai ),22.5,22.5,-0.21701123,22.282988771796227
2026-08-09,Naravarikuppam(Uzhavar Sandhai ),25.0,25.0,-1.1041483,23.895851731300354
2026-08-09,Pallapatti (Uzhavar Sandhai ),19.0,21.0,1.0418766,22.041876554489136
2026-08-09,Tirupatthur(Uzhavar Sandhai ),26.5,23.5,0.40414932,23.90414932370186
2026-08-09,Gingee(Uzhavar Sandhai ),15.0,15.0,3.3976212,18.397621154785156
2026-08-09,Andipatti(Uzhavar Sandhai ),21.0,23.0,0.14400217,23.14400216937065
2026-08-09,Nanganallur(Uzhavar Sandhai ),19.0,19.0,2.5322666,21.53226661682129
2026-08-09,Polur(Uzhavar Sandhai ),17.5,13.5,3.5420456,17.04204559326172
2026-08-09,Kambam(Uzhavar Sandhai ),22.0,22.0,0.54718804,22.54718804359436
2026-08-09,Attayampatti(Uzhavar Sandhai ),17.5,18.0,1.7759835,19.775983452796936
2026-08-09,Peravurani(Uzhavar Sandhai),20.0,20.0,1.9303008,21.93030083179474
2026-08-09,Cheyyar(Uzhavar Sandhai ),17.5,13.5,3.4110224,16.911022424697876
2026-08-09,Kancheepuram(Uzhavar Sandhai ),20.0,20.0,1.8374375,21.837437510490417
2026-08-09,RSPuram(Uzhavar Sandhai ),15.0,14.0,3.4665341,17.46653413772583
2026-08-09,Villupuram(Uzhavar Sandhai ),20.0,20.0,1.7063538,21.706353783607483
2026-08-09,Mettur(Uzhavar Sandhai ),16.5,14.5,2.6917944,17.191794395446777
2026-08-09,Gandarvakottai(Uzhavar Sandhai ),22.5,22.5,0.3349153,22.834915310144424
2026-08-09,Tuticorin(Uzhavar Sandhai ),22.5,22.5,0.05704102,22.55704101920128
2026-08-09,Guduvancheri(Uzhavar Sandhai ),22.5,22.5,1.3000722,23.800072193145752
2026-08-09,Tiruppur (North) (Uzhavar Sandhai ),16.5,18.0,1.3279685,19.32796847820282
2026-08-09,Kovilpatti(Uzhavar Sandhai ),27.5,27.5,-2.3438172,25.156182765960693
2026-08-09,Mohanur(Uzhavar Sandhai ),19.5,20.0,1.7050941,21.7050940990448
2026-08-09,Thirukalukundram(Uzhavar Sandhai ),21.0,21.0,1.636229,22.636229038238525
2026-08-09,Medavakkam(Uzhavar Sandhai ),20.0,40.0,-7.6084485,32.39155149459839
2026-08-09,Tiruvallur(Uzhavar Sandhai ),25.0,25.0,-1.4628093,23.537190675735474
2026-08-09,Perambakkam(Uzhavar Sandhai ),25.0,25.0,-1.2384596,23.761540412902832
2026-08-09,Kumarapalayam(Uzhavar Sandhai ),16.0,16.0,2.0538738,18.053873777389526
2026-08-09,Coonoor(Uzhavar Sandhai ),19.0,17.0,1.6307844,18.630784392356873
2026-08-09,Sulur(Uzhavar Sandhai ),16.0,16.0,2.566266,18.56626605987549
2026-08-09,Devaram(Uzhavar Sandhai ),22.0,22.0,0.592057,22.5920569896698
2026-08-09,Jalagandapuram(Uzhavar Sandhai ),16.5,16.5,3.0495195,19.549519538879395
2026-08-09,Palanganatham(Uzhavar Sandhai ),23.0,21.0,0.49131453,21.49131453037262
2026-08-09,Vengamedu(Uzhavar Sandhai ),17.5,17.5,2.7319162,20.231916189193726
2026-08-09,Palayamkottai(Uzhavar Sandhai ),23.5,23.5,-0.3697329,23.13026711344719
2026-08-09,KKNagar(Uzhavar Sandhai ),21.0,24.0,-0.07425379,23.925746209919453
2026-08-09,Chengam(Uzhavar Sandhai ),18.0,18.0,1.214683,19.214683055877686
2026-08-09,Chinnamanur(Uzhavar Sandhai ),19.0,21.0,0.7864448,21.786444783210754
2026-08-09,Vandavasi(Uzhavar Sandhai ),18.0,13.5,3.2284067,16.72840666770935
2026-08-09,Tamarainagar(Uzhavar Sandhai ),18.5,18.5,2.4857259,20.98572587966919
2026-08-09,Ambasamudram(Uzhavar Sandhai ),26.0,22.0,0.44328344,22.443283438682556
2026-08-09,Ramanathapuram(Uzhavar Sandhai ),27.5,27.5,-0.48729542,27.012704581022263
2026-08-09,Sathur(Uzhavar Sandhai ),22.5,23.5,-0.8230988,22.67690122127533
2026-08-09,Sivakasi(Uzhavar Sandhai ),17.5,17.5,2.6991465,20.199146509170532
2026-08-09,Pallikonda(Uzhavar Sandhai),17.0,17.0,1.889051,18.88905096054077
2026-08-09,Sundarapuram(Uzhavar Sandhai ),14.0,14.0,3.4748151,17.474815130233765
2026-08-09,Karimangalam(Uzhavar Sandhai),17.0,17.0,3.061477,20.061476945877075
2026-08-09,Tiruthani(Uzhavar Sandhai ),25.0,25.0,-1.4101872,23.589812755584717
2026-08-09,Dharmapuri(Uzhavar Sandhai ),17.5,15.5,3.7807982,19.280798196792603
2026-08-09,Dindigul(Uzhavar Sandhai ),18.0,18.0,2.140996,20.140995979309082
2026-08-09,Paramakudi(Uzhavar Sandhai ),22.5,22.5,0.5832776,23.083277583122253
2026-08-09,Udumalpet APMC,14.5,14.5,1.3123281,15.812328100204468
2026-08-09,Rajapalayam(Uzhavar Sandhai ),17.5,17.5,2.3390229,19.839022874832153
2026-08-09,Sathiyamagalam(Uzhavar Sandhai ),14.5,14.5,2.9387307,17.438730716705322
2026-08-09,Gobichettipalayam(Uzhavar Sandhai ),17.0,17.0,2.4336624,19.43366241455078
2026-08-09,Alangudi(Uzhavar Sandhai ),22.5,22.5,-0.25911912,22.240880876779556
2026-08-09,Karaikudi(Uzhavar Sandhai ),25.0,25.0,-0.9312084,24.06879162788391
2026-08-09,Tiruvannamalai(Uzhavar Sandhai ),13.5,13.5,4.341191,17.841190814971924
2026-08-09,Ponnamaravathi(Uzhavar Sandhai),22.5,17.5,2.6933026,20.193302631378174
2026-08-09,Padappai(Uzhavar Sandhai ),20.0,20.0,2.0639083,22.063908338546753
2026-08-09,Thirumangalam(Uzhavar Sandhai ),23.0,21.0,0.5110222,21.511022210121155
2026-08-09,Sooramangalam(Uzhavar Sandhai ),17.5,17.0,2.6192594,19.619259357452393
2026-08-09,Ambattur(Uzhavar Sandhai ),25.0,25.0,-1.2384596,23.761540412902832
2026-08-09,Jameenrayapettai(Uzhavar Sandhai ),22.5,22.5,1.0750397,23.575039744377136
2026-08-09,Karambakkudi(Uzhavar Sandhai ),22.5,17.5,2.2683446,19.76834464073181
2026-08-09,Anna nagar(Uzhavar Sandhai ),22.0,22.0,0.53927714,22.539277136325836
2026-08-09,Kulithalai(Uzhavar Sandhai ),18.0,19.0,1.5641534,20.56415343284607
2026-08-09,Bodinayakanur(Uzhavar Sandhai ),22.0,24.0,-0.15041825,23.849581748247147
2026-08-09,Vadaseri APMC,26.5,26.5,-1.9495442,24.550455808639526
2026-08-09,Musiri(Uzhavar Sandhai ),20.0,20.0,1.9863874,21.986387372016907
2026-08-09,Anaiyur(Uzhavar Sandhai ),23.0,21.0,0.63536704,21.635367035865784
2026-08-09,Melapalayam(Uzhavar Sandhai ),23.5,23.5,-0.4556482,23.044351786375046
2026-08-09,Avallapalli(Uzhavar Sandhai ),13.5,13.5,4.2030764,17.703076362609863
2026-08-09,Vedasanthur(Uzhavar Sandhai ),17.5,17.5,2.5151894,20.01518940925598
2026-08-09,Jeyankondam (Uzhavar Sandhai ),22.0,22.0,0.043599524,22.043599523603916
2026-08-09,Mannargudi I(Uzhavar Sandhai ),22.0,22.0,0.27667356,22.276673555374146
2026-08-09,Mettupalayam(Uzhavar Sandhai ),16.5,16.5,1.6309838,18.13098382949829
2026-08-09,Perundurai(Uzhavar Sandhai ),19.0,16.5,1.740979,18.240978956222534
2026-08-09,Srivilliputhur(Uzhavar Sandhai ),18.5,18.5,1.9406883,20.440688252449036
2026-08-09,Thirupathur APMC,20.0,20.0,1.4626596,21.46265959739685
2026-08-09,Kumbakonam (Uzhavar Sandhai ),21.0,20.0,1.4491564,21.449156403541565
2026-08-09,Harur(Uzhavar Sandhai ),16.5,16.5,2.8103302,19.310330152511597
2026-08-09,Muthupettai(Uzhavar Sandhai ),20.0,20.0,1.4618075,21.46180748939514
2026-08-09,Paramathivelur(Uzhavar Sandhai ),21.5,21.0,1.2832062,22.28320622444153
2026-08-09,NGO Colony(Uzhavar Sandhai ),23.5,23.5,-0.46975574,23.030244261026382
2026-08-09,Gudalur(Uzhavar Sandhai ),17.5,17.5,1.5342141,19.03421413898468
2026-08-09,Paruthipattu(Uzhavar Sandhai ),20.0,20.0,1.6276836,21.627683639526367
2026-08-09,Virudhunagar(Uzhavar Sandhai ),22.5,22.5,0.35523415,22.855234146118164
2026-08-09,Vadalur(Uzhavar Sandhai ),20.0,20.0,2.1078024,22.107802391052246
2026-08-09,Pollachi(Uzhavar Sandhai ),16.0,14.0,2.9579222,16.957922220230103
2026-08-09,Sunguvarchatram(Uzhavar Sandhai ),21.0,21.0,1.1724569,22.172456860542297
2026-08-09,Tiruppur (South) (Uzhavar Sandhai ),16.5,13.5,3.1000261,16.60002613067627
2026-08-09,Thiruverumbur(Uzhavar Sandhai ),22.0,22.0,0.13954979,22.139549791812897
2026-08-09,Rasipuram(Uzhavar Sandhai ),17.0,15.0,4.088972,19.088972091674805
2026-08-09,Sankarapuram(Uzhavar Sandhai ),20.0,20.0,1.2985946,21.29859459400177
2026-08-09,Pennagaram(Uzhavar Sandhai ),17.5,17.5,2.9126499,20.412649869918823
2026-08-09,Kurichi(Uzhavar Sandhai ),14.0,14.0,3.4940422,17.49404215812683
2026-08-09,Denkanikottai(Uzhavar Sandhai ),12.5,12.5,4.603876,17.1038761138916
2026-08-09,Chinnalapatti(Uzhavar Sandhai ),18.0,17.5,1.9955379,19.495537877082825
2026-08-09,Nagapattinam(Uzhavar Sandhai ),22.5,20.0,1.6989502,21.698950171470642
2026-08-09,Elampillai(Uzhavar Sandhai ),19.0,16.5,3.292255,19.79225492477417
2026-08-09,Chengalpet(Uzhavar Sandhai ),19.0,19.0,2.0800698,21.08006978034973
2026-08-09,Athur(Uzhavar Sandhai ),17.5,16.5,4.2075324,20.70753240585327
2026-08-09,Periyar Nagar(Uzhavar Sandhai ),19.0,16.5,2.1633513,18.66335129737854
2026-08-09,Gandhigramam(Uzhavar Sandhai),19.0,19.0,2.2063587,21.206358671188354
2026-08-09,Vazhapadi(Uzhavar Sandhai),17.0,16.0,3.8455486,19.845548629760742
2026-08-09,Edapadi (Uzhavar Sandhai ),21.0,16.0,2.7984385,18.798438549041748
2026-08-09,Krishnagiri(Uzhavar Sandhai ),12.0,15.0,2.5880156,17.58801555633545
2026-08-09,Palladam(Uzhavar Sandhai ),14.5,14.5,3.9229283,18.42292833328247
2026-08-09,Vadavalli(Uzhavar Sandhai ),15.5,15.0,2.5587857,17.558785676956177
2026-08-09,Udhagamandalam(Uzhavar Sandhai ),17.5,17.5,1.8768963,19.376896262168884
2026-08-09,Manapparai(Uzhavar Sandhai ),22.0,22.0,0.26511437,22.26511436700821
2026-08-09,Ranipettai(Uzhavar Sandhai ),16.5,15.5,2.4171727,17.91717267036438
2026-08-09,Kangayam(Uzhavar Sandhai ),16.0,15.5,3.0849893,18.584989309310913
2026-08-09,Kahithapattarai(Uzhavar Sandhai ),17.0,17.5,2.5501654,20.05016541481018
2026-08-09,Tiruvarur(Uzhavar Sandhai ),20.0,20.0,1.8573396,21.85733962059021
2026-08-09,Arcot(Uzhavar Sandhai ),15.0,15.0,2.7570364,17.757036447525024
2026-08-09,Chidambaram(Uzhavar Sandhai ),20.0,20.0,1.9843125,21.984312534332275
2026-08-09,Devakottai (Uzhavar Sandhai ),25.0,23.5,0.048123498,23.548123497515917
2026-08-09,Needamangalam(Uzhavar Sandhai ),20.0,20.0,1.4285789,21.428578853607178
2026-08-09,Kundrathur(Uzhavar Sandhai ),21.0,21.0,0.92364514,21.92364513874054
2026-08-10,Guduvancheri(Uzhavar Sandhai ),22.5,22.5,0.9130817,23.41308170557022
2026-08-10,Ulundurpettai APMC,15.0,15.0,2.0923774,17.092377424240112
2026-08-10,Pennagaram(Uzhavar Sandhai ),17.5,17.5,1.8707778,19.37077784538269
2026-08-10,Viralimalai(Uzhavar Sandhai ),22.5,22.5,-0.17973858,22.320261418819427
2026-08-10,Nagapattinam(Uzhavar Sandhai ),22.5,22.5,0.0006895724,22.500689572421834
2026-08-10,Anaiyur(Uzhavar Sandhai ),21.0,23.0,-0.15050772,22.84949228167534
2026-08-10,Kariyapatti(Uzhavar Sandhai ),19.0,19.0,0.9536761,19.953676104545593
2026-08-10,Mannargudi I(Uzhavar Sandhai ),22.0,22.0,-0.01571928,21.984280720353127
2026-08-10,Harur(Uzhavar Sandhai ),16.5,16.5,2.2525914,18.752591371536255
2026-08-10,Karur(Uzhavar Sandhai ),17.5,17.5,1.9338076,19.433807611465454
2026-08-10,Karaikudi(Uzhavar Sandhai ),26.0,25.0,-0.9935565,24.0064435005188
2026-08-10,Ariyalur(Uzhavar Sandhai),20.0,22.0,-0.27436092,21.725639075040817
2026-08-10,Perampet(Uzhavar Sandhai),16.0,17.0,1.4872066,18.4872065782547
2026-08-10,Tindivanam APMC,16.0,16.0,3.0558379,19.055837869644165
2026-08-10,Ponnamaravathi(Uzhavar Sandhai),22.0,22.5,0.3620095,22.86200949549675
2026-08-10,Thiruverumbur(Uzhavar Sandhai ),24.0,22.0,0.057144303,22.057144302874804
2026-08-10,Karambakkudi(Uzhavar Sandhai ),17.5,22.5,-0.4471604,22.05283960700035
2026-08-10,Edapadi (Uzhavar Sandhai ),21.0,21.0,0.14621922,21.146219223737717
2026-08-10,Thirumangalam(Uzhavar Sandhai ),23.0,23.0,-0.23558024,22.76441976428032
2026-08-10,AJattihalli(Uzhavar Sandhai ),18.0,16.5,2.7049112,19.20491123199463
2026-08-10,Theni(Uzhavar Sandhai ),21.0,20.0,1.0399098,21.039909839630127
2026-08-10,Chidambaram(Uzhavar Sandhai ),20.0,20.0,1.1718255,21.171825528144836
2026-08-10,Pudukottai(Uzhavar Sandhai ),22.0,22.0,0.16786999,22.167869985103607
2026-08-10,Udhagamandalam(Uzhavar Sandhai ),17.5,17.5,0.78775525,18.287755250930786
2026-08-10,Dharmapuri(Uzhavar Sandhai ),19.0,17.5,2.3019068,19.80190682411194
2026-08-10,Mannargudi II(Uzhavar Sandhai ),22.0,22.0,0.13729875,22.137298747897148
2026-08-10,Perambalur(Uzhavar Sandhai ),26.5,25.0,-1.2599908,23.74000918865204
2026-08-10,Vandavasi(Uzhavar Sandhai ),13.5,18.0,0.9026189,18.902618885040283
2026-08-10,Polur(Uzhavar Sandhai ),13.5,17.5,1.4022254,18.902225375175476
2026-08-10,Nanganallur(Uzhavar Sandhai ),19.0,19.0,1.870174,20.870174050331116
2026-08-10,Manapparai(Uzhavar Sandhai ),24.0,22.0,-0.058617417,21.941382583230734
2026-08-10,Ambasamudram(Uzhavar Sandhai ),18.5,26.0,-1.4441324,24.555867552757263
2026-08-10,Thuraiyur APMC,20.0,20.0,0.9070841,20.907084107398987
2026-08-10,Attayampatti(Uzhavar Sandhai ),16.5,17.5,1.5138983,19.013898253440857
2026-08-10,Kangayam(Uzhavar Sandhai ),16.0,16.0,2.4804568,18.480456829071045
2026-08-10,Thirupathur APMC,23.0,20.0,0.89266485,20.892664849758148
2026-08-10,Viruthachalam(Uzhavar Sandhai ),20.0,20.0,1.0355973,21.035597324371338
2026-08-10,Thathakapatti(Uzhavar Sandhai ),14.5,17.5,1.8960425,19.396042466163635
2026-08-10,Karimangalam(Uzhavar Sandhai),19.0,17.0,2.5757651,19.575765132904053
2026-08-10,Pallapatti (Uzhavar Sandhai ),19.0,19.0,1.0555906,20.055590629577637
2026-08-10,Singampunari(Uzhavar Sandhai ),25.0,25.0,-1.2147944,23.785205602645874
2026-08-10,Chengalpet(Uzhavar Sandhai ),22.5,19.0,1.3957611,20.395761132240295
2026-08-10,Sathur(Uzhavar Sandhai ),22.5,22.5,-0.60119754,21.89880245923996
2026-08-10,Mettupalayam(Uzhavar Sandhai ),16.5,16.5,1.9547892,18.45478916168213
2026-08-10,Kancheepuram(Uzhavar Sandhai ),20.0,20.0,0.918108,20.918107986450195
2026-08-10,Villupuram(Uzhavar Sandhai ),20.0,20.0,2.0561001,22.056100130081177
2026-08-10,Gandhigramam(Uzhavar Sandhai),19.0,19.0,1.4756687,20.47566866874695
2026-08-10,Kandiyaperi(Uzhavar Sandhai ),23.5,23.5,-0.32336766,23.176632344722748
2026-08-10,Thanjavur(Uzhavar Sandhai ),20.0,20.0,0.99021155,20.99021154642105
2026-08-10,Udumalpet APMC,14.5,14.5,2.0484958,16.548495769500732
2026-08-10,Dindigul(Uzhavar Sandhai ),18.0,18.0,0.67815846,18.678158462047577
2026-08-10,Valangaiman APMC,22.0,22.0,0.33076283,22.330762833356857
2026-08-10,Manachanallur(Uzhavar Sandhai ),24.0,20.0,0.9580022,20.95800220966339
2026-08-10,Palanganatham(Uzhavar Sandhai ),21.0,23.0,-0.28651658,22.713483422994614
2026-08-10,Thirukalukundram(Uzhavar Sandhai ),21.0,21.0,0.8207028,21.82070279121399
2026-08-10,Athur(Uzhavar Sandhai ),17.5,17.5,2.282664,19.78266406059265
2026-08-10,Virudhunagar(Uzhavar Sandhai ),22.5,22.5,0.27279112,22.772791117429733
2026-08-10,Perambakkam(Uzhavar Sandhai ),25.0,25.0,-1.3305742,23.66942584514618
2026-08-10,Gandarvakottai(Uzhavar Sandhai ),22.5,22.5,-0.24124609,22.258753910660744
2026-08-10,Sankarapuram(Uzhavar Sandhai ),20.0,20.0,0.49284497,20.492844969034195
2026-08-10,Chinnamanur(Uzhavar Sandhai ),18.5,19.0,1.1134187,20.113418698310852
2026-08-10,Palladam(Uzhavar Sandhai ),14.5,14.5,2.8265216,17.326521635055542
2026-08-10,Panruti(Uzhavar Sandhai ),20.0,20.0,1.9262965,21.92629647254944
2026-08-10,Hasthampatti(Uzhavar Sandhai ),17.0,18.0,1.0555865,19.055586457252502
2026-08-10,Devaram(Uzhavar Sandhai ),22.0,22.0,0.41318738,22.413187384605408
2026-08-10,Paruthipattu(Uzhavar Sandhai ),20.0,20.0,0.42494875,20.424948751926422
2026-08-10,Sulur(Uzhavar Sandhai ),16.0,16.0,2.2876463,18.287646293640137
2026-08-10,Coonoor(Uzhavar Sandhai ),19.0,19.0,0.6074829,19.60748291015625
2026-08-10,Devakottai (Uzhavar Sandhai ),25.0,25.0,-1.2315298,23.76847016811371
2026-08-10,Kumarapalayam(Uzhavar Sandhai ),21.0,16.0,3.11011,19.11011004447937
2026-08-10,Tiruvallur(Uzhavar Sandhai ),25.0,25.0,-1.5987566,23.401243448257446
2026-08-10,Arcot(Uzhavar Sandhai ),16.5,15.0,3.209958,18.20995807647705
2026-08-10,Mecheri(Uzhavar Sandhai),16.5,16.5,2.51334,19.01333999633789
2026-08-10,Kovilpatti(Uzhavar Sandhai ),22.5,27.5,-2.6015062,24.898493766784668
2026-08-10,Tamarainagar(Uzhavar Sandhai ),20.0,18.5,2.3869128,20.88691282272339
2026-08-10,Vaniyampadi(Uzhavar Sandhai ),20.0,20.0,0.7972919,20.79729187488556
2026-08-10,Kallakurichi(Uzhavar Sandhai ),20.0,20.0,0.84292006,20.842920064926147
2026-08-10,Medavakkam(Uzhavar Sandhai ),25.0,20.0,1.5486354,21.548635363578796
2026-08-10,Sivagangai (Uzhavar Sandhai ),25.0,25.0,-1.1816841,23.818315863609314
2026-08-10,NGO Colony(Uzhavar Sandhai ),23.5,23.5,-0.4347099,23.065290093421936
2026-08-10,Periyakulam(Uzhavar Sandhai ),21.0,21.0,0.6909707,21.690970718860626
2026-08-10,Palani(Uzhavar Sandhai ),12.5,17.0,-0.0010018545,16.998998145456426
2026-08-10,Tenkasi(Uzhavar Sandhai ),17.5,20.0,1.2411892,21.2411892414093
2026-08-10,Mohanur(Uzhavar Sandhai ),21.0,19.5,1.5310915,21.031091451644897
2026-08-10,Natrampalli(Uzhavar Sandhai ),17.5,17.5,2.9057014,20.405701398849487
2026-08-10,Vedasanthur(Uzhavar Sandhai ),12.5,17.5,0.81525123,18.315251231193542
2026-08-10,Paramakudi(Uzhavar Sandhai ),22.5,22.5,0.28575617,22.785756170749664
2026-08-10,Hosur(Uzhavar Sandhai ),12.5,12.5,4.163617,16.66361713409424
2026-08-10,Vedaranyam(Uzhavar Sandhai),32.0,29.0,-1.4681532,27.53184676170349
2026-08-10,Lalgudi(Uzhavar Sandhai ),24.0,22.0,0.11845786,22.11845786124468
2026-08-10,Sundarapuram(Uzhavar Sandhai ),16.0,14.0,3.116679,17.116678953170776
2026-08-10,Tirupatthur(Uzhavar Sandhai ),26.5,26.5,-1.398928,25.1010719537735
2026-08-10,Palacode(Uzhavar Sandhai ),17.0,15.0,3.5318635,18.53186345100403
2026-08-10,Melur(Uzhavar Sandhai ),23.0,23.0,-0.115637414,22.88436258584261
2026-08-10,Cuddalore(Uzhavar Sandhai ),18.0,18.0,1.3626919,19.36269187927246
2026-08-10,Chokkikulam(Uzhavar Sandhai ),23.0,23.0,-0.15359467,22.8464053273201
2026-08-10,Sunguvarchatram(Uzhavar Sandhai ),22.0,21.0,0.62352955,21.62352955341339
2026-08-10,Pollachi(Uzhavar Sandhai ),16.0,16.0,1.8909937,17.89099371433258
2026-08-10,Kulithalai(Uzhavar Sandhai ),18.0,18.0,1.535611,19.535611033439636
2026-08-10,Muthupettai(Uzhavar Sandhai ),20.0,20.0,0.853401,20.853401005268097
2026-08-10,Needamangalam(Uzhavar Sandhai ),20.0,20.0,0.9195496,20.919549584388733
2026-08-10,Kundrathur(Uzhavar Sandhai ),22.0,21.0,0.48587462,21.485874623060226
2026-08-10,Ranipettai(Uzhavar Sandhai ),16.5,16.5,1.2054873,17.70548725128174
2026-08-10,Pallikonda(Uzhavar Sandhai),17.5,17.0,1.4576135,18.457613468170166
2026-08-10,Kahithapattarai(Uzhavar Sandhai ),18.0,17.0,1.0887499,18.088749885559082
2026-08-10,Tiruvarur(Uzhavar Sandhai ),22.0,20.0,1.040885,21.040884971618652
2026-08-10,Krishnagiri(Uzhavar Sandhai ),13.0,12.0,4.161435,16.1614351272583
2026-08-10,Gudalur(Uzhavar Sandhai ),17.5,17.5,0.99550503,18.495505034923553
2026-08-10,Ramanathapuram(Uzhavar Sandhai ),27.5,27.5,-0.8618412,26.638158798217773
2026-08-10,Sivakasi(Uzhavar Sandhai ),19.0,17.5,2.5117147,20.011714696884155
2026-08-10,Paramathivelur(Uzhavar Sandhai ),21.5,21.5,0.8155317,22.31553167104721
2026-08-10,Tiruppur (North) (Uzhavar Sandhai ),16.5,16.5,1.400809,17.900809049606323
2026-08-10,Tiruppur (South) (Uzhavar Sandhai ),11.0,16.5,1.2557455,17.75574553012848
2026-08-10,Denkanikottai(Uzhavar Sandhai ),12.5,12.5,4.4174953,16.917495250701904
2026-08-10,Periyar Nagar(Uzhavar Sandhai ),16.5,19.0,0.7448301,19.744830071926117
2026-08-10,Elampillai(Uzhavar Sandhai ),19.0,19.0,0.97106475,19.971064746379852
2026-08-10,KKNagar(Uzhavar Sandhai ),21.0,21.0,1.8003074,22.800307393074036
2026-08-10,Vadalur(Uzhavar Sandhai ),20.0,20.0,1.2778103,21.2778103351593
2026-08-10,Chengam(Uzhavar Sandhai ),17.5,18.0,1.8373773,19.837377309799194
2026-08-10,Palayamkottai(Uzhavar Sandhai ),23.5,23.5,-0.31480226,23.185197740793228
2026-08-10,Vadavalli(Uzhavar Sandhai ),15.5,15.5,2.566821,18.066821098327637
2026-08-10,Vazhapadi(Uzhavar Sandhai),17.0,17.0,2.9254286,19.92542862892151
2026-08-10,Vengamedu(Uzhavar Sandhai ),17.5,17.5,2.1439383,19.643938302993774
2026-08-10,Jalagandapuram(Uzhavar Sandhai ),18.0,16.5,2.6398911,19.139891147613525
2026-08-10,Kurichi(Uzhavar Sandhai ),15.0,14.0,3.048592,17.04859209060669
2026-08-10,Rasipuram(Uzhavar Sandhai ),17.0,17.0,2.8002927,19.80029273033142
2026-08-10,Chinnalapatti(Uzhavar Sandhai ),17.5,18.0,0.7871142,18.787114202976227
2026-08-10,Rajapalayam(Uzhavar Sandhai ),17.5,17.5,1.9996475,19.4996474981308
2026-08-10,Kumbakonam (Uzhavar Sandhai ),22.0,21.0,0.65966326,21.659663259983063
2026-08-10,Pallavaram(Uzhavar Sandhai ),22.5,22.5,0.8555635,23.355563521385193
2026-08-10,Bodinayakanur(Uzhavar Sandhai ),22.0,22.0,0.5476866,22.54768657684326
2026-08-10,Tiruchengode APMC,20.0,19.0,2.1102483,21.11024832725525
2026-08-10,Srivilliputhur(Uzhavar Sandhai ),18.5,18.5,1.3620795,19.86207950115204
2026-08-10,Kamuthi(Uzhavar Sandhai ),30.0,27.5,-2.0323296,25.467670440673828
2026-08-10,Jameenrayapettai(Uzhavar Sandhai ),22.5,22.5,0.69207484,23.192074835300446
2026-08-10,Mayiladuthurai(Uzhavar Sandhai ),22.5,22.5,-0.049839698,22.450160302221775
2026-08-10,Anna nagar(Uzhavar Sandhai ),22.0,22.0,0.48789218,22.48789218068123
2026-08-10,Ambattur(Uzhavar Sandhai ),25.0,25.0,-1.3305742,23.66942584514618
2026-08-10,Vellore APMC,20.0,16.0,2.1299632,18.129963159561157
2026-08-10,Pattukottai(Uzhavar Sandhai ),22.0,22.0,0.10818237,22.10818237066269
2026-08-10,Kaveripattinam(Uzhavar Sandhai ),20.0,20.0,1.0378757,21.037875652313232
2026-08-10,Madhuranthagam(Uzhavar Sandhai ),20.0,20.0,1.7501428,21.750142812728882
2026-08-10,Gudiyatham(Uzhavar Sandhai ),16.0,16.0,2.1738212,18.173821210861206
2026-08-10,Cheyyar(Uzhavar Sandhai ),13.5,17.5,0.7978566,18.297856628894806
2026-08-10,Aruppukottai(Uzhavar Sandhai ),17.5,19.0,0.65608716,19.656087160110474
2026-08-10,Sooramangalam(Uzhavar Sandhai ),14.0,17.5,3.0650442,20.565044164657593
2026-08-10,Padappai(Uzhavar Sandhai ),20.0,20.0,1.1326485,21.132648468017578
2026-08-10,Papanasam(Uzhavar Sandhai ),22.0,20.0,0.5489559,20.5489559173584
2026-08-10,Arani(Uzhavar Sandhai ),13.5,17.5,1.7365394,19.236539363861084
2026-08-10,Ammapet(Uzhavar Sandhai ),15.0,17.0,2.0727057,19.07270574569702
2026-08-10,Tiruvannamalai(Uzhavar Sandhai ),14.0,13.5,4.7211804,18.22118043899536
2026-08-10,Sankarankoil(Uzhavar Sandhai ),20.0,20.0,1.944123,21.944123029708862
2026-08-10,Katpadi (Uzhavar Sandhai ),21.0,17.5,2.2347054,19.734705448150635
2026-08-10,Thammampatti (Uzhavar Sandhai ),13.0,14.0,3.6833675,17.683367490768433
2026-08-10,Alangudi(Uzhavar Sandhai ),22.5,22.5,-0.23015976,22.269840240478516
2026-08-10,Singanallur(Uzhavar Sandhai ),16.0,17.0,1.6863073,18.686307311058044
2026-08-10,Velayuthampalayam(Uzhavar Sandhai ),18.0,18.0,1.7722616,19.77226161956787
2026-08-10,Gobichettipalayam(Uzhavar Sandhai ),17.0,17.0,1.0950427,18.09504270553589
2026-08-10,Thalavaipuram(Uzhavar Sandhai ),17.5,18.0,2.124014,20.124013900756836
2026-08-10,Mettur(Uzhavar Sandhai ),16.5,16.5,2.133224,18.63322401046753
2026-08-10,Dharapuram(Uzhavar Sandhai ),16.5,12.5,5.9130187,18.413018703460693
2026-08-10,Melapalayam(Uzhavar Sandhai ),23.5,23.5,-0.37638113,23.123618870973587
2026-08-10,Tirukattupalli(Uzhavar Sandhai ),20.0,20.0,1.1183938,21.118393778800964
2026-08-10,Perundurai(Uzhavar Sandhai ),16.5,19.0,0.7978877,19.797887682914734
2026-08-10,Naravarikuppam(Uzhavar Sandhai ),25.0,25.0,-1.3627678,23.637232184410095
2026-08-10,Usilampatti(Uzhavar Sandhai ),23.0,23.0,-0.115637414,22.88436258584261
2026-08-10,Thalavadi(Uzhavar Sandhai ),13.0,11.5,4.0205545,15.520554542541504
2026-08-10,Sirkali(Uzhavar Sandhai ),22.5,22.5,-0.059682272,22.44031772762537
2026-08-10,Sampath Nagar(Uzhavar Sandhai ),16.5,19.0,0.76179737,19.76179736852646
2026-08-10,RSPuram(Uzhavar Sandhai ),13.5,15.0,0.9913431,15.991343080997467
2026-08-10,Aranthangi(Uzhavar Sandhai ),22.5,22.5,-0.3805502,22.11944979429245
2026-08-10,Gingee(Uzhavar Sandhai ),15.0,15.0,2.89789,17.897890090942383
2026-08-10,Andipatti(Uzhavar Sandhai ),21.0,21.0,0.47916484,21.479164838790894
2026-08-10,Sathiyamagalam(Uzhavar Sandhai ),15.5,14.5,2.587417,17.087416887283325
2026-08-10,Jeyankondam (Uzhavar Sandhai ),20.0,22.0,-0.43492627,21.5650737285614
2026-08-10,Tuticorin(Uzhavar Sandhai ),22.5,22.5,-0.16249122,22.337508782744408
2026-08-10,Peravurani(Uzhavar Sandhai),20.0,20.0,1.3643606,21.364360570907593
2026-08-10,Vadaseri APMC,26.5,26.5,-0.9657094,25.534290611743927
2026-08-10,Musiri(Uzhavar Sandhai ),20.0,20.0,0.9382518,20.938251793384552
2026-08-10,Myladi(Uzhavar Sandhai ),26.5,22.5,0.7103925,23.210392475128174
2026-08-10,Tiruthani(Uzhavar Sandhai ),25.0,25.0,-1.5147657,23.485234260559082
2026-08-10,Kambam(Uzhavar Sandhai ),19.0,22.0,0.39454934,22.39454934000969
2026-08-10,Avallapalli(Uzhavar Sandhai ),13.5,13.5,3.9536908,17.453690767288208
2026-08-11,Harur(Uzhavar Sandhai ),16.5,16.5,2.4888892,18.98888921737671
2026-08-11,Tiruthani(Uzhavar Sandhai ),25.0,25.0,-1.4311551,23.56884491443634
2026-08-11,Tiruvannamalai(Uzhavar Sandhai ),18.0,14.0,2.7562027,16.756202697753906
2026-08-11,Karaikudi(Uzhavar Sandhai ),25.0,26.0,-1.2637241,24.736275911331177
2026-08-11,Medavakkam(Uzhavar Sandhai ),20.0,25.0,-1.2124065,23.787593483924866
2026-08-11,Melapalayam(Uzhavar Sandhai ),23.5,23.5,-0.21026929,23.289730712771416
2026-08-11,Bodinayakanur(Uzhavar Sandhai ),22.0,22.0,0.5964391,22.596439123153687
2026-08-11,Ramanathapuram(Uzhavar Sandhai ),26.5,27.5,-1.4581481,26.0418518781662
2026-08-11,Dindigul(Uzhavar Sandhai ),18.0,18.0,1.821619,19.821619033813477
2026-08-11,Rajapalayam(Uzhavar Sandhai ),17.5,17.5,2.4752645,19.97526454925537
2026-08-11,Chinnamanur(Uzhavar Sandhai ),18.5,18.5,2.0483854,20.54838538169861
2026-08-11,Vandavasi(Uzhavar Sandhai ),22.0,13.5,3.9251065,17.425106525421143
2026-08-11,Ambattur(Uzhavar Sandhai ),25.0,25.0,-1.2086492,23.791350841522217
2026-08-11,Jeyankondam (Uzhavar Sandhai ),18.0,20.0,0.9873874,20.98738741874695
2026-08-11,Paramakudi(Uzhavar Sandhai ),21.0,22.5,0.38626963,22.886269629001617
2026-08-11,Paramathivelur(Uzhavar Sandhai ),21.5,21.5,0.7678737,22.26787370443344
2026-08-11,Tiruvallur(Uzhavar Sandhai ),25.0,25.0,-1.5243309,23.475669145584106
2026-08-11,Padappai(Uzhavar Sandhai ),21.0,20.0,1.4375144,21.437514424324036
2026-08-11,KKNagar(Uzhavar Sandhai ),22.0,21.0,0.55761075,21.557610750198364
2026-08-11,Jalagandapuram(Uzhavar Sandhai ),16.5,18.0,1.8375753,19.837575316429138
2026-08-11,Mettupalayam(Uzhavar Sandhai ),15.5,16.5,2.177228,18.67722797393799
2026-08-11,Vedasanthur(Uzhavar Sandhai ),13.5,12.5,5.609345,18.109344959259033
2026-08-11,Jameenrayapettai(Uzhavar Sandhai ),22.5,22.5,0.042066697,22.54206669703126
2026-08-11,Tindivanam APMC,22.0,16.0,3.4944022,19.494402170181274
2026-08-11,Needamangalam(Uzhavar Sandhai ),20.0,20.0,1.6550788,21.655078768730164
2026-08-11,Tirukattupalli(Uzhavar Sandhai ),20.0,20.0,1.7544028,21.75440275669098
2026-08-11,Thuraiyur APMC,20.0,20.0,1.2359171,21.23591709136963
2026-08-11,Naravarikuppam(Uzhavar Sandhai ),25.0,25.0,-1.2916211,23.70837891101837
2026-08-11,Viruthachalam(Uzhavar Sandhai ),20.0,20.0,1.4357166,21.43571662902832
2026-08-11,Sampath Nagar(Uzhavar Sandhai ),19.0,16.5,2.954032,19.454031944274902
2026-08-11,Aranthangi(Uzhavar Sandhai ),22.5,22.5,-0.004343862,22.495656137820333
2026-08-11,Pallapatti (Uzhavar Sandhai ),19.0,19.0,1.4334034,20.433403372764587
2026-08-11,Tuticorin(Uzhavar Sandhai ),22.5,22.5,0.8081505,23.308150470256805
2026-08-11,Kambam(Uzhavar Sandhai ),19.0,19.0,1.8771218,20.877121806144714
2026-08-11,Nanganallur(Uzhavar Sandhai ),19.0,19.0,2.3041518,21.30415177345276
2026-08-11,Kancheepuram(Uzhavar Sandhai ),20.0,20.0,1.4070084,21.407008409500122
2026-08-11,RSPuram(Uzhavar Sandhai ),15.0,13.5,2.529245,16.029244899749756
2026-08-11,Melur(Uzhavar Sandhai ),21.0,23.0,-0.2047612,22.79523879289627
2026-08-11,Gandarvakottai(Uzhavar Sandhai ),22.0,22.5,0.05621474,22.55621473863721
2026-08-11,Mayiladuthurai(Uzhavar Sandhai ),22.5,22.5,0.0068707345,22.506870734505355
2026-08-11,Kamuthi(Uzhavar Sandhai ),26.5,30.0,-2.6152637,27.38473629951477
2026-08-11,Hasthampatti(Uzhavar Sandhai ),18.0,17.0,1.9333974,18.93339741230011
2026-08-11,Pattukottai(Uzhavar Sandhai ),26.0,22.0,0.6753257,22.67532569169998
2026-08-11,Aruppukottai(Uzhavar Sandhai ),17.5,17.5,1.4020909,18.902090907096863
2026-08-11,Ariyalur(Uzhavar Sandhai),20.0,20.0,0.7685394,20.768539428710938
2026-08-11,Papanasam(Uzhavar Sandhai ),24.0,22.0,0.26192167,22.261921674013138
2026-08-11,Ammapet(Uzhavar Sandhai ),16.5,15.0,2.924605,17.924604892730713
2026-08-11,Sankarankoil(Uzhavar Sandhai ),20.0,20.0,1.1174024,21.11740243434906
2026-08-11,Pudukottai(Uzhavar Sandhai ),22.0,22.0,0.09540325,22.095403246581554
2026-08-11,Viralimalai(Uzhavar Sandhai ),17.5,22.5,0.4094783,22.909478306770325
2026-08-11,Velayuthampalayam(Uzhavar Sandhai ),17.0,18.0,2.464147,20.464147090911865
2026-08-11,Tiruchengode APMC,18.0,20.0,1.1997631,21.19976305961609
2026-08-11,Palacode(Uzhavar Sandhai ),17.0,17.0,2.8533146,19.853314638137817
2026-08-11,Tirupatthur(Uzhavar Sandhai ),23.5,26.5,-1.4639411,25.03605890274048
2026-08-11,Hosur(Uzhavar Sandhai ),17.5,12.5,5.978547,18.47854709625244
2026-08-11,Dharmapuri(Uzhavar Sandhai ),19.0,19.0,2.4278116,21.42781162261963
2026-08-11,Kangayam(Uzhavar Sandhai ),14.0,16.0,2.8179145,18.817914485931396
2026-08-11,Ranipettai(Uzhavar Sandhai ),19.0,16.5,1.7145457,18.214545726776123
2026-08-11,Kahithapattarai(Uzhavar Sandhai ),20.0,18.0,1.2955377,19.29553771018982
2026-08-11,Tiruvarur(Uzhavar Sandhai ),22.0,22.0,0.51638687,22.51638686656952
2026-08-11,Tiruppur (South) (Uzhavar Sandhai ),13.5,11.0,4.4310236,15.431023597717285
2026-08-11,Palladam(Uzhavar Sandhai ),14.5,14.5,2.659856,17.15985608100891
2026-08-11,Sankarapuram(Uzhavar Sandhai ),20.0,20.0,0.63984233,20.639842331409454
2026-08-11,Chinnalapatti(Uzhavar Sandhai ),19.0,17.5,1.4107764,18.910776376724243
2026-08-11,Elampillai(Uzhavar Sandhai ),21.0,19.0,1.1916386,20.191638588905334
2026-08-11,Virudhunagar(Uzhavar Sandhai ),18.0,22.5,0.5108795,23.010879516601562
2026-08-11,Pennagaram(Uzhavar Sandhai ),17.5,17.5,2.3674157,19.8674156665802
2026-08-11,Vazhapadi(Uzhavar Sandhai),16.0,17.0,2.9855437,19.985543727874756
2026-08-11,Tiruppur (North) (Uzhavar Sandhai ),16.5,16.5,1.3832945,17.883294463157654
2026-08-11,Rasipuram(Uzhavar Sandhai ),17.0,17.0,2.9329035,19.9329035282135
2026-08-11,Thiruverumbur(Uzhavar Sandhai ),24.0,24.0,-0.6542432,23.345756828784943
2026-08-11,Udhagamandalam(Uzhavar Sandhai ),17.5,17.5,2.3010464,19.80104637145996
2026-08-11,Paruthipattu(Uzhavar Sandhai ),20.0,20.0,0.9013789,20.90137892961502
2026-08-11,Devakottai (Uzhavar Sandhai ),23.0,25.0,-1.1298938,23.87010622024536
2026-08-11,Mecheri(Uzhavar Sandhai),17.5,16.5,2.8271902,19.327190160751343
2026-08-11,Vaniyampadi(Uzhavar Sandhai ),20.0,20.0,1.0339973,21.033997297286987
2026-08-11,Kallakurichi(Uzhavar Sandhai ),20.0,20.0,1.2467643,21.246764302253723
2026-08-11,Cuddalore(Uzhavar Sandhai ),24.0,18.0,2.492335,20.492335081100464
2026-08-11,AJattihalli(Uzhavar Sandhai ),18.0,18.0,2.7958703,20.795870304107666
2026-08-11,Natrampalli(Uzhavar Sandhai ),17.5,17.5,3.0583804,20.558380365371704
2026-08-11,Mannargudi II(Uzhavar Sandhai ),22.0,22.0,0.5584402,22.55844020843506
2026-08-11,Kandiyaperi(Uzhavar Sandhai ),23.5,23.5,-0.116534464,23.38346553593874
2026-08-11,Thirupathur APMC,23.0,23.0,-0.26982185,22.730178147554398
2026-08-11,Sathiyamagalam(Uzhavar Sandhai ),15.5,15.5,2.6974528,18.197452783584595
2026-08-11,Perambakkam(Uzhavar Sandhai ),25.0,25.0,-1.2086492,23.791350841522217
2026-08-11,Andipatti(Uzhavar Sandhai ),21.0,21.0,0.6418556,21.641855597496033
2026-08-11,Theni(Uzhavar Sandhai ),21.0,21.0,0.749617,21.749616980552673
2026-08-11,Guduvancheri(Uzhavar Sandhai ),22.5,22.5,0.34201655,22.84201654791832
2026-08-11,Chokkikulam(Uzhavar Sandhai ),21.0,23.0,-0.2212094,22.778790593147278
2026-08-11,Karur(Uzhavar Sandhai ),17.5,17.5,2.2396019,19.739601850509644
2026-08-11,Chidambaram(Uzhavar Sandhai ),20.0,20.0,1.6496642,21.649664163589478
2026-08-11,Gudalur(Uzhavar Sandhai ),16.5,17.5,1.2519747,18.75197470188141
2026-08-11,Krishnagiri(Uzhavar Sandhai ),12.0,13.0,2.8021002,15.80210018157959
2026-08-11,Perampet(Uzhavar Sandhai),16.0,16.0,2.7950954,18.795095443725586
2026-08-11,Edapadi (Uzhavar Sandhai ),19.0,21.0,0.5319829,21.531982898712158
2026-08-11,Kundrathur(Uzhavar Sandhai ),22.0,22.0,0.6019603,22.60196030139923
2026-08-11,Coonoor(Uzhavar Sandhai ),19.0,19.0,0.9815797,19.98157972097397
2026-08-11,Pallavaram(Uzhavar Sandhai ),22.5,22.5,0.22267962,22.722679615020752
2026-08-11,Muthupettai(Uzhavar Sandhai ),20.0,20.0,1.7096395,21.70963954925537
2026-08-11,Kulithalai(Uzhavar Sandhai ),18.0,18.0,1.8909006,19.89090061187744
2026-08-11,Sundarapuram(Uzhavar Sandhai ),14.5,16.0,1.94859,17.94859004020691
2026-08-11,Usilampatti(Uzhavar Sandhai ),21.0,23.0,-0.18012673,22.81987327337265
2026-08-11,Gandhigramam(Uzhavar Sandhai),19.0,19.0,1.9097211,20.90972113609314
2026-08-11,Athur(Uzhavar Sandhai ),17.5,17.5,1.4519793,18.951979279518127
2026-08-11,Sirkali(Uzhavar Sandhai ),22.5,22.5,0.009492043,22.50949204340577
2026-08-11,Thalavadi(Uzhavar Sandhai ),13.0,13.0,3.2844753,16.284475326538086
2026-08-11,Pallikonda(Uzhavar Sandhai),23.0,17.5,1.930325,19.430325031280518
2026-08-11,NGO Colony(Uzhavar Sandhai ),23.5,23.5,-0.2901071,23.20989289879799
2026-08-11,Sivakasi(Uzhavar Sandhai ),17.5,19.0,2.2060559,21.206055879592896
2026-08-11,Palanganatham(Uzhavar Sandhai ),21.0,21.0,0.3433565,21.343356490135193
2026-08-11,Nagapattinam(Uzhavar Sandhai ),22.0,22.5,0.3179999,22.81799989938736
2026-08-11,Kariyapatti(Uzhavar Sandhai ),19.0,19.0,1.3965383,20.396538257598877
2026-08-11,Manapparai(Uzhavar Sandhai ),24.0,24.0,-0.79511017,23.204889833927155
2026-08-11,Denkanikottai(Uzhavar Sandhai ),17.5,12.5,6.226542,18.726541996002197
2026-08-11,Periyar Nagar(Uzhavar Sandhai ),19.0,16.5,2.9791791,19.47917914390564
2026-08-11,Sivagangai (Uzhavar Sandhai ),23.0,25.0,-1.1389426,23.86105740070343
2026-08-11,Palani(Uzhavar Sandhai ),12.5,12.5,4.7722564,17.27225637435913
2026-08-11,Polur(Uzhavar Sandhai ),13.5,13.5,3.4518769,16.951876878738403
2026-08-11,Villupuram(Uzhavar Sandhai ),20.0,20.0,1.6507181,21.650718092918396
2026-08-11,Attayampatti(Uzhavar Sandhai ),17.5,16.5,2.6795986,19.179598569869995
2026-08-11,Tamarainagar(Uzhavar Sandhai ),21.0,20.0,0.6541314,20.654131412506104
2026-08-11,Kovilpatti(Uzhavar Sandhai ),27.5,22.5,0.4655785,22.965578496456146
2026-08-11,Arcot(Uzhavar Sandhai ),16.5,16.5,3.1418145,19.641814470291138
2026-08-11,Singampunari(Uzhavar Sandhai ),23.0,25.0,-1.1935622,23.806437849998474
2026-08-11,Tenkasi(Uzhavar Sandhai ),17.5,17.5,1.3451717,18.845171689987183
2026-08-11,Keelpennathur(Uzhavar Sandhai ),19.0,19.0,2.181012,21.18101191520691
2026-08-11,Thathakapatti(Uzhavar Sandhai ),17.5,14.5,3.0762107,17.576210737228394
2026-08-11,Sunguvarchatram(Uzhavar Sandhai ),22.0,22.0,0.73961544,22.739615440368652
2026-08-11,Manachanallur(Uzhavar Sandhai ),22.0,24.0,-0.15456091,23.845439091324806
2026-08-11,Pollachi(Uzhavar Sandhai ),16.0,16.0,2.136715,18.136714935302734
2026-08-11,Perambalur(Uzhavar Sandhai ),27.5,26.5,-1.865195,24.63480496406555
2026-08-11,Vedaranyam(Uzhavar Sandhai),32.5,32.0,-2.868133,29.131866931915283
2026-08-11,Valangaiman APMC,22.0,22.0,0.52865875,22.528658747673035
2026-08-11,Kurichi(Uzhavar Sandhai ),16.0,15.0,2.3741152,17.374115228652954
2026-08-11,Lalgudi(Uzhavar Sandhai ),24.0,24.0,-0.7984541,23.201545894145966
2026-08-11,Thanjavur(Uzhavar Sandhai ),22.0,20.0,1.6143255,21.614325523376465
2026-08-11,Vadavalli(Uzhavar Sandhai ),16.0,15.5,2.3855064,17.88550639152527
2026-08-11,Vadalur(Uzhavar Sandhai ),20.0,20.0,2.4553156,22.455315589904785
2026-08-11,Madhuranthagam(Uzhavar Sandhai ),20.0,20.0,2.2856836,22.285683631896973
2026-08-11,Ulundurpettai APMC,15.0,15.0,2.3136811,17.31368112564087
2026-08-11,Panruti(Uzhavar Sandhai ),20.0,20.0,2.4041326,22.404132604599
2026-08-11,Gingee(Uzhavar Sandhai ),20.0,15.0,4.1314974,19.131497383117676
2026-08-11,Periyakulam(Uzhavar Sandhai ),21.0,21.0,0.77127516,21.77127516269684
2026-08-11,Mannargudi I(Uzhavar Sandhai ),22.0,22.0,0.42693126,22.426931262016296
2026-08-11,Sooramangalam(Uzhavar Sandhai ),19.0,14.0,3.3142812,17.314281225204468
2026-08-11,Anaiyur(Uzhavar Sandhai ),21.0,21.0,0.4994999,21.499499887228012
2026-08-11,Sathur(Uzhavar Sandhai ),22.5,22.5,-0.5300503,21.96994972229004
2026-08-11,Avallapalli(Uzhavar Sandhai ),17.5,13.5,4.3666906,17.866690635681152
2026-08-11,Thalavaipuram(Uzhavar Sandhai ),17.5,17.5,3.1624882,20.662488222122192
2026-08-11,Ambasamudram(Uzhavar Sandhai ),18.5,18.5,2.4305053,20.93050527572632
2026-08-11,Katpadi (Uzhavar Sandhai ),22.5,21.0,0.35599217,21.355992168188095
2026-08-11,Mettur(Uzhavar Sandhai ),16.5,16.5,2.3695204,18.86952042579651
2026-08-11,Kumbakonam (Uzhavar Sandhai ),24.0,22.0,-0.03560813,21.964391868561506
2026-08-11,Srivilliputhur(Uzhavar Sandhai ),18.5,18.5,1.7220916,20.222091555595398
2026-08-11,Perundurai(Uzhavar Sandhai ),16.5,16.5,2.8408086,19.340808629989624
2026-08-11,Vellore APMC,23.0,20.0,1.0586947,21.05869472026825
2026-08-11,Anna nagar(Uzhavar Sandhai ),22.0,22.0,0.44348446,22.44348445534706
2026-08-11,Gobichettipalayam(Uzhavar Sandhai ),17.0,17.0,1.2912799,18.291279911994934
2026-08-11,Chengam(Uzhavar Sandhai ),18.0,17.5,2.2705734,19.770573377609253
2026-08-11,Cheyyar(Uzhavar Sandhai ),22.0,13.5,3.6204755,17.12047553062439
2026-08-11,Arani(Uzhavar Sandhai ),19.5,13.5,3.8373199,17.33731985092163
2026-08-11,Dharapuram(Uzhavar Sandhai ),16.0,16.5,0.7899361,17.289936125278473
2026-08-11,Udumalpet APMC,14.5,14.5,2.256593,16.756592988967896
2026-08-11,Mohanur(Uzhavar Sandhai ),22.0,21.0,0.9405873,21.940587282180786
2026-08-11,Karimangalam(Uzhavar Sandhai),19.0,19.0,2.4551237,21.45512366294861
2026-08-11,Thirumangalam(Uzhavar Sandhai ),21.0,23.0,-0.30319488,22.696805119514465
2026-08-11,Palayamkottai(Uzhavar Sandhai ),26.0,23.5,-0.16487806,23.3351219445467
2026-08-11,Devaram(Uzhavar Sandhai ),21.0,22.0,0.59483206,22.594832062721252
2026-08-11,Alangudi(Uzhavar Sandhai ),22.5,22.5,-0.11259619,22.387403808534145
2026-08-11,Vadaseri APMC,28.5,26.5,-0.853352,25.64664798974991
2026-08-11,Sulur(Uzhavar Sandhai ),15.0,16.0,1.5175716,17.517571568489075
2026-08-11,Myladi(Uzhavar Sandhai ),27.5,26.5,-1.6784315,24.821568489074707
2026-08-11,Kumarapalayam(Uzhavar Sandhai ),21.0,21.0,-0.15643542,20.843564584851265
2026-08-11,Kaveripattinam(Uzhavar Sandhai ),20.0,20.0,1.4361391,21.43613910675049
2026-08-11,Thammampatti (Uzhavar Sandhai ),14.0,13.0,4.0969014,17.096901416778564
2026-08-11,Chengalpet(Uzhavar Sandhai ),22.5,22.5,0.43399653,22.93399652838707
2026-08-11,Vengamedu(Uzhavar Sandhai ),17.5,17.5,2.4747806,19.974780559539795
2026-08-11,Singanallur(Uzhavar Sandhai ),16.0,16.0,2.271944,18.271944046020508
2026-08-11,Gudiyatham(Uzhavar Sandhai ),15.0,16.0,3.0336595,19.0336594581604
2026-08-11,Musiri(Uzhavar Sandhai ),20.0,20.0,1.4031043,21.403104305267334
2026-08-11,Ponnamaravathi(Uzhavar Sandhai),22.0,22.0,0.4961643,22.49616429209709
2026-08-11,Karambakkudi(Uzhavar Sandhai ),19.0,17.5,1.9802295,19.48022949695587
2026-08-11,Peravurani(Uzhavar Sandhai),20.0,20.0,1.7235103,21.723510265350342
2026-08-11,Thirukalukundram(Uzhavar Sandhai ),21.0,21.0,1.0311483,22.031148314476013
2026-08-12,Dharapuram(Uzhavar Sandhai ),16.5,16.0,1.7960756,17.796075582504272
2026-08-12,Mayiladuthurai(Uzhavar Sandhai ),22.5,22.5,-0.07322562,22.426774382591248
2026-08-12,Andipatti(Uzhavar Sandhai ),24.5,21.0,0.66213286,21.66213285923004
2026-08-12,Keelpennathur(Uzhavar Sandhai ),19.0,19.0,2.4271617,21.427161693572998
2026-08-12,Tenkasi(Uzhavar Sandhai ),17.5,17.5,1.6173395,19.117339491844177
2026-08-12,Natrampalli(Uzhavar Sandhai ),17.5,17.5,2.1287894,19.62878942489624
2026-08-12,Kamuthi(Uzhavar Sandhai ),25.0,26.5,-0.87486285,25.625137150287628
2026-08-12,Kaveripattinam(Uzhavar Sandhai ),25.0,20.0,1.4331187,21.43311870098114
2026-08-12,Cuddalore(Uzhavar Sandhai ),24.0,24.0,-0.4667038,23.533296197652817
2026-08-12,Vellore APMC,22.0,23.0,-0.08512372,22.91487628221512
2026-08-12,Hosur(Uzhavar Sandhai ),22.5,17.5,2.3026242,19.802624225616455
2026-08-12,Tiruchengode APMC,22.0,18.0,2.757532,20.757531881332397
2026-08-12,Lalgudi(Uzhavar Sandhai ),30.0,24.0,-0.15158951,23.848410487174988
2026-08-12,Gingee(Uzhavar Sandhai ),25.0,20.0,2.4252753,22.425275325775146
2026-08-12,Sathiyamagalam(Uzhavar Sandhai ),15.5,15.5,2.5852392,18.08523917198181
2026-08-12,Aranthangi(Uzhavar Sandhai ),27.5,22.5,0.07314778,22.573147781193256
2026-08-12,Sampath Nagar(Uzhavar Sandhai ),21.0,19.0,2.0873942,21.08739423751831
2026-08-12,Palani(Uzhavar Sandhai ),17.0,12.5,4.6870117,17.18701171875
2026-08-12,Myladi(Uzhavar Sandhai ),27.5,27.5,-2.5636463,24.93635368347168
2026-08-12,Tuticorin(Uzhavar Sandhai ),22.5,22.5,0.7390192,23.239019215106964
2026-08-12,Usilampatti(Uzhavar Sandhai ),23.0,21.0,0.7174447,21.717444717884064
2026-08-12,Naravarikuppam(Uzhavar Sandhai ),25.0,25.0,-1.0838922,23.916107773780823
2026-08-12,Peravurani(Uzhavar Sandhai),20.0,20.0,1.5646122,21.56461215019226
2026-08-12,RSPuram(Uzhavar Sandhai ),19.0,15.0,1.1415277,16.14152765274048
2026-08-12,Tirukattupalli(Uzhavar Sandhai ),26.0,20.0,1.8482456,21.84824562072754
2026-08-12,Pallavaram(Uzhavar Sandhai ),27.5,22.5,0.6057174,23.105717420578003
2026-08-12,Mettur(Uzhavar Sandhai ),22.5,16.5,2.3618162,18.86181616783142
2026-08-12,Chokkikulam(Uzhavar Sandhai ),22.0,21.0,0.6426258,21.64262580871582
2026-08-12,Melur(Uzhavar Sandhai ),23.0,21.0,0.7541521,21.7541521191597
2026-08-12,Vedaranyam(Uzhavar Sandhai),36.5,32.5,-2.656646,29.843353986740112
2026-08-12,Palacode(Uzhavar Sandhai ),19.0,17.0,2.2317863,19.231786251068115
2026-08-12,Kambam(Uzhavar Sandhai ),22.5,19.0,1.9835162,20.983516216278076
2026-08-12,Sirkali(Uzhavar Sandhai ),22.5,22.5,-0.12060282,22.379397183656693
2026-08-12,Cheyyar(Uzhavar Sandhai ),27.5,22.0,1.1817034,23.181703448295593
2026-08-12,Tirupatthur(Uzhavar Sandhai ),24.0,23.5,-0.41151953,23.088480472564697
2026-08-12,Thalavadi(Uzhavar Sandhai ),13.5,13.0,3.2152963,16.215296268463135
2026-08-12,Elampillai(Uzhavar Sandhai ),24.5,21.0,0.36660048,21.36660048365593
2026-08-12,Sivagangai (Uzhavar Sandhai ),25.0,23.0,-0.08136785,22.91863214969635
2026-08-12,Sivakasi(Uzhavar Sandhai ),17.5,17.5,2.653742,20.15374207496643
2026-08-12,KKNagar(Uzhavar Sandhai ),30.0,22.0,1.123837,23.123836994171143
2026-08-12,Chengam(Uzhavar Sandhai ),22.5,18.0,1.299965,19.299965023994446
2026-08-12,Palayamkottai(Uzhavar Sandhai ),23.5,26.0,-2.183955,23.81604504585266
2026-08-12,Sulur(Uzhavar Sandhai ),17.0,15.0,2.1020882,17.10208821296692
2026-08-12,Jalagandapuram(Uzhavar Sandhai ),22.0,16.5,3.4788857,19.978885650634766
2026-08-12,Kumarapalayam(Uzhavar Sandhai ),17.5,21.0,0.06261008,21.06261008232832
2026-08-12,Vengamedu(Uzhavar Sandhai ),22.5,17.5,2.7321541,20.23215413093567
2026-08-12,Tiruvallur(Uzhavar Sandhai ),25.0,25.0,-1.2820761,23.717923879623413
2026-08-12,Medavakkam(Uzhavar Sandhai ),22.5,20.0,1.9770361,21.977036118507385
2026-08-12,Vedasanthur(Uzhavar Sandhai ),14.0,13.5,3.6217232,17.121723175048828
2026-08-12,Srivilliputhur(Uzhavar Sandhai ),18.5,18.5,1.6607285,20.160728454589844
2026-08-12,Jeyankondam (Uzhavar Sandhai ),18.0,18.0,1.6085607,19.60856068134308
2026-08-12,Mohanur(Uzhavar Sandhai ),24.0,22.0,0.4732521,22.473252087831497
2026-08-12,Kumbakonam (Uzhavar Sandhai ),30.0,24.0,-0.8614416,23.138558387756348
2026-08-12,Paramakudi(Uzhavar Sandhai ),22.5,21.0,0.8924962,21.89249622821808
2026-08-12,Rajapalayam(Uzhavar Sandhai ),17.5,17.5,0.9339245,18.43392449617386
2026-08-12,Alangudi(Uzhavar Sandhai ),27.5,22.5,0.08343149,22.583431489765644
2026-08-12,Padappai(Uzhavar Sandhai ),20.0,21.0,0.38675982,21.38675981760025
2026-08-12,Devaram(Uzhavar Sandhai ),24.0,21.0,0.77363324,21.773633241653442
2026-08-12,Sooramangalam(Uzhavar Sandhai ),25.0,19.0,1.8050689,20.805068850517273
2026-08-12,Ambattur(Uzhavar Sandhai ),25.0,25.0,-1.3552113,23.64478874206543
2026-08-12,Anna nagar(Uzhavar Sandhai ),28.0,22.0,0.87573504,22.87573504447937
2026-08-12,Paramathivelur(Uzhavar Sandhai ),26.0,21.5,0.5770093,22.077009320259094
2026-08-12,Gobichettipalayam(Uzhavar Sandhai ),17.5,17.0,1.2498012,18.24980115890503
2026-08-12,Vadaseri APMC,32.5,28.5,-1.3046101,27.19538986682892
2026-08-12,Musiri(Uzhavar Sandhai ),26.0,20.0,1.5044142,21.504414200782776
2026-08-12,Jameenrayapettai(Uzhavar Sandhai ),27.5,22.5,0.21253411,22.712534114718437
2026-08-12,Chinnalapatti(Uzhavar Sandhai ),22.5,19.0,1.1303011,20.130301117897034
2026-08-12,Avallapalli(Uzhavar Sandhai ),22.5,17.5,2.5926921,20.092692136764526
2026-08-12,Perundurai(Uzhavar Sandhai ),18.0,16.5,2.9083054,19.408305406570435
2026-08-12,Melapalayam(Uzhavar Sandhai ),23.5,23.5,-0.5486596,22.95134037733078
2026-08-12,Kallakurichi(Uzhavar Sandhai ),25.0,20.0,1.0092884,21.009288430213928
2026-08-12,Kulithalai(Uzhavar Sandhai ),26.0,18.0,1.9207715,19.92077147960663
2026-08-12,Tiruthani(Uzhavar Sandhai ),25.0,25.0,-1.5269389,23.473061084747314
2026-08-12,Periyakulam(Uzhavar Sandhai ),22.5,21.0,0.62215877,21.622158765792847
2026-08-12,Vaniyampadi(Uzhavar Sandhai ),20.0,20.0,0.44916305,20.449163049459457
2026-08-12,Tamarainagar(Uzhavar Sandhai ),16.0,21.0,1.3560246,22.356024622917175
2026-08-12,Mecheri(Uzhavar Sandhai),22.5,17.5,2.8406758,20.340675830841064
2026-08-12,Devakottai (Uzhavar Sandhai ),23.0,23.0,0.030818757,23.03081875666976
2026-08-12,Arcot(Uzhavar Sandhai ),16.5,16.5,3.0767925,19.5767924785614
2026-08-12,Kovilpatti(Uzhavar Sandhai ),27.5,27.5,-2.7174342,24.78256583213806
2026-08-12,Paruthipattu(Uzhavar Sandhai ),20.0,20.0,0.5924756,20.592475593090057
2026-08-12,Sunguvarchatram(Uzhavar Sandhai ),21.0,22.0,0.6478597,22.647859692573547
2026-08-12,Pollachi(Uzhavar Sandhai ),18.0,16.0,2.2971432,18.29714322090149
2026-08-12,Rasipuram(Uzhavar Sandhai ),21.0,17.0,1.4365438,18.436543822288513
2026-08-12,Kurichi(Uzhavar Sandhai ),14.5,16.0,1.2647055,17.264705538749695
2026-08-12,Tiruppur (North) (Uzhavar Sandhai ),16.5,16.5,1.2950039,17.79500389099121
2026-08-12,Vazhapadi(Uzhavar Sandhai),18.0,16.0,2.1074524,18.107452392578125
2026-08-12,Vadavalli(Uzhavar Sandhai ),19.0,16.0,1.4409552,17.44095516204834
2026-08-12,Vadalur(Uzhavar Sandhai ),25.0,20.0,1.6052638,21.605263829231262
2026-08-12,Periyar Nagar(Uzhavar Sandhai ),21.0,19.0,2.1237016,21.123701572418213
2026-08-12,Pallikonda(Uzhavar Sandhai),21.0,23.0,-0.17706357,22.822936430573463
2026-08-12,Bodinayakanur(Uzhavar Sandhai ),25.0,22.0,1.0818363,23.081836342811584
2026-08-12,Sundarapuram(Uzhavar Sandhai ),17.0,14.5,2.055193,16.555192947387695
2026-08-12,Needamangalam(Uzhavar Sandhai ),24.0,20.0,1.5530854,21.553085446357727
2026-08-12,Muthupettai(Uzhavar Sandhai ),24.0,20.0,1.9656693,21.96566927433014
2026-08-12,Kundrathur(Uzhavar Sandhai ),21.0,22.0,0.5411576,22.541157603263855
2026-08-12,Ramanathapuram(Uzhavar Sandhai ),27.5,26.5,-0.8978692,25.60213077068329
2026-08-12,Coonoor(Uzhavar Sandhai ),18.0,19.0,0.8784495,19.878449499607086
2026-08-12,Kahithapattarai(Uzhavar Sandhai ),22.0,20.0,0.763202,20.763202011585236
2026-08-12,Krishnagiri(Uzhavar Sandhai ),22.0,12.0,4.9148464,16.914846420288086
2026-08-12,Tiruvarur(Uzhavar Sandhai ),22.0,22.0,0.38401935,22.38401934504509
2026-08-12,Tiruppur (South) (Uzhavar Sandhai ),13.5,13.5,2.7212763,16.22127628326416
2026-08-12,Gudalur(Uzhavar Sandhai ),17.5,16.5,1.7575506,18.257550597190857
2026-08-12,Denkanikottai(Uzhavar Sandhai ),22.5,17.5,2.283589,19.783588886260986
2026-08-12,Ranipettai(Uzhavar Sandhai ),21.5,19.0,0.8616465,19.861646473407745
2026-08-12,Pattukottai(Uzhavar Sandhai ),30.0,26.0,-1.990517,24.009482979774475
2026-08-12,Tiruvannamalai(Uzhavar Sandhai ),18.0,18.0,0.37064588,18.370645880699158
2026-08-12,Madhuranthagam(Uzhavar Sandhai ),20.0,20.0,2.2359948,22.235994815826416
2026-08-12,Pallapatti (Uzhavar Sandhai ),23.5,19.0,1.4102005,20.410200476646423
2026-08-12,Perambakkam(Uzhavar Sandhai ),50.0,25.0,0.5106456,25.510645627975464
2026-08-12,Chinnamanur(Uzhavar Sandhai ),22.0,18.5,2.1498573,20.64985728263855
2026-08-12,Perambalur(Uzhavar Sandhai ),37.5,27.5,-2.0524414,25.447558641433716
2026-08-12,Polur(Uzhavar Sandhai ),22.5,13.5,4.480862,17.980862140655518
2026-08-12,Singampunari(Uzhavar Sandhai ),25.0,23.0,-0.08642687,22.913573130965233
2026-08-12,Viralimalai(Uzhavar Sandhai ),27.5,17.5,2.2581353,19.758135318756104
2026-08-12,Pennagaram(Uzhavar Sandhai ),22.0,17.5,1.5084467,19.00844669342041
2026-08-12,NGO Colony(Uzhavar Sandhai ),23.5,23.5,-0.63575435,22.864245653152466
2026-08-12,Kariyapatti(Uzhavar Sandhai ),19.0,19.0,1.2723181,20.272318124771118
2026-08-12,Valangaiman APMC,22.0,22.0,0.37851706,22.37851706147194
2026-08-12,Udumalpet APMC,14.5,14.5,2.3520284,16.852028369903564
2026-08-12,Tindivanam APMC,21.5,22.0,1.0734177,23.07341766357422
2026-08-12,Dindigul(Uzhavar Sandhai ),22.5,18.0,2.5955048,20.595504760742188
2026-08-12,Gandhigramam(Uzhavar Sandhai),24.0,19.0,2.060063,21.060062885284424
2026-08-12,Gandarvakottai(Uzhavar Sandhai ),27.5,22.0,0.16979378,22.169793784618378
2026-08-12,Pudukottai(Uzhavar Sandhai ),27.5,22.0,0.042316068,22.04231606796384
2026-08-12,Ambasamudram(Uzhavar Sandhai ),18.5,18.5,2.1736,20.6735999584198
2026-08-12,Attayampatti(Uzhavar Sandhai ),27.0,17.5,2.9099998,20.40999984741211
2026-08-12,Guduvancheri(Uzhavar Sandhai ),27.5,22.5,0.7353444,23.235344409942627
2026-08-12,Sankarapuram(Uzhavar Sandhai ),20.0,20.0,1.1084079,21.108407855033875
2026-08-12,Thanjavur(Uzhavar Sandhai ),26.0,22.0,0.38401827,22.384018272161484
2026-08-12,Hasthampatti(Uzhavar Sandhai ),23.0,18.0,3.0797055,21.079705476760864
2026-08-12,Dharmapuri(Uzhavar Sandhai ),19.0,19.0,1.9322515,20.932251453399658
2026-08-12,Athur(Uzhavar Sandhai ),22.5,17.5,1.5331887,19.033188700675964
2026-08-12,Thirupathur APMC,23.0,23.0,-0.3893644,22.610635608434677
2026-08-12,Kangayam(Uzhavar Sandhai ),16.5,14.0,1.7002677,15.700267672538757
2026-08-12,Ulundurpettai APMC,15.0,15.0,1.9734445,16.97344446182251
2026-08-12,Sathur(Uzhavar Sandhai ),19.0,22.5,-0.6580636,21.84193640947342
2026-08-12,Virudhunagar(Uzhavar Sandhai ),18.0,18.0,2.3371882,20.337188243865967
2026-08-12,Ariyalur(Uzhavar Sandhai),22.5,20.0,0.75877786,20.758777856826782
2026-08-12,Karur(Uzhavar Sandhai ),22.5,17.5,2.4143255,19.91432547569275
2026-08-12,Vandavasi(Uzhavar Sandhai ),27.5,22.0,0.43349335,22.433493345975876
2026-08-12,Thathakapatti(Uzhavar Sandhai ),23.0,17.5,2.1065245,19.60652446746826
2026-08-12,Perampet(Uzhavar Sandhai),15.0,16.0,1.9841342,17.984134197235107
2026-08-12,Viruthachalam(Uzhavar Sandhai ),25.0,20.0,1.3576093,21.357609272003174
2026-08-12,Manachanallur(Uzhavar Sandhai ),30.0,22.0,0.43104577,22.43104577064514
2026-08-12,Karimangalam(Uzhavar Sandhai),19.0,19.0,2.1364195,21.136419534683228
2026-08-12,Kandiyaperi(Uzhavar Sandhai ),23.5,23.5,-0.4549248,23.045075207948685
2026-08-12,Panruti(Uzhavar Sandhai ),20.0,20.0,2.2508805,22.250880479812622
2026-08-12,Thalavaipuram(Uzhavar Sandhai ),22.5,17.5,3.018162,20.51816201210022
2026-08-12,Papanasam(Uzhavar Sandhai ),30.0,24.0,-0.88543326,23.11456674337387
2026-08-12,Palanganatham(Uzhavar Sandhai ),23.0,21.0,0.5817203,21.581720292568207
2026-08-12,Karambakkudi(Uzhavar Sandhai ),27.5,19.0,0.921961,19.92196100950241
2026-08-12,Ponnamaravathi(Uzhavar Sandhai),22.5,22.0,0.15759803,22.1575980335474
2026-08-12,Manapparai(Uzhavar Sandhai ),30.0,24.0,-0.8683148,23.131685197353363
2026-08-12,Theni(Uzhavar Sandhai ),22.5,21.0,2.252243,23.252243041992188
2026-08-12,Karaikudi(Uzhavar Sandhai ),25.0,25.0,-1.4463032,23.553696751594543
2026-08-12,Nanganallur(Uzhavar Sandhai ),19.0,19.0,2.2016761,21.2016761302948
2026-08-12,Aruppukottai(Uzhavar Sandhai ),17.5,17.5,1.2778708,18.777870774269104
2026-08-12,Nagapattinam(Uzhavar Sandhai ),27.0,22.0,0.19312912,22.193129122257233
2026-08-12,Udhagamandalam(Uzhavar Sandhai ),16.5,17.5,0.8748414,18.374841392040253
2026-08-12,Gudiyatham(Uzhavar Sandhai ),20.0,15.0,1.8120421,16.812042117118835
2026-08-12,Thirumangalam(Uzhavar Sandhai ),23.0,21.0,0.5803483,21.580348312854767
2026-08-12,Villupuram(Uzhavar Sandhai ),22.5,20.0,1.6292548,21.629254817962646
2026-08-12,Arani(Uzhavar Sandhai ),27.5,19.5,2.3236375,21.82363748550415
2026-08-12,Thiruverumbur(Uzhavar Sandhai ),30.0,24.0,-0.7770087,23.222991287708282
2026-08-12,Palladam(Uzhavar Sandhai ),16.5,14.5,2.527843,17.02784299850464
2026-08-12,Velayuthampalayam(Uzhavar Sandhai ),22.5,17.0,2.8875735,19.88757348060608
2026-08-12,Thammampatti (Uzhavar Sandhai ),22.0,14.0,2.708394,16.708394050598145
2026-08-12,Singanallur(Uzhavar Sandhai ),17.0,16.0,0.8616901,16.86169010400772
2026-08-12,Chengalpet(Uzhavar Sandhai ),22.5,22.5,0.3421625,22.842162489891052
2026-08-12,Anaiyur(Uzhavar Sandhai ),22.0,21.0,0.6493179,21.649317920207977
2026-08-12,Mettupalayam(Uzhavar Sandhai ),17.5,15.5,2.7231135,18.223113536834717
2026-08-12,Kancheepuram(Uzhavar Sandhai ),20.0,20.0,1.111401,21.111400961875916
2026-08-12,Mannargudi II(Uzhavar Sandhai ),26.0,22.0,0.8719932,22.87199318408966
2026-08-12,Ammapet(Uzhavar Sandhai ),18.0,16.5,2.0878487,18.587848663330078
2026-08-12,Chidambaram(Uzhavar Sandhai ),25.0,20.0,1.8138328,21.813832759857178
2026-08-12,Sankarankoil(Uzhavar Sandhai ),20.0,20.0,0.9440213,20.94402128458023
2026-08-12,Thuraiyur APMC,27.5,20.0,1.7699554,21.76995539665222
2026-08-12,Harur(Uzhavar Sandhai ),16.5,16.5,2.410352,18.910351991653442
2026-08-12,Katpadi (Uzhavar Sandhai ),26.5,22.5,0.6433933,23.14339327812195
2026-08-12,Mannargudi I(Uzhavar Sandhai ),26.0,22.0,0.77810955,22.778109550476074
2026-08-12,AJattihalli(Uzhavar Sandhai ),17.5,18.0,2.6833591,20.683359146118164
2026-08-12,Edapadi (Uzhavar Sandhai ),26.0,19.0,1.8168799,20.816879868507385
2026-08-13,Palladam(Uzhavar Sandhai ),16.5,16.5,1.7986251,18.298625111579895
2026-08-13,Sankarapuram(Uzhavar Sandhai ),20.0,20.0,0.68536437,20.685364365577698
2026-08-13,Sivakasi(Uzhavar Sandhai ),17.5,17.5,1.9720364,19.472036361694336
2026-08-13,Paramathivelur(Uzhavar Sandhai ),26.0,26.0,-2.0412455,23.958754539489746
2026-08-13,Needamangalam(Uzhavar Sandhai ),26.0,24.0,0.5862697,24.586269676685333
2026-08-13,Ramanathapuram(Uzhavar Sandhai ),22.5,27.5,-1.7517807,25.74821925163269
2026-08-13,Udhagamandalam(Uzhavar Sandhai ),16.5,16.5,0.98444235,17.484442353248596
2026-08-13,Thiruverumbur(Uzhavar Sandhai ),24.0,30.0,-3.8160892,26.183910846710205
2026-08-13,Krishnagiri(Uzhavar Sandhai ),13.5,22.0,-0.99348414,21.006515860557556
2026-08-13,Tiruppur (South) (Uzhavar Sandhai ),13.5,13.5,2.9630644,16.463064432144165
2026-08-13,Kahithapattarai(Uzhavar Sandhai ),19.0,22.0,0.9070292,22.90702921152115
2026-08-13,Coonoor(Uzhavar Sandhai ),19.0,18.0,1.0384958,19.038495779037476
2026-08-13,Ranipettai(Uzhavar Sandhai ),21.5,21.5,0.88577825,22.38577824831009
2026-08-13,Kundrathur(Uzhavar Sandhai ),21.0,21.0,0.357544,21.357544004917145
2026-08-13,Edapadi (Uzhavar Sandhai ),23.0,26.0,-2.0195642,23.980435848236084
2026-08-13,Chidambaram(Uzhavar Sandhai ),25.0,25.0,-1.5980033,23.401996731758118
2026-08-13,Muthupettai(Uzhavar Sandhai ),26.0,24.0,0.14740358,24.147403582930565
2026-08-13,Gandhigramam(Uzhavar Sandhai),28.5,24.0,-0.65150607,23.348493933677673
2026-08-13,Pennagaram(Uzhavar Sandhai ),29.0,22.0,0.10531681,22.105316810309887
2026-08-13,Sundarapuram(Uzhavar Sandhai ),17.5,17.0,1.1923375,18.19233751296997
2026-08-13,Virudhunagar(Uzhavar Sandhai ),18.0,18.0,1.4357501,19.435750126838684
2026-08-13,Pallikonda(Uzhavar Sandhai),19.0,21.0,1.1709166,22.17091655731201
2026-08-13,Bodinayakanur(Uzhavar Sandhai ),26.0,25.0,-1.7771393,23.22286069393158
2026-08-13,Athur(Uzhavar Sandhai ),22.0,22.5,0.5035786,23.00357860326767
2026-08-13,Tiruthani(Uzhavar Sandhai ),25.0,25.0,-1.8051013,23.19489872455597
2026-08-13,Palanganatham(Uzhavar Sandhai ),21.0,23.0,-0.42396876,22.576031237840652
2026-08-13,Kulithalai(Uzhavar Sandhai ),26.0,26.0,-2.517079,23.48292088508606
2026-08-13,Vengamedu(Uzhavar Sandhai ),25.5,22.5,0.82967293,23.329672932624817
2026-08-13,KKNagar(Uzhavar Sandhai ),23.0,30.0,-3.9828136,26.017186403274536
2026-08-13,Chinnalapatti(Uzhavar Sandhai ),22.5,22.5,0.8245242,23.324524223804474
2026-08-13,Dindigul(Uzhavar Sandhai ),22.5,22.5,0.8251296,23.325129628181458
2026-08-13,Musiri(Uzhavar Sandhai ),23.0,26.0,-1.8794491,24.120550870895386
2026-08-13,Jameenrayapettai(Uzhavar Sandhai ),27.5,27.5,-2.755581,24.74441909790039
2026-08-13,Thirukalukundram(Uzhavar Sandhai ),21.0,21.0,0.66641784,21.666417837142944
2026-08-13,Anaiyur(Uzhavar Sandhai ),23.0,22.0,0.2564307,22.256430685520172
2026-08-13,Mettupalayam(Uzhavar Sandhai ),22.0,17.5,1.6697476,19.169747591018677
2026-08-13,Melapalayam(Uzhavar Sandhai ),25.5,23.5,-0.8193908,22.680609226226807
2026-08-13,Vadaseri APMC,32.5,32.5,-3.3755329,29.124467134475708
2026-08-13,Harur(Uzhavar Sandhai ),19.0,16.5,2.2025316,18.702531576156616
2026-08-13,Kumarapalayam(Uzhavar Sandhai ),19.0,17.5,1.0074854,18.507485389709473
2026-08-13,Mannargudi I(Uzhavar Sandhai ),28.0,26.0,-0.9484847,25.05151528120041
2026-08-13,Anna nagar(Uzhavar Sandhai ),24.0,22.0,0.33482298,22.334822982549667
2026-08-13,Devaram(Uzhavar Sandhai ),24.0,24.0,-0.1996973,23.80030269920826
2026-08-13,Karambakkudi(Uzhavar Sandhai ),27.5,27.5,-4.082818,23.417181968688965
2026-08-13,Ambattur(Uzhavar Sandhai ),25.0,25.0,-1.6263727,23.373627305030823
2026-08-13,Sooramangalam(Uzhavar Sandhai ),21.0,25.0,-2.2932503,22.70674967765808
2026-08-13,Ponnamaravathi(Uzhavar Sandhai),27.5,22.5,-0.35006067,22.149939328432083
2026-08-13,Padappai(Uzhavar Sandhai ),22.0,20.0,0.69644177,20.696441769599915
2026-08-13,Alangudi(Uzhavar Sandhai ),27.5,27.5,-3.2433712,24.25662875175476
2026-08-13,Karaikudi(Uzhavar Sandhai ),25.0,25.0,-1.7802837,23.2197163105011
2026-08-13,Thirumangalam(Uzhavar Sandhai ),21.0,23.0,-0.48485366,22.51514634490013
2026-08-13,Anna nagar(Uzhavar Sandhai ),22.0,28.0,-3.3973804,24.602619647979736
2026-08-13,Perundurai(Uzhavar Sandhai ),26.5,18.0,1.8155946,19.81559455394745
2026-08-13,Udumalpet APMC,18.5,14.5,1.8698165,16.369816541671753
2026-08-13,Paramakudi(Uzhavar Sandhai ),26.5,22.5,0.37341934,22.8734193444252
2026-08-13,Manapparai(Uzhavar Sandhai ),24.0,30.0,-3.9911804,26.008819580078125
2026-08-13,Palayamkottai(Uzhavar Sandhai ),23.5,23.5,-0.89465666,22.605343341827393
2026-08-13,Chengalpet(Uzhavar Sandhai ),22.5,22.5,0.09734557,22.59734556823969
2026-08-13,Sulur(Uzhavar Sandhai ),19.0,17.0,0.689031,17.6890310049057
2026-08-13,Kangayam(Uzhavar Sandhai ),17.5,16.5,2.5443535,19.044353485107422
2026-08-13,Jalagandapuram(Uzhavar Sandhai ),19.0,22.0,0.70607656,22.706076562404633
2026-08-13,Dharmapuri(Uzhavar Sandhai ),23.0,19.0,0.8231153,19.823115289211273
2026-08-13,Nagapattinam(Uzhavar Sandhai ),27.0,27.0,-2.6441545,24.35584545135498
2026-08-13,Karimangalam(Uzhavar Sandhai),21.0,19.0,0.8181111,19.81811112165451
2026-08-13,Tiruvallur(Uzhavar Sandhai ),25.0,25.0,-1.5499588,23.45004117488861
2026-08-13,Srivilliputhur(Uzhavar Sandhai ),17.5,18.5,1.0951265,19.595126509666443
2026-08-13,Thirupathur APMC,23.0,23.0,-0.6611528,22.338847219944
2026-08-13,Medavakkam(Uzhavar Sandhai ),22.5,22.5,0.52105623,23.02105623483658
2026-08-13,Vedasanthur(Uzhavar Sandhai ),17.5,14.0,2.4596915,16.459691524505615
2026-08-13,Sathur(Uzhavar Sandhai ),19.0,19.0,0.31163895,19.311638951301575
2026-08-13,Jeyankondam (Uzhavar Sandhai ),22.0,18.0,1.3448105,19.344810485839844
2026-08-13,Vandavasi(Uzhavar Sandhai ),27.5,27.5,-5.175014,22.32498598098755
2026-08-13,Mohanur(Uzhavar Sandhai ),26.0,24.0,-0.4850071,23.514992892742157
2026-08-13,Kumbakonam (Uzhavar Sandhai ),26.0,30.0,-3.9345279,26.06547212600708
2026-08-13,Ambasamudram(Uzhavar Sandhai ),18.5,18.5,2.1058822,20.605882167816162
2026-08-13,Perambakkam(Uzhavar Sandhai ),25.0,50.0,-15.005293,34.994707107543945
2026-08-13,Chinnamanur(Uzhavar Sandhai ),24.5,22.0,0.10956795,22.10956794768572
2026-08-13,Rajapalayam(Uzhavar Sandhai ),17.5,17.5,1.4337587,18.93375873565674
2026-08-13,Chengam(Uzhavar Sandhai ),22.5,22.5,0.1194292,22.61942920088768
2026-08-13,Guduvancheri(Uzhavar Sandhai ),27.5,27.5,-2.47879,25.021209955215454
2026-08-13,Sathiyamagalam(Uzhavar Sandhai ),16.0,15.5,2.144236,17.644236087799072
2026-08-13,Theni(Uzhavar Sandhai ),23.0,22.5,0.3796963,22.879696309566498
2026-08-13,Sampath Nagar(Uzhavar Sandhai ),25.0,21.0,1.9223124,22.922312378883362
2026-08-13,Thammampatti (Uzhavar Sandhai ),19.5,22.0,0.17067336,22.170673355460167
2026-08-13,NGO Colony(Uzhavar Sandhai ),23.5,23.5,-1.0086671,22.49133288860321
2026-08-13,Viralimalai(Uzhavar Sandhai ),27.5,27.5,-3.4102721,24.089727878570557
2026-08-13,Pudukottai(Uzhavar Sandhai ),27.5,27.5,-3.4275591,24.07244086265564
2026-08-13,Naravarikuppam(Uzhavar Sandhai ),25.0,25.0,-1.4105035,23.58949649333954
2026-08-13,Usilampatti(Uzhavar Sandhai ),22.0,23.0,-0.29527992,22.704720079898834
2026-08-13,Vedaranyam(Uzhavar Sandhai),32.5,36.5,-3.9997594,32.50024056434631
2026-08-13,Perampet(Uzhavar Sandhai),19.0,15.0,2.5098968,17.509896755218506
2026-08-13,Tirukattupalli(Uzhavar Sandhai ),24.0,26.0,-1.7480466,24.25195336341858
2026-08-13,Karur(Uzhavar Sandhai ),25.5,22.5,0.6980801,23.198080122470856
2026-08-13,Aranthangi(Uzhavar Sandhai ),27.5,27.5,-3.2003434,24.299656629562378
2026-08-13,Melur(Uzhavar Sandhai ),21.0,23.0,-0.33100075,22.66899925470352
2026-08-13,Pallavaram(Uzhavar Sandhai ),27.5,27.5,-2.758358,24.741641998291016
2026-08-13,Palacode(Uzhavar Sandhai ),23.5,19.0,0.7385542,19.738554179668427
2026-08-13,Ulundurpettai APMC,15.0,15.0,0.71956426,15.719564259052277
2026-08-13,Sirkali(Uzhavar Sandhai ),22.5,22.5,-0.3801866,22.119813412427902
2026-08-13,Avallapalli(Uzhavar Sandhai ),17.5,22.5,0.22773017,22.72773016989231
2026-08-13,Lalgudi(Uzhavar Sandhai ),24.0,30.0,-3.985116,26.014883995056152
2026-08-13,Hasthampatti(Uzhavar Sandhai ),19.0,23.0,0.25509423,23.25509423017502
2026-08-13,Tirupatthur(Uzhavar Sandhai ),24.0,24.0,-1.0627413,22.93725872039795
2026-08-13,Tiruvarur(Uzhavar Sandhai ),28.0,22.0,0.26863873,22.268638730049133
2026-08-13,Manachanallur(Uzhavar Sandhai ),22.0,30.0,-4.125481,25.874518871307373
2026-08-13,Keelpennathur(Uzhavar Sandhai ),19.0,19.0,0.71433765,19.714337646961212
2026-08-13,Ariyalur(Uzhavar Sandhai),22.5,22.5,-0.7362002,21.763799786567688
2026-08-13,Thalavadi(Uzhavar Sandhai ),16.5,13.5,2.3758307,15.87583065032959
2026-08-13,Andipatti(Uzhavar Sandhai ),22.5,24.5,-1.4213852,23.078614830970764
2026-08-13,Gingee(Uzhavar Sandhai ),25.0,25.0,-1.15381,23.846189975738525
2026-08-13,Madhuranthagam(Uzhavar Sandhai ),20.0,20.0,1.1918547,21.19185471534729
2026-08-13,Kaveripattinam(Uzhavar Sandhai ),25.0,25.0,-1.62958,23.37041997909546
2026-08-13,Kamuthi(Uzhavar Sandhai ),22.5,25.0,-0.51350135,24.486498653888702
2026-08-13,Gudiyatham(Uzhavar Sandhai ),20.0,20.0,0.97082907,20.97082906961441
2026-08-13,Aruppukottai(Uzhavar Sandhai ),22.5,17.5,0.8290911,18.32909107208252
2026-08-13,Vellore APMC,20.0,22.0,1.0344934,23.034493446350098
2026-08-13,Papanasam(Uzhavar Sandhai ),30.0,30.0,-3.83906,26.160939931869507
2026-08-13,Mayiladuthurai(Uzhavar Sandhai ),22.5,22.5,-0.42737496,22.072625041007996
2026-08-13,Dharapuram(Uzhavar Sandhai ),17.5,16.5,1.4799389,17.979938864707947
2026-08-13,Cheyyar(Uzhavar Sandhai ),27.5,27.5,-4.7599998,22.740000247955322
2026-08-13,Thalavaipuram(Uzhavar Sandhai ),18.0,22.5,-1.1798425,21.320157527923584
2026-08-13,Arani(Uzhavar Sandhai ),27.5,27.5,-5.380253,22.119747161865234
2026-08-13,Tiruchengode APMC,22.0,22.0,0.16133966,22.161339655518532
2026-08-13,Kambam(Uzhavar Sandhai ),23.0,22.5,0.049783323,22.54978332296014
2026-08-13,Katpadi (Uzhavar Sandhai ),25.0,26.5,-1.8320202,24.667979836463928
2026-08-13,Singanallur(Uzhavar Sandhai ),19.0,17.0,-0.030038768,16.969961231574416
2026-08-13,Mettur(Uzhavar Sandhai ),22.5,22.5,0.9398932,23.439893186092377
2026-08-13,RSPuram(Uzhavar Sandhai ),17.5,19.0,0.99316436,19.993164360523224
2026-08-13,Sankarankoil(Uzhavar Sandhai ),19.0,20.0,0.6795027,20.679502725601196
2026-08-13,Peravurani(Uzhavar Sandhai),20.0,20.0,1.0634357,21.063435673713684
2026-08-13,Myladi(Uzhavar Sandhai ),27.5,27.5,-2.8235538,24.676446199417114
2026-08-13,Tuticorin(Uzhavar Sandhai ),22.5,22.5,-0.578938,21.921061992645264
2026-08-13,Ammapet(Uzhavar Sandhai ),18.0,18.0,2.2579942,20.257994174957275
2026-08-13,Velayuthampalayam(Uzhavar Sandhai ),22.0,22.5,-0.39511943,22.104880571365356
2026-08-13,Tindivanam APMC,22.0,21.5,1.3808502,22.880850195884705
2026-08-13,Attayampatti(Uzhavar Sandhai ),21.0,27.0,-2.7493343,24.25066566467285
2026-08-13,Hosur(Uzhavar Sandhai ),17.5,22.5,-0.28090554,22.219094455242157
2026-08-13,Thanjavur(Uzhavar Sandhai ),24.0,26.0,-1.8864713,24.113528728485107
2026-08-13,Tenkasi(Uzhavar Sandhai ),17.5,17.5,2.164507,19.664506912231445
2026-08-13,Paruthipattu(Uzhavar Sandhai ),25.0,20.0,0.3773098,20.377309799194336
2026-08-13,Sunguvarchatram(Uzhavar Sandhai ),21.0,21.0,0.40811482,21.408114820718765
2026-08-13,Tiruvannamalai(Uzhavar Sandhai ),18.0,18.0,1.7716593,19.77165925502777
2026-08-13,Arcot(Uzhavar Sandhai ),19.0,16.5,2.599534,19.099534034729004
2026-08-13,Pollachi(Uzhavar Sandhai ),18.0,18.0,1.5118471,19.511847138404846
2026-08-13,Thathakapatti(Uzhavar Sandhai ),18.5,23.0,-0.24889325,22.75110675394535
2026-08-13,Rasipuram(Uzhavar Sandhai ),23.0,21.0,0.17864494,21.178644940257072
2026-08-13,Kariyapatti(Uzhavar Sandhai ),22.5,19.0,0.76768935,19.76768934726715
2026-08-13,Kurichi(Uzhavar Sandhai ),17.5,14.5,1.0286524,15.528652429580688
2026-08-13,Vadavalli(Uzhavar Sandhai ),19.5,19.0,2.0158029,21.01580286026001
2026-08-13,Valangaiman APMC,28.0,22.0,1.0425385,23.04253852367401
2026-08-13,Vazhapadi(Uzhavar Sandhai),22.0,18.0,2.0976012,20.097601175308228
2026-08-13,Kandiyaperi(Uzhavar Sandhai ),23.5,23.5,-0.78897583,22.711024165153503
2026-08-13,Mannargudi II(Uzhavar Sandhai ),28.0,26.0,-0.8027882,25.197211802005768
2026-08-13,Pattukottai(Uzhavar Sandhai ),28.0,30.0,-3.7493286,26.25067138671875
2026-08-13,Elampillai(Uzhavar Sandhai ),24.0,24.5,-0.7969276,23.703072428703308
2026-08-13,AJattihalli(Uzhavar Sandhai ),22.0,17.5,2.1347492,19.634749174118042
2026-08-13,Vadalur(Uzhavar Sandhai ),30.0,25.0,-1.5085583,23.49144172668457
2026-08-13,Tiruppur (North) (Uzhavar Sandhai ),16.5,16.5,1.2588931,17.758893132209778
2026-08-13,Periyar Nagar(Uzhavar Sandhai ),25.0,21.0,1.9429891,22.942989110946655
2026-08-13,Panruti(Uzhavar Sandhai ),20.0,20.0,0.9014101,20.90141010284424
2026-08-13,Denkanikottai(Uzhavar Sandhai ),17.5,22.5,-0.20779558,22.292204424738884
2026-08-13,Gudalur(Uzhavar Sandhai ),21.5,17.5,1.1203444,18.620344400405884
2026-08-13,Kovilpatti(Uzhavar Sandhai ),27.5,27.5,-2.7912302,24.70876979827881
2026-08-13,Viruthachalam(Uzhavar Sandhai ),20.0,25.0,-1.5817108,23.418289184570312
2026-08-13,Perambalur(Uzhavar Sandhai ),32.0,37.5,-7.121833,30.378167152404785
2026-08-13,Nanganallur(Uzhavar Sandhai ),19.0,19.0,1.8476716,20.847671627998352
2026-08-13,Kancheepuram(Uzhavar Sandhai ),22.5,20.0,0.6824831,20.682483077049255
2026-08-13,Kallakurichi(Uzhavar Sandhai ),25.0,25.0,-1.692899,23.307101011276245
2026-08-13,Cuddalore(Uzhavar Sandhai ),24.0,24.0,-0.5962964,23.403703570365906
2026-08-13,Pallapatti (Uzhavar Sandhai ),26.5,23.5,-0.6002952,22.899704813957214
2026-08-13,Sivagangai (Uzhavar Sandhai ),23.0,25.0,-1.7799281,23.22007191181183
2026-08-13,Periyakulam(Uzhavar Sandhai ),22.5,22.5,0.118288465,22.618288464844227
2026-08-13,Polur(Uzhavar Sandhai ),22.5,22.5,-1.8364624,20.663537621498108
2026-08-13,Palani(Uzhavar Sandhai ),17.0,17.0,1.3789506,18.378950595855713
2026-08-13,Tamarainagar(Uzhavar Sandhai ),18.5,16.0,3.028203,19.028203010559082
2026-08-13,Vaniyampadi(Uzhavar Sandhai ),30.0,20.0,1.9484899,21.948489904403687
2026-08-13,Thuraiyur APMC,25.0,27.5,-3.47193,24.028069972991943
2026-08-13,Natrampalli(Uzhavar Sandhai ),17.5,17.5,1.7255099,19.225509881973267
2026-08-13,Singampunari(Uzhavar Sandhai ),25.0,25.0,-1.9200559,23.079944133758545
2026-08-13,Mecheri(Uzhavar Sandhai),22.5,22.5,0.34580573,22.84580573439598
2026-08-13,Gandarvakottai(Uzhavar Sandhai ),22.5,27.5,-3.4939606,24.00603938102722
2026-08-13,Devakottai (Uzhavar Sandhai ),23.5,23.0,-0.3350142,22.664985805749893
2026-08-13,Villupuram(Uzhavar Sandhai ),20.0,22.5,0.24487405,22.7448740452528
2026-08-14,Vengamedu(Uzhavar Sandhai ),25.5,25.5,-0.5519568,24.94804322719574
2026-08-14,Dharmapuri(Uzhavar Sandhai ),23.0,23.0,-0.01522524,22.984774759970605
2026-08-14,Vellore APMC,22.0,20.0,1.8331764,21.833176374435425
2026-08-14,Coonoor(Uzhavar Sandhai ),21.0,19.0,0.6800758,19.68007582426071
2026-08-14,Denkanikottai(Uzhavar Sandhai ),17.5,17.5,2.0251758,19.52517580986023
2026-08-14,Dharapuram(Uzhavar Sandhai ),17.5,17.5,1.0653619,18.565361857414246
2026-08-14,Cuddalore(Uzhavar Sandhai ),22.0,24.0,-0.6210458,23.3789541721344
2026-08-14,Viruthachalam(Uzhavar Sandhai ),25.0,20.0,1.1223849,21.122384905815125
2026-08-14,Devaram(Uzhavar Sandhai ),25.0,24.0,-0.06037848,23.93962151929736
2026-08-14,Edapadi (Uzhavar Sandhai ),21.0,23.0,1.337603,24.337602972984314
2026-08-14,Vazhapadi(Uzhavar Sandhai),22.0,22.0,0.7887458,22.78874582052231
2026-08-14,Villupuram(Uzhavar Sandhai ),22.5,20.0,0.6415577,20.641557693481445
2026-08-14,Virudhunagar(Uzhavar Sandhai ),22.5,18.0,1.8101603,19.810160279273987
2026-08-14,Dindigul(Uzhavar Sandhai ),22.5,22.5,0.07543971,22.57543970644474
2026-08-14,Velayuthampalayam(Uzhavar Sandhai ),25.0,22.0,0.46092415,22.46092414855957
2026-08-14,Vedaranyam(Uzhavar Sandhai),32.5,32.5,-0.7516379,31.748362123966217
2026-08-14,Devakottai (Uzhavar Sandhai ),23.5,23.5,-0.4725865,23.027413487434387
2026-08-14,Viralimalai(Uzhavar Sandhai ),22.5,27.5,-3.354178,24.145822048187256
2026-08-14,Vedasanthur(Uzhavar Sandhai ),17.5,17.5,2.1755579,19.675557851791382
2026-08-14,AJattihalli(Uzhavar Sandhai ),23.0,22.0,0.3812866,22.381286591291428
2026-08-14,Tenkasi(Uzhavar Sandhai ),17.5,17.5,0.8510353,18.35103529691696
2026-08-14,Polur(Uzhavar Sandhai ),13.5,22.5,-1.2213923,21.278607726097107
2026-08-14,Kovilpatti(Uzhavar Sandhai ),22.5,27.5,-2.6948383,24.805161714553833
2026-08-14,Tamarainagar(Uzhavar Sandhai ),23.0,18.5,3.1351004,21.63510036468506
2026-08-14,Tirupatthur(Uzhavar Sandhai ),24.0,24.0,-0.94867045,23.05132955312729
2026-08-14,Pollachi(Uzhavar Sandhai ),18.0,18.0,2.0507731,20.05077314376831
2026-08-14,Gobichettipalayam(Uzhavar Sandhai ),23.5,17.5,2.0174224,19.517422437667847
2026-08-14,Mohanur(Uzhavar Sandhai ),25.0,26.0,-1.6522176,24.347782373428345
2026-08-14,Tirukattupalli(Uzhavar Sandhai ),22.0,24.0,-0.0786678,23.921332202851772
2026-08-14,Keelpennathur(Uzhavar Sandhai ),19.0,19.0,1.0789356,20.078935623168945
2026-08-14,Thalavadi(Uzhavar Sandhai ),15.5,16.5,1.1469187,17.646918654441833
2026-08-14,Kambam(Uzhavar Sandhai ),22.0,23.0,-0.54955155,22.45044845342636
2026-08-14,Musiri(Uzhavar Sandhai ),20.0,23.0,-0.4818324,22.518167585134506
2026-08-14,Nanganallur(Uzhavar Sandhai ),19.0,19.0,1.79461,20.794610023498535
2026-08-14,Andipatti(Uzhavar Sandhai ),25.0,22.5,0.8496982,23.349698185920715
2026-08-14,Cheyyar(Uzhavar Sandhai ),13.5,27.5,-4.8794765,22.62052345275879
2026-08-14,Pennagaram(Uzhavar Sandhai ),25.0,29.0,-3.5605748,25.439425230026245
2026-08-14,Palani(Uzhavar Sandhai ),17.5,17.0,2.0909073,19.090907335281372
2026-08-14,Panruti(Uzhavar Sandhai ),20.0,20.0,0.83183277,20.831832766532898
2026-08-14,Perundurai(Uzhavar Sandhai ),24.0,26.5,-1.2375813,25.262418746948242
2026-08-14,Muthupettai(Uzhavar Sandhai ),20.0,26.0,-1.0912735,24.908726453781128
2026-08-14,Udumalpet APMC,18.5,18.5,1.8570203,20.357020258903503
2026-08-14,Tiruchengode APMC,22.0,22.0,0.40707317,22.40707316994667
2026-08-14,Harur(Uzhavar Sandhai ),19.0,19.0,1.1715704,20.171570420265198
2026-08-14,Avallapalli(Uzhavar Sandhai ),17.5,17.5,2.027482,19.52748203277588
2026-08-14,Ponnamaravathi(Uzhavar Sandhai),22.5,27.5,-3.6237924,23.87620759010315
2026-08-14,Elampillai(Uzhavar Sandhai ),19.0,24.0,1.0179056,25.017905592918396
2026-08-14,Sulur(Uzhavar Sandhai ),17.5,19.0,1.1499194,20.149919390678406
2026-08-14,Palayamkottai(Uzhavar Sandhai ),23.5,23.5,-0.874835,22.62516498565674
2026-08-14,Pallikonda(Uzhavar Sandhai),23.0,19.0,1.8955076,20.89550757408142
2026-08-14,Aruppukottai(Uzhavar Sandhai ),22.5,22.5,-0.53228426,21.967715740203857
2026-08-14,Chengam(Uzhavar Sandhai ),22.5,22.5,1.1302255,23.63022553920746
2026-08-14,Tiruppur (South) (Uzhavar Sandhai ),12.5,13.5,2.930625,16.430624961853027
2026-08-14,Mettur(Uzhavar Sandhai ),18.0,22.5,0.69653493,23.1965349316597
2026-08-14,Chokkikulam(Uzhavar Sandhai ),22.0,22.0,0.25458547,22.254585474729538
2026-08-14,Tiruppur (North) (Uzhavar Sandhai ),16.5,16.5,0.7564678,17.256467819213867
2026-08-14,Kulithalai(Uzhavar Sandhai ),22.0,26.0,-2.5863483,23.413651704788208
2026-08-14,Sundarapuram(Uzhavar Sandhai ),18.0,17.5,1.287558,18.78755795955658
2026-08-14,Kallakurichi(Uzhavar Sandhai ),25.0,25.0,-1.5005728,23.49942719936371
2026-08-14,Krishnagiri(Uzhavar Sandhai ),15.0,13.5,3.4007492,16.90074920654297
2026-08-14,Sunguvarchatram(Uzhavar Sandhai ),23.0,21.0,0.3846606,21.384660601615906
2026-08-14,Ariyalur(Uzhavar Sandhai),26.0,22.5,-0.4731922,22.026807814836502
2026-08-14,Vadavalli(Uzhavar Sandhai ),20.0,19.5,0.24399179,19.743991792201996
2026-08-14,Alangudi(Uzhavar Sandhai ),27.5,27.5,-3.0758264,24.424173593521118
2026-08-14,Arcot(Uzhavar Sandhai ),19.0,19.0,1.7843698,20.784369826316833
2026-08-14,Kamuthi(Uzhavar Sandhai ),22.5,22.5,1.2494193,23.749419331550598
2026-08-14,Vadaseri APMC,28.5,32.5,-3.3488207,29.151179313659668
2026-08-14,Gudalur(Uzhavar Sandhai ),22.5,21.5,-0.28141916,21.218580842018127
2026-08-14,Thirukalukundram(Uzhavar Sandhai ),21.0,21.0,0.8671645,21.867164492607117
2026-08-14,Anaiyur(Uzhavar Sandhai ),22.0,23.0,-0.2714192,22.728580802679062
2026-08-14,Thuraiyur APMC,22.0,25.0,-1.8115687,23.18843126296997
2026-08-14,Peravurani(Uzhavar Sandhai),20.0,20.0,1.0362693,21.036269307136536
2026-08-14,Kandiyaperi(Uzhavar Sandhai ),23.5,23.5,-0.8009093,22.699090719223022
2026-08-14,Karambakkudi(Uzhavar Sandhai ),27.5,27.5,-3.559562,23.94043803215027
2026-08-14,Thirumangalam(Uzhavar Sandhai ),22.0,21.0,0.75888807,21.758888065814972
2026-08-14,Guduvancheri(Uzhavar Sandhai ),22.5,27.5,-2.4725978,25.02740216255188
2026-08-14,Usilampatti(Uzhavar Sandhai ),22.0,22.0,0.8420792,22.8420792222023
2026-08-14,Gudiyatham(Uzhavar Sandhai ),16.0,20.0,1.1014638,21.101463794708252
2026-08-14,NGO Colony(Uzhavar Sandhai ),26.0,23.5,-0.95660114,22.5433988571167
2026-08-14,Ulundurpettai APMC,15.0,15.0,0.5202833,15.520283281803131
2026-08-14,Perambalur(Uzhavar Sandhai ),32.0,32.0,-3.0278463,28.972153663635254
2026-08-14,Karaikudi(Uzhavar Sandhai ),25.0,25.0,-1.63496,23.365039944648743
2026-08-14,Thirupathur APMC,23.0,23.0,-0.16343607,22.836563929915428
2026-08-14,Perampet(Uzhavar Sandhai),18.0,19.0,-0.022982461,18.97701753862202
2026-08-14,Attayampatti(Uzhavar Sandhai ),20.0,21.0,0.62428755,21.624287545681
2026-08-14,Kangayam(Uzhavar Sandhai ),17.5,17.5,2.190942,19.69094204902649
2026-08-14,Thiruverumbur(Uzhavar Sandhai ),24.0,24.0,-0.4569758,23.543024212121964
2026-08-14,Karimangalam(Uzhavar Sandhai),23.0,21.0,1.7739466,22.77394664287567
2026-08-14,Nagapattinam(Uzhavar Sandhai ),27.0,27.0,-2.080557,24.919442892074585
2026-08-14,Myladi(Uzhavar Sandhai ),27.5,27.5,-2.6137516,24.886248350143433
2026-08-14,Periyakulam(Uzhavar Sandhai ),25.0,22.5,0.779413,23.279412984848022
2026-08-14,Tuticorin(Uzhavar Sandhai ),22.5,22.5,-0.48933515,22.010664850473404
2026-08-14,Kaveripattinam(Uzhavar Sandhai ),25.0,25.0,-1.0506885,23.94931149482727
2026-08-14,Thalavaipuram(Uzhavar Sandhai ),22.0,18.0,3.235698,21.235697984695435
2026-08-14,Ammapet(Uzhavar Sandhai ),19.0,18.0,2.3043835,20.304383516311646
2026-08-14,Katpadi (Uzhavar Sandhai ),25.0,25.0,-1.086824,23.91317594051361
2026-08-14,Thammampatti (Uzhavar Sandhai ),18.5,19.5,1.8070774,21.307077407836914
2026-08-14,Perambakkam(Uzhavar Sandhai ),25.0,25.0,0.30874178,25.3087417781353
2026-08-14,Karur(Uzhavar Sandhai ),25.5,25.5,-0.9226849,24.577315092086792
2026-08-14,Thanjavur(Uzhavar Sandhai ),22.0,24.0,-0.47434655,23.525653451681137
2026-08-14,Pattukottai(Uzhavar Sandhai ),28.0,28.0,-2.380323,25.61967706680298
2026-08-14,Thathakapatti(Uzhavar Sandhai ),20.0,18.5,2.5854008,21.085400819778442
2026-08-14,Ambasamudram(Uzhavar Sandhai ),26.0,18.5,2.276165,20.776165008544922
2026-08-14,Periyar Nagar(Uzhavar Sandhai ),22.0,25.0,-0.033151917,24.966848082840443
2026-08-14,Tindivanam APMC,20.0,22.0,1.4998729,23.49987292289734
2026-08-14,Kariyapatti(Uzhavar Sandhai ),22.5,22.5,0.2603928,22.76039281487465
2026-08-14,Athur(Uzhavar Sandhai ),19.0,22.0,1.077652,23.077651977539062
2026-08-14,Theni(Uzhavar Sandhai ),23.0,23.0,0.09282465,23.092824652791023
2026-08-14,Kancheepuram(Uzhavar Sandhai ),21.0,22.5,-0.1250559,22.374944105744362
2026-08-14,Papanasam(Uzhavar Sandhai ),24.0,30.0,-3.5667844,26.433215618133545
2026-08-14,Chidambaram(Uzhavar Sandhai ),25.0,25.0,-1.1664464,23.833553552627563
2026-08-14,Vadalur(Uzhavar Sandhai ),25.0,30.0,-3.516663,26.483336925506592
2026-08-14,Naravarikuppam(Uzhavar Sandhai ),25.0,25.0,-1.6546578,23.34534215927124
2026-08-14,Palanganatham(Uzhavar Sandhai ),22.0,21.0,0.5547929,21.554792881011963
2026-08-14,Kumarapalayam(Uzhavar Sandhai ),22.5,19.0,0.7225904,19.722590386867523
2026-08-14,Vaniyampadi(Uzhavar Sandhai ),25.0,30.0,-3.2093132,26.79068684577942
2026-08-14,Gandarvakottai(Uzhavar Sandhai ),27.5,22.5,-0.11851133,22.381488673388958
2026-08-14,Manapparai(Uzhavar Sandhai ),24.0,24.0,-0.548282,23.451717972755432
2026-08-14,Singampunari(Uzhavar Sandhai ),24.0,25.0,-1.6976652,23.302334785461426
2026-08-14,Needamangalam(Uzhavar Sandhai ),20.0,26.0,-1.0949814,24.90501856803894
2026-08-14,Paruthipattu(Uzhavar Sandhai ),30.0,25.0,-1.9108323,23.089167714118958
2026-08-14,Ramanathapuram(Uzhavar Sandhai ),26.5,22.5,1.399068,23.899067997932434
2026-08-14,Medavakkam(Uzhavar Sandhai ),22.5,22.5,0.65259653,23.152596533298492
2026-08-14,Bodinayakanur(Uzhavar Sandhai ),26.0,26.0,-1.9962875,24.00371253490448
2026-08-14,Melapalayam(Uzhavar Sandhai ),23.5,25.5,-2.3233342,23.176665782928467
2026-08-14,Manachanallur(Uzhavar Sandhai ),22.0,22.0,0.82588875,22.825888752937317
2026-08-14,Singanallur(Uzhavar Sandhai ),17.5,19.0,0.15062243,19.15062242746353
2026-08-14,Srivilliputhur(Uzhavar Sandhai ),17.5,17.5,2.2619562,19.761956214904785
2026-08-14,Arani(Uzhavar Sandhai ),12.5,27.5,-5.350178,22.149822235107422
2026-08-14,Chinnamanur(Uzhavar Sandhai ),24.0,24.5,-1.7491652,22.750834822654724
2026-08-14,Madhuranthagam(Uzhavar Sandhai ),20.0,20.0,1.0389588,21.03895878791809
2026-08-14,Sirkali(Uzhavar Sandhai ),22.5,22.5,-0.33109963,22.16890037059784
2026-08-14,Vandavasi(Uzhavar Sandhai ),13.5,27.5,-5.5795183,21.92048168182373
2026-08-14,Tiruvannamalai(Uzhavar Sandhai ),18.0,18.0,1.7971685,19.797168493270874
2026-08-14,Udhagamandalam(Uzhavar Sandhai ),16.5,16.5,0.63650614,17.136506140232086
2026-08-14,Chengalpet(Uzhavar Sandhai ),22.5,22.5,0.017651398,22.51765139773488
2026-08-14,Ranipettai(Uzhavar Sandhai ),16.5,21.5,1.5396341,23.039634108543396
2026-08-14,Sampath Nagar(Uzhavar Sandhai ),22.0,25.0,-0.06815146,24.931848540902138
2026-08-14,Mecheri(Uzhavar Sandhai),21.0,22.5,1.1357399,23.6357399225235
2026-08-14,Hosur(Uzhavar Sandhai ),17.5,17.5,2.0954776,19.59547758102417
2026-08-14,Aranthangi(Uzhavar Sandhai ),27.5,27.5,-2.999786,24.500214099884033
2026-08-14,Mayiladuthurai(Uzhavar Sandhai ),22.5,22.5,-0.28129432,22.21870568394661
2026-08-14,Sankarankoil(Uzhavar Sandhai ),17.5,19.0,0.9576747,19.95767468214035
2026-08-14,Padappai(Uzhavar Sandhai ),21.0,22.0,-0.09189337,21.90810663253069
2026-08-14,Paramathivelur(Uzhavar Sandhai ),26.0,26.0,-1.744283,24.255717039108276
2026-08-14,Mannargudi II(Uzhavar Sandhai ),22.0,28.0,-1.7212411,26.278758883476257
2026-08-14,Sankarapuram(Uzhavar Sandhai ),20.0,20.0,0.61071706,20.610717058181763
2026-08-14,Tiruvarur(Uzhavar Sandhai ),26.0,28.0,-2.570895,25.429105043411255
2026-08-14,Rasipuram(Uzhavar Sandhai ),27.0,23.0,-0.31200373,22.6879962682724
2026-08-14,Sathiyamagalam(Uzhavar Sandhai ),21.5,16.0,2.2852266,18.285226583480835
2026-08-14,Jalagandapuram(Uzhavar Sandhai ),18.0,19.0,1.6135184,20.613518357276917
2026-08-14,Pallapatti (Uzhavar Sandhai ),26.5,26.5,-2.5400887,23.959911346435547
2026-08-14,Ambattur(Uzhavar Sandhai ),25.0,25.0,-1.5699342,23.430065751075745
2026-08-14,Mannargudi I(Uzhavar Sandhai ),22.0,28.0,-1.7650788,26.23492121696472
2026-08-14,Sathur(Uzhavar Sandhai ),19.0,19.0,0.8978659,19.897865891456604
2026-08-14,Hasthampatti(Uzhavar Sandhai ),19.0,19.0,2.3149517,21.3149516582489
2026-08-14,Gandhigramam(Uzhavar Sandhai),27.0,28.5,-3.121394,25.37860608100891
2026-08-14,Chinnalapatti(Uzhavar Sandhai ),22.5,22.5,0.99292487,23.492924869060516
2026-08-14,Jameenrayapettai(Uzhavar Sandhai ),22.5,27.5,-2.7493894,24.75061058998108
2026-08-14,Rajapalayam(Uzhavar Sandhai ),22.0,17.5,2.0895689,19.589568853378296
2026-08-14,Kumbakonam (Uzhavar Sandhai ),24.0,26.0,-2.1470287,23.85297131538391
2026-08-14,Pudukottai(Uzhavar Sandhai ),22.5,27.5,-3.3519087,24.148091316223145
2026-08-14,KKNagar(Uzhavar Sandhai ),21.0,23.0,-0.0090157855,22.99098421446979
2026-08-14,Sivakasi(Uzhavar Sandhai ),22.5,17.5,2.3524592,19.852459192276
2026-08-14,Mettupalayam(Uzhavar Sandhai ),22.0,22.0,0.7751661,22.77516609430313
2026-08-14,Palacode(Uzhavar Sandhai ),23.5,23.5,-0.38290322,23.117096781730652
2026-08-14,Kundrathur(Uzhavar Sandhai ),23.0,21.0,0.388795,21.388794988393784
2026-08-14,RSPuram(Uzhavar Sandhai ),19.0,17.5,2.1322143,19.632214307785034
2026-08-14,Kurichi(Uzhavar Sandhai ),18.0,17.5,1.4281826,18.92818260192871
2026-08-14,Paramakudi(Uzhavar Sandhai ),26.5,26.5,-2.0985172,24.401482820510864
2026-08-14,Sooramangalam(Uzhavar Sandhai ),19.0,21.0,2.2153444,23.215344429016113
2026-08-14,Tiruthani(Uzhavar Sandhai ),25.0,25.0,-1.7648947,23.235105276107788
2026-08-14,Valangaiman APMC,24.0,28.0,-2.5991166,25.400883436203003
2026-08-14,Gingee(Uzhavar Sandhai ),20.0,25.0,-0.5421325,24.4578675031662
2026-08-14,Kahithapattarai(Uzhavar Sandhai ),20.0,19.0,2.0266523,21.026652336120605
2026-08-14,Tiruvallur(Uzhavar Sandhai ),25.0,25.0,-1.5097523,23.49024772644043
2026-08-14,Anna nagar(Uzhavar Sandhai ),22.0,22.0,0.2584915,22.25849148631096
2026-08-14,Melur(Uzhavar Sandhai ),22.0,21.0,0.78735083,21.787350833415985
2026-08-14,Jeyankondam (Uzhavar Sandhai ),26.0,22.0,-0.45512983,21.544870167970657
2026-08-14,Palladam(Uzhavar Sandhai ),16.5,16.5,1.56861,18.068609952926636
2026-08-14,Pallavaram(Uzhavar Sandhai ),22.5,27.5,-2.658082,24.841917991638184
2026-08-14,Anna nagar(Uzhavar Sandhai ),22.0,24.0,-0.34612888,23.65387111902237
2026-08-14,Natrampalli(Uzhavar Sandhai ),17.5,17.5,1.4992315,18.999231457710266
2026-08-14,Sivagangai (Uzhavar Sandhai ),24.0,23.0,-0.20621264,22.793787360191345
2026-08-14,Lalgudi(Uzhavar Sandhai ),23.0,24.0,-0.59155846,23.4084415435791
2026-08-15,Nagapattinam(Uzhavar Sandhai ),26.0,27.0,-1.7823412,25.217658758163452
2026-08-15,Naravarikuppam(Uzhavar Sandhai ),30.0,25.0,-1.3041689,23.695831060409546
2026-08-15,Jalagandapuram(Uzhavar Sandhai ),20.0,18.0,3.2534482,21.253448247909546
2026-08-15,Kahithapattarai(Uzhavar Sandhai ),24.0,20.0,2.1142473,22.11424732208252
2026-08-15,Thuraiyur APMC,27.5,22.0,1.0014732,23.00147318840027
2026-08-15,Tiruppur (North) (Uzhavar Sandhai ),16.5,16.5,0.77040666,17.270406663417816
2026-08-15,AJattihalli(Uzhavar Sandhai ),19.0,23.0,1.2726569,24.27265691757202
2026-08-15,Perambalur(Uzhavar Sandhai ),32.0,32.0,-2.0738251,29.926174879074097
2026-08-15,Pattukottai(Uzhavar Sandhai ),28.0,28.0,-2.0505106,25.94948935508728
2026-08-15,Padappai(Uzhavar Sandhai ),20.0,21.0,0.61722517,21.617225170135498
2026-08-15,Attayampatti(Uzhavar Sandhai ),21.0,20.0,2.7082183,22.708218336105347
2026-08-15,Tiruvarur(Uzhavar Sandhai ),26.0,26.0,-1.7010137,24.298986315727234
2026-08-15,Kandiyaperi(Uzhavar Sandhai ),23.5,23.5,-0.52762365,22.972376346588135
2026-08-15,Hosur(Uzhavar Sandhai ),17.5,17.5,2.4635718,19.963571786880493
2026-08-15,Tiruthani(Uzhavar Sandhai ),30.0,25.0,-1.4144058,23.585594177246094
2026-08-15,Tiruppur (South) (Uzhavar Sandhai ),15.0,12.5,4.4869003,16.986900329589844
2026-08-15,Paramathivelur(Uzhavar Sandhai ),28.0,26.0,-1.7365761,24.263423919677734
2026-08-15,Ambattur(Uzhavar Sandhai ),30.0,25.0,-1.2264464,23.773553609848022
2026-08-15,Kallakurichi(Uzhavar Sandhai ),20.0,25.0,-1.466235,23.533764958381653
2026-08-15,Chinnalapatti(Uzhavar Sandhai ),22.0,22.5,2.5326552,25.032655239105225
2026-08-15,Pennagaram(Uzhavar Sandhai ),26.0,25.0,0.26096815,25.260968148708344
2026-08-15,Tiruchengode APMC,20.0,22.0,0.44354242,22.443542420864105
2026-08-15,Tirukattupalli(Uzhavar Sandhai ),24.0,22.0,1.1540035,23.154003500938416
2026-08-15,Vedasanthur(Uzhavar Sandhai ),15.0,17.5,2.4088798,19.90887975692749
2026-08-15,Cuddalore(Uzhavar Sandhai ),24.0,22.0,0.40328398,22.40328398346901
2026-08-15,Jameenrayapettai(Uzhavar Sandhai ),22.5,22.5,0.46545848,22.96545848250389
2026-08-15,Nanganallur(Uzhavar Sandhai ),19.0,19.0,1.86204,20.862040042877197
2026-08-15,Tiruvallur(Uzhavar Sandhai ),30.0,25.0,-1.1170801,23.882919907569885
2026-08-15,Tirupatthur(Uzhavar Sandhai ),26.5,24.0,0.067242004,24.0672420039773
2026-08-15,Kamuthi(Uzhavar Sandhai ),22.5,22.5,0.9090016,23.40900158882141
2026-08-15,Kancheepuram(Uzhavar Sandhai ),21.0,21.0,0.6238147,21.623814702033997
2026-08-15,Virudhunagar(Uzhavar Sandhai ),21.0,22.5,0.30306843,22.803068429231644
2026-08-15,Paruthipattu(Uzhavar Sandhai ),30.0,30.0,-3.7449415,26.255058526992798
2026-08-15,Ammapet(Uzhavar Sandhai ),19.0,19.0,2.6090891,21.609089136123657
2026-08-15,Perambakkam(Uzhavar Sandhai ),30.0,25.0,1.1012933,26.101293325424194
2026-08-15,Velayuthampalayam(Uzhavar Sandhai ),25.0,25.0,-0.28846043,24.711539566516876
2026-08-15,Jeyankondam (Uzhavar Sandhai ),23.0,26.0,-2.3274477,23.672552347183228
2026-08-15,Needamangalam(Uzhavar Sandhai ),20.0,20.0,2.4862154,22.486215353012085
2026-08-15,Tindivanam APMC,20.0,20.0,2.399764,22.39976406097412
2026-08-15,Natrampalli(Uzhavar Sandhai ),17.5,17.5,1.8509669,19.350966930389404
2026-08-15,Kambam(Uzhavar Sandhai ),23.0,22.0,0.41903248,22.419032484292984
2026-08-15,KKNagar(Uzhavar Sandhai ),30.0,21.0,1.7757125,22.775712490081787
2026-08-15,Ariyalur(Uzhavar Sandhai),24.0,26.0,-2.1515217,23.848478317260742
2026-08-15,Tiruvannamalai(Uzhavar Sandhai ),18.0,18.0,2.255954,20.255954027175903
2026-08-15,Elampillai(Uzhavar Sandhai ),20.5,19.0,3.605877,22.605876922607422
2026-08-15,Kaveripattinam(Uzhavar Sandhai ),25.0,25.0,-1.3137636,23.68623638153076
2026-08-15,Dharmapuri(Uzhavar Sandhai ),21.0,23.0,1.315612,24.315611958503723
2026-08-15,Sirkali(Uzhavar Sandhai ),22.5,22.5,-0.008499495,22.491500505246222
2026-08-15,Rajapalayam(Uzhavar Sandhai ),22.0,22.0,0.9479483,22.947948276996613
2026-08-15,Melur(Uzhavar Sandhai ),22.0,22.0,1.2034733,23.203473329544067
2026-08-15,Lalgudi(Uzhavar Sandhai ),28.0,23.0,0.4273667,23.427366703748703
2026-08-15,Sivagangai (Uzhavar Sandhai ),24.0,24.0,-0.12393941,23.876060590147972
2026-08-15,RSPuram(Uzhavar Sandhai ),19.0,19.0,2.320094,21.320094108581543
2026-08-15,Kurichi(Uzhavar Sandhai ),18.0,18.0,1.8647996,19.86479961872101
2026-08-15,Kundrathur(Uzhavar Sandhai ),23.0,23.0,-0.22384462,22.77615538239479
2026-08-15,Sivakasi(Uzhavar Sandhai ),22.5,22.5,1.2127949,23.71279489994049
2026-08-15,Madhuranthagam(Uzhavar Sandhai ),20.0,20.0,1.2787442,21.278744220733643
2026-08-15,Viralimalai(Uzhavar Sandhai ),27.5,22.5,0.32218042,22.822180420160294
2026-08-15,Sooramangalam(Uzhavar Sandhai ),21.0,19.0,3.4060864,22.406086444854736
2026-08-15,Pudukottai(Uzhavar Sandhai ),27.5,22.5,0.40843314,22.90843313932419
2026-08-15,Mettupalayam(Uzhavar Sandhai ),20.0,22.0,1.2149156,23.2149156332016
2026-08-15,Devaram(Uzhavar Sandhai ),24.0,25.0,-1.6354926,23.36450743675232
2026-08-15,Anna nagar(Uzhavar Sandhai ),28.0,22.0,1.4363991,23.436399102211
2026-08-15,Anna nagar(Uzhavar Sandhai ),22.0,22.0,0.61241233,22.612412333488464
2026-08-15,Kumarapalayam(Uzhavar Sandhai ),22.5,22.5,0.21200201,22.712002009153366
2026-08-15,Srivilliputhur(Uzhavar Sandhai ),22.5,17.5,2.1751418,19.67514181137085
2026-08-15,Ponnamaravathi(Uzhavar Sandhai),27.5,22.5,0.37682363,22.876823633909225
2026-08-15,Kumbakonam (Uzhavar Sandhai ),21.0,24.0,-0.05918531,23.940814688801765
2026-08-15,Vengamedu(Uzhavar Sandhai ),25.5,25.5,-0.21255654,25.287443459033966
2026-08-15,Arani(Uzhavar Sandhai ),12.5,12.5,5.225453,17.72545289993286
2026-08-15,Singanallur(Uzhavar Sandhai ),22.5,17.5,1.7622063,19.262206315994263
2026-08-15,Mecheri(Uzhavar Sandhai),21.0,21.0,2.0684328,23.068432807922363
2026-08-15,Aranthangi(Uzhavar Sandhai ),27.5,27.5,-2.5823538,24.917646169662476
2026-08-15,Mayiladuthurai(Uzhavar Sandhai ),22.5,22.5,0.022998538,22.52299853786826
2026-08-15,Sankarankoil(Uzhavar Sandhai ),20.0,17.5,2.2830412,19.78304123878479
2026-08-15,Devakottai (Uzhavar Sandhai ),23.5,23.5,0.35251158,23.85251158475876
2026-08-15,Mannargudi II(Uzhavar Sandhai ),26.0,22.0,2.3570495,24.357049465179443
2026-08-15,Sankarapuram(Uzhavar Sandhai ),20.0,20.0,0.8193638,20.81936377286911
2026-08-15,Rasipuram(Uzhavar Sandhai ),27.5,27.0,-0.5495526,26.450447380542755
2026-08-15,Sathiyamagalam(Uzhavar Sandhai ),17.5,21.5,1.3267044,22.826704382896423
2026-08-15,Melapalayam(Uzhavar Sandhai ),23.5,23.5,-0.5816119,22.91838812828064
2026-08-15,Ranipettai(Uzhavar Sandhai ),21.5,16.5,4.4514127,20.951412677764893
2026-08-15,Sathur(Uzhavar Sandhai ),22.5,19.0,0.7265998,19.72659981250763
2026-08-15,Chengalpet(Uzhavar Sandhai ),22.5,22.5,0.10698504,22.60698504000902
2026-08-15,Bodinayakanur(Uzhavar Sandhai ),24.0,26.0,-1.8745068,24.12549316883087
2026-08-15,Manapparai(Uzhavar Sandhai ),30.0,24.0,0.032648325,24.03264832496643
2026-08-15,Singampunari(Uzhavar Sandhai ),23.0,24.0,-0.098390155,23.90160984545946
2026-08-15,Ramanathapuram(Uzhavar Sandhai ),29.0,26.5,-0.519958,25.980041980743408
2026-08-15,Medavakkam(Uzhavar Sandhai ),20.0,22.5,0.5736398,23.073639810085297
2026-08-15,Villupuram(Uzhavar Sandhai ),20.0,22.5,0.25944847,22.75944846868515
2026-08-15,Manachanallur(Uzhavar Sandhai ),27.5,22.0,1.5825313,23.582531332969666
2026-08-15,Mannargudi I(Uzhavar Sandhai ),24.0,22.0,2.5645816,24.564581632614136
2026-08-15,Sulur(Uzhavar Sandhai ),22.5,17.5,0.73172516,18.23172515630722
2026-08-15,Chengam(Uzhavar Sandhai ),22.5,22.5,0.005876672,22.505876671988517
2026-08-15,Polur(Uzhavar Sandhai ),13.5,13.5,2.9541183,16.454118251800537
2026-08-15,Denkanikottai(Uzhavar Sandhai ),17.5,17.5,2.5950694,20.095069408416748
2026-08-15,Karur(Uzhavar Sandhai ),25.5,25.5,-0.52952397,24.970476031303406
2026-08-15,Thanjavur(Uzhavar Sandhai ),24.0,22.0,1.1241598,23.124159812927246
2026-08-15,Thathakapatti(Uzhavar Sandhai ),20.0,20.0,2.3726115,22.37261152267456
2026-08-15,Periyar Nagar(Uzhavar Sandhai ),21.0,22.0,2.270119,24.270118951797485
2026-08-15,Kariyapatti(Uzhavar Sandhai ),22.5,22.5,0.09157025,22.591570250689983
2026-08-15,Theni(Uzhavar Sandhai ),22.5,23.0,0.41368812,23.413688123226166
2026-08-15,Periyakulam(Uzhavar Sandhai ),22.5,25.0,-1.3288704,23.67112958431244
2026-08-15,Chidambaram(Uzhavar Sandhai ),25.0,25.0,-1.0435139,23.956486105918884
2026-08-15,Thammampatti (Uzhavar Sandhai ),17.5,18.5,2.704477,21.204477071762085
2026-08-15,Myladi(Uzhavar Sandhai ),27.5,27.5,-1.8762813,25.623718738555908
2026-08-15,Anaiyur(Uzhavar Sandhai ),22.0,22.0,0.6160639,22.61606389284134
2026-08-15,Peravurani(Uzhavar Sandhai),25.0,20.0,1.4211158,21.42111575603485
2026-08-15,Karambakkudi(Uzhavar Sandhai ),27.5,27.5,-2.8528624,24.64713764190674
2026-08-15,Thirumangalam(Uzhavar Sandhai ),22.0,22.0,1.1117231,23.11172306537628
2026-08-15,NGO Colony(Uzhavar Sandhai ),23.5,26.0,-2.384586,23.615413904190063
2026-08-15,Karaikudi(Uzhavar Sandhai ),26.0,25.0,-0.83621985,24.1637801527977
2026-08-15,Thirupathur APMC,23.0,23.0,0.0018631831,23.001863183104433
2026-08-15,Perampet(Uzhavar Sandhai),16.0,18.0,0.52550447,18.52550446987152
2026-08-15,Kangayam(Uzhavar Sandhai ),21.0,17.5,2.5727253,20.072725296020508
2026-08-15,Karimangalam(Uzhavar Sandhai),23.0,23.0,1.5018581,24.501858115196228
2026-08-15,Katpadi (Uzhavar Sandhai ),22.5,25.0,-0.68861747,24.31138253211975
2026-08-15,Coonoor(Uzhavar Sandhai ),26.5,21.0,0.6502391,21.65023910999298
2026-08-15,Thalavaipuram(Uzhavar Sandhai ),22.0,22.0,0.46902034,22.46902033686638
2026-08-15,Mettur(Uzhavar Sandhai ),21.0,18.0,3.9268715,21.92687153816223
2026-08-15,Kulithalai(Uzhavar Sandhai ),22.0,22.0,0.4796377,22.47963771224022
2026-08-15,Sundarapuram(Uzhavar Sandhai ),22.5,18.0,1.9507465,19.950746536254883
2026-08-15,Avallapalli(Uzhavar Sandhai ),17.5,17.5,2.6761162,20.176116228103638
2026-08-15,Krishnagiri(Uzhavar Sandhai ),17.5,15.0,2.51182,17.511820077896118
2026-08-15,Sunguvarchatram(Uzhavar Sandhai ),23.0,23.0,-0.2752042,22.724795788526535
2026-08-15,Arcot(Uzhavar Sandhai ),20.0,19.0,2.2845805,21.28458046913147
2026-08-15,Kovilpatti(Uzhavar Sandhai ),27.5,22.5,1.1084503,23.608450293540955
2026-08-15,Tamarainagar(Uzhavar Sandhai ),18.5,23.0,-0.21724686,22.782753139734268
2026-08-15,Pollachi(Uzhavar Sandhai ),18.0,18.0,2.5285158,20.528515815734863
2026-08-15,Tenkasi(Uzhavar Sandhai ),15.0,17.5,0.75356233,18.253562331199646
2026-08-15,Mohanur(Uzhavar Sandhai ),27.5,25.0,-1.2027872,23.797212839126587
2026-08-15,Keelpennathur(Uzhavar Sandhai ),19.0,19.0,1.3939385,20.393938541412354
2026-08-15,Thalavadi(Uzhavar Sandhai ),16.5,15.5,2.0796714,17.579671382904053
2026-08-15,Musiri(Uzhavar Sandhai ),22.0,20.0,1.0637403,21.063740253448486
2026-08-15,Andipatti(Uzhavar Sandhai ),24.0,25.0,-1.0609701,23.939029932022095
2026-08-15,Cheyyar(Uzhavar Sandhai ),13.5,13.5,4.5577283,18.05772829055786
2026-08-15,Dharapuram(Uzhavar Sandhai ),17.5,17.5,2.488784,19.988784074783325
2026-08-15,Perundurai(Uzhavar Sandhai ),24.0,24.0,1.4467825,25.44678246974945
2026-08-15,Muthupettai(Uzhavar Sandhai ),20.0,20.0,2.4899232,22.489923238754272
2026-08-15,Vellore APMC,23.0,22.0,1.8432772,23.84327721595764
2026-08-15,Thiruverumbur(Uzhavar Sandhai ),28.0,24.0,0.15092568,24.150925680994987
2026-08-15,Tuticorin(Uzhavar Sandhai ),22.5,22.5,-0.16868049,22.331319510936737
2026-08-15,Sampath Nagar(Uzhavar Sandhai ),21.0,22.0,2.2709243,24.27092432975769
2026-08-15,Edapadi (Uzhavar Sandhai ),21.0,21.0,2.6325068,23.632506847381592
2026-08-15,Hasthampatti(Uzhavar Sandhai ),17.0,19.0,2.7761059,21.776105880737305
2026-08-15,Udhagamandalam(Uzhavar Sandhai ),22.5,16.5,1.1310027,17.63100266456604
2026-08-15,Papanasam(Uzhavar Sandhai ),24.0,24.0,-0.38142437,23.618575632572174
2026-08-15,Ambasamudram(Uzhavar Sandhai ),18.5,26.0,-2.0769446,23.923055410385132
2026-08-15,Gobichettipalayam(Uzhavar Sandhai ),22.5,23.5,0.5894538,24.08945381641388
2026-08-15,Vedaranyam(Uzhavar Sandhai),33.5,32.5,-0.1346075,32.36539250612259
2026-08-15,Usilampatti(Uzhavar Sandhai ),22.0,22.0,0.9274648,22.92746478319168
2026-08-15,Palayamkottai(Uzhavar Sandhai ),23.5,23.5,-0.5780448,22.921955227851868
2026-08-15,Paramakudi(Uzhavar Sandhai ),22.5,26.5,-1.8248888,24.675111174583435
2026-08-15,Chinnamanur(Uzhavar Sandhai ),24.0,24.0,-0.6174358,23.382564187049866
2026-08-15,Gandarvakottai(Uzhavar Sandhai ),27.5,27.5,-2.776113,24.723886966705322
2026-08-15,Pallavaram(Uzhavar Sandhai ),22.5,22.5,0.6743511,23.17435109615326
2026-08-15,Palani(Uzhavar Sandhai ),14.0,17.5,2.5075605,20.00756049156189
2026-08-15,Athur(Uzhavar Sandhai ),19.0,19.0,2.6564472,21.656447172164917
2026-08-15,Vaniyampadi(Uzhavar Sandhai ),25.0,25.0,-1.5030506,23.496949434280396
2026-08-15,Udumalpet APMC,18.5,18.5,0.46565187,18.965651869773865
2026-08-15,Gingee(Uzhavar Sandhai ),20.0,20.0,2.5950396,22.59503960609436
2026-08-15,Dindigul(Uzhavar Sandhai ),22.0,22.5,2.382179,24.882179021835327
2026-08-15,Vadalur(Uzhavar Sandhai ),25.0,25.0,-1.4022449,23.597755074501038
2026-08-15,Valangaiman APMC,24.0,24.0,0.1932599,24.19325989484787
2026-08-15,Harur(Uzhavar Sandhai ),19.0,19.0,1.726733,20.726732969284058
2026-08-15,Viruthachalam(Uzhavar Sandhai ),20.0,25.0,-1.2473661,23.752633929252625
2026-08-15,Vadaseri APMC,28.5,28.5,-0.1951781,28.304821893572807
2026-08-15,Panruti(Uzhavar Sandhai ),20.0,20.0,1.0324185,21.032418489456177
2026-08-15,Aruppukottai(Uzhavar Sandhai ),22.5,22.5,-0.2687678,22.231232196092606
2026-08-15,Gudalur(Uzhavar Sandhai ),26.0,22.5,0.36183548,22.861835479736328
2026-08-15,Palacode(Uzhavar Sandhai ),23.5,23.5,1.247082,24.747081995010376
2026-08-15,Gudiyatham(Uzhavar Sandhai ),16.0,16.0,1.1942768,17.194276809692383
2026-08-15,Vazhapadi(Uzhavar Sandhai),22.0,22.0,2.1475766,24.147576570510864
2026-08-15,Pallapatti (Uzhavar Sandhai ),26.5,26.5,-2.5595212,23.940478801727295
2026-08-15,Vandavasi(Uzhavar Sandhai ),13.5,13.5,3.6664886,17.166488647460938
2026-08-15,Guduvancheri(Uzhavar Sandhai ),22.5,22.5,0.70841765,23.208417654037476
2026-08-15,Alangudi(Uzhavar Sandhai ),27.5,27.5,-2.6047618,24.895238161087036
2026-08-15,Palanganatham(Uzhavar Sandhai ),22.0,22.0,0.59200513,22.592005133628845
2026-08-15,Vadavalli(Uzhavar Sandhai ),19.5,20.0,2.3849266,22.384926557540894
2026-08-15,Pallikonda(Uzhavar Sandhai),23.5,23.0,1.2566804,24.256680369377136
2026-08-15,Chokkikulam(Uzhavar Sandhai ),22.0,22.0,0.5977096,22.597709596157074
2026-08-15,Ulundurpettai APMC,18.0,15.0,1.1492773,16.149277329444885
2026-08-15,Palladam(Uzhavar Sandhai ),16.5,16.5,2.2157114,18.71571135520935
2026-08-15,Gandhigramam(Uzhavar Sandhai),27.0,27.0,-1.9254862,25.074513792991638
2026-08-16,Kandiyaperi(Uzhavar Sandhai ),23.5,23.5,-0.5304701,22.969529926776886
2026-08-16,Kumbakonam (Uzhavar Sandhai ),26.0,21.0,1.0513618,22.051361799240112
2026-08-16,AJattihalli(Uzhavar Sandhai ),19.0,19.0,2.847701,21.84770107269287
2026-08-16,Bodinayakanur(Uzhavar Sandhai ),25.0,24.0,-0.23460901,23.765390992164612
2026-08-16,Sooramangalam(Uzhavar Sandhai ),23.0,21.0,2.334982,23.33498191833496
2026-08-16,Vaniyampadi(Uzhavar Sandhai ),25.0,25.0,-0.10829365,24.891706347465515
2026-08-16,Kangayam(Uzhavar Sandhai ),17.5,21.0,1.9324914,22.932491421699524
2026-08-16,Melapalayam(Uzhavar Sandhai ),26.0,23.5,-0.5758699,22.924130082130432
2026-08-16,Tirupatthur(Uzhavar Sandhai ),26.5,26.5,-1.3918015,25.108198523521423
2026-08-16,Udumalpet APMC,18.5,18.5,1.4396354,19.939635396003723
2026-08-16,Nanganallur(Uzhavar Sandhai ),19.0,19.0,1.8735172,20.873517155647278
2026-08-16,Viralimalai(Uzhavar Sandhai ),27.5,27.5,-2.624938,24.875061988830566
2026-08-16,Periyar Nagar(Uzhavar Sandhai ),24.0,21.0,1.5827343,22.58273434638977
2026-08-16,Tirukattupalli(Uzhavar Sandhai ),24.0,24.0,0.38329697,24.383296966552734
2026-08-16,Kariyapatti(Uzhavar Sandhai ),22.5,22.5,0.29985243,22.799852430820465
2026-08-16,Arani(Uzhavar Sandhai ),27.5,12.5,5.269594,17.769594192504883
2026-08-16,Perampet(Uzhavar Sandhai),16.0,16.0,1.7791752,17.77917516231537
2026-08-16,Kambam(Uzhavar Sandhai ),23.0,23.0,-0.21843734,22.78156265616417
2026-08-16,Thathakapatti(Uzhavar Sandhai ),22.0,20.0,2.1975985,22.197598457336426
2026-08-16,Sirkali(Uzhavar Sandhai ),22.5,22.5,-0.06400003,22.43599996715784
2026-08-16,Chengalpet(Uzhavar Sandhai ),22.5,22.5,0.24055752,22.74055752158165
2026-08-16,Ariyalur(Uzhavar Sandhai),26.0,24.0,-0.81666255,23.183337450027466
2026-08-16,Mannargudi I(Uzhavar Sandhai ),26.0,24.0,1.2835723,25.28357231616974
2026-08-16,Pattukottai(Uzhavar Sandhai ),28.0,28.0,-1.257372,26.74262797832489
2026-08-16,Devaram(Uzhavar Sandhai ),24.0,24.0,-0.40217218,23.597827821969986
2026-08-16,Pallapatti (Uzhavar Sandhai ),25.0,26.5,-2.4562254,24.043774604797363
2026-08-16,Valangaiman APMC,22.0,24.0,0.11047225,24.11047224700451
2026-08-16,Thiruverumbur(Uzhavar Sandhai ),24.0,28.0,-2.2106738,25.789326190948486
2026-08-16,Katpadi (Uzhavar Sandhai ),22.5,22.5,2.148715,24.648715019226074
2026-08-16,Tiruppur (South) (Uzhavar Sandhai ),13.5,15.0,2.1246457,17.124645709991455
2026-08-16,Palanganatham(Uzhavar Sandhai ),22.0,22.0,0.35740697,22.357406973838806
2026-08-16,Aruppukottai(Uzhavar Sandhai ),22.5,22.5,-0.0051434804,22.49485651962459
2026-08-16,Attayampatti(Uzhavar Sandhai ),23.5,21.0,0.70507467,21.705074667930603
2026-08-16,Harur(Uzhavar Sandhai ),19.0,19.0,1.892829,20.892828941345215
2026-08-16,Sathur(Uzhavar Sandhai ),19.0,22.5,-0.11105848,22.388941518962383
2026-08-16,Thammampatti (Uzhavar Sandhai ),17.5,17.5,2.8389337,20.33893370628357
2026-08-16,Mettupalayam(Uzhavar Sandhai ),20.0,20.0,2.5041828,22.504182815551758
2026-08-16,Tiruppur (North) (Uzhavar Sandhai ),18.0,16.5,0.9922589,17.49225890636444
2026-08-16,Denkanikottai(Uzhavar Sandhai ),17.5,17.5,2.68114,20.181139945983887
2026-08-16,Pudukottai(Uzhavar Sandhai ),27.5,27.5,-2.3764899,25.123510122299194
2026-08-16,Karur(Uzhavar Sandhai ),22.5,25.5,-0.7141957,24.785804271697998
2026-08-16,Dharmapuri(Uzhavar Sandhai ),21.0,21.0,2.102919,23.102919101715088
2026-08-16,Kallakurichi(Uzhavar Sandhai ),25.0,20.0,2.0787892,22.078789234161377
2026-08-16,Vadalur(Uzhavar Sandhai ),25.0,25.0,-1.4682232,23.531776785850525
2026-08-16,Thanjavur(Uzhavar Sandhai ),24.0,24.0,0.08130509,24.0813050866127
2026-08-16,Athur(Uzhavar Sandhai ),22.0,19.0,2.8163207,21.816320657730103
2026-08-16,Vandavasi(Uzhavar Sandhai ),27.5,13.5,3.7777846,17.27778458595276
2026-08-16,Theni(Uzhavar Sandhai ),22.5,22.5,0.8078147,23.307814717292786
2026-08-16,Pennagaram(Uzhavar Sandhai ),23.0,26.0,-0.86986536,25.130134642124176
2026-08-16,Pallavaram(Uzhavar Sandhai ),22.5,22.5,0.67393434,23.17393434047699
2026-08-16,Perambakkam(Uzhavar Sandhai ),30.0,30.0,-0.5386965,29.46130347251892
2026-08-16,Anaiyur(Uzhavar Sandhai ),22.0,22.0,0.4644018,22.464401811361313
2026-08-16,Villupuram(Uzhavar Sandhai ),20.0,20.0,0.83185637,20.83185636997223
2026-08-16,Guduvancheri(Uzhavar Sandhai ),22.5,22.5,0.73653126,23.236531257629395
2026-08-16,Velayuthampalayam(Uzhavar Sandhai ),22.5,25.0,-1.3372273,23.66277265548706
2026-08-16,Peravurani(Uzhavar Sandhai),25.0,25.0,-1.3349836,23.665016412734985
2026-08-16,Karambakkudi(Uzhavar Sandhai ),27.5,27.5,-2.6924145,24.80758547782898
2026-08-16,Sivagangai (Uzhavar Sandhai ),24.0,24.0,-0.25436145,23.74563854932785
2026-08-16,Manachanallur(Uzhavar Sandhai ),24.0,27.5,-2.496947,25.003052949905396
2026-08-16,Thirumangalam(Uzhavar Sandhai ),22.0,22.0,0.32199892,22.321998924016953
2026-08-16,Tindivanam APMC,20.0,20.0,2.5277436,22.527743577957153
2026-08-16,Papanasam(Uzhavar Sandhai ),21.0,24.0,-0.31636214,23.683637857437134
2026-08-16,Lalgudi(Uzhavar Sandhai ),28.0,28.0,-2.3694308,25.630569219589233
2026-08-16,Kancheepuram(Uzhavar Sandhai ),21.0,21.0,0.1537292,21.15372920036316
2026-08-16,Palladam(Uzhavar Sandhai ),16.5,16.5,2.2126245,18.712624549865723
2026-08-16,Thuraiyur APMC,25.5,27.5,-2.7461007,24.753899335861206
2026-08-16,Thirupathur APMC,23.0,23.0,0.39422378,23.394223779439926
2026-08-16,Gudiyatham(Uzhavar Sandhai ),24.0,16.0,3.1332343,19.13323426246643
2026-08-16,NGO Colony(Uzhavar Sandhai ),23.5,23.5,-0.64880145,22.851198554039
2026-08-16,Singanallur(Uzhavar Sandhai ),22.5,22.5,1.4382613,23.93826127052307
2026-08-16,Sampath Nagar(Uzhavar Sandhai ),24.0,21.0,1.5961194,22.59611940383911
2026-08-16,Karaikudi(Uzhavar Sandhai ),26.0,26.0,-1.2269577,24.77304232120514
2026-08-16,Nagapattinam(Uzhavar Sandhai ),29.5,26.0,-1.0757514,24.924248576164246
2026-08-16,Ambasamudram(Uzhavar Sandhai ),18.5,18.5,2.071885,20.571885108947754
2026-08-16,Sivakasi(Uzhavar Sandhai ),22.5,22.5,1.1988491,23.698849081993103
2026-08-16,RSPuram(Uzhavar Sandhai ),17.5,19.0,2.4210932,21.421093225479126
2026-08-16,Thirukalukundram(Uzhavar Sandhai ),21.0,21.0,0.9041246,21.9041246175766
2026-08-16,Manapparai(Uzhavar Sandhai ),25.0,30.0,-3.2752428,26.724757194519043
2026-08-16,Melur(Uzhavar Sandhai ),22.0,22.0,0.4397671,22.439767092466354
2026-08-16,Rajapalayam(Uzhavar Sandhai ),22.0,22.0,1.0684606,23.06846058368683
2026-08-16,Gandhigramam(Uzhavar Sandhai),24.0,27.0,-1.9069135,25.09308648109436
2026-08-16,Gandarvakottai(Uzhavar Sandhai ),27.5,27.5,-2.5058248,24.99417519569397
2026-08-16,Perambalur(Uzhavar Sandhai ),32.5,32.0,-0.50812,31.491879999637604
2026-08-16,Periyakulam(Uzhavar Sandhai ),24.0,22.5,0.9660601,23.46606010198593
2026-08-16,Singampunari(Uzhavar Sandhai ),24.0,23.0,0.27682272,23.276822715997696
2026-08-16,Kundrathur(Uzhavar Sandhai ),23.0,23.0,-0.49030662,22.509693384170532
2026-08-16,Tiruchengode APMC,26.0,20.0,1.5784016,21.578401565551758
2026-08-16,Chidambaram(Uzhavar Sandhai ),20.0,25.0,-1.1588417,23.841158270835876
2026-08-16,Kamuthi(Uzhavar Sandhai ),27.5,22.5,0.97121227,23.47121226787567
2026-08-16,Ulundurpettai APMC,22.0,18.0,2.4069974,20.406997442245483
2026-08-16,Usilampatti(Uzhavar Sandhai ),22.0,22.0,1.0151032,23.015103220939636
2026-08-16,Myladi(Uzhavar Sandhai ),29.0,27.5,-1.0132715,26.4867285490036
2026-08-16,Ramanathapuram(Uzhavar Sandhai ),26.5,29.0,-1.5510224,27.44897758960724
2026-08-16,Coonoor(Uzhavar Sandhai ),26.5,26.5,-2.3894186,24.110581398010254
2026-08-16,Kurichi(Uzhavar Sandhai ),22.5,18.0,2.5594625,20.559462547302246
2026-08-16,Virudhunagar(Uzhavar Sandhai ),21.5,21.0,0.045833807,21.045833807438612
2026-08-16,Medavakkam(Uzhavar Sandhai ),22.5,20.0,1.6494343,21.649434328079224
2026-08-16,Karimangalam(Uzhavar Sandhai),23.0,23.0,1.322005,24.322005033493042
2026-08-16,Ammapet(Uzhavar Sandhai ),19.0,19.0,2.6638417,21.663841724395752
2026-08-16,Vedaranyam(Uzhavar Sandhai),36.0,33.5,0.57720983,34.07720983028412
2026-08-16,Edapadi (Uzhavar Sandhai ),23.5,21.0,1.2842052,22.284205198287964
2026-08-16,Panruti(Uzhavar Sandhai ),20.0,20.0,1.003824,21.00382399559021
2026-08-16,Madhuranthagam(Uzhavar Sandhai ),20.0,20.0,1.0864938,21.086493849754333
2026-08-16,Padappai(Uzhavar Sandhai ),21.0,20.0,0.91546893,20.91546893119812
2026-08-16,Chinnalapatti(Uzhavar Sandhai ),22.5,22.0,1.1721497,23.172149658203125
2026-08-16,Chinnamanur(Uzhavar Sandhai ),23.0,24.0,-0.78749025,23.212509751319885
2026-08-16,Arcot(Uzhavar Sandhai ),20.0,20.0,2.2063847,22.206384658813477
2026-08-16,Musiri(Uzhavar Sandhai ),22.0,22.0,0.14168632,22.14168632030487
2026-08-16,Srivilliputhur(Uzhavar Sandhai ),22.5,22.5,0.1188349,22.618834897875786
2026-08-16,Jalagandapuram(Uzhavar Sandhai ),22.0,20.0,2.1487386,22.148738622665405
2026-08-16,Andipatti(Uzhavar Sandhai ),24.0,24.0,-0.21951516,23.780484840273857
2026-08-16,Hasthampatti(Uzhavar Sandhai ),20.0,17.0,3.1705337,20.170533657073975
2026-08-16,Vedasanthur(Uzhavar Sandhai ),16.5,15.0,2.6884851,17.688485145568848
2026-08-16,Palani(Uzhavar Sandhai ),15.0,14.0,3.662669,17.66266894340515
2026-08-16,Cheyyar(Uzhavar Sandhai ),27.5,13.5,3.742157,17.242156982421875
2026-08-16,Alangudi(Uzhavar Sandhai ),27.5,27.5,-2.3196533,25.180346727371216
2026-08-16,Mannargudi II(Uzhavar Sandhai ),26.0,26.0,-0.48588917,25.51411083340645
2026-08-16,Tenkasi(Uzhavar Sandhai ),15.0,15.0,2.3670828,17.367082834243774
2026-08-16,Tiruvarur(Uzhavar Sandhai ),24.0,26.0,-1.5405208,24.459479212760925
2026-08-16,Kumarapalayam(Uzhavar Sandhai ),27.5,22.5,0.19973284,22.699732840061188
2026-08-16,Chokkikulam(Uzhavar Sandhai ),22.0,22.0,1.0214303,23.021430253982544
2026-08-16,Sankarapuram(Uzhavar Sandhai ),20.0,20.0,0.7864888,20.7864887714386
2026-08-16,Sunguvarchatram(Uzhavar Sandhai ),23.0,23.0,-0.4803241,22.51967591047287
2026-08-16,Ponnamaravathi(Uzhavar Sandhai),27.5,27.5,-2.6960926,24.80390739440918
2026-08-16,Thalavadi(Uzhavar Sandhai ),16.5,16.5,2.0249085,18.524908542633057
2026-08-16,Chengam(Uzhavar Sandhai ),22.5,22.5,-0.1967361,22.303263902664185
2026-08-16,Cuddalore(Uzhavar Sandhai ),25.0,24.0,0.11916417,24.119164168834686
2026-08-16,Udhagamandalam(Uzhavar Sandhai ),22.5,22.5,-0.47927275,22.02072724699974
2026-08-16,Needamangalam(Uzhavar Sandhai ),20.0,20.0,2.62374,22.62373995780945
2026-08-16,Sulur(Uzhavar Sandhai ),22.5,22.5,1.1533118,23.653311848640442
2026-08-16,Gobichettipalayam(Uzhavar Sandhai ),23.5,22.5,1.1001102,23.600110173225403
2026-08-16,Tiruvannamalai(Uzhavar Sandhai ),18.0,18.0,2.4020362,20.40203619003296
2026-08-16,Sankarankoil(Uzhavar Sandhai ),20.0,20.0,0.71935296,20.719352960586548
2026-08-16,Vazhapadi(Uzhavar Sandhai),22.5,22.0,1.555695,23.555695056915283
2026-08-16,Mohanur(Uzhavar Sandhai ),27.5,27.5,-2.4296834,25.070316553115845
2026-08-16,Mayiladuthurai(Uzhavar Sandhai ),22.5,22.5,-0.03250201,22.46749798953533
2026-08-16,Vadavalli(Uzhavar Sandhai ),19.0,19.5,2.4533057,21.95330572128296
2026-08-16,Paramakudi(Uzhavar Sandhai ),27.5,22.5,1.3481009,23.848100900650024
2026-08-16,Palayamkottai(Uzhavar Sandhai ),23.5,23.5,-0.5565235,22.943476498126984
2026-08-16,Tamarainagar(Uzhavar Sandhai ),24.0,18.5,2.80245,21.302449941635132
2026-08-16,Paruthipattu(Uzhavar Sandhai ),30.0,30.0,-3.3679912,26.63200879096985
2026-08-16,Vengamedu(Uzhavar Sandhai ),22.5,25.5,-0.31715068,25.182849317789078
2026-08-16,Polur(Uzhavar Sandhai ),22.5,13.5,3.0818093,16.581809282302856
2026-08-16,Ambattur(Uzhavar Sandhai ),30.0,30.0,-2.6692698,27.330730199813843
2026-08-16,Keelpennathur(Uzhavar Sandhai ),19.0,19.0,1.4247848,20.424784779548645
2026-08-16,Kovilpatti(Uzhavar Sandhai ),27.5,27.5,-1.8271608,25.672839164733887
2026-08-16,Devakottai (Uzhavar Sandhai ),24.0,23.5,0.18911064,23.68911063671112
2026-08-16,Jameenrayapettai(Uzhavar Sandhai ),22.5,22.5,0.45246035,22.95246034860611
2026-08-16,Paramathivelur(Uzhavar Sandhai ),28.0,28.0,-2.3904908,25.609509229660034
2026-08-16,Aranthangi(Uzhavar Sandhai ),27.5,27.5,-2.2436132,25.256386756896973
2026-08-16,Pollachi(Uzhavar Sandhai ),22.5,18.0,2.7549746,20.754974603652954
2026-08-16,Elampillai(Uzhavar Sandhai ),22.5,20.5,1.7222047,22.22220468521118
2026-08-16,Sathiyamagalam(Uzhavar Sandhai ),17.5,17.5,2.4975147,19.997514724731445
2026-08-16,Thalavaipuram(Uzhavar Sandhai ),22.0,22.0,0.3570134,22.357013404369354
2026-08-16,Mettur(Uzhavar Sandhai ),18.0,21.0,2.4531312,23.453131198883057
2026-08-16,Tuticorin(Uzhavar Sandhai ),22.5,22.5,-0.22544917,22.274550825357437
2026-08-16,Vadaseri APMC,28.5,28.5,0.3956247,28.895624697208405
2026-08-16,Muthupettai(Uzhavar Sandhai ),20.0,20.0,1.6421729,21.642172932624817
2026-08-16,Kulithalai(Uzhavar Sandhai ),22.0,22.0,0.44638225,22.446382254362106
2026-08-16,Palacode(Uzhavar Sandhai ),22.0,23.5,1.0143126,24.514312624931335
2026-08-16,Tiruthani(Uzhavar Sandhai ),30.0,30.0,-2.9196894,27.080310583114624
2026-08-16,Gudalur(Uzhavar Sandhai ),22.5,26.0,-2.1606224,23.839377641677856
2026-08-16,Ranipettai(Uzhavar Sandhai ),23.0,21.5,2.1584728,23.658472776412964
2026-08-16,Hosur(Uzhavar Sandhai ),17.5,17.5,2.7691984,20.269198417663574
2026-08-16,Avallapalli(Uzhavar Sandhai ),17.5,17.5,2.8495612,20.34956121444702
2026-08-16,Kaveripattinam(Uzhavar Sandhai ),20.0,25.0,-1.1301814,23.869818568229675
2026-08-16,Vellore APMC,22.0,23.0,1.0946196,24.094619631767273
2026-08-16,Gingee(Uzhavar Sandhai ),20.0,20.0,2.773014,22.773014068603516
2026-08-16,Anna nagar(Uzhavar Sandhai ),26.0,22.0,1.3022856,23.30228555202484
2026-08-16,Naravarikuppam(Uzhavar Sandhai ),30.0,30.0,-2.8094525,27.190547466278076
2026-08-16,KKNagar(Uzhavar Sandhai ),26.0,30.0,-3.5014958,26.498504161834717
2026-08-16,Jeyankondam (Uzhavar Sandhai ),23.0,23.0,-0.7386725,22.261327505111694
2026-08-16,Krishnagiri(Uzhavar Sandhai ),24.0,17.5,2.1127837,19.612783670425415
2026-08-16,Viruthachalam(Uzhavar Sandhai ),25.0,20.0,2.2173789,22.217378854751587
2026-08-16,Anna nagar(Uzhavar Sandhai ),22.0,28.0,-2.9114404,25.08855962753296
2026-08-16,Rasipuram(Uzhavar Sandhai ),27.0,27.5,-0.76161116,26.73838883638382
2026-08-16,Dharapuram(Uzhavar Sandhai ),17.5,17.5,2.7426226,20.24262261390686
2026-08-16,Tiruvallur(Uzhavar Sandhai ),30.0,30.0,-2.580607,27.419393062591553
2026-08-16,Dindigul(Uzhavar Sandhai ),22.5,22.0,1.5031999,23.50319993495941
2026-08-16,Sundarapuram(Uzhavar Sandhai ),22.5,22.5,1.6218785,24.121878504753113
2026-08-16,Mecheri(Uzhavar Sandhai),22.5,21.0,2.129237,23.129236936569214
2026-08-16,Kahithapattarai(Uzhavar Sandhai ),24.0,24.0,0.6026114,24.602611422538757
2026-08-16,Perundurai(Uzhavar Sandhai ),26.0,24.0,0.46918353,24.469183534383774
2026-08-16,Natrampalli(Uzhavar Sandhai ),17.5,17.5,1.9034374,19.40343737602234
2026-08-16,Pallikonda(Uzhavar Sandhai),23.5,23.5,1.0833308,24.583330750465393
2026-08-17,Thirumangalam(Uzhavar Sandhai ),21.0,22.0,0.362737,22.362736999988556
2026-08-17,Tamarainagar(Uzhavar Sandhai ),23.0,24.0,-0.050191127,23.94980887323618
2026-08-17,Palanganatham(Uzhavar Sandhai ),21.0,22.0,0.48966447,22.48966446518898
2026-08-17,Sundarapuram(Uzhavar Sandhai ),22.5,22.5,1.4429898,23.942989826202393
2026-08-17,Polur(Uzhavar Sandhai ),22.5,22.5,0.7958188,23.29581880569458
2026-08-17,Karambakkudi(Uzhavar Sandhai ),27.5,27.5,-2.375308,25.1246919631958
2026-08-17,Pollachi(Uzhavar Sandhai ),18.0,22.5,1.0255505,23.525550484657288
2026-08-17,Sivagangai (Uzhavar Sandhai ),23.0,24.0,0.10046535,24.10046534985304
2026-08-17,Edapadi (Uzhavar Sandhai ),24.0,23.5,0.99885494,24.49885493516922
2026-08-17,Gandhigramam(Uzhavar Sandhai),24.0,24.0,-0.16536428,23.834635719656944
2026-08-17,Dharmapuri(Uzhavar Sandhai ),21.0,21.0,0.9328679,21.932867884635925
2026-08-17,Sunguvarchatram(Uzhavar Sandhai ),23.0,23.0,-0.9055786,22.09442138671875
2026-08-17,Vadavalli(Uzhavar Sandhai ),19.0,19.0,2.2741513,21.27415132522583
2026-08-17,Thirupathur APMC,25.0,23.0,-0.04098032,22.95901967957616
2026-08-17,Perampet(Uzhavar Sandhai),22.0,16.0,1.885234,17.885233998298645
2026-08-17,Alangudi(Uzhavar Sandhai ),22.5,27.5,-1.9439007,25.55609929561615
2026-08-17,Sirkali(Uzhavar Sandhai ),22.5,22.5,-0.35535628,22.14464372396469
2026-08-17,Gudiyatham(Uzhavar Sandhai ),19.0,24.0,-0.79641944,23.20358055830002
2026-08-17,Krishnagiri(Uzhavar Sandhai ),22.0,24.0,0.0067986706,24.006798670627177
2026-08-17,Vandavasi(Uzhavar Sandhai ),22.5,27.5,-1.8784713,25.62152874469757
2026-08-17,Arcot(Uzhavar Sandhai ),24.0,20.0,2.167363,22.167362928390503
2026-08-17,Melur(Uzhavar Sandhai ),21.0,22.0,0.6793269,22.67932689189911
2026-08-17,Lalgudi(Uzhavar Sandhai ),24.0,28.0,-2.5577068,25.442293167114258
2026-08-17,Mettur(Uzhavar Sandhai ),19.0,18.0,3.7037375,21.703737497329712
2026-08-17,Chengam(Uzhavar Sandhai ),22.5,22.5,1.0400832,23.540083169937134
2026-08-17,Kangayam(Uzhavar Sandhai ),16.5,17.5,2.2262626,19.72626256942749
2026-08-17,Kovilpatti(Uzhavar Sandhai ),22.5,27.5,-2.5132046,24.98679542541504
2026-08-17,Avallapalli(Uzhavar Sandhai ),22.5,17.5,3.2807486,20.78074860572815
2026-08-17,Kulithalai(Uzhavar Sandhai ),21.0,22.0,0.46950132,22.469501316547394
2026-08-17,Chokkikulam(Uzhavar Sandhai ),21.0,22.0,0.05705746,22.057057458907366
2026-08-17,NGO Colony(Uzhavar Sandhai ),19.0,23.5,-1.1285161,22.3714839220047
2026-08-17,Myladi(Uzhavar Sandhai ),27.5,29.0,-1.781966,27.218034029006958
2026-08-17,Vedaranyam(Uzhavar Sandhai),32.5,36.0,-2.5814447,33.41855525970459
2026-08-17,Musiri(Uzhavar Sandhai ),22.0,22.0,-0.16082424,21.839175760746002
2026-08-17,Kumarapalayam(Uzhavar Sandhai ),27.5,27.5,-2.0587835,25.441216468811035
2026-08-17,Viralimalai(Uzhavar Sandhai ),22.5,27.5,-2.2537138,25.246286153793335
2026-08-17,Thathakapatti(Uzhavar Sandhai ),22.0,22.0,1.7054701,23.705470085144043
2026-08-17,Gingee(Uzhavar Sandhai ),20.0,20.0,2.823677,22.82367706298828
2026-08-17,Dharapuram(Uzhavar Sandhai ),17.5,17.5,2.226327,19.726326942443848
2026-08-17,Kumbakonam (Uzhavar Sandhai ),26.0,26.0,-1.551119,24.448881030082703
2026-08-17,Perundurai(Uzhavar Sandhai ),23.5,26.0,0.11613157,26.1161315664649
2026-08-17,Sooramangalam(Uzhavar Sandhai ),22.0,23.0,1.6088716,24.608871579170227
2026-08-17,Thanjavur(Uzhavar Sandhai ),24.0,24.0,-0.023451492,23.97654850780964
2026-08-17,Vadalur(Uzhavar Sandhai ),25.0,25.0,-1.3236756,23.676324367523193
2026-08-17,Vadaseri APMC,28.5,28.5,0.008748721,28.508748721331358
2026-08-17,Karur(Uzhavar Sandhai ),22.5,22.5,2.0920432,24.592043161392212
2026-08-17,Anna nagar(Uzhavar Sandhai ),25.0,26.0,-1.9599499,24.040050148963928
2026-08-17,Denkanikottai(Uzhavar Sandhai ),22.5,17.5,3.2582505,20.75825047492981
2026-08-17,Valangaiman APMC,24.0,22.0,0.8911289,22.89112889766693
2026-08-17,Vellore APMC,24.0,22.0,0.32152456,22.321524560451508
2026-08-17,Mettupalayam(Uzhavar Sandhai ),20.0,20.0,2.2718701,22.271870136260986
2026-08-17,Thammampatti (Uzhavar Sandhai ),19.5,17.5,2.6941612,20.19416117668152
2026-08-17,Panruti(Uzhavar Sandhai ),20.0,20.0,0.7185718,20.71857178211212
2026-08-17,Thiruverumbur(Uzhavar Sandhai ),24.0,24.0,-0.88654387,23.11345613002777
2026-08-17,Kaveripattinam(Uzhavar Sandhai ),30.0,20.0,1.7292193,21.72921931743622
2026-08-17,Katpadi (Uzhavar Sandhai ),22.5,22.5,1.3473254,23.847325444221497
2026-08-17,Gudalur(Uzhavar Sandhai ),22.5,22.5,1.2042893,23.704289317131042
2026-08-17,Devaram(Uzhavar Sandhai ),23.0,24.0,-0.4834035,23.516596496105194
2026-08-17,Thalavaipuram(Uzhavar Sandhai ),22.0,22.0,1.2587152,23.25871515274048
2026-08-17,Coonoor(Uzhavar Sandhai ),27.0,26.5,-1.7322186,24.767781376838684
2026-08-17,Periyar Nagar(Uzhavar Sandhai ),22.0,24.0,1.2439606,25.24396061897278
2026-08-17,Peravurani(Uzhavar Sandhai),25.0,25.0,-1.1564028,23.843597173690796
2026-08-17,Pudukottai(Uzhavar Sandhai ),22.5,27.5,-2.01253,25.487469911575317
2026-08-17,Kariyapatti(Uzhavar Sandhai ),22.5,22.5,-0.11573838,22.38426162302494
2026-08-17,Tenkasi(Uzhavar Sandhai ),15.0,15.0,1.5291009,16.52910089492798
2026-08-17,Sulur(Uzhavar Sandhai ),17.0,22.5,1.1636158,23.663615822792053
2026-08-17,Anaiyur(Uzhavar Sandhai ),21.0,22.0,0.5919762,22.59197622537613
2026-08-17,RSPuram(Uzhavar Sandhai ),19.0,17.5,2.4941092,19.99410915374756
2026-08-17,Kurichi(Uzhavar Sandhai ),22.5,22.5,1.0293505,23.529350519180298
2026-08-17,Thirukalukundram(Uzhavar Sandhai ),21.0,21.0,0.28413793,21.284137934446335
2026-08-17,Kodaikkanal(Uzhavar Sandhai),17.5,17.5,3.5960214,21.0960214138031
2026-08-17,Mohanur(Uzhavar Sandhai ),27.0,27.5,-2.3464909,25.15350914001465
2026-08-17,Palayamkottai(Uzhavar Sandhai ),20.5,23.5,-1.0952114,22.404788613319397
2026-08-17,Karimangalam(Uzhavar Sandhai),21.0,23.0,0.26606435,23.26606434583664
2026-08-17,Keelpennathur(Uzhavar Sandhai ),19.0,19.0,1.0371195,20.037119507789612
2026-08-17,Muthupettai(Uzhavar Sandhai ),20.0,20.0,2.038827,22.038826942443848
2026-08-17,Gobichettipalayam(Uzhavar Sandhai ),23.5,23.5,0.6994145,24.199414491653442
2026-08-17,Usilampatti(Uzhavar Sandhai ),21.0,22.0,0.6227725,22.6227725148201
2026-08-17,Chidambaram(Uzhavar Sandhai ),27.5,20.0,1.8738464,21.873846411705017
2026-08-17,Vengamedu(Uzhavar Sandhai ),22.5,22.5,2.46486,24.96485996246338
2026-08-17,Kundrathur(Uzhavar Sandhai ),23.0,23.0,-0.98328304,22.016716957092285
2026-08-17,Thalavadi(Uzhavar Sandhai ),16.0,16.5,2.0935771,18.59357714653015
2026-08-17,Athur(Uzhavar Sandhai ),22.5,22.0,0.98096484,22.980964839458466
2026-08-17,Periyakulam(Uzhavar Sandhai ),23.0,24.0,-0.3600513,23.639948695898056
2026-08-17,Ponnamaravathi(Uzhavar Sandhai),22.5,27.5,-2.0322435,25.467756509780884
2026-08-17,Srivilliputhur(Uzhavar Sandhai ),22.5,22.5,0.010221242,22.51022124197334
2026-08-17,Andipatti(Uzhavar Sandhai ),23.0,24.0,-0.46984342,23.530156582593918
2026-08-17,Pallavaram(Uzhavar Sandhai ),22.5,22.5,0.16015206,22.660152062773705
2026-08-17,Theni(Uzhavar Sandhai ),22.0,22.5,0.4459891,22.945989102125168
2026-08-17,Palani(Uzhavar Sandhai ),13.0,15.0,2.2133753,17.213375329971313
2026-08-17,Sivakasi(Uzhavar Sandhai ),22.5,22.5,0.3798776,22.879877597093582
2026-08-17,Cheyyar(Uzhavar Sandhai ),22.5,27.5,-1.7949373,25.705062747001648
2026-08-17,Karaikudi(Uzhavar Sandhai ),25.0,26.0,-1.2150497,24.784950256347656
2026-08-17,Pallikonda(Uzhavar Sandhai),24.0,23.5,0.91610694,24.416106939315796
2026-08-17,Tiruppur (South) (Uzhavar Sandhai ),13.5,13.5,2.7332344,16.233234405517578
2026-08-17,Paruthipattu(Uzhavar Sandhai ),30.0,30.0,-3.012099,26.987900972366333
2026-08-17,Sankarankoil(Uzhavar Sandhai ),20.0,20.0,0.5582049,20.558204889297485
2026-08-17,Tirupatthur(Uzhavar Sandhai ),23.5,26.5,-1.7247249,24.775275111198425
2026-08-17,Ambasamudram(Uzhavar Sandhai ),18.5,18.5,1.6332383,20.133238315582275
2026-08-17,Jameenrayapettai(Uzhavar Sandhai ),22.5,22.5,0.050248306,22.55024830624461
2026-08-17,Paramakudi(Uzhavar Sandhai ),27.5,27.5,-2.2609992,25.23900079727173
2026-08-17,Sathiyamagalam(Uzhavar Sandhai ),17.0,17.5,2.2064204,19.706420421600342
2026-08-17,Tiruvannamalai(Uzhavar Sandhai ),18.0,18.0,2.6351883,20.635188341140747
2026-08-17,Perambakkam(Uzhavar Sandhai ),30.0,30.0,-1.0236037,28.976396322250366
2026-08-17,Villupuram(Uzhavar Sandhai ),20.0,20.0,1.0081487,21.008148670196533
2026-08-17,Tindivanam APMC,20.0,20.0,2.7919757,22.791975736618042
2026-08-17,Velayuthampalayam(Uzhavar Sandhai ),22.5,22.5,0.7353401,23.235340118408203
2026-08-17,Chengalpet(Uzhavar Sandhai ),22.5,22.5,0.10266128,22.602661281824112
2026-08-17,Vazhapadi(Uzhavar Sandhai),22.0,22.5,0.97660005,23.47660005092621
2026-08-17,Ariyalur(Uzhavar Sandhai),26.5,26.0,-2.1593106,23.840689420700073
2026-08-17,Udhagamandalam(Uzhavar Sandhai ),22.5,22.5,-0.40155205,22.09844794869423
2026-08-17,Needamangalam(Uzhavar Sandhai ),20.0,20.0,2.038827,22.038826942443848
2026-08-17,Sankarapuram(Uzhavar Sandhai ),20.0,20.0,0.70481277,20.70481276512146
2026-08-17,Naravarikuppam(Uzhavar Sandhai ),30.0,30.0,-2.834977,27.1650230884552
2026-08-17,Manachanallur(Uzhavar Sandhai ),24.0,24.0,-0.98367053,23.0163294672966
2026-08-17,Vaniyampadi(Uzhavar Sandhai ),25.0,25.0,-0.22279882,24.777201175689697
2026-08-17,KKNagar(Uzhavar Sandhai ),25.0,26.0,-2.0186872,23.98131275177002
2026-08-17,Devakottai (Uzhavar Sandhai ),23.5,24.0,-0.69631654,23.30368345975876
2026-08-17,Medavakkam(Uzhavar Sandhai ),22.5,22.5,-0.805624,21.69437599182129
2026-08-17,Dindigul(Uzhavar Sandhai ),19.0,22.5,0.35545895,22.855458945035934
2026-08-17,Aruppukottai(Uzhavar Sandhai ),22.5,22.5,-0.012570302,22.487429697997868
2026-08-17,Ramanathapuram(Uzhavar Sandhai ),32.5,26.5,-0.73736995,25.76263004541397
2026-08-17,Manapparai(Uzhavar Sandhai ),25.0,25.0,-1.3528477,23.647152304649353
2026-08-17,Pennagaram(Uzhavar Sandhai ),19.0,23.0,2.06281,25.062809944152832
2026-08-17,Mannargudi II(Uzhavar Sandhai ),22.0,26.0,-1.9019259,24.098074078559875
2026-08-17,Gandarvakottai(Uzhavar Sandhai ),22.5,27.5,-2.1300719,25.369928121566772
2026-08-17,Tiruchengode APMC,24.0,26.0,-1.5038869,24.496113061904907
2026-08-17,Singampunari(Uzhavar Sandhai ),23.0,24.0,0.16958445,24.169584453105927
2026-08-17,Vedasanthur(Uzhavar Sandhai ),14.0,16.5,2.278328,18.77832794189453
2026-08-17,Tiruvallur(Uzhavar Sandhai ),30.0,30.0,-2.695985,27.304014921188354
2026-08-17,Mayiladuthurai(Uzhavar Sandhai ),22.5,22.5,-0.40243423,22.09756577014923
2026-08-17,Rasipuram(Uzhavar Sandhai ),23.0,27.0,0.02595548,27.025955479592085
2026-08-17,Cuddalore(Uzhavar Sandhai ),24.0,25.0,-0.96857417,24.031425833702087
2026-08-17,Kamuthi(Uzhavar Sandhai ),27.0,27.5,-2.3502169,25.14978313446045
2026-08-17,Tirukattupalli(Uzhavar Sandhai ),24.0,24.0,0.4717179,24.4717178940773
2026-08-17,Chinnamanur(Uzhavar Sandhai ),24.0,23.0,0.056345154,23.056345153599977
2026-08-17,Chinnalapatti(Uzhavar Sandhai ),21.0,22.5,0.8525398,23.352539777755737
2026-08-17,Natrampalli(Uzhavar Sandhai ),17.5,17.5,1.5519217,19.051921725273132
2026-08-17,Virudhunagar(Uzhavar Sandhai ),22.5,21.5,0.03365328,21.533653281629086
2026-08-17,Udumalpet APMC,18.5,18.5,2.1915781,20.691578149795532
2026-08-17,Nanganallur(Uzhavar Sandhai ),19.0,19.0,1.4976283,20.497628331184387
2026-08-17,Ammapet(Uzhavar Sandhai ),19.0,19.0,2.2257023,21.2257022857666
2026-08-17,Viruthachalam(Uzhavar Sandhai ),30.0,25.0,-1.4889426,23.511057376861572
2026-08-17,Papanasam(Uzhavar Sandhai ),26.0,21.0,0.86129856,21.86129856109619
2026-08-17,Kambam(Uzhavar Sandhai ),23.0,23.0,-0.00094334164,22.999056658358313
2026-08-17,Kahithapattarai(Uzhavar Sandhai ),25.0,24.0,0.35160118,24.35160118341446
2026-08-17,Hosur(Uzhavar Sandhai ),22.5,17.5,3.177774,20.67777395248413
2026-08-17,Thuraiyur APMC,25.5,25.5,-2.0346859,23.465314149856567
2026-08-17,Bodinayakanur(Uzhavar Sandhai ),24.0,25.0,-1.5445151,23.455484867095947
2026-08-17,Guduvancheri(Uzhavar Sandhai ),22.5,22.5,0.3057415,22.805741488933563
2026-08-17,Padappai(Uzhavar Sandhai ),21.0,21.0,-0.012764053,20.987235946580768
2026-08-17,Perambalur(Uzhavar Sandhai ),32.0,32.5,-1.4664283,31.03357172012329
2026-08-17,Tiruppur (North) (Uzhavar Sandhai ),18.0,18.0,0.26214206,18.262142062187195
2026-08-17,Paramathivelur(Uzhavar Sandhai ),28.0,28.0,-2.242263,25.757736921310425
2026-08-17,Ambattur(Uzhavar Sandhai ),30.0,30.0,-2.7983658,27.201634168624878
2026-08-17,Pattukottai(Uzhavar Sandhai ),28.0,28.0,-0.96764547,27.032354533672333
2026-08-17,Mecheri(Uzhavar Sandhai),22.0,22.5,1.9744524,24.47445237636566
2026-08-17,Arani(Uzhavar Sandhai ),22.5,27.5,-1.8633213,25.63667869567871
2026-08-17,Elampillai(Uzhavar Sandhai ),22.5,22.5,1.0031706,23.503170609474182
2026-08-17,Madhuranthagam(Uzhavar Sandhai ),20.0,20.0,0.7859241,20.785924077033997
2026-08-17,AJattihalli(Uzhavar Sandhai ),19.0,19.0,2.252388,21.25238800048828
2026-08-17,Mannargudi I(Uzhavar Sandhai ),22.0,26.0,-1.8909917,24.109008312225342
2026-08-17,Ulundurpettai APMC,22.0,22.0,0.9938361,22.993836104869843
2026-08-17,Aranthangi(Uzhavar Sandhai ),27.5,27.5,-2.10807,25.391930103302002
2026-08-17,Melapalayam(Uzhavar Sandhai ),20.5,26.0,-2.583566,23.416434049606323
2026-08-17,Kandiyaperi(Uzhavar Sandhai ),20.5,23.5,-0.98775584,22.512244164943695
2026-08-17,Tiruvarur(Uzhavar Sandhai ),24.0,24.0,-0.18346882,23.81653118133545
2026-08-17,Kallakurichi(Uzhavar Sandhai ),25.0,25.0,-1.6383057,23.3616943359375
2026-08-17,Kancheepuram(Uzhavar Sandhai ),21.0,21.0,0.13855512,21.138555124402046
2026-08-17,Sampath Nagar(Uzhavar Sandhai ),22.0,24.0,1.1546063,25.154606342315674
2026-08-17,Palladam(Uzhavar Sandhai ),16.5,16.5,1.5352666,18.035266637802124
2026-08-17,Sathur(Uzhavar Sandhai ),19.0,19.0,0.70216835,19.702168345451355
2026-08-17,Singanallur(Uzhavar Sandhai ),16.5,22.5,0.7440705,23.2440704703331
2026-08-17,Ranipettai(Uzhavar Sandhai ),26.5,23.0,-0.35322404,22.64677596092224
2026-08-17,Tiruthani(Uzhavar Sandhai ),30.0,30.0,-2.998788,27.001211881637573
2026-08-17,Harur(Uzhavar Sandhai ),19.0,19.0,1.3990628,20.399062752723694
2026-08-17,Hasthampatti(Uzhavar Sandhai ),22.5,20.0,2.4039512,22.403951168060303
2026-08-17,Jalagandapuram(Uzhavar Sandhai ),22.0,22.0,0.765759,22.765758991241455
2026-08-17,Nagapattinam(Uzhavar Sandhai ),29.5,29.5,-2.3367493,27.16325068473816
2026-08-17,Pallapatti (Uzhavar Sandhai ),23.5,25.0,-1.9502004,23.04979956150055
2026-08-17,Rajapalayam(Uzhavar Sandhai ),22.0,22.0,0.9685624,22.968562424182892
2026-08-17,Attayampatti(Uzhavar Sandhai ),22.5,23.5,0.78871214,24.28871214389801
2026-08-17,Palacode(Uzhavar Sandhai ),21.0,22.0,1.5283844,23.52838444709778
2026-08-17,Tuticorin(Uzhavar Sandhai ),22.5,22.5,-0.6007589,21.899241089820862
2026-08-18,Ponnamaravathi(Uzhavar Sandhai),22.5,22.5,1.2964445,23.796444535255432
2026-08-18,Coonoor(Uzhavar Sandhai ),26.5,27.0,-1.7116237,25.288376331329346
2026-08-18,Pattukottai(Uzhavar Sandhai ),28.0,28.0,-0.74767095,27.2523290514946
2026-08-18,Devaram(Uzhavar Sandhai ),21.0,23.0,-0.08975688,22.91024311631918
2026-08-18,Tiruvallur(Uzhavar Sandhai ),30.0,30.0,-2.6744344,27.325565576553345
2026-08-18,Kumarapalayam(Uzhavar Sandhai ),26.0,27.5,-2.943083,24.55691695213318
2026-08-18,Sankarapuram(Uzhavar Sandhai ),20.0,20.0,0.5849928,20.584992825984955
2026-08-18,Jeyankondam (Uzhavar Sandhai ),22.5,23.0,-1.1991391,21.80086088180542
2026-08-18,Kaveripattinam(Uzhavar Sandhai ),30.0,30.0,-3.7301574,26.269842624664307
2026-08-18,Thalavaipuram(Uzhavar Sandhai ),17.5,22.0,1.1388953,23.138895273208618
2026-08-18,Natrampalli(Uzhavar Sandhai ),17.5,17.5,1.3557591,18.855759143829346
2026-08-18,Ranipettai(Uzhavar Sandhai ),19.0,26.5,-2.1099412,24.390058755874634
2026-08-18,Anna nagar(Uzhavar Sandhai ),24.0,21.0,0.35587043,21.35587042570114
2026-08-18,Tiruthani(Uzhavar Sandhai ),30.0,30.0,-2.9511368,27.048863172531128
2026-08-18,Vellore APMC,23.0,24.0,0.20215522,24.202155217528343
2026-08-18,Gudalur(Uzhavar Sandhai ),22.5,22.5,1.6827303,24.182730317115784
2026-08-18,Anna nagar(Uzhavar Sandhai ),21.0,25.0,-2.0657387,22.934261322021484
2026-08-18,Sathiyamagalam(Uzhavar Sandhai ),18.0,17.0,2.3007956,19.300795555114746
2026-08-18,Palacode(Uzhavar Sandhai ),22.0,21.0,2.2009442,23.200944185256958
2026-08-18,KKNagar(Uzhavar Sandhai ),24.0,25.0,-1.6732092,23.326790809631348
2026-08-18,Vadaseri APMC,28.5,28.5,-0.45009282,28.04990717768669
2026-08-18,Dindigul(Uzhavar Sandhai ),22.5,19.0,1.4224651,20.422465085983276
2026-08-18,Kahithapattarai(Uzhavar Sandhai ),24.0,25.0,-0.93996173,24.06003826856613
2026-08-18,Mettupalayam(Uzhavar Sandhai ),18.5,20.0,2.3017695,22.301769495010376
2026-08-18,Mannargudi I(Uzhavar Sandhai ),22.0,22.0,0.7804832,22.780483186244965
2026-08-18,Perundurai(Uzhavar Sandhai ),23.5,23.5,2.2708912,25.770891189575195
2026-08-18,Dharapuram(Uzhavar Sandhai ),20.0,17.5,1.7214884,19.22148835659027
2026-08-18,Naravarikuppam(Uzhavar Sandhai ),30.0,30.0,-2.799789,27.20021104812622
2026-08-18,Madhuranthagam(Uzhavar Sandhai ),20.0,20.0,0.77458507,20.77458506822586
2026-08-18,Viruthachalam(Uzhavar Sandhai ),30.0,30.0,-3.8515928,26.148407220840454
2026-08-18,Tamarainagar(Uzhavar Sandhai ),27.5,23.0,0.14201146,23.14201146364212
2026-08-18,Ambattur(Uzhavar Sandhai ),30.0,30.0,-2.7631779,27.2368221282959
2026-08-18,Chokkikulam(Uzhavar Sandhai ),21.0,21.0,0.63293844,21.63293844461441
2026-08-18,Alangudi(Uzhavar Sandhai ),22.5,22.5,1.5685993,24.068599343299866
2026-08-18,Mayiladuthurai(Uzhavar Sandhai ),22.5,22.5,-0.5366905,21.96330952644348
2026-08-18,Kovilpatti(Uzhavar Sandhai ),17.5,22.5,-0.3058335,22.194166511297226
2026-08-18,Devakottai (Uzhavar Sandhai ),23.5,23.5,-0.30229148,23.197708517313004
2026-08-18,Chengam(Uzhavar Sandhai ),22.5,22.5,1.0615497,23.5615496635437
2026-08-18,Jalagandapuram(Uzhavar Sandhai ),22.0,22.0,-0.19241183,21.807588174939156
2026-08-18,Hasthampatti(Uzhavar Sandhai ),19.0,22.5,-0.3357587,22.164241313934326
2026-08-18,Tiruvarur(Uzhavar Sandhai ),24.0,24.0,-0.17620601,23.82379399240017
2026-08-18,Sunguvarchatram(Uzhavar Sandhai ),25.0,23.0,-1.0106729,21.98932707309723
2026-08-18,Needamangalam(Uzhavar Sandhai ),20.0,20.0,2.2545376,22.25453758239746
2026-08-18,Aranthangi(Uzhavar Sandhai ),22.5,27.5,-1.7462088,25.753791213035583
2026-08-18,Mecheri(Uzhavar Sandhai),22.5,22.0,1.3762758,23.376275777816772
2026-08-18,Vadavalli(Uzhavar Sandhai ),19.0,19.0,2.415088,21.415087938308716
2026-08-18,Elampillai(Uzhavar Sandhai ),22.0,22.5,0.15599848,22.65599848330021
2026-08-18,Krishnagiri(Uzhavar Sandhai ),15.0,22.0,0.80776834,22.80776834487915
2026-08-18,Hosur(Uzhavar Sandhai ),17.5,22.5,1.1987171,23.69871711730957
2026-08-18,Sampath Nagar(Uzhavar Sandhai ),22.5,22.0,0.9220422,22.922042191028595
2026-08-18,Avallapalli(Uzhavar Sandhai ),17.5,22.5,1.0999885,23.59998846054077
2026-08-18,Mettur(Uzhavar Sandhai ),28.0,19.0,3.000976,22.000976085662842
2026-08-18,Kulithalai(Uzhavar Sandhai ),22.0,21.0,1.5924551,22.5924551486969
2026-08-18,Padappai(Uzhavar Sandhai ),21.5,21.0,-0.018720603,20.981279397383332
2026-08-18,Sundarapuram(Uzhavar Sandhai ),20.0,22.5,1.5877298,24.087729811668396
2026-08-18,Tuticorin(Uzhavar Sandhai ),22.5,22.5,-0.6999572,21.800042808055878
2026-08-18,Paramathivelur(Uzhavar Sandhai ),25.0,28.0,-2.0797894,25.920210599899292
2026-08-18,Musiri(Uzhavar Sandhai ),22.0,22.0,-0.24797432,21.752025678753853
2026-08-18,Polur(Uzhavar Sandhai ),22.5,22.5,0.47340274,22.973402738571167
2026-08-18,Udhagamandalam(Uzhavar Sandhai ),22.5,22.5,0.7408835,23.24088352918625
2026-08-18,Gingee(Uzhavar Sandhai ),20.0,20.0,1.9202534,21.92025339603424
2026-08-18,Cheyyar(Uzhavar Sandhai ),17.5,22.5,-0.60011834,21.899881660938263
2026-08-18,Mannargudi II(Uzhavar Sandhai ),22.0,22.0,0.7243147,22.72431468963623
2026-08-18,Vedasanthur(Uzhavar Sandhai ),13.5,14.0,2.2266262,16.22662615776062
2026-08-18,Palani(Uzhavar Sandhai ),12.5,13.0,4.058248,17.058248043060303
2026-08-18,Chinnamanur(Uzhavar Sandhai ),20.0,24.0,-0.18497264,23.815027356147766
2026-08-18,Andipatti(Uzhavar Sandhai ),23.0,23.0,0.052012365,23.052012365311384
2026-08-18,Cuddalore(Uzhavar Sandhai ),24.0,24.0,-0.29847863,23.70152136683464
2026-08-18,Srivilliputhur(Uzhavar Sandhai ),22.5,22.5,-0.046005107,22.453994892537594
2026-08-18,Arcot(Uzhavar Sandhai ),24.0,24.0,1.0064023,25.006402254104614
2026-08-18,Palayamkottai(Uzhavar Sandhai ),20.5,20.5,-0.5130854,19.986914575099945
2026-08-18,Thalavadi(Uzhavar Sandhai ),16.0,16.0,2.1837656,18.183765649795532
2026-08-18,Pollachi(Uzhavar Sandhai ),18.0,18.0,2.456357,20.4563570022583
2026-08-18,Chinnalapatti(Uzhavar Sandhai ),22.5,21.0,0.73562855,21.73562854528427
2026-08-18,Vengamedu(Uzhavar Sandhai ),22.5,22.5,2.5318537,25.031853675842285
2026-08-18,Gobichettipalayam(Uzhavar Sandhai ),23.0,23.5,1.33258,24.832579970359802
2026-08-18,Paruthipattu(Uzhavar Sandhai ),25.0,30.0,-2.9057212,27.094278812408447
2026-08-18,Keelpennathur(Uzhavar Sandhai ),19.0,19.0,0.9430934,19.943093419075012
2026-08-18,Sankarankoil(Uzhavar Sandhai ),20.0,20.0,0.45592588,20.45592588186264
2026-08-18,Jameenrayapettai(Uzhavar Sandhai ),22.5,22.5,0.060367476,22.560367476195097
2026-08-18,Mohanur(Uzhavar Sandhai ),27.0,27.0,-1.8241942,25.175805807113647
2026-08-18,Paramakudi(Uzhavar Sandhai ),25.0,27.5,-2.0314903,25.468509674072266
2026-08-18,Tiruvannamalai(Uzhavar Sandhai ),18.0,18.0,1.740143,19.740142941474915
2026-08-18,Vazhapadi(Uzhavar Sandhai),22.5,22.0,0.84207886,22.842078864574432
2026-08-18,Sulur(Uzhavar Sandhai ),18.0,17.0,3.7494214,20.74942135810852
2026-08-18,Tenkasi(Uzhavar Sandhai ),16.5,15.0,1.1124977,16.112497687339783
2026-08-18,Katpadi (Uzhavar Sandhai ),22.5,22.5,0.9671652,23.467165172100067
2026-08-18,Rasipuram(Uzhavar Sandhai ),23.0,23.0,1.9090438,24.909043788909912
2026-08-18,Dharmapuri(Uzhavar Sandhai ),21.0,21.0,0.93552357,21.935523569583893
2026-08-18,Pallapatti (Uzhavar Sandhai ),23.5,23.5,-0.49550304,23.004496961832047
2026-08-18,Karimangalam(Uzhavar Sandhai),21.0,21.0,0.60960525,21.609605252742767
2026-08-18,Virudhunagar(Uzhavar Sandhai ),18.0,22.5,0.103941776,22.603941775858402
2026-08-18,Karaikudi(Uzhavar Sandhai ),25.0,25.0,-1.1559391,23.84406089782715
2026-08-18,Gandhigramam(Uzhavar Sandhai),24.0,24.0,-0.26370817,23.736291825771332
2026-08-18,Nagapattinam(Uzhavar Sandhai ),27.5,29.5,-1.5702924,27.929707646369934
2026-08-18,Guduvancheri(Uzhavar Sandhai ),22.5,22.5,0.29440257,22.794402569532394
2026-08-18,Myladi(Uzhavar Sandhai ),27.5,27.5,-1.1796442,26.320355772972107
2026-08-18,Gudiyatham(Uzhavar Sandhai ),15.0,19.0,1.5963268,20.59632682800293
2026-08-18,Melapalayam(Uzhavar Sandhai ),20.5,20.5,0.012059784,20.512059783563018
2026-08-18,Kamuthi(Uzhavar Sandhai ),29.0,27.0,-1.7638614,25.236138582229614
2026-08-18,Tiruppur (South) (Uzhavar Sandhai ),13.5,13.5,2.7245462,16.224546194076538
2026-08-18,Papanasam(Uzhavar Sandhai ),26.0,26.0,-1.8572907,24.142709255218506
2026-08-18,Thuraiyur APMC,22.0,25.5,-2.0452921,23.454707860946655
2026-08-18,Thirupathur APMC,25.0,25.0,-1.9595578,23.04044222831726
2026-08-18,Kundrathur(Uzhavar Sandhai ),25.0,23.0,-1.0883775,21.911622524261475
2026-08-18,Chidambaram(Uzhavar Sandhai ),27.5,27.5,-2.5606,24.93939995765686
2026-08-18,Perambalur(Uzhavar Sandhai ),32.0,32.0,-1.4791377,30.520862340927124
2026-08-18,Singampunari(Uzhavar Sandhai ),23.0,23.0,-0.06485893,22.935141071677208
2026-08-18,Tiruchengode APMC,22.0,24.0,-0.14822116,23.851778835058212
2026-08-18,Gandarvakottai(Uzhavar Sandhai ),22.5,22.5,1.0011549,23.501154899597168
2026-08-18,Periyakulam(Uzhavar Sandhai ),23.0,23.0,0.0099886395,23.009988639503717
2026-08-18,Aruppukottai(Uzhavar Sandhai ),22.5,22.5,0.88426614,23.384266138076782
2026-08-18,Usilampatti(Uzhavar Sandhai ),21.0,21.0,0.5441243,21.54412430524826
2026-08-18,Manapparai(Uzhavar Sandhai ),25.0,25.0,-1.5028917,23.497108340263367
2026-08-18,Ambasamudram(Uzhavar Sandhai ),16.5,18.5,1.1984364,19.698436379432678
2026-08-18,Medavakkam(Uzhavar Sandhai ),30.0,22.5,0.73635894,23.23635894060135
2026-08-18,Edapadi (Uzhavar Sandhai ),23.5,24.0,-0.92012817,23.079871833324432
2026-08-18,Perambakkam(Uzhavar Sandhai ),30.0,30.0,-0.5925787,29.40742129087448
2026-08-18,Athur(Uzhavar Sandhai ),22.5,22.5,-0.16406171,22.335938289761543
2026-08-18,Manachanallur(Uzhavar Sandhai ),24.0,24.0,-0.11365455,23.886345453560352
2026-08-18,Palladam(Uzhavar Sandhai ),16.5,16.5,1.4994495,17.999449491500854
2026-08-18,Karambakkudi(Uzhavar Sandhai ),27.5,27.5,-1.6201351,25.879864931106567
2026-08-18,Kancheepuram(Uzhavar Sandhai ),21.0,21.0,0.03318681,21.033186808228493
2026-08-18,NGO Colony(Uzhavar Sandhai ),20.5,19.0,-0.108495496,18.891504503786564
2026-08-18,Velayuthampalayam(Uzhavar Sandhai ),22.5,22.5,2.3325438,24.83254384994507
2026-08-18,Sivagangai (Uzhavar Sandhai ),23.0,23.0,-0.056984816,22.943015184253454
2026-08-18,Ammapet(Uzhavar Sandhai ),15.0,19.0,0.23149809,19.23149809241295
2026-08-18,Singanallur(Uzhavar Sandhai ),17.0,16.5,3.2720587,19.772058725357056
2026-08-18,Lalgudi(Uzhavar Sandhai ),24.0,24.0,-1.0397799,22.960220098495483
2026-08-18,Tindivanam APMC,18.0,20.0,1.6886479,21.688647866249084
2026-08-18,Anaiyur(Uzhavar Sandhai ),21.0,21.0,0.5136972,21.51369720697403
2026-08-18,RSPuram(Uzhavar Sandhai ),19.0,19.0,2.2337186,21.233718633651733
2026-08-18,Peravurani(Uzhavar Sandhai),25.0,25.0,-1.0875502,23.912449836730957
2026-08-18,Villupuram(Uzhavar Sandhai ),22.5,20.0,0.92512643,20.925126433372498
2026-08-18,Kurichi(Uzhavar Sandhai ),22.5,22.5,1.5002608,24.000260829925537
2026-08-18,Thirukalukundram(Uzhavar Sandhai ),21.0,21.0,0.3969138,21.396913796663284
2026-08-18,Pennagaram(Uzhavar Sandhai ),19.0,19.0,3.6593986,22.659398555755615
2026-08-18,Melur(Uzhavar Sandhai ),21.0,21.0,0.28937966,21.28937965631485
2026-08-18,Vedaranyam(Uzhavar Sandhai),33.5,32.5,-0.1511431,32.34885689616203
2026-08-18,Theni(Uzhavar Sandhai ),22.0,22.0,0.9730397,22.97303968667984
2026-08-18,Thirumangalam(Uzhavar Sandhai ),21.0,21.0,0.14386635,21.14386634528637
2026-08-18,Thanjavur(Uzhavar Sandhai ),24.0,24.0,0.0032863226,24.003286322578788
2026-08-18,Palanganatham(Uzhavar Sandhai ),21.0,21.0,0.20757213,21.207572132349014
2026-08-18,Chengalpet(Uzhavar Sandhai ),22.5,22.5,0.69160897,23.19160896539688
2026-08-18,Kandiyaperi(Uzhavar Sandhai ),20.5,20.5,-0.28102136,20.21897864341736
2026-08-18,Attayampatti(Uzhavar Sandhai ),22.0,22.5,0.38388485,22.883884847164154
2026-08-18,Sooramangalam(Uzhavar Sandhai ),22.0,22.0,0.49795634,22.497956335544586
2026-08-18,Thammampatti (Uzhavar Sandhai ),19.5,19.5,2.1487858,21.648785829544067
2026-08-18,Kambam(Uzhavar Sandhai ),21.0,23.0,-0.02979206,22.970207940787077
2026-08-18,Ariyalur(Uzhavar Sandhai),27.5,26.5,-2.2474234,24.25257658958435
2026-08-18,Kallakurichi(Uzhavar Sandhai ),20.0,25.0,-1.8281643,23.17183566093445
2026-08-18,Vadalur(Uzhavar Sandhai ),25.0,25.0,-1.3758564,23.624143600463867
2026-08-18,Rajapalayam(Uzhavar Sandhai ),17.5,22.0,0.86936367,22.86936366558075
2026-08-18,Bodinayakanur(Uzhavar Sandhai ),24.0,24.0,-0.46242702,23.537572979927063
2026-08-18,Harur(Uzhavar Sandhai ),19.0,19.0,1.4852332,20.485233187675476
2026-08-18,Tiruppur (North) (Uzhavar Sandhai ),17.0,18.0,0.07269662,18.07269661873579
2026-08-18,Karur(Uzhavar Sandhai ),22.5,22.5,2.1796577,24.679657697677612
2026-08-18,Vaniyampadi(Uzhavar Sandhai ),25.0,25.0,-2.0754051,22.92459487915039
2026-08-18,Vandavasi(Uzhavar Sandhai ),17.5,22.5,-0.55254066,21.94745934009552
2026-08-18,Muthupettai(Uzhavar Sandhai ),20.0,20.0,2.020115,22.02011489868164
2026-08-18,Pallikonda(Uzhavar Sandhai),22.0,24.0,-0.34792614,23.652073860168457
2026-08-18,Denkanikottai(Uzhavar Sandhai ),22.5,22.5,1.4226598,23.922659754753113
2026-08-18,Tirupatthur(Uzhavar Sandhai ),23.5,23.5,-0.24184859,23.258151412010193
2026-08-18,Valangaiman APMC,24.0,24.0,-0.24541236,23.75458763539791
2026-08-18,Nanganallur(Uzhavar Sandhai ),19.0,19.0,1.3901987,20.390198707580566
2026-08-18,Sivakasi(Uzhavar Sandhai ),17.5,22.5,1.0036741,23.503674149513245
2026-08-18,Ramanathapuram(Uzhavar Sandhai ),32.5,32.5,-2.353629,30.146370887756348
2026-08-18,Perampet(Uzhavar Sandhai),19.0,22.0,-0.041422375,21.958577625453472
2026-08-18,Sathur(Uzhavar Sandhai ),19.0,19.0,0.5671647,19.567164719104767
2026-08-18,Udumalpet APMC,12.5,18.5,1.148317,19.648316979408264
2026-08-18,Panruti(Uzhavar Sandhai ),25.0,20.0,0.86539596,20.865395963191986
2026-08-18,Kariyapatti(Uzhavar Sandhai ),22.5,22.5,0.19987285,22.699872851371765
2026-08-18,Arani(Uzhavar Sandhai ),17.5,22.5,-0.22662556,22.273374438285828
2026-08-18,Kumbakonam (Uzhavar Sandhai ),26.0,26.0,-1.511154,24.488845944404602
2026-08-18,Sirkali(Uzhavar Sandhai ),22.5,22.5,-0.5294968,21.970503211021423
2026-08-18,Thiruverumbur(Uzhavar Sandhai ),24.0,24.0,-0.9857423,23.014257729053497
2026-08-18,Pudukottai(Uzhavar Sandhai ),22.5,22.5,0.931727,23.43172699213028
2026-08-18,Pallavaram(Uzhavar Sandhai ),22.5,22.5,0.19763838,22.697638377547264
2026-08-18,Tirukattupalli(Uzhavar Sandhai ),24.0,24.0,0.09256975,24.09256975352764
2026-08-18,Kangayam(Uzhavar Sandhai ),14.5,16.5,2.679038,19.179038047790527
2026-08-18,Periyar Nagar(Uzhavar Sandhai ),22.5,22.0,0.9604317,22.960431694984436
2026-08-18,Viralimalai(Uzhavar Sandhai ),22.5,22.5,1.9454845,24.445484519004822
2026-08-18,Ulundurpettai APMC,22.0,22.0,1.2423732,23.24237322807312
2026-08-18,Thathakapatti(Uzhavar Sandhai ),22.0,22.0,-0.17116319,21.82883681356907
2026-08-18,AJattihalli(Uzhavar Sandhai ),19.0,19.0,2.3787286,21.37872862815857
2026-08-19,Rajapalayam(Uzhavar Sandhai ),17.5,17.5,3.0094242,20.509424209594727
2026-08-19,Mayiladuthurai(Uzhavar Sandhai ),22.5,22.5,-0.75541866,21.74458134174347
2026-08-19,Madhuranthagam(Uzhavar Sandhai ),20.0,20.0,0.6987087,20.698708713054657
2026-08-19,Sirkali(Uzhavar Sandhai ),22.5,22.5,-0.7012296,21.798770427703857
2026-08-19,Kulithalai(Uzhavar Sandhai ),18.0,22.0,-0.6431331,21.356866896152496
2026-08-19,Lalgudi(Uzhavar Sandhai ),24.0,24.0,-1.1763492,22.82365083694458
2026-08-19,Chengam(Uzhavar Sandhai ),18.0,22.5,-0.74063736,21.759362637996674
2026-08-19,Elampillai(Uzhavar Sandhai ),20.0,22.0,-0.4407666,21.559233397245407
2026-08-19,Mettur(Uzhavar Sandhai ),17.5,28.0,-3.9796312,24.020368814468384
2026-08-19,Singanallur(Uzhavar Sandhai ),16.5,17.0,2.5427437,19.542743682861328
2026-08-19,Vandavasi(Uzhavar Sandhai ),22.5,17.5,1.560665,19.060665011405945
2026-08-19,Sampath Nagar(Uzhavar Sandhai ),19.0,22.5,0.9186023,23.418602287769318
2026-08-19,Aranthangi(Uzhavar Sandhai ),22.5,22.5,0.28690955,22.78690955042839
2026-08-19,Arani(Uzhavar Sandhai ),22.5,17.5,1.7657504,19.265750408172607
2026-08-19,Chokkikulam(Uzhavar Sandhai ),19.0,21.0,0.11667113,21.11667113006115
2026-08-19,Devakottai (Uzhavar Sandhai ),23.5,23.5,-0.63093406,22.869065940380096
2026-08-19,Melapalayam(Uzhavar Sandhai ),21.5,20.5,-0.17422423,20.325775772333145
2026-08-19,Pallapatti (Uzhavar Sandhai ),23.5,23.5,-0.7676393,22.73236072063446
2026-08-19,Palladam(Uzhavar Sandhai ),16.5,16.5,1.8218094,18.32180941104889
2026-08-19,Ponnamaravathi(Uzhavar Sandhai),27.5,22.5,-0.034722812,22.465277187526226
2026-08-19,Sivakasi(Uzhavar Sandhai ),17.5,17.5,3.598525,21.098525047302246
2026-08-19,Sankarapuram(Uzhavar Sandhai ),20.0,20.0,0.4386241,20.43862411379814
2026-08-19,Pudukottai(Uzhavar Sandhai ),22.5,22.5,-0.1954287,22.30457130074501
2026-08-19,Ramanathapuram(Uzhavar Sandhai ),31.0,32.5,-2.4415205,30.05847954750061
2026-08-19,Kumbakonam (Uzhavar Sandhai ),26.0,26.0,-1.9499488,24.05005121231079
2026-08-19,Chengalpet(Uzhavar Sandhai ),22.5,22.5,0.30634668,22.80634668469429
2026-08-19,Sathiyamagalam(Uzhavar Sandhai ),17.5,18.0,2.2218213,20.221821308135986
2026-08-19,Pallavaram(Uzhavar Sandhai ),22.5,22.5,-0.15573315,22.34426684677601
2026-08-19,Ranipettai(Uzhavar Sandhai ),19.0,19.0,0.9253046,19.92530459165573
2026-08-19,Sooramangalam(Uzhavar Sandhai ),19.0,22.0,-0.140742,21.859257996082306
2026-08-19,Viralimalai(Uzhavar Sandhai ),22.5,22.5,-0.13771582,22.362284183502197
2026-08-19,Valangaiman APMC,22.0,24.0,-0.5312125,23.468787491321564
2026-08-19,Mettupalayam(Uzhavar Sandhai ),20.0,18.5,3.3258336,21.825833559036255
2026-08-19,Mannargudi I(Uzhavar Sandhai ),24.0,22.0,-0.31115142,21.688848584890366
2026-08-19,Bodinayakanur(Uzhavar Sandhai ),20.0,24.0,-0.7481369,23.25186312198639
2026-08-19,Devaram(Uzhavar Sandhai ),20.0,21.0,0.9903359,21.990335881710052
2026-08-19,Vaniyampadi(Uzhavar Sandhai ),25.0,25.0,-2.0622363,22.937763690948486
2026-08-19,Sathur(Uzhavar Sandhai ),19.0,19.0,0.7288801,19.7288801074028
2026-08-19,Kumarapalayam(Uzhavar Sandhai ),26.0,26.0,0.35188714,26.35188713669777
2026-08-19,Manapparai(Uzhavar Sandhai ),20.0,25.0,-2.1726396,22.82736039161682
2026-08-19,Viruthachalam(Uzhavar Sandhai ),20.0,30.0,-4.2283845,25.771615505218506
2026-08-19,Singampunari(Uzhavar Sandhai ),21.0,23.0,-0.67338103,22.32661896944046
2026-08-19,Manachanallur(Uzhavar Sandhai ),20.0,24.0,-1.5662555,22.43374454975128
2026-08-19,Polur(Uzhavar Sandhai ),22.5,22.5,-0.84245485,21.657545149326324
2026-08-19,Sulur(Uzhavar Sandhai ),17.0,18.0,3.303833,21.3038330078125
2026-08-19,Sivagangai (Uzhavar Sandhai ),21.0,23.0,-0.70920986,22.290790140628815
2026-08-19,Melur(Uzhavar Sandhai ),19.0,21.0,0.096450225,21.096450224518776
2026-08-19,Vazhapadi(Uzhavar Sandhai),17.5,22.5,-0.55245245,21.947547554969788
2026-08-19,RSPuram(Uzhavar Sandhai ),19.0,19.0,1.4133861,20.41338610649109
2026-08-19,Villupuram(Uzhavar Sandhai ),22.5,22.5,-0.32094818,22.17905181646347
2026-08-19,Kurichi(Uzhavar Sandhai ),20.0,22.5,1.6582558,24.15825581550598
2026-08-19,Edapadi (Uzhavar Sandhai ),21.0,23.5,-1.3014457,22.198554277420044
2026-08-19,Medavakkam(Uzhavar Sandhai ),22.5,30.0,-4.3682985,25.631701469421387
2026-08-19,Rasipuram(Uzhavar Sandhai ),22.5,23.0,1.0885652,24.088565230369568
2026-08-19,Vengamedu(Uzhavar Sandhai ),19.5,22.5,1.2621074,23.762107372283936
2026-08-19,Palayamkottai(Uzhavar Sandhai ),20.5,20.5,-0.67922986,19.820770144462585
2026-08-19,Gandhigramam(Uzhavar Sandhai),21.0,24.0,-0.44974154,23.550258457660675
2026-08-19,Gandarvakottai(Uzhavar Sandhai ),22.5,22.5,-0.20671916,22.293280839920044
2026-08-19,Srivilliputhur(Uzhavar Sandhai ),22.5,22.5,-0.19614114,22.30385886132717
2026-08-19,Kundrathur(Uzhavar Sandhai ),25.0,25.0,-2.460163,22.539836883544922
2026-08-19,Gingee(Uzhavar Sandhai ),20.0,20.0,1.7921413,21.792141318321228
2026-08-19,Mannargudi II(Uzhavar Sandhai ),24.0,22.0,-0.30770388,21.692296117544174
2026-08-19,Sankarankoil(Uzhavar Sandhai ),17.5,20.0,0.38435853,20.384358525276184
2026-08-19,Anna nagar(Uzhavar Sandhai ),22.0,24.0,-1.326221,22.673779010772705
2026-08-19,Thalavaipuram(Uzhavar Sandhai ),18.0,17.5,2.0494933,19.549493312835693
2026-08-19,Sundarapuram(Uzhavar Sandhai ),17.5,20.0,2.3634565,22.36345648765564
2026-08-19,Panruti(Uzhavar Sandhai ),20.0,25.0,-2.0187972,22.981202840805054
2026-08-19,Ariyalur(Uzhavar Sandhai),26.0,27.5,-2.858063,24.641937017440796
2026-08-19,Tiruppur (North) (Uzhavar Sandhai ),13.5,17.0,-0.055543844,16.94445615634322
2026-08-19,Harur(Uzhavar Sandhai ),19.0,19.0,1.7678086,20.7678085565567
2026-08-19,Kariyapatti(Uzhavar Sandhai ),19.0,22.5,0.06451001,22.564510010182858
2026-08-19,Kallakurichi(Uzhavar Sandhai ),20.0,20.0,0.99733454,20.99733453989029
2026-08-19,Periyar Nagar(Uzhavar Sandhai ),19.0,22.5,0.9569915,23.456991493701935
2026-08-19,Theni(Uzhavar Sandhai ),20.0,22.0,1.0074531,23.007453083992004
2026-08-19,Periyakulam(Uzhavar Sandhai ),19.0,23.0,-0.6692062,22.330793797969818
2026-08-19,Usilampatti(Uzhavar Sandhai ),19.0,21.0,0.17387156,21.17387156188488
2026-08-19,Chidambaram(Uzhavar Sandhai ),20.0,27.5,-3.0818503,24.418149709701538
2026-08-19,Tirupatthur(Uzhavar Sandhai ),23.5,23.5,-0.9169784,22.583021581172943
2026-08-19,Tirukattupalli(Uzhavar Sandhai ),22.0,24.0,-0.6308862,23.36911380290985
2026-08-19,Udumalpet APMC,12.5,12.5,5.4989963,17.998996257781982
2026-08-19,Nanganallur(Uzhavar Sandhai ),19.0,19.0,1.2572819,20.25728189945221
2026-08-19,Thathakapatti(Uzhavar Sandhai ),18.0,22.0,-0.39035082,21.609649181365967
2026-08-19,Pattukottai(Uzhavar Sandhai ),28.0,28.0,-1.4840051,26.515994906425476
2026-08-19,Tiruppur (South) (Uzhavar Sandhai ),10.0,13.5,2.5599186,16.059918642044067
2026-08-19,Coonoor(Uzhavar Sandhai ),25.0,26.5,-0.77275157,25.727248430252075
2026-08-19,KKNagar(Uzhavar Sandhai ),22.0,24.0,-1.3636336,22.636366367340088
2026-08-19,Katpadi (Uzhavar Sandhai ),25.0,22.5,0.4835244,22.983524411916733
2026-08-19,Thammampatti (Uzhavar Sandhai ),19.5,19.5,0.002910704,19.5029107038863
2026-08-19,Dindigul(Uzhavar Sandhai ),17.5,22.5,-0.3078232,22.192176789045334
2026-08-19,Denkanikottai(Uzhavar Sandhai ),17.5,22.5,0.105237104,22.60523710399866
2026-08-19,Naravarikuppam(Uzhavar Sandhai ),30.0,30.0,-2.5892935,27.410706520080566
2026-08-19,Tiruthani(Uzhavar Sandhai ),30.0,30.0,-2.7406423,27.259357690811157
2026-08-19,Karur(Uzhavar Sandhai ),19.5,22.5,1.2201953,23.720195293426514
2026-08-19,Kahithapattarai(Uzhavar Sandhai ),24.0,24.0,0.34529102,24.345291018486023
2026-08-19,Vadalur(Uzhavar Sandhai ),25.0,25.0,-1.6464565,23.353543519973755
2026-08-19,Thanjavur(Uzhavar Sandhai ),22.0,24.0,-0.7774269,23.22257310152054
2026-08-19,Muthupettai(Uzhavar Sandhai ),20.0,20.0,2.021068,22.02106809616089
2026-08-19,Thuraiyur APMC,20.0,22.0,-0.21939398,21.780606016516685
2026-08-19,Palacode(Uzhavar Sandhai ),19.0,22.0,0.44910032,22.44910031557083
2026-08-19,Myladi(Uzhavar Sandhai ),27.5,27.5,-1.5122079,25.987792134284973
2026-08-19,Jeyankondam (Uzhavar Sandhai ),22.0,22.5,-0.62743586,21.872564136981964
2026-08-19,Karimangalam(Uzhavar Sandhai),21.0,21.0,1.4814767,22.481476664543152
2026-08-19,Kambam(Uzhavar Sandhai ),19.0,21.0,0.40570936,21.405709356069565
2026-08-19,Tindivanam APMC,18.0,18.0,2.6864173,20.6864173412323
2026-08-19,Velayuthampalayam(Uzhavar Sandhai ),18.5,22.5,0.86929864,23.3692986369133
2026-08-19,Kangayam(Uzhavar Sandhai ),16.5,14.5,3.5267684,18.026768445968628
2026-08-19,Palanganatham(Uzhavar Sandhai ),19.0,21.0,-0.07140542,20.928594581782818
2026-08-19,Dharmapuri(Uzhavar Sandhai ),19.0,21.0,0.08782608,21.08782608062029
2026-08-19,Thiruverumbur(Uzhavar Sandhai ),20.0,24.0,-1.4328462,22.567153811454773
2026-08-19,Perampet(Uzhavar Sandhai),22.0,19.0,1.5750834,20.575083374977112
2026-08-19,Perambakkam(Uzhavar Sandhai ),30.0,30.0,-3.0665154,26.93348455429077
2026-08-19,Kancheepuram(Uzhavar Sandhai ),21.0,21.0,-0.14688128,20.85311871767044
2026-08-19,Ulundurpettai APMC,15.0,22.0,1.3187109,23.318710923194885
2026-08-19,Kandiyaperi(Uzhavar Sandhai ),20.5,20.5,-0.49288562,20.00711438059807
2026-08-19,AJattihalli(Uzhavar Sandhai ),17.5,19.0,2.7317202,21.731720209121704
2026-08-19,Nagapattinam(Uzhavar Sandhai ),30.0,27.5,-1.250894,26.24910604953766
2026-08-19,Guduvancheri(Uzhavar Sandhai ),22.5,22.5,-0.19892067,22.30107933282852
2026-08-19,Attayampatti(Uzhavar Sandhai ),21.0,22.0,-0.374825,21.62517499923706
2026-08-19,Thirupathur APMC,24.0,25.0,-2.2381754,22.76182460784912
2026-08-19,Pennagaram(Uzhavar Sandhai ),19.0,19.0,2.1879308,21.187930822372437
2026-08-19,Gudiyatham(Uzhavar Sandhai ),15.0,15.0,1.134335,16.134335041046143
2026-08-19,Aruppukottai(Uzhavar Sandhai ),17.5,22.5,0.610249,23.11024898290634
2026-08-19,Peravurani(Uzhavar Sandhai),25.0,25.0,-1.5790242,23.42097580432892
2026-08-19,Virudhunagar(Uzhavar Sandhai ),18.0,18.0,2.329189,20.32918906211853
2026-08-19,Anaiyur(Uzhavar Sandhai ),19.0,21.0,0.17675163,21.176751628518105
2026-08-19,Tiruchengode APMC,23.5,22.0,0.82755077,22.827550768852234
2026-08-19,Vedaranyam(Uzhavar Sandhai),36.0,33.5,-1.643293,31.856706976890564
2026-08-19,Papanasam(Uzhavar Sandhai ),26.0,26.0,-1.6430848,24.35691523551941
2026-08-19,Karambakkudi(Uzhavar Sandhai ),27.5,27.5,-1.7143463,25.785653710365295
2026-08-19,Athur(Uzhavar Sandhai ),22.5,22.5,-0.4863197,22.013680309057236
2026-08-19,Kamuthi(Uzhavar Sandhai ),32.5,29.0,-2.5381405,26.461859464645386
2026-08-19,Thirumangalam(Uzhavar Sandhai ),19.0,21.0,-0.14314656,20.85685344040394
2026-08-19,NGO Colony(Uzhavar Sandhai ),19.0,20.5,-0.8055483,19.694451689720154
2026-08-19,Ambasamudram(Uzhavar Sandhai ),21.5,16.5,2.7178886,19.217888593673706
2026-08-19,Ammapet(Uzhavar Sandhai ),16.5,15.0,1.4271369,16.42713689804077
2026-08-19,Karaikudi(Uzhavar Sandhai ),23.0,25.0,-1.8881147,23.11188530921936
2026-08-19,Thirukalukundram(Uzhavar Sandhai ),21.0,21.0,0.30854985,21.308549851179123
2026-08-19,Gudalur(Uzhavar Sandhai ),22.5,22.5,2.1193643,24.619364261627197
2026-08-19,Perambalur(Uzhavar Sandhai ),32.0,32.0,-2.3621838,29.637816190719604
2026-08-19,Vadavalli(Uzhavar Sandhai ),19.0,19.0,1.6528381,20.652838110923767
2026-08-19,Paramakudi(Uzhavar Sandhai ),27.5,25.0,-0.8907798,24.10922020673752
2026-08-19,Musiri(Uzhavar Sandhai ),20.0,22.0,-0.29732546,21.70267453789711
2026-08-19,Chinnalapatti(Uzhavar Sandhai ),18.0,22.5,-0.49353376,22.00646623969078
2026-08-19,Krishnagiri(Uzhavar Sandhai ),13.0,15.0,2.5154152,17.51541519165039
2026-08-19,Cheyyar(Uzhavar Sandhai ),22.5,17.5,2.0320415,19.532041549682617
2026-08-19,Sunguvarchatram(Uzhavar Sandhai ),25.0,25.0,-2.4117563,22.58824372291565
2026-08-19,Tamarainagar(Uzhavar Sandhai ),16.5,27.5,-1.834503,25.665496945381165
2026-08-19,Keelpennathur(Uzhavar Sandhai ),19.0,19.0,0.73741776,19.73741775751114
2026-08-19,Andipatti(Uzhavar Sandhai ),20.0,23.0,-0.20567022,22.794329777359962
2026-08-19,Tenkasi(Uzhavar Sandhai ),15.0,16.5,1.2810526,17.781052589416504
2026-08-19,Gobichettipalayam(Uzhavar Sandhai ),22.5,23.0,1.160231,24.16023099422455
2026-08-19,Paramathivelur(Uzhavar Sandhai ),26.0,25.0,-0.87105745,24.128942549228668
2026-08-19,Tiruvannamalai(Uzhavar Sandhai ),14.0,18.0,-0.25656867,17.743431329727173
2026-08-19,Palani(Uzhavar Sandhai ),12.0,12.5,4.600956,17.100955963134766
2026-08-19,Pallikonda(Uzhavar Sandhai),23.0,22.0,1.0926535,23.092653512954712
2026-08-19,Thalavadi(Uzhavar Sandhai ),16.0,16.0,2.1472015,18.147201538085938
2026-08-19,Pollachi(Uzhavar Sandhai ),18.0,18.0,2.1189802,20.118980169296265
2026-08-19,Paruthipattu(Uzhavar Sandhai ),25.0,25.0,-0.37009203,24.629907965660095
2026-08-19,Tiruvarur(Uzhavar Sandhai ),22.0,24.0,-0.342541,23.6574589908123
2026-08-19,Arcot(Uzhavar Sandhai ),24.0,24.0,0.9632891,24.963289082050323
2026-08-19,Kovilpatti(Uzhavar Sandhai ),17.5,17.5,1.3287145,18.82871448993683
2026-08-19,Cuddalore(Uzhavar Sandhai ),20.0,24.0,-0.74234605,23.257653951644897
2026-08-19,Alangudi(Uzhavar Sandhai ),22.5,22.5,-0.19344163,22.30655837059021
2026-08-19,Jameenrayapettai(Uzhavar Sandhai ),22.5,22.5,-0.19892067,22.30107933282852
2026-08-19,Udhagamandalam(Uzhavar Sandhai ),22.5,22.5,1.0720346,23.57203459739685
2026-08-19,Kaveripattinam(Uzhavar Sandhai ),20.0,30.0,-4.1702123,25.829787731170654
2026-08-19,Vellore APMC,23.0,23.0,-0.1382374,22.86176259815693
2026-08-19,Tuticorin(Uzhavar Sandhai ),22.5,22.5,-0.8716901,21.628309905529022
2026-08-19,Chinnamanur(Uzhavar Sandhai ),18.0,20.0,1.2049534,21.20495343208313
2026-08-19,Vadaseri APMC,32.5,28.5,-0.1431478,28.35685220360756
2026-08-19,Tiruvallur(Uzhavar Sandhai ),40.0,30.0,-1.432962,28.56703805923462
2026-08-19,Dharapuram(Uzhavar Sandhai ),16.0,20.0,1.9036556,21.903655648231506
2026-08-19,Mohanur(Uzhavar Sandhai ),27.0,27.0,-1.569652,25.4303480386734
2026-08-19,Ambattur(Uzhavar Sandhai ),30.0,30.0,-2.5526829,27.447317123413086
2026-08-19,Hosur(Uzhavar Sandhai ),17.5,17.5,1.210518,18.71051800251007
2026-08-19,Padappai(Uzhavar Sandhai ),20.0,21.5,-0.3250628,21.174937188625336
2026-08-19,Natrampalli(Uzhavar Sandhai ),17.5,17.5,1.111361,18.611361026763916
2026-08-19,Jalagandapuram(Uzhavar Sandhai ),18.0,22.0,-0.33692804,21.6630719602108
2026-08-19,Perundurai(Uzhavar Sandhai ),23.5,23.5,2.115293,25.61529302597046
2026-08-19,Hasthampatti(Uzhavar Sandhai ),17.0,19.0,1.4607342,20.460734248161316
2026-08-19,Avallapalli(Uzhavar Sandhai ),17.5,17.5,1.3819193,18.881919264793396
2026-08-19,Needamangalam(Uzhavar Sandhai ),22.0,20.0,0.5237166,20.523716628551483
2026-08-19,Vedasanthur(Uzhavar Sandhai ),12.0,13.5,3.875951,17.375951051712036
2026-08-20,Gandarvakottai(Uzhavar Sandhai ),22.5,22.5,-0.28406984,22.21593016386032
2026-08-20,Kamuthi(Uzhavar Sandhai ),22.5,32.5,-4.263082,28.236917972564697
2026-08-20,Pallapatti (Uzhavar Sandhai ),21.0,23.5,-1.1572044,22.342795610427856
2026-08-20,Devakottai (Uzhavar Sandhai ),23.5,23.5,-0.9242456,22.575754404067993
2026-08-20,Ambasamudram(Uzhavar Sandhai ),21.5,21.5,-0.43795258,21.06204742193222
2026-08-20,Singampunari(Uzhavar Sandhai ),21.0,21.0,-0.3132726,20.68672740459442
2026-08-20,Jalagandapuram(Uzhavar Sandhai ),16.5,18.0,2.6364138,20.63641381263733
2026-08-20,Elampillai(Uzhavar Sandhai ),17.5,20.0,0.36251906,20.362519055604935
2026-08-20,Manachanallur(Uzhavar Sandhai ),20.0,20.0,0.38947856,20.38947856426239
2026-08-20,Tiruvarur(Uzhavar Sandhai ),24.0,22.0,0.43040177,22.430401772260666
2026-08-20,Thuraiyur APMC,22.0,20.0,0.043579876,20.043579876422882
2026-08-20,Vandavasi(Uzhavar Sandhai ),17.5,22.5,-1.2976373,21.202362656593323
2026-08-20,Singanallur(Uzhavar Sandhai ),16.5,16.5,1.731291,18.23129105567932
2026-08-20,Sampath Nagar(Uzhavar Sandhai ),16.5,19.0,1.2999567,20.299956679344177
2026-08-20,Nagapattinam(Uzhavar Sandhai ),32.5,30.0,-2.0207963,27.979203701019287
2026-08-20,Kancheepuram(Uzhavar Sandhai ),21.0,21.0,-0.08109284,20.918907158076763
2026-08-20,Hosur(Uzhavar Sandhai ),12.5,17.5,0.53047454,18.030474543571472
2026-08-20,Paramakudi(Uzhavar Sandhai ),22.5,27.5,-2.437566,25.06243395805359
2026-08-20,Guduvancheri(Uzhavar Sandhai ),22.5,22.5,-0.62704414,21.872955858707428
2026-08-20,Palladam(Uzhavar Sandhai ),16.5,16.5,1.6619745,18.161974549293518
2026-08-20,Perambakkam(Uzhavar Sandhai ),25.0,30.0,-2.628373,27.37162709236145
2026-08-20,Velayuthampalayam(Uzhavar Sandhai ),18.0,18.5,2.264406,20.764405965805054
2026-08-20,Hasthampatti(Uzhavar Sandhai ),15.0,17.0,1.6764188,18.676418781280518
2026-08-20,Mecheri(Uzhavar Sandhai),16.5,22.5,0.05648134,22.55648133903742
2026-08-20,Aranthangi(Uzhavar Sandhai ),22.5,22.5,-0.31538475,22.18461525440216
2026-08-20,Tindivanam APMC,18.0,18.0,2.4491427,20.449142694473267
2026-08-20,Pennagaram(Uzhavar Sandhai ),19.0,19.0,1.7857122,20.785712242126465
2026-08-20,Villupuram(Uzhavar Sandhai ),22.5,22.5,-0.4981904,22.00180959701538
2026-08-20,Medavakkam(Uzhavar Sandhai ),30.0,22.5,0.689408,23.189408004283905
2026-08-20,Ammapet(Uzhavar Sandhai ),15.0,16.5,1.6797801,18.17978012561798
2026-08-20,Papanasam(Uzhavar Sandhai ),26.0,26.0,-2.3991911,23.60080885887146
2026-08-20,Tiruvannamalai(Uzhavar Sandhai ),17.5,14.0,3.0614989,17.061498880386353
2026-08-20,Mayiladuthurai(Uzhavar Sandhai ),22.5,22.5,-0.84372556,21.656274437904358
2026-08-20,Ariyalur(Uzhavar Sandhai),26.0,26.0,-2.2960508,23.703949213027954
2026-08-20,Pattukottai(Uzhavar Sandhai ),26.0,28.0,-1.7709838,26.229016184806824
2026-08-20,Vaniyampadi(Uzhavar Sandhai ),20.0,25.0,-2.82663,22.173369884490967
2026-08-20,Tiruppur (South) (Uzhavar Sandhai ),10.0,10.0,4.090137,14.090137004852295
2026-08-20,Palacode(Uzhavar Sandhai ),19.0,19.0,0.60062534,19.600625336170197
2026-08-20,Mannargudi II(Uzhavar Sandhai ),20.0,24.0,-1.2372371,22.762762904167175
2026-08-20,Cuddalore(Uzhavar Sandhai ),20.0,20.0,1.0600646,21.060064554214478
2026-08-20,Mannargudi I(Uzhavar Sandhai ),20.0,24.0,-1.342074,22.657925963401794
2026-08-20,Vedasanthur(Uzhavar Sandhai ),12.5,12.0,4.4786305,16.478630542755127
2026-08-20,Viruthachalam(Uzhavar Sandhai ),25.0,20.0,1.5402566,21.54025661945343
2026-08-20,Natrampalli(Uzhavar Sandhai ),17.5,17.5,0.960175,18.46017497777939
2026-08-20,Tiruthani(Uzhavar Sandhai ),30.0,30.0,-2.7051148,27.29488515853882
2026-08-20,Dindigul(Uzhavar Sandhai ),12.5,17.5,1.7415266,19.24152660369873
2026-08-20,Ranipettai(Uzhavar Sandhai ),24.0,19.0,1.4591419,20.459141850471497
2026-08-20,Tiruvallur(Uzhavar Sandhai ),25.0,40.0,-6.5878205,33.412179470062256
2026-08-20,Bodinayakanur(Uzhavar Sandhai ),18.0,20.0,0.9001159,20.90011590719223
2026-08-20,Sathiyamagalam(Uzhavar Sandhai ),17.5,17.5,2.143652,19.643651962280273
2026-08-20,Naravarikuppam(Uzhavar Sandhai ),25.0,30.0,-2.8173263,27.182673692703247
2026-08-20,KKNagar(Uzhavar Sandhai ),22.0,22.0,-0.28713426,21.712865740060806
2026-08-20,Jeyankondam (Uzhavar Sandhai ),22.0,22.0,-0.4318139,21.568186104297638
2026-08-20,Sankarapuram(Uzhavar Sandhai ),20.0,20.0,0.24639358,20.24639357626438
2026-08-20,Sathur(Uzhavar Sandhai ),19.0,19.0,0.39561617,19.3956161737442
2026-08-20,Paramathivelur(Uzhavar Sandhai ),22.0,26.0,-2.2719533,23.728046655654907
2026-08-20,Chinnalapatti(Uzhavar Sandhai ),13.5,18.0,1.7254876,19.72548758983612
2026-08-20,Tiruppur (North) (Uzhavar Sandhai ),13.5,13.5,4.0171723,17.51717233657837
2026-08-20,Tiruchengode APMC,22.5,23.5,-0.1520145,23.34798550605774
2026-08-20,Needamangalam(Uzhavar Sandhai ),18.0,22.0,-0.49221382,21.50778618454933
2026-08-20,Virudhunagar(Uzhavar Sandhai ),18.0,18.0,1.8617879,19.861787915229797
2026-08-20,Aruppukottai(Uzhavar Sandhai ),21.5,17.5,1.9589598,19.458959817886353
2026-08-20,Ambattur(Uzhavar Sandhai ),20.0,30.0,-3.0894818,26.910518169403076
2026-08-20,Kambam(Uzhavar Sandhai ),16.5,19.0,0.63208306,19.63208305835724
2026-08-20,Chinnamanur(Uzhavar Sandhai ),18.0,18.0,0.8821751,18.882175087928772
2026-08-20,Manapparai(Uzhavar Sandhai ),20.0,20.0,0.07448683,20.074486829340458
2026-08-20,Udumalpet APMC,16.5,12.5,4.0035844,16.503584384918213
2026-08-20,Ramanathapuram(Uzhavar Sandhai ),22.5,31.0,-2.4676886,28.53231143951416
2026-08-20,Tirukattupalli(Uzhavar Sandhai ),20.0,22.0,0.19015636,22.19015635550022
2026-08-20,Udhagamandalam(Uzhavar Sandhai ),22.5,22.5,0.9779803,23.477980315685272
2026-08-20,Tirupatthur(Uzhavar Sandhai ),23.5,23.5,-1.0576481,22.442351937294006
2026-08-20,Chengalpet(Uzhavar Sandhai ),22.5,22.5,-0.05019801,22.449801988899708
2026-08-20,Jameenrayapettai(Uzhavar Sandhai ),22.5,22.5,-0.8199679,21.680032074451447
2026-08-20,Nanganallur(Uzhavar Sandhai ),22.5,19.0,1.335157,20.33515703678131
2026-08-20,Kallakurichi(Uzhavar Sandhai ),20.0,20.0,0.5678325,20.56783252954483
2026-08-20,Sankarankoil(Uzhavar Sandhai ),16.5,17.5,0.9616512,18.46165120601654
2026-08-20,Paruthipattu(Uzhavar Sandhai ),25.0,25.0,-0.47480178,24.525198221206665
2026-08-20,Harur(Uzhavar Sandhai ),19.0,19.0,0.83305514,19.83305513858795
2026-08-20,Vazhapadi(Uzhavar Sandhai),17.0,17.5,2.476395,19.97639489173889
2026-08-20,Rasipuram(Uzhavar Sandhai ),23.5,22.5,1.5611273,24.061127305030823
2026-08-20,Kahithapattarai(Uzhavar Sandhai ),22.0,24.0,0.2740299,24.274029910564423
2026-08-20,Thiruverumbur(Uzhavar Sandhai ),22.0,20.0,0.10881909,20.10881908982992
2026-08-20,Tuticorin(Uzhavar Sandhai ),22.5,22.5,-1.0311722,21.468827843666077
2026-08-20,Sooramangalam(Uzhavar Sandhai ),17.0,19.0,0.97928596,19.979285955429077
2026-08-20,Thanjavur(Uzhavar Sandhai ),20.0,22.0,0.14187416,22.14187416434288
2026-08-20,Melapalayam(Uzhavar Sandhai ),21.5,21.5,-1.0722036,20.427796363830566
2026-08-20,Keelpennathur(Uzhavar Sandhai ),19.0,19.0,0.44542637,19.445426374673843
2026-08-20,Pallavaram(Uzhavar Sandhai ),22.5,22.5,-0.77678055,21.723219454288483
2026-08-20,Srivilliputhur(Uzhavar Sandhai ),18.5,22.5,-0.26526442,22.23473557829857
2026-08-20,Muthupettai(Uzhavar Sandhai ),20.0,20.0,0.19938813,20.19938813149929
2026-08-20,Mohanur(Uzhavar Sandhai ),27.0,27.0,-1.8720196,25.12798035144806
2026-08-20,Gudalur(Uzhavar Sandhai ),23.5,22.5,1.5829895,24.08298945426941
2026-08-20,Kumbakonam (Uzhavar Sandhai ),26.0,26.0,-2.4494317,23.550568342208862
2026-08-20,Polur(Uzhavar Sandhai ),18.0,22.5,-1.1727799,21.32722008228302
2026-08-20,Chokkikulam(Uzhavar Sandhai ),19.0,19.0,0.8627839,19.862783908843994
2026-08-20,Thathakapatti(Uzhavar Sandhai ),16.0,18.0,1.5088196,19.508819580078125
2026-08-20,Periyar Nagar(Uzhavar Sandhai ),16.5,19.0,1.5248561,20.524856090545654
2026-08-20,Panruti(Uzhavar Sandhai ),20.0,20.0,0.484531,20.484530985355377
2026-08-20,Kariyapatti(Uzhavar Sandhai ),19.0,19.0,1.3048398,20.304839849472046
2026-08-20,Pudukottai(Uzhavar Sandhai ),22.5,22.5,-0.48781413,22.012185871601105
2026-08-20,Sivakasi(Uzhavar Sandhai ),17.5,17.5,3.2346587,20.73465871810913
2026-08-20,Tenkasi(Uzhavar Sandhai ),15.0,15.0,1.6452273,16.645227313041687
2026-08-20,Theni(Uzhavar Sandhai ),18.0,20.0,-0.022516642,19.977483358234167
2026-08-20,Periyakulam(Uzhavar Sandhai ),17.0,19.0,0.9712323,19.971232295036316
2026-08-20,Cheyyar(Uzhavar Sandhai ),17.5,22.5,-0.83784115,21.662158846855164
2026-08-20,Usilampatti(Uzhavar Sandhai ),19.0,19.0,0.9704247,19.970424711704254
2026-08-20,Viralimalai(Uzhavar Sandhai ),22.5,22.5,-0.39179128,22.10820871591568
2026-08-20,Chidambaram(Uzhavar Sandhai ),20.0,20.0,1.1690825,21.169082522392273
2026-08-20,Gobichettipalayam(Uzhavar Sandhai ),22.0,22.5,1.9227344,24.42273437976837
2026-08-20,Valangaiman APMC,24.0,22.0,0.3014329,22.30143290758133
2026-08-20,Kumarapalayam(Uzhavar Sandhai ),21.0,26.0,-0.6924197,25.307580292224884
2026-08-20,Gingee(Uzhavar Sandhai ),20.0,20.0,1.3975743,21.397574305534363
2026-08-20,Perundurai(Uzhavar Sandhai ),23.5,23.5,-0.026319953,23.47368004731834
2026-08-20,Palayamkottai(Uzhavar Sandhai ),20.5,20.5,-1.1258737,19.374126315116882
2026-08-20,Ponnamaravathi(Uzhavar Sandhai),22.5,27.5,-3.3580608,24.141939163208008
2026-08-20,Andipatti(Uzhavar Sandhai ),17.0,20.0,0.9119146,20.911914587020874
2026-08-20,Kaveripattinam(Uzhavar Sandhai ),25.0,20.0,1.207392,21.20739197731018
2026-08-20,Vadaseri APMC,28.5,32.5,-3.423916,29.07608389854431
2026-08-20,Dharapuram(Uzhavar Sandhai ),12.5,16.0,2.6885142,18.688514232635498
2026-08-20,Vellore APMC,21.0,23.0,0.6599353,23.659935295581818
2026-08-20,Palani(Uzhavar Sandhai ),9.0,12.0,3.2302656,15.230265617370605
2026-08-20,Mettupalayam(Uzhavar Sandhai ),18.0,20.0,0.72635347,20.726353466510773
2026-08-20,Thalavaipuram(Uzhavar Sandhai ),16.0,18.0,1.8829466,19.882946610450745
2026-08-20,Devaram(Uzhavar Sandhai ),18.0,20.0,0.5238505,20.52385050058365
2026-08-20,Coonoor(Uzhavar Sandhai ),24.0,25.0,-0.9923577,24.007642328739166
2026-08-20,Arcot(Uzhavar Sandhai ),24.0,24.0,0.37995574,24.379955738782883
2026-08-20,Katpadi (Uzhavar Sandhai ),20.0,25.0,-2.66297,22.337029933929443
2026-08-20,Anna nagar(Uzhavar Sandhai ),22.0,22.0,-0.37632516,21.62367483973503
2026-08-20,Thammampatti (Uzhavar Sandhai ),16.0,19.5,0.88770247,20.387702465057373
2026-08-20,Thalavadi(Uzhavar Sandhai ),16.0,16.0,2.1064215,18.10642147064209
2026-08-20,Denkanikottai(Uzhavar Sandhai ),12.5,17.5,0.81844836,18.31844836473465
2026-08-20,Vengamedu(Uzhavar Sandhai ),17.5,19.5,2.1058645,21.60586452484131
2026-08-20,Vadalur(Uzhavar Sandhai ),25.0,25.0,-1.8633322,23.136667847633362
2026-08-20,Karur(Uzhavar Sandhai ),17.5,19.5,1.563032,21.063032031059265
2026-08-20,Kundrathur(Uzhavar Sandhai ),24.0,25.0,-2.3958838,22.604116201400757
2026-08-20,Gandhigramam(Uzhavar Sandhai),19.0,21.0,0.8356734,21.835673391819
2026-08-20,Thirupathur APMC,24.0,24.0,-1.1855322,22.814467787742615
2026-08-20,Karaikudi(Uzhavar Sandhai ),23.0,23.0,-0.9826785,22.017321527004242
2026-08-20,Gudiyatham(Uzhavar Sandhai ),15.0,15.0,0.9201745,15.920174479484558
2026-08-20,Perampet(Uzhavar Sandhai),16.0,22.0,-0.77763,21.22237002849579
2026-08-20,Sunguvarchatram(Uzhavar Sandhai ),24.0,25.0,-2.3474765,22.652523517608643
2026-08-20,Sirkali(Uzhavar Sandhai ),22.5,22.5,-0.8607118,21.639288187026978
2026-08-20,Krishnagiri(Uzhavar Sandhai ),11.0,13.0,4.6462636,17.646263599395752
2026-08-20,Avallapalli(Uzhavar Sandhai ),12.5,17.5,0.6753661,18.17536610364914
2026-08-20,Mettur(Uzhavar Sandhai ),13.5,17.5,2.4279475,19.927947521209717
2026-08-20,Palanganatham(Uzhavar Sandhai ),19.0,19.0,0.8530383,19.85303831100464
2026-08-20,Kangayam(Uzhavar Sandhai ),13.0,16.5,2.186604,18.686604022979736
2026-08-20,Lalgudi(Uzhavar Sandhai ),22.0,24.0,-1.4421458,22.557854175567627
2026-08-20,Dharmapuri(Uzhavar Sandhai ),19.0,19.0,0.46915796,19.469157963991165
2026-08-20,Kulithalai(Uzhavar Sandhai ),18.0,18.0,0.5579038,18.557903826236725
2026-08-20,Attayampatti(Uzhavar Sandhai ),18.0,21.0,-0.43755868,20.56244131922722
2026-08-20,Madhuranthagam(Uzhavar Sandhai ),20.0,20.0,0.04585316,20.045853160321712
2026-08-20,Ulundurpettai APMC,20.0,15.0,2.386844,17.38684391975403
2026-08-20,Rajapalayam(Uzhavar Sandhai ),15.5,17.5,2.4687645,19.968764543533325
2026-08-20,Kandiyaperi(Uzhavar Sandhai ),20.5,20.5,-0.88908803,19.610911965370178
2026-08-20,AJattihalli(Uzhavar Sandhai ),18.0,17.5,1.2022929,18.702292919158936
2026-08-20,Perambalur(Uzhavar Sandhai ),32.0,32.0,-2.6463811,29.35361886024475
2026-08-20,Arani(Uzhavar Sandhai ),17.5,22.5,-0.95732415,21.542675852775574
2026-08-20,Sundarapuram(Uzhavar Sandhai ),17.5,17.5,3.3263264,20.826326370239258
2026-08-20,Vadavalli(Uzhavar Sandhai ),19.0,19.0,1.5279462,20.52794623374939
2026-08-20,NGO Colony(Uzhavar Sandhai ),20.5,19.0,-0.49434176,18.505658239126205
2026-08-20,Musiri(Uzhavar Sandhai ),19.0,20.0,-0.25369158,19.74630841612816
2026-08-20,Edapadi (Uzhavar Sandhai ),18.0,21.0,-0.2970217,20.702978312969208
2026-08-20,Tamarainagar(Uzhavar Sandhai ),20.0,16.5,3.3812554,19.881255388259888
2026-08-20,Alangudi(Uzhavar Sandhai ),22.5,22.5,-0.34247616,22.157523840665817
2026-08-20,Thirumangalam(Uzhavar Sandhai ),19.0,19.0,0.78129715,19.781297147274017
2026-08-20,Peravurani(Uzhavar Sandhai),25.0,25.0,-1.8649842,23.135015845298767
2026-08-20,Thirukalukundram(Uzhavar Sandhai ),21.0,21.0,0.06501726,21.065017260611057
2026-08-20,Anaiyur(Uzhavar Sandhai ),19.0,19.0,0.9924078,19.99240779876709
2026-08-20,RSPuram(Uzhavar Sandhai ),17.0,19.0,1.9364744,20.936474442481995
2026-08-20,Karimangalam(Uzhavar Sandhai),19.0,21.0,-0.25125968,20.748740315437317
2026-08-20,Pallikonda(Uzhavar Sandhai),19.0,23.0,0.080664724,23.080664724111557
2026-08-20,Kovilpatti(Uzhavar Sandhai ),17.5,17.5,0.58609426,18.08609426021576
2026-08-20,Kurichi(Uzhavar Sandhai ),17.5,20.0,2.2541397,22.25413966178894
2026-08-20,Sivagangai (Uzhavar Sandhai ),21.0,21.0,-0.11497045,20.885029546916485
2026-08-20,Vedaranyam(Uzhavar Sandhai),32.5,36.0,-3.01048,32.98952007293701
2026-08-20,Karambakkudi(Uzhavar Sandhai ),27.5,27.5,-1.9032698,25.59673023223877
2026-08-20,Myladi(Uzhavar Sandhai ),27.5,27.5,-1.8737974,25.62620258331299
2026-08-20,Melur(Uzhavar Sandhai ),19.0,19.0,0.9816106,19.981610596179962
2026-08-20,Athur(Uzhavar Sandhai ),18.0,22.5,-0.5333876,21.96661239862442
2026-08-20,Chengam(Uzhavar Sandhai ),18.0,18.0,1.0964177,19.096417665481567
2026-08-20,Sulur(Uzhavar Sandhai ),17.0,17.0,1.944071,18.944071054458618
2026-08-20,Pollachi(Uzhavar Sandhai ),18.0,18.0,2.079618,20.079617977142334
2026-08-21,Mettur(Uzhavar Sandhai ),16.5,13.5,4.199501,17.699501037597656
2026-08-21,Paruthipattu(Uzhavar Sandhai ),25.0,25.0,-0.6118642,24.38813579082489
2026-08-21,Padappai(Uzhavar Sandhai ),25.0,20.0,0.40656596,20.406565964221954
2026-08-21,Rasipuram(Uzhavar Sandhai ),22.5,23.5,0.28550273,23.78550273180008
2026-08-21,Arcot(Uzhavar Sandhai ),24.0,24.0,0.52637905,24.52637904882431
2026-08-21,Avallapalli(Uzhavar Sandhai ),12.5,12.5,4.7750864,17.275086402893066
2026-08-21,Palani(Uzhavar Sandhai ),9.0,9.0,3.4459171,12.445917129516602
2026-08-21,Needamangalam(Uzhavar Sandhai ),16.0,18.0,1.3736299,19.373629927635193
2026-08-21,Mohanur(Uzhavar Sandhai ),27.0,27.0,-1.642142,25.357857942581177
2026-08-21,Paramakudi(Uzhavar Sandhai ),22.5,22.5,0.34913668,22.84913668036461
2026-08-21,Pollachi(Uzhavar Sandhai ),20.0,18.0,2.746131,20.74613094329834
2026-08-21,Devakottai (Uzhavar Sandhai ),21.0,23.5,-1.0384171,22.461582899093628
2026-08-21,Polur(Uzhavar Sandhai ),17.5,18.0,2.716971,20.716970920562744
2026-08-21,Mecheri(Uzhavar Sandhai),16.5,16.5,2.8882947,19.38829469680786
2026-08-21,Paramathivelur(Uzhavar Sandhai ),21.0,22.0,-0.083985046,21.916014954447746
2026-08-21,Pallikonda(Uzhavar Sandhai),23.0,19.0,2.530747,21.530746936798096
2026-08-21,Melapalayam(Uzhavar Sandhai ),20.5,21.5,-1.2283753,20.2716246843338
2026-08-21,Perundurai(Uzhavar Sandhai ),19.0,23.5,0.56941754,24.069417536258698
2026-08-21,Melur(Uzhavar Sandhai ),19.0,19.0,0.8843966,19.884396612644196
2026-08-21,Myladi(Uzhavar Sandhai ),23.5,27.5,-2.3230815,25.176918506622314
2026-08-21,Peravurani(Uzhavar Sandhai),25.0,25.0,-1.6071651,23.392834901809692
2026-08-21,Virudhunagar(Uzhavar Sandhai ),18.0,18.0,1.513681,19.513681054115295
2026-08-21,RSPuram(Uzhavar Sandhai ),17.0,17.0,1.5395433,18.53954327106476
2026-08-21,Papanasam(Uzhavar Sandhai ),26.0,26.0,-2.414395,23.585604906082153
2026-08-21,Athur(Uzhavar Sandhai ),18.0,18.0,1.5674729,19.5674729347229
2026-08-21,NGO Colony(Uzhavar Sandhai ),20.5,20.5,-1.2981148,19.201885223388672
2026-08-21,Perampet(Uzhavar Sandhai),15.0,16.0,0.8046326,16.804632604122162
2026-08-21,Pennagaram(Uzhavar Sandhai ),19.0,19.0,0.79704654,19.797046542167664
2026-08-21,Palanganatham(Uzhavar Sandhai ),19.0,19.0,0.7558241,19.755824089050293
2026-08-21,Pallapatti (Uzhavar Sandhai ),19.0,21.0,-0.09169983,20.908300168812275
2026-08-21,Medavakkam(Uzhavar Sandhai ),30.0,30.0,-4.086047,25.913952827453613
2026-08-21,Palladam(Uzhavar Sandhai ),14.0,16.5,1.596469,18.096469044685364
2026-08-21,Attayampatti(Uzhavar Sandhai ),20.0,18.0,1.1240984,19.124098420143127
2026-08-21,Perambakkam(Uzhavar Sandhai ),25.0,25.0,-0.08656745,24.91343255341053
2026-08-21,Nagapattinam(Uzhavar Sandhai ),30.0,32.5,-3.310183,29.18981695175171
2026-08-21,Perambalur(Uzhavar Sandhai ),27.5,32.0,-2.845952,29.154047966003418
2026-08-21,Rajapalayam(Uzhavar Sandhai ),14.5,15.5,2.049629,17.549628973007202
2026-08-21,Pudukottai(Uzhavar Sandhai ),22.5,22.5,-0.33837974,22.161620259284973
2026-08-21,Musiri(Uzhavar Sandhai ),20.0,19.0,0.42384875,19.423848748207092
2026-08-21,Ramanathapuram(Uzhavar Sandhai ),22.5,22.5,1.0666976,23.566697597503662
2026-08-21,Aruppukottai(Uzhavar Sandhai ),17.5,21.5,-0.2737934,21.226206600666046
2026-08-21,Cuddalore(Uzhavar Sandhai ),20.0,20.0,0.8337751,20.833775103092194
2026-08-21,Viruthachalam(Uzhavar Sandhai ),40.0,25.0,-0.73739076,24.262609243392944
2026-08-21,Natrampalli(Uzhavar Sandhai ),17.5,17.5,0.960175,18.46017497777939
2026-08-21,Ponnamaravathi(Uzhavar Sandhai),22.5,22.5,-0.18680376,22.31319624185562
2026-08-21,Mettupalayam(Uzhavar Sandhai ),18.0,18.0,1.9512616,19.95126163959503
2026-08-21,Bodinayakanur(Uzhavar Sandhai ),18.0,18.0,0.8691827,18.86918270587921
2026-08-21,Coonoor(Uzhavar Sandhai ),22.0,24.0,0.21149892,24.21149891614914
2026-08-21,Naravarikuppam(Uzhavar Sandhai ),20.0,25.0,-1.031343,23.96865701675415
2026-08-21,Denkanikottai(Uzhavar Sandhai ),12.5,12.5,5.027939,17.527938842773438
2026-08-21,Ranipettai(Uzhavar Sandhai ),24.0,24.0,1.0146214,25.014621376991272
2026-08-21,Viralimalai(Uzhavar Sandhai ),22.5,22.5,-0.39154464,22.10845535993576
2026-08-21,Pallavaram(Uzhavar Sandhai ),22.5,22.5,-0.7164708,21.783529222011566
2026-08-21,Palacode(Uzhavar Sandhai ),19.0,19.0,0.51603585,19.516035854816437
2026-08-21,Muthupettai(Uzhavar Sandhai ),20.0,20.0,0.4032825,20.40328249335289
2026-08-21,Periyar Nagar(Uzhavar Sandhai ),19.0,16.5,3.0105798,19.510579824447632
2026-08-21,Pattukottai(Uzhavar Sandhai ),26.0,26.0,-1.5473471,24.45265293121338
2026-08-21,Ariyalur(Uzhavar Sandhai),26.0,26.0,-2.3263233,23.67367672920227
2026-08-21,Periyakulam(Uzhavar Sandhai ),17.0,17.0,1.4152195,18.41521954536438
2026-08-21,Panruti(Uzhavar Sandhai ),20.0,20.0,0.484531,20.484530985355377
2026-08-21,Nanganallur(Uzhavar Sandhai ),22.5,22.5,-0.096389234,22.40361076593399
2026-08-21,Palayamkottai(Uzhavar Sandhai ),20.5,20.5,-1.1971693,19.302830696105957
2026-08-21,Srivilliputhur(Uzhavar Sandhai ),17.5,18.5,3.0535605,21.553560495376587
2026-08-21,Hasthampatti(Uzhavar Sandhai ),18.0,15.0,2.079869,17.079869031906128
2026-08-21,KKNagar(Uzhavar Sandhai ),23.0,22.0,-0.07115492,21.928845077753067
2026-08-21,Thathakapatti(Uzhavar Sandhai ),16.0,16.0,2.514911,18.51491093635559
2026-08-21,Jeyankondam (Uzhavar Sandhai ),24.0,22.0,-0.10672694,21.893273063004017
2026-08-21,Usilampatti(Uzhavar Sandhai ),19.0,19.0,0.9090311,19.909031093120575
2026-08-21,Kundrathur(Uzhavar Sandhai ),25.0,24.0,-1.3420813,22.657918691635132
2026-08-21,Sivakasi(Uzhavar Sandhai ),17.5,17.5,1.9547751,19.454775094985962
2026-08-21,Kurichi(Uzhavar Sandhai ),17.5,17.5,3.1506622,20.650662183761597
2026-08-21,Thanjavur(Uzhavar Sandhai ),20.0,20.0,0.7656923,20.76569229364395
2026-08-21,Karur(Uzhavar Sandhai ),17.5,17.5,1.5499241,19.04992413520813
2026-08-21,Kumbakonam (Uzhavar Sandhai ),26.0,26.0,-2.4564,23.54360008239746
2026-08-21,Sooramangalam(Uzhavar Sandhai ),16.5,17.0,2.4154518,19.415451765060425
2026-08-21,Thammampatti (Uzhavar Sandhai ),14.0,16.0,2.0603588,18.06035876274109
2026-08-21,Vedasanthur(Uzhavar Sandhai ),9.0,12.5,3.6882331,16.188233137130737
2026-08-21,Tiruvallur(Uzhavar Sandhai ),25.0,25.0,0.94883436,25.948834359645844
2026-08-21,Vedaranyam(Uzhavar Sandhai),35.5,32.5,-0.5392327,31.960767328739166
2026-08-21,Gudalur(Uzhavar Sandhai ),21.5,23.5,0.16307217,23.663072168827057
2026-08-21,Kariyapatti(Uzhavar Sandhai ),19.0,19.0,0.9672188,19.967218816280365
2026-08-21,Vadalur(Uzhavar Sandhai ),25.0,25.0,-1.9756998,23.02430021762848
2026-08-21,Alangudi(Uzhavar Sandhai ),22.5,22.5,-0.50915176,21.99084824323654
2026-08-21,Thirukalukundram(Uzhavar Sandhai ),23.5,21.0,0.21699281,21.216992810368538
2026-08-21,Karimangalam(Uzhavar Sandhai),19.0,19.0,1.4691825,20.46918249130249
2026-08-21,Gobichettipalayam(Uzhavar Sandhai ),19.0,22.0,1.4311148,23.43111479282379
2026-08-21,Tiruppur (South) (Uzhavar Sandhai ),11.0,10.0,4.192103,14.192102909088135
2026-08-21,Arani(Uzhavar Sandhai ),17.5,17.5,3.3169007,20.816900730133057
2026-08-21,Chidambaram(Uzhavar Sandhai ),25.0,20.0,1.1590354,21.159035444259644
2026-08-21,Madhuranthagam(Uzhavar Sandhai ),20.0,20.0,0.54652625,20.54652625322342
2026-08-21,Sirkali(Uzhavar Sandhai ),22.5,22.5,-0.8707589,21.629241108894348
2026-08-21,Kahithapattarai(Uzhavar Sandhai ),20.0,22.0,2.00105,24.001049995422363
2026-08-21,Tiruthani(Uzhavar Sandhai ),25.0,30.0,-2.7860768,27.21392321586609
2026-08-21,Vadaseri APMC,23.5,28.5,-1.4993814,27.00061857700348
2026-08-21,Lalgudi(Uzhavar Sandhai ),24.0,22.0,-0.26899472,21.731005281209946
2026-08-21,Tamarainagar(Uzhavar Sandhai ),20.0,20.0,1.3585622,21.358562231063843
2026-08-21,Theni(Uzhavar Sandhai ),18.0,18.0,0.85196674,18.851966738700867
2026-08-21,Gudiyatham(Uzhavar Sandhai ),16.0,15.0,2.9505358,17.950535774230957
2026-08-21,Katpadi (Uzhavar Sandhai ),20.0,20.0,0.9811811,20.98118108510971
2026-08-21,Chinnalapatti(Uzhavar Sandhai ),16.0,13.5,2.8723493,16.37234926223755
2026-08-21,Anna nagar(Uzhavar Sandhai ),24.0,22.0,-0.3327866,21.667213410139084
2026-08-21,Kulithalai(Uzhavar Sandhai ),18.0,18.0,1.3208678,19.320867776870728
2026-08-21,Sundarapuram(Uzhavar Sandhai ),17.0,17.5,3.0722532,20.572253227233887
2026-08-21,Jalagandapuram(Uzhavar Sandhai ),18.0,16.5,3.2353878,19.735387802124023
2026-08-21,Tiruvarur(Uzhavar Sandhai ),22.0,24.0,-0.94519585,23.054804146289825
2026-08-21,Dindigul(Uzhavar Sandhai ),16.0,12.5,2.8222218,15.322221755981445
2026-08-21,Chinnamanur(Uzhavar Sandhai ),18.0,18.0,0.7989633,18.79896330833435
2026-08-21,Thalavadi(Uzhavar Sandhai ),14.0,16.0,2.0970023,18.097002267837524
2026-08-21,Udhagamandalam(Uzhavar Sandhai ),21.5,22.5,1.7570981,24.257098078727722
2026-08-21,Velayuthampalayam(Uzhavar Sandhai ),18.0,18.0,2.183598,20.183598041534424
2026-08-21,Keelpennathur(Uzhavar Sandhai ),19.0,19.0,0.44542637,19.445426374673843
2026-08-21,Krishnagiri(Uzhavar Sandhai ),12.5,11.0,5.104909,16.10490894317627
2026-08-21,Sunguvarchatram(Uzhavar Sandhai ),25.0,24.0,-1.2936739,22.706326127052307
2026-08-21,Hosur(Uzhavar Sandhai ),12.5,12.5,4.5748773,17.07487726211548
2026-08-21,Tuticorin(Uzhavar Sandhai ),17.5,22.5,-1.24054,21.259459972381592
2026-08-21,Tenkasi(Uzhavar Sandhai ),15.0,15.0,1.3535814,16.353581428527832
2026-08-21,Andipatti(Uzhavar Sandhai ),17.0,17.0,1.1998731,18.199873089790344
2026-08-21,Singanallur(Uzhavar Sandhai ),16.5,16.5,2.242551,18.74255108833313
2026-08-21,Cheyyar(Uzhavar Sandhai ),17.5,17.5,3.244603,20.744602918624878
2026-08-21,Ambattur(Uzhavar Sandhai ),20.0,20.0,1.122908,21.122907996177673
2026-08-21,Devaram(Uzhavar Sandhai ),18.0,18.0,0.6156527,18.615652680397034
2026-08-21,Ulundurpettai APMC,20.0,20.0,2.050733,22.05073308944702
2026-08-21,Guduvancheri(Uzhavar Sandhai ),22.5,22.5,-0.61270565,21.887294352054596
2026-08-21,Thalavaipuram(Uzhavar Sandhai ),14.0,16.0,2.6668727,18.66687273979187
2026-08-21,Vellore APMC,24.0,21.0,2.2880054,23.288005352020264
2026-08-21,Ambasamudram(Uzhavar Sandhai ),20.5,21.5,-0.8413056,20.65869438648224
2026-08-21,Jameenrayapettai(Uzhavar Sandhai ),22.5,22.5,-0.8537418,21.646258175373077
2026-08-21,Tiruvannamalai(Uzhavar Sandhai ),18.0,17.5,1.4246353,18.92463529109955
2026-08-21,Kumarapalayam(Uzhavar Sandhai ),22.5,21.0,2.2168252,23.216825246810913
2026-08-21,Dharapuram(Uzhavar Sandhai ),12.5,12.5,4.4025927,16.902592658996582
2026-08-21,Vengamedu(Uzhavar Sandhai ),17.5,17.5,2.3136518,19.81365180015564
2026-08-21,Kaveripattinam(Uzhavar Sandhai ),25.0,25.0,-2.0217915,22.978208541870117
2026-08-21,Udumalpet APMC,15.0,16.5,1.5743954,18.074395418167114
2026-08-21,Sulur(Uzhavar Sandhai ),16.5,17.0,2.1209352,19.120935201644897
2026-08-21,Harur(Uzhavar Sandhai ),17.5,19.0,0.5631647,19.563164710998535
2026-08-21,Chengam(Uzhavar Sandhai ),18.0,18.0,0.8746612,18.874661207199097
2026-08-21,Manachanallur(Uzhavar Sandhai ),24.0,20.0,0.35816938,20.358169376850128
2026-08-21,Sivagangai (Uzhavar Sandhai ),21.0,21.0,-0.35021046,20.649789541959763
2026-08-21,Anaiyur(Uzhavar Sandhai ),19.0,19.0,0.9112739,19.911273896694183
2026-08-21,Tirupatthur(Uzhavar Sandhai ),21.0,23.5,-1.0504683,22.44953167438507
2026-08-21,Sathur(Uzhavar Sandhai ),19.0,19.0,1.1510097,20.151009678840637
2026-08-21,Mannargudi I(Uzhavar Sandhai ),18.0,20.0,-0.42521513,19.574784874916077
2026-08-21,Kangayam(Uzhavar Sandhai ),12.5,13.0,4.2357163,17.235716342926025
2026-08-21,Tirukattupalli(Uzhavar Sandhai ),20.0,20.0,0.9887489,20.988748908042908
2026-08-21,Gandhigramam(Uzhavar Sandhai),19.0,19.0,1.2474254,20.247425436973572
2026-08-21,Edapadi (Uzhavar Sandhai ),21.0,18.0,2.1800437,20.180043697357178
2026-08-21,Kambam(Uzhavar Sandhai ),17.0,16.5,1.6507945,18.150794506072998
2026-08-21,Vadavalli(Uzhavar Sandhai ),17.5,19.0,1.2830932,20.283093214035034
2026-08-21,Thiruverumbur(Uzhavar Sandhai ),24.0,22.0,-0.32110977,21.678890228271484
2026-08-21,Sathiyamagalam(Uzhavar Sandhai ),17.5,17.5,1.147531,18.647531032562256
2026-08-21,Vandavasi(Uzhavar Sandhai ),18.0,17.5,3.1482122,20.64821219444275
2026-08-21,Sankarapuram(Uzhavar Sandhai ),20.0,20.0,0.24639358,20.24639357626438
2026-08-21,Mannargudi II(Uzhavar Sandhai ),18.0,20.0,-0.5240324,19.475967586040497
2026-08-21,Chengalpet(Uzhavar Sandhai ),22.5,22.5,-0.060245156,22.439754843711853
2026-08-21,Kandiyaperi(Uzhavar Sandhai ),20.5,20.5,-1.0099775,19.49002254009247
2026-08-21,Tiruchengode APMC,22.5,22.5,0.32636216,22.826362162828445
2026-08-21,Kamuthi(Uzhavar Sandhai ),27.5,22.5,0.7899216,23.289921581745148
2026-08-21,Dharmapuri(Uzhavar Sandhai ),19.0,19.0,0.47241345,19.472413450479507
2026-08-21,Gandarvakottai(Uzhavar Sandhai ),22.5,22.5,-0.50915176,21.99084824323654
2026-08-21,Vaniyampadi(Uzhavar Sandhai ),20.0,20.0,0.9604642,20.96046417951584
2026-08-21,Thuraiyur APMC,22.5,22.0,0.5518487,22.551848709583282
2026-08-21,Sankarankoil(Uzhavar Sandhai ),16.5,16.5,2.3256605,18.825660467147827
2026-08-21,Mayiladuthurai(Uzhavar Sandhai ),22.5,22.5,-0.85377276,21.64622724056244
2026-08-21,Ammapet(Uzhavar Sandhai ),19.0,15.0,2.6371353,17.63713526725769
2026-08-21,Elampillai(Uzhavar Sandhai ),18.0,17.5,2.211558,19.7115581035614
2026-08-21,Kancheepuram(Uzhavar Sandhai ),24.0,21.0,0.029828735,21.02982873469591
2026-08-21,Aranthangi(Uzhavar Sandhai ),22.5,22.5,-0.3387094,22.16129058599472
2026-08-21,Tindivanam APMC,18.0,18.0,1.9437988,19.943798780441284
2026-08-21,Vazhapadi(Uzhavar Sandhai),17.0,17.0,1.8669242,18.866924166679382
2026-08-21,AJattihalli(Uzhavar Sandhai ),19.0,18.0,0.24877766,18.24877765774727
2026-08-21,Thirupathur APMC,20.0,24.0,-1.449767,22.550233006477356
2026-08-21,Kovilpatti(Uzhavar Sandhai ),22.5,17.5,0.50828505,18.00828504562378
2026-08-21,Manapparai(Uzhavar Sandhai ),25.0,20.0,0.06443965,20.0644396468997
2026-08-21,Singampunari(Uzhavar Sandhai ),21.0,21.0,-0.39958817,20.60041183233261
2026-08-21,Karaikudi(Uzhavar Sandhai ),23.0,23.0,-1.0540231,21.945976853370667
2026-08-21,Sampath Nagar(Uzhavar Sandhai ),19.0,16.5,2.7938075,19.29380750656128
2026-08-21,Chokkikulam(Uzhavar Sandhai ),19.0,19.0,0.8013902,19.801390171051025
2026-08-21,Thirumangalam(Uzhavar Sandhai ),19.0,19.0,0.689941,19.689940989017487
2026-08-21,Tiruppur (North) (Uzhavar Sandhai ),13.5,13.5,2.5391073,16.03910732269287
2026-08-21,Kallakurichi(Uzhavar Sandhai ),20.0,20.0,-0.3614653,19.63853469491005
2026-08-21,Gingee(Uzhavar Sandhai ),20.0,20.0,1.5423211,21.54232108592987
2026-08-21,Karambakkudi(Uzhavar Sandhai ),27.5,27.5,-2.0368645,25.463135480880737
2026-08-21,Villupuram(Uzhavar Sandhai ),22.5,22.5,-0.50387734,21.996122658252716
2026-08-21,Valangaiman APMC,22.0,24.0,-1.8862755,22.11372447013855
2026-08-22,Myladi(Uzhavar Sandhai ),22.5,23.5,-0.28448,23.2155199944973
2026-08-22,Arcot(Uzhavar Sandhai ),21.5,24.0,0.90744454,24.907444536685944
2026-08-22,Paramathivelur(Uzhavar Sandhai ),23.0,21.0,0.50960445,21.509604454040527
2026-08-22,Andipatti(Uzhavar Sandhai ),19.0,17.0,0.6848742,17.684874176979065
2026-08-22,Naravarikuppam(Uzhavar Sandhai ),20.0,20.0,0.77420455,20.774204552173615
2026-08-22,Cheyyar(Uzhavar Sandhai ),17.5,17.5,3.3761392,20.876139163970947
2026-08-22,Pattukottai(Uzhavar Sandhai ),26.0,26.0,-1.1470304,24.852969646453857
2026-08-22,Karimangalam(Uzhavar Sandhai),19.0,19.0,1.7014625,20.701462507247925
2026-08-22,Dharmapuri(Uzhavar Sandhai ),19.0,19.0,1.9285437,20.92854368686676
2026-08-22,Musiri(Uzhavar Sandhai ),20.0,20.0,0.43201062,20.432010620832443
2026-08-22,Ambattur(Uzhavar Sandhai ),20.0,20.0,0.47097397,20.47097396850586
2026-08-22,Perundurai(Uzhavar Sandhai ),21.0,19.0,2.3453934,21.345393419265747
2026-08-22,Kaveripattinam(Uzhavar Sandhai ),25.0,25.0,-1.5851651,23.414834856987
2026-08-22,Kamuthi(Uzhavar Sandhai ),32.5,27.5,-0.21170327,27.288296729326248
2026-08-22,Needamangalam(Uzhavar Sandhai ),20.0,16.0,2.6300418,18.63004183769226
2026-08-22,Thuraiyur APMC,22.0,22.5,0.16746508,22.667465075850487
2026-08-22,Thirumangalam(Uzhavar Sandhai ),22.0,19.0,0.49722585,19.49722585082054
2026-08-22,Tamarainagar(Uzhavar Sandhai ),18.5,20.0,0.4275983,20.427598297595978
2026-08-22,Tuticorin(Uzhavar Sandhai ),17.5,17.5,0.54237103,18.042371034622192
2026-08-22,Perambakkam(Uzhavar Sandhai ),25.0,25.0,-0.36116588,24.63883411884308
2026-08-22,Tenkasi(Uzhavar Sandhai ),15.0,15.0,1.724217,16.72421705722809
2026-08-22,Tiruppur (North) (Uzhavar Sandhai ),16.5,13.5,1.7826883,15.28268826007843
2026-08-22,Anaiyur(Uzhavar Sandhai ),22.0,19.0,0.49722585,19.49722585082054
2026-08-22,Hosur(Uzhavar Sandhai ),12.5,12.5,4.8958,17.39580011367798
2026-08-22,Keelpennathur(Uzhavar Sandhai ),19.0,19.0,0.7188646,19.718864619731903
2026-08-22,Tindivanam APMC,18.0,18.0,2.048432,20.048432111740112
2026-08-22,Jalagandapuram(Uzhavar Sandhai ),18.0,18.0,2.315579,20.315578937530518
2026-08-22,Nagapattinam(Uzhavar Sandhai ),31.0,30.0,-0.7740622,29.22593778371811
2026-08-22,Ariyalur(Uzhavar Sandhai),23.0,26.0,-2.0546262,23.94537377357483
2026-08-22,Thirukalukundram(Uzhavar Sandhai ),25.0,23.5,-0.7020672,22.79793280363083
2026-08-22,Kancheepuram(Uzhavar Sandhai ),21.0,24.0,-0.87216026,23.127839744091034
2026-08-22,Mohanur(Uzhavar Sandhai ),24.0,27.0,-1.4549528,25.545047163963318
2026-08-22,Tiruvarur(Uzhavar Sandhai ),22.0,22.0,0.5862228,22.58622282743454
2026-08-22,Thalavadi(Uzhavar Sandhai ),14.0,14.0,3.475358,17.47535800933838
2026-08-22,Pennagaram(Uzhavar Sandhai ),19.0,19.0,1.0009174,20.000917434692383
2026-08-22,Ammapet(Uzhavar Sandhai ),18.0,19.0,1.3834729,20.38347291946411
2026-08-22,Peravurani(Uzhavar Sandhai),25.0,25.0,-1.4245757,23.575424313545227
2026-08-22,Karambakkudi(Uzhavar Sandhai ),22.5,27.5,-1.9042797,25.595720291137695
2026-08-22,AJattihalli(Uzhavar Sandhai ),18.0,19.0,1.545702,20.54570198059082
2026-08-22,Tiruchengode APMC,22.5,22.5,0.7064719,23.206471920013428
2026-08-22,Dharapuram(Uzhavar Sandhai ),12.5,12.5,4.6690197,17.16901969909668
2026-08-22,Cuddalore(Uzhavar Sandhai ),20.0,20.0,0.42634755,20.42634755373001
2026-08-22,Natrampalli(Uzhavar Sandhai ),17.5,17.5,1.307981,18.80798101425171
2026-08-22,Karur(Uzhavar Sandhai ),21.5,17.5,1.8309565,19.33095645904541
2026-08-22,Kangayam(Uzhavar Sandhai ),14.0,12.5,3.4099483,15.909948348999023
2026-08-22,NGO Colony(Uzhavar Sandhai ),20.0,20.5,-0.9837444,19.516255617141724
2026-08-22,Tirukattupalli(Uzhavar Sandhai ),22.0,20.0,0.9122435,20.912243485450745
2026-08-22,Nanganallur(Uzhavar Sandhai ),22.5,22.5,0.22718847,22.72718846797943
2026-08-22,Thanjavur(Uzhavar Sandhai ),22.0,20.0,0.88111216,20.881112158298492
2026-08-22,Thammampatti (Uzhavar Sandhai ),15.0,14.0,4.269875,18.269875049591064
2026-08-22,Tirupatthur(Uzhavar Sandhai ),23.5,21.0,0.93023664,21.930236637592316
2026-08-22,Periyakulam(Uzhavar Sandhai ),19.0,17.0,1.1167852,18.116785168647766
2026-08-22,Periyar Nagar(Uzhavar Sandhai ),21.0,19.0,1.9201721,20.920172095298767
2026-08-22,Jeyankondam (Uzhavar Sandhai ),22.5,24.0,-1.5672731,22.432726860046387
2026-08-22,Thirupathur APMC,20.0,20.0,1.1600713,21.16007125377655
2026-08-22,Thathakapatti(Uzhavar Sandhai ),18.0,16.0,2.7451556,18.745155572891235
2026-08-22,Perampet(Uzhavar Sandhai),17.0,15.0,1.9280201,16.928020119667053
2026-08-22,Kariyapatti(Uzhavar Sandhai ),19.0,19.0,1.4509274,20.45092737674713
2026-08-22,Muthupettai(Uzhavar Sandhai ),20.0,20.0,0.7055145,20.7055144906044
2026-08-22,Vedasanthur(Uzhavar Sandhai ),12.5,9.0,4.2443633,13.24436330795288
2026-08-22,Theni(Uzhavar Sandhai ),19.0,18.0,0.84608054,18.846080541610718
2026-08-22,Denkanikottai(Uzhavar Sandhai ),13.5,12.5,5.255676,17.755675792694092
2026-08-22,Tiruthani(Uzhavar Sandhai ),25.0,25.0,-0.048109278,24.951890721917152
2026-08-22,Tiruvannamalai(Uzhavar Sandhai ),18.0,18.0,1.5574311,19.55743110179901
2026-08-22,Perambalur(Uzhavar Sandhai ),27.5,27.5,-0.15743765,27.342562347650528
2026-08-22,KKNagar(Uzhavar Sandhai ),23.0,23.0,-0.6195049,22.380495071411133
2026-08-22,Chidambaram(Uzhavar Sandhai ),25.0,25.0,-1.9622046,23.037795424461365
2026-08-22,Jameenrayapettai(Uzhavar Sandhai ),22.5,22.5,-0.4918375,22.00816249847412
2026-08-22,Vellore APMC,23.0,24.0,0.22612773,24.226127728819847
2026-08-22,Kandiyaperi(Uzhavar Sandhai ),20.5,20.5,-0.7851336,19.714866399765015
2026-08-22,Virudhunagar(Uzhavar Sandhai ),18.5,18.0,1.3231912,19.323191165924072
2026-08-22,Thalavaipuram(Uzhavar Sandhai ),16.0,14.0,2.1721919,16.172191858291626
2026-08-22,Kambam(Uzhavar Sandhai ),17.5,17.0,0.76552725,17.76552724838257
2026-08-22,Paruthipattu(Uzhavar Sandhai ),25.0,25.0,-0.5200256,24.479974389076233
2026-08-22,Chinnalapatti(Uzhavar Sandhai ),22.0,16.0,2.4891834,18.48918342590332
2026-08-22,Kallakurichi(Uzhavar Sandhai ),20.0,20.0,0.028751059,20.028751058503985
2026-08-22,Kahithapattarai(Uzhavar Sandhai ),20.0,20.0,1.5814619,21.581461906433105
2026-08-22,Thiruverumbur(Uzhavar Sandhai ),24.0,24.0,-1.4459968,22.55400323867798
2026-08-22,Katpadi (Uzhavar Sandhai ),22.5,20.0,1.205395,21.205394983291626
2026-08-22,Karaikudi(Uzhavar Sandhai ),26.0,23.0,-0.07682826,22.92317173629999
2026-08-22,Tiruvallur(Uzhavar Sandhai ),25.0,25.0,0.7685785,25.76857852935791
2026-08-22,Attayampatti(Uzhavar Sandhai ),20.0,20.0,0.6909686,20.690968573093414
2026-08-22,Tiruppur (South) (Uzhavar Sandhai ),11.0,11.0,3.9202878,14.920287847518921
2026-08-22,Coonoor(Uzhavar Sandhai ),23.0,22.0,1.5316648,23.531664848327637
2026-08-22,Sampath Nagar(Uzhavar Sandhai ),21.0,19.0,1.7916099,20.79160988330841
2026-08-22,Padappai(Uzhavar Sandhai ),21.0,25.0,-1.9580702,23.041929841041565
2026-08-22,Villupuram(Uzhavar Sandhai ),20.0,22.5,-0.19122489,22.30877511203289
2026-08-22,Manachanallur(Uzhavar Sandhai ),24.0,24.0,-1.4128897,22.5871102809906
2026-08-22,Medavakkam(Uzhavar Sandhai ),25.0,30.0,-4.5861616,25.413838386535645
2026-08-22,Vadavalli(Uzhavar Sandhai ),17.5,17.5,2.2177591,19.717759132385254
2026-08-22,Singanallur(Uzhavar Sandhai ),17.0,16.5,1.7747489,18.274748921394348
2026-08-22,Alangudi(Uzhavar Sandhai ),22.5,22.5,-0.2335347,22.266465306282043
2026-08-22,Pallikonda(Uzhavar Sandhai),23.0,23.0,-0.1267025,22.87329749763012
2026-08-22,Arani(Uzhavar Sandhai ),17.5,17.5,3.5200856,21.02008557319641
2026-08-22,Melapalayam(Uzhavar Sandhai ),21.5,20.5,-0.91647696,19.58352303504944
2026-08-22,Palani(Uzhavar Sandhai ),12.5,9.0,3.6014218,12.60142183303833
2026-08-22,Rajapalayam(Uzhavar Sandhai ),15.5,14.5,1.48728,15.987280011177063
2026-08-22,Gobichettipalayam(Uzhavar Sandhai ),19.0,19.0,1.8689535,20.868953466415405
2026-08-22,Madhuranthagam(Uzhavar Sandhai ),20.0,20.0,0.71829706,20.718297064304352
2026-08-22,Chokkikulam(Uzhavar Sandhai ),22.0,19.0,1.1893682,20.18936824798584
2026-08-22,Sirkali(Uzhavar Sandhai ),22.5,22.5,-0.54204893,21.957951068878174
2026-08-22,Lalgudi(Uzhavar Sandhai ),24.0,24.0,-1.1513735,22.848626494407654
2026-08-22,Vadalur(Uzhavar Sandhai ),25.0,25.0,-1.5660582,23.43394184112549
2026-08-22,RSPuram(Uzhavar Sandhai ),17.0,17.0,1.8380718,18.838071823120117
2026-08-22,Kovilpatti(Uzhavar Sandhai ),22.5,22.5,-0.5888541,21.91114592552185
2026-08-22,Gudalur(Uzhavar Sandhai ),22.5,21.5,1.3351197,22.83511972427368
2026-08-22,Panruti(Uzhavar Sandhai ),20.0,20.0,0.78676313,20.7867631316185
2026-08-22,Kurichi(Uzhavar Sandhai ),17.0,17.5,3.5331762,21.03317618370056
2026-08-22,Kundrathur(Uzhavar Sandhai ),25.0,25.0,-1.9360662,23.063933849334717
2026-08-22,Melur(Uzhavar Sandhai ),22.0,19.0,0.6810458,19.68104577064514
2026-08-22,Aruppukottai(Uzhavar Sandhai ),19.0,17.5,1.7923237,19.29232370853424
2026-08-22,Usilampatti(Uzhavar Sandhai ),22.0,19.0,0.70568025,19.70568025112152
2026-08-22,Pudukottai(Uzhavar Sandhai ),22.5,22.5,0.8668242,23.366824209690094
2026-08-22,Sivakasi(Uzhavar Sandhai ),17.5,17.5,2.1738093,19.67380928993225
2026-08-22,Vadaseri APMC,23.5,23.5,0.5742177,24.074217677116394
2026-08-22,Vedaranyam(Uzhavar Sandhai),36.0,35.5,-1.5622128,33.93778717517853
2026-08-22,Gingee(Uzhavar Sandhai ),20.0,20.0,1.7967063,21.796706318855286
2026-08-22,Manapparai(Uzhavar Sandhai ),25.0,25.0,-2.163093,22.836906909942627
2026-08-22,Viruthachalam(Uzhavar Sandhai ),20.0,40.0,-7.171215,32.82878494262695
2026-08-22,Vazhapadi(Uzhavar Sandhai),16.5,17.0,2.9927156,19.99271559715271
2026-08-22,Aranthangi(Uzhavar Sandhai ),22.5,22.5,-0.071672335,22.428327664732933
2026-08-22,Mecheri(Uzhavar Sandhai),17.5,16.5,3.5651844,20.065184354782104
2026-08-22,Elampillai(Uzhavar Sandhai ),20.0,18.0,2.360391,20.36039090156555
2026-08-22,Devakottai (Uzhavar Sandhai ),23.5,21.0,0.980336,21.980336010456085
2026-08-22,Mayiladuthurai(Uzhavar Sandhai ),22.5,22.5,-0.54336965,21.95663034915924
2026-08-22,Sankarankoil(Uzhavar Sandhai ),16.5,16.5,1.3597771,17.859777092933655
2026-08-22,Vaniyampadi(Uzhavar Sandhai ),20.0,20.0,0.7500625,20.75006252527237
2026-08-22,Gandarvakottai(Uzhavar Sandhai ),22.5,22.5,-0.2335347,22.266465306282043
2026-08-22,Pallapatti (Uzhavar Sandhai ),19.0,19.0,0.066457555,19.06645755469799
2026-08-22,Rasipuram(Uzhavar Sandhai ),20.0,22.5,1.9555241,24.45552408695221
2026-08-22,Palladam(Uzhavar Sandhai ),14.0,14.0,3.5541399,17.554139852523804
2026-08-22,Singampunari(Uzhavar Sandhai ),24.0,21.0,0.16833678,21.168336778879166
2026-08-22,Mannargudi II(Uzhavar Sandhai ),22.0,18.0,0.6389543,18.638954281806946
2026-08-22,Vandavasi(Uzhavar Sandhai ),18.0,18.0,3.3047307,21.304730653762817
2026-08-22,Bodinayakanur(Uzhavar Sandhai ),18.0,18.0,0.061470136,18.06147013604641
2026-08-22,Edapadi (Uzhavar Sandhai ),21.0,21.0,1.1032181,22.10321807861328
2026-08-22,Ranipettai(Uzhavar Sandhai ),21.5,24.0,0.6830228,24.683022797107697
2026-08-22,Sathiyamagalam(Uzhavar Sandhai ),17.5,17.5,2.3896334,19.889633417129517
2026-08-22,Gandhigramam(Uzhavar Sandhai),23.0,19.0,0.8632896,19.86328959465027
2026-08-22,Mannargudi I(Uzhavar Sandhai ),22.0,18.0,0.60468936,18.604689359664917
2026-08-22,Sathur(Uzhavar Sandhai ),19.0,19.0,0.24370416,19.24370415508747
2026-08-22,Valangaiman APMC,20.0,22.0,-0.7208684,21.279131591320038
2026-08-22,Chengalpet(Uzhavar Sandhai ),22.5,22.5,0.24735464,22.74735464155674
2026-08-22,Pallavaram(Uzhavar Sandhai ),22.5,22.5,-0.343931,22.15606901049614
2026-08-22,Ramanathapuram(Uzhavar Sandhai ),27.5,22.5,1.536599,24.036599040031433
2026-08-22,Palayamkottai(Uzhavar Sandhai ),20.5,20.5,-0.96240205,19.537597954273224
2026-08-22,Sankarapuram(Uzhavar Sandhai ),20.0,20.0,0.54862565,20.548625648021698
2026-08-22,Athur(Uzhavar Sandhai ),19.0,18.0,2.3735747,20.37357473373413
2026-08-22,Sivagangai (Uzhavar Sandhai ),24.0,21.0,0.21630187,21.2163018733263
2026-08-22,Velayuthampalayam(Uzhavar Sandhai ),22.0,18.0,2.3862567,20.3862566947937
2026-08-22,Krishnagiri(Uzhavar Sandhai ),12.5,12.5,4.4878087,16.98780870437622
2026-08-22,Devaram(Uzhavar Sandhai ),18.0,18.0,0.47217312,18.472173124551773
2026-08-22,Ulundurpettai APMC,20.0,20.0,2.1942055,22.19420552253723
2026-08-22,Mettupalayam(Uzhavar Sandhai ),18.0,18.0,2.187849,20.187849044799805
2026-08-22,Udhagamandalam(Uzhavar Sandhai ),21.5,21.5,1.0694364,22.56943643093109
2026-08-22,Guduvancheri(Uzhavar Sandhai ),22.5,22.5,-0.2691089,22.23089110851288
2026-08-22,Udumalpet APMC,18.5,15.0,2.5484474,17.548447370529175
2026-08-22,Chinnamanur(Uzhavar Sandhai ),17.0,18.0,0.75602984,18.756029844284058
2026-08-22,Ponnamaravathi(Uzhavar Sandhai),22.5,22.5,0.99479747,23.494797468185425
2026-08-22,Kulithalai(Uzhavar Sandhai ),22.0,18.0,1.5880017,19.58800172805786
2026-08-22,Vengamedu(Uzhavar Sandhai ),21.5,17.5,2.5753593,20.075359344482422
2026-08-22,Mettur(Uzhavar Sandhai ),17.5,16.5,2.8322806,19.33228063583374
2026-08-22,Sundarapuram(Uzhavar Sandhai ),17.0,17.0,2.6959703,19.69597029685974
2026-08-22,Ambasamudram(Uzhavar Sandhai ),21.5,20.5,-0.15870762,20.34129238128662
2026-08-22,Avallapalli(Uzhavar Sandhai ),12.5,12.5,4.7273135,17.22731351852417
2026-08-22,Dindigul(Uzhavar Sandhai ),22.0,16.0,1.7494053,17.74940526485443
2026-08-22,Papanasam(Uzhavar Sandhai ),26.0,26.0,-1.742252,24.257748007774353
2026-08-22,Sunguvarchatram(Uzhavar Sandhai ),25.0,25.0,-1.9180481,23.08195185661316
2026-08-22,Kumarapalayam(Uzhavar Sandhai ),16.0,22.5,1.9656856,24.465685606002808
2026-08-22,Anna nagar(Uzhavar Sandhai ),22.0,24.0,-1.5157695,22.484230518341064
2026-08-22,Anna nagar(Uzhavar Sandhai ),24.0,22.0,-0.4980514,21.501948595046997
2026-08-22,Chengam(Uzhavar Sandhai ),18.0,18.0,0.9459036,18.945903599262238
2026-08-22,Sooramangalam(Uzhavar Sandhai ),19.0,16.5,3.1463385,19.64633846282959
2026-08-22,Pollachi(Uzhavar Sandhai ),16.5,20.0,1.8117777,21.811777710914612
2026-08-22,Palacode(Uzhavar Sandhai ),19.0,19.0,1.855375,20.855375051498413
2026-08-22,Viralimalai(Uzhavar Sandhai ),22.5,22.5,-0.18564017,22.314359828829765
2026-08-22,Palanganatham(Uzhavar Sandhai ),22.0,19.0,0.46618113,19.466181129217148
2026-08-22,Harur(Uzhavar Sandhai ),17.5,17.5,1.5578649,19.057864904403687
2026-08-22,Polur(Uzhavar Sandhai ),17.5,17.5,3.2388163,20.738816261291504
2026-08-22,Gudiyatham(Uzhavar Sandhai ),15.0,16.0,2.443276,18.443275928497314
2026-08-22,Sulur(Uzhavar Sandhai ),17.0,16.5,2.2432783,18.74327826499939
2026-08-22,Paramakudi(Uzhavar Sandhai ),22.5,22.5,0.97428834,23.47428834438324
2026-08-22,Srivilliputhur(Uzhavar Sandhai ),17.5,17.5,2.0446,19.544600009918213
2026-08-22,Kumbakonam (Uzhavar Sandhai ),26.0,26.0,-1.4792225,24.520777463912964
2026-08-22,Hasthampatti(Uzhavar Sandhai ),20.0,18.0,2.5796847,20.579684734344482
2026-08-23,Chinnamanur(Uzhavar Sandhai ),18.0,17.0,1.8963768,18.896376848220825
2026-08-23,Valangaiman APMC,22.0,20.0,0.38746762,20.387467622756958
2026-08-23,Edapadi (Uzhavar Sandhai ),21.0,21.0,-0.21351776,20.786482244729996
2026-08-23,Paramathivelur(Uzhavar Sandhai ),22.5,23.0,-0.1998639,22.800136104226112
2026-08-23,Needamangalam(Uzhavar Sandhai ),20.0,20.0,0.8413476,20.841347575187683
2026-08-23,Gandhigramam(Uzhavar Sandhai),23.0,23.0,-0.741303,22.258696973323822
2026-08-23,Tirukattupalli(Uzhavar Sandhai ),24.0,22.0,0.45820683,22.458206832408905
2026-08-23,Dindigul(Uzhavar Sandhai ),22.0,22.0,0.34154564,22.34154564142227
2026-08-23,Palladam(Uzhavar Sandhai ),14.0,14.0,3.7568302,17.7568302154541
2026-08-23,Virudhunagar(Uzhavar Sandhai ),19.0,18.5,1.0082142,19.508214235305786
2026-08-23,Tuticorin(Uzhavar Sandhai ),17.5,17.5,1.1327512,18.63275122642517
2026-08-23,Vazhapadi(Uzhavar Sandhai),17.5,16.5,2.570301,19.070301055908203
2026-08-23,Tindivanam APMC,18.0,18.0,2.1076992,20.107699155807495
2026-08-23,Pennagaram(Uzhavar Sandhai ),17.0,19.0,1.0316626,20.031662583351135
2026-08-23,Padappai(Uzhavar Sandhai ),21.5,21.0,0.5509175,21.550917506217957
2026-08-23,Paramakudi(Uzhavar Sandhai ),22.5,22.5,0.9704038,23.470403790473938
2026-08-23,Hasthampatti(Uzhavar Sandhai ),19.0,20.0,0.71151274,20.711512744426727
2026-08-23,Ammapet(Uzhavar Sandhai ),19.0,18.0,1.2351934,19.235193371772766
2026-08-23,Elampillai(Uzhavar Sandhai ),18.0,20.0,0.98743594,20.987435936927795
2026-08-23,Vaniyampadi(Uzhavar Sandhai ),20.0,20.0,0.8698465,20.869846522808075
2026-08-23,Hosur(Uzhavar Sandhai ),17.5,12.5,5.4828477,17.982847690582275
2026-08-23,Kamuthi(Uzhavar Sandhai ),32.5,32.5,-2.3426101,30.157389879226685
2026-08-23,Gandarvakottai(Uzhavar Sandhai ),22.5,22.5,-0.43936178,22.06063821911812
2026-08-23,Pallapatti (Uzhavar Sandhai ),19.0,19.0,0.8239971,19.82399708032608
2026-08-23,Udhagamandalam(Uzhavar Sandhai ),21.5,21.5,0.8394083,22.33940827846527
2026-08-23,Palacode(Uzhavar Sandhai ),19.0,19.0,2.3058546,21.305854558944702
2026-08-23,Tiruvarur(Uzhavar Sandhai ),22.0,22.0,0.62896943,22.628969430923462
2026-08-23,Vandavasi(Uzhavar Sandhai ),18.0,18.0,1.2810804,19.28108036518097
2026-08-23,Tiruchengode APMC,22.0,22.5,0.48481375,22.98481374979019
2026-08-23,Kambam(Uzhavar Sandhai ),18.0,17.5,0.5000116,18.00001162290573
2026-08-23,Harur(Uzhavar Sandhai ),17.5,17.5,1.5448608,19.04486083984375
2026-08-23,Cuddalore(Uzhavar Sandhai ),20.0,20.0,0.49108458,20.491084575653076
2026-08-23,Palayamkottai(Uzhavar Sandhai ),17.0,20.5,-0.6865322,19.813467800617218
2026-08-23,Vadalur(Uzhavar Sandhai ),25.0,25.0,-1.1965449,23.803455114364624
2026-08-23,Paruthipattu(Uzhavar Sandhai ),25.0,25.0,-0.9019977,24.098002314567566
2026-08-23,Tiruthani(Uzhavar Sandhai ),20.0,25.0,-0.5085781,24.49142187833786
2026-08-23,KKNagar(Uzhavar Sandhai ),24.0,23.0,-0.259388,22.740612000226974
2026-08-23,Gudalur(Uzhavar Sandhai ),21.5,22.5,0.84966755,23.3496675491333
2026-08-23,Ulundurpettai APMC,18.0,20.0,1.9090652,21.90906524658203
2026-08-23,Naravarikuppam(Uzhavar Sandhai ),20.0,20.0,0.7663543,20.76635432243347
2026-08-23,Viruthachalam(Uzhavar Sandhai ),25.0,20.0,2.4468606,22.446860551834106
2026-08-23,Panruti(Uzhavar Sandhai ),20.0,20.0,1.0909766,21.0909765958786
2026-08-23,Jeyankondam (Uzhavar Sandhai ),22.5,22.5,-0.55692005,21.943079948425293
2026-08-23,Aruppukottai(Uzhavar Sandhai ),19.0,19.0,1.2925173,20.29251730442047
2026-08-23,Gudiyatham(Uzhavar Sandhai ),16.0,15.0,2.3309727,17.33097267150879
2026-08-23,Tiruvallur(Uzhavar Sandhai ),25.0,25.0,0.5250136,25.525013625621796
2026-08-23,Usilampatti(Uzhavar Sandhai ),21.0,22.0,-0.11403018,21.885969817638397
2026-08-23,Vedasanthur(Uzhavar Sandhai ),12.5,12.5,3.6057792,16.10577917098999
2026-08-23,Palanganatham(Uzhavar Sandhai ),21.0,22.0,-0.29872894,21.701271057128906
2026-08-23,Athur(Uzhavar Sandhai ),20.0,19.0,1.4293461,20.429346084594727
2026-08-23,Vedaranyam(Uzhavar Sandhai),27.0,36.0,-2.5601087,33.43989133834839
2026-08-23,Natrampalli(Uzhavar Sandhai ),17.5,17.5,1.6383226,19.138322591781616
2026-08-23,Vadaseri APMC,23.5,23.5,0.5687912,24.068791210651398
2026-08-23,Guduvancheri(Uzhavar Sandhai ),22.5,22.5,0.05731196,22.557311959564686
2026-08-23,Gobichettipalayam(Uzhavar Sandhai ),19.0,19.0,1.871403,20.871402978897095
2026-08-23,Tiruppur (South) (Uzhavar Sandhai ),13.0,11.0,3.7275133,14.727513313293457
2026-08-23,Tirupatthur(Uzhavar Sandhai ),23.5,23.5,0.13637657,23.636376574635506
2026-08-23,Nanganallur(Uzhavar Sandhai ),22.5,22.5,0.51027757,23.010277569293976
2026-08-23,Jalagandapuram(Uzhavar Sandhai ),18.0,18.0,2.52747,20.527470111846924
2026-08-23,Kallakurichi(Uzhavar Sandhai ),22.5,20.0,0.19237563,20.192375630140305
2026-08-23,Gingee(Uzhavar Sandhai ),20.0,20.0,2.117095,22.11709499359131
2026-08-23,Ambattur(Uzhavar Sandhai ),20.0,20.0,0.80556893,20.80556893348694
2026-08-23,Vadavalli(Uzhavar Sandhai ),17.5,17.5,2.2541487,19.754148721694946
2026-08-23,Tiruvannamalai(Uzhavar Sandhai ),18.0,18.0,1.9293187,19.92931866645813
2026-08-23,Tiruppur (North) (Uzhavar Sandhai ),14.0,16.5,1.9167469,18.416746854782104
2026-08-23,Pallavaram(Uzhavar Sandhai ),22.5,22.5,0.021548297,22.52154829725623
2026-08-23,Udumalpet APMC,19.0,18.5,1.7150697,20.2150696516037
2026-08-23,Alangudi(Uzhavar Sandhai ),22.5,22.5,-0.43936178,22.06063821911812
2026-08-23,Ariyalur(Uzhavar Sandhai),26.0,23.0,-0.063902065,22.93609793484211
2026-08-23,Pattukottai(Uzhavar Sandhai ),26.0,26.0,-1.040768,24.959231972694397
2026-08-23,Ambasamudram(Uzhavar Sandhai ),21.5,21.5,-0.45871502,21.04128497838974
2026-08-23,Pallikonda(Uzhavar Sandhai),23.0,23.0,0.024678614,23.024678613990545
2026-08-23,Palani(Uzhavar Sandhai ),12.5,12.5,3.3874123,15.887412309646606
2026-08-23,Kahithapattarai(Uzhavar Sandhai ),20.0,20.0,2.254303,22.254302978515625
2026-08-23,Jameenrayapettai(Uzhavar Sandhai ),22.5,22.5,-0.12635845,22.373641550540924
2026-08-23,Chinnalapatti(Uzhavar Sandhai ),22.0,22.0,0.23830822,22.23830822110176
2026-08-23,Papanasam(Uzhavar Sandhai ),26.0,26.0,-0.9689688,25.03103119134903
2026-08-23,Chokkikulam(Uzhavar Sandhai ),21.0,22.0,-0.08396086,21.916039139032364
2026-08-23,Perampet(Uzhavar Sandhai),17.0,17.0,2.0912907,19.091290712356567
2026-08-23,Sundarapuram(Uzhavar Sandhai ),16.0,17.0,2.1046095,19.104609489440918
2026-08-23,Lalgudi(Uzhavar Sandhai ),24.0,24.0,-0.7821751,23.21782487630844
2026-08-23,Arcot(Uzhavar Sandhai ),24.0,21.5,3.4880579,24.988057851791382
2026-08-23,Sirkali(Uzhavar Sandhai ),22.5,22.5,-0.19510847,22.304891526699066
2026-08-23,Andipatti(Uzhavar Sandhai ),19.0,19.0,0.5603513,19.560351312160492
2026-08-23,Cheyyar(Uzhavar Sandhai ),17.5,17.5,1.9537631,19.453763127326965
2026-08-23,Madhuranthagam(Uzhavar Sandhai ),20.0,20.0,1.2077769,21.20777690410614
2026-08-23,Perundurai(Uzhavar Sandhai ),20.0,21.0,0.1863435,21.186343505978584
2026-08-23,Rajapalayam(Uzhavar Sandhai ),14.5,15.5,1.2675483,16.767548322677612
2026-08-23,Kaveripattinam(Uzhavar Sandhai ),20.0,25.0,-0.9490269,24.050973117351532
2026-08-23,Dharapuram(Uzhavar Sandhai ),12.5,12.5,4.710917,17.210916996002197
2026-08-23,Musiri(Uzhavar Sandhai ),20.0,20.0,0.649913,20.649913012981415
2026-08-23,Melapalayam(Uzhavar Sandhai ),20.5,21.5,-1.0109434,20.48905658721924
2026-08-23,Vellore APMC,23.0,23.0,1.5347109,24.53471088409424
2026-08-23,Thalavaipuram(Uzhavar Sandhai ),14.0,16.0,1.5781,17.578099966049194
2026-08-23,Arani(Uzhavar Sandhai ),17.5,17.5,1.6795211,19.179521083831787
2026-08-23,Katpadi (Uzhavar Sandhai ),22.5,22.5,0.43234256,22.932342559099197
2026-08-23,Coonoor(Uzhavar Sandhai ),22.0,23.0,0.51752734,23.51752734184265
2026-08-23,Singanallur(Uzhavar Sandhai ),17.0,17.0,1.05267,18.052670001983643
2026-08-23,Thammampatti (Uzhavar Sandhai ),15.0,15.0,4.0677004,19.067700386047363
2026-08-23,Medavakkam(Uzhavar Sandhai ),25.0,25.0,0.022300124,25.022300124168396
2026-08-23,Villupuram(Uzhavar Sandhai ),20.0,20.0,0.80109286,20.801092863082886
2026-08-23,Manachanallur(Uzhavar Sandhai ),22.0,24.0,-0.49338648,23.50661352276802
2026-08-23,Karur(Uzhavar Sandhai ),21.5,21.5,0.38267577,21.882675766944885
2026-08-23,Thanjavur(Uzhavar Sandhai ),22.0,22.0,-0.14588109,21.854118913412094
2026-08-23,Periyar Nagar(Uzhavar Sandhai ),22.0,21.0,0.43281636,21.432816356420517
2026-08-23,Thathakapatti(Uzhavar Sandhai ),18.0,18.0,1.314123,19.314123034477234
2026-08-23,Singampunari(Uzhavar Sandhai ),23.0,24.0,-0.69420314,23.30579686164856
2026-08-23,Manapparai(Uzhavar Sandhai ),25.0,25.0,-1.8087112,23.191288828849792
2026-08-23,Kariyapatti(Uzhavar Sandhai ),19.0,19.0,1.4681555,20.46815550327301
2026-08-23,Thalavadi(Uzhavar Sandhai ),14.0,14.0,3.4979062,17.49790620803833
2026-08-23,Muthupettai(Uzhavar Sandhai ),20.0,20.0,1.0313385,21.031338453292847
2026-08-23,Mohanur(Uzhavar Sandhai ),23.0,24.0,0.50095135,24.50095134973526
2026-08-23,Sivagangai (Uzhavar Sandhai ),23.0,24.0,-0.78391945,23.21608054637909
2026-08-23,Devaram(Uzhavar Sandhai ),18.0,18.0,1.2836378,19.283637762069702
2026-08-23,Ponnamaravathi(Uzhavar Sandhai),22.5,22.5,0.22891077,22.72891077399254
2026-08-23,Anna nagar(Uzhavar Sandhai ),20.0,24.0,-1.2197474,22.78025257587433
2026-08-23,Kumarapalayam(Uzhavar Sandhai ),21.0,16.0,5.1142826,21.114282608032227
2026-08-23,Vengamedu(Uzhavar Sandhai ),21.5,21.5,0.5745783,22.074578285217285
2026-08-23,Anna nagar(Uzhavar Sandhai ),24.0,20.0,0.27997553,20.279975533485413
2026-08-23,Polur(Uzhavar Sandhai ),17.5,17.5,1.6346027,19.134602665901184
2026-08-23,Sulur(Uzhavar Sandhai ),17.0,17.0,1.9086384,18.90863835811615
2026-08-23,Viralimalai(Uzhavar Sandhai ),22.5,22.5,-0.35035565,22.14964434504509
2026-08-23,Chengam(Uzhavar Sandhai ),18.0,18.0,1.4256346,19.425634622573853
2026-08-23,Chengam(Uzhavar Sandhai ),18.0,18.0,0.74538386,18.745383858680725
2026-08-23,Sooramangalam(Uzhavar Sandhai ),19.0,19.0,1.7361614,20.73616135120392
2026-08-23,Kumbakonam (Uzhavar Sandhai ),26.0,26.0,-1.3375793,24.662420749664307
2026-08-23,Kulithalai(Uzhavar Sandhai ),22.0,22.0,0.07758905,22.07758904993534
2026-08-23,Mettur(Uzhavar Sandhai ),17.5,17.5,2.4360802,19.93608021736145
2026-08-23,Sivakasi(Uzhavar Sandhai ),22.5,17.5,2.4997654,19.999765396118164
2026-08-23,Avallapalli(Uzhavar Sandhai ),22.5,12.5,5.3600483,17.860048294067383
2026-08-23,Pudukottai(Uzhavar Sandhai ),22.5,22.5,-0.4188261,22.08117389678955
2026-08-23,Velayuthampalayam(Uzhavar Sandhai ),22.0,22.0,0.13060589,22.13060589134693
2026-08-23,Krishnagiri(Uzhavar Sandhai ),12.0,12.5,3.615885,16.115885019302368
2026-08-23,Sunguvarchatram(Uzhavar Sandhai ),25.0,25.0,-1.4893248,23.510675191879272
2026-08-23,Melur(Uzhavar Sandhai ),21.0,22.0,-0.13642181,21.86357818543911
2026-08-23,Kundrathur(Uzhavar Sandhai ),25.0,25.0,-1.49831,23.50169003009796
2026-08-23,Pollachi(Uzhavar Sandhai ),16.5,16.5,2.4563773,18.956377267837524
2026-08-23,Kovilpatti(Uzhavar Sandhai ),17.5,22.5,-0.52540255,21.974597454071045
2026-08-23,Tamarainagar(Uzhavar Sandhai ),18.5,18.5,1.6408991,20.140899062156677
2026-08-23,Kurichi(Uzhavar Sandhai ),16.0,17.0,3.266569,20.266568899154663
2026-08-23,Tenkasi(Uzhavar Sandhai ),15.0,15.0,1.1412956,16.141295552253723
2026-08-23,Keelpennathur(Uzhavar Sandhai ),19.0,19.0,1.1061003,20.10610032081604
2026-08-23,RSPuram(Uzhavar Sandhai ),17.0,17.0,3.0251133,20.025113344192505
2026-08-23,Ramanathapuram(Uzhavar Sandhai ),26.5,27.5,-0.3483448,27.151655197143555
2026-08-23,Denkanikottai(Uzhavar Sandhai ),22.5,13.5,5.2308307,18.730830669403076
2026-08-23,Mettupalayam(Uzhavar Sandhai ),18.0,18.0,1.8631961,19.86319613456726
2026-08-23,Sathiyamagalam(Uzhavar Sandhai ),17.5,17.5,2.6716242,20.171624183654785
2026-08-23,Ranipettai(Uzhavar Sandhai ),20.0,21.5,1.1686735,22.668673515319824
2026-08-23,Dharmapuri(Uzhavar Sandhai ),17.0,19.0,1.190317,20.190317034721375
2026-08-23,Karambakkudi(Uzhavar Sandhai ),27.5,22.5,0.5857101,23.085710108280182
2026-08-23,Thirumangalam(Uzhavar Sandhai ),21.0,22.0,-0.26544124,21.734558761119843
2026-08-23,AJattihalli(Uzhavar Sandhai ),16.5,18.0,1.5205703,19.520570278167725
2026-08-23,Sankarapuram(Uzhavar Sandhai ),20.0,20.0,0.87444973,20.874449729919434
2026-08-23,Perambalur(Uzhavar Sandhai ),27.5,27.5,-0.05146017,27.448539830744267
2026-08-23,Karaikudi(Uzhavar Sandhai ),25.0,26.0,-1.50262,24.497380018234253
2026-08-23,Thuraiyur APMC,22.0,22.0,0.4705926,22.470592588186264
2026-08-23,Mayiladuthurai(Uzhavar Sandhai ),22.5,22.5,-0.19642957,22.303570434451103
2026-08-23,Mannargudi II(Uzhavar Sandhai ),26.0,22.0,-0.61747766,21.382522344589233
2026-08-23,Sankarankoil(Uzhavar Sandhai ),16.5,16.5,1.1528608,17.65286076068878
2026-08-23,Mecheri(Uzhavar Sandhai),17.5,17.5,3.1669154,20.66691541671753
2026-08-23,NGO Colony(Uzhavar Sandhai ),19.0,20.0,-0.741371,19.258629024028778
2026-08-23,Thirupathur APMC,20.0,20.0,1.0053604,21.00536036491394
2026-08-23,Bodinayakanur(Uzhavar Sandhai ),20.0,18.0,0.7408034,18.74080342054367
2026-08-23,Rasipuram(Uzhavar Sandhai ),18.0,20.0,1.3303291,21.330329060554504
2026-08-23,Thiruverumbur(Uzhavar Sandhai ),24.0,24.0,-1.058878,22.94112205505371
2026-08-23,Kangayam(Uzhavar Sandhai ),13.5,14.0,3.3460202,17.346020221710205
2026-08-23,Kandiyaperi(Uzhavar Sandhai ),20.5,20.5,-0.61738497,19.88261502981186
2026-08-23,Devakottai (Uzhavar Sandhai ),23.5,23.5,0.16496633,23.664966329932213
2026-08-23,Attayampatti(Uzhavar Sandhai ),20.0,20.0,1.3796309,21.37963092327118
2026-08-23,Mannargudi I(Uzhavar Sandhai ),26.0,22.0,-0.6281779,21.371822118759155
2026-08-23,Perambakkam(Uzhavar Sandhai ),25.0,25.0,-0.19027628,24.80972371995449
2026-08-23,Periyakulam(Uzhavar Sandhai ),19.0,19.0,0.8018952,19.801895201206207
2026-08-23,Sampath Nagar(Uzhavar Sandhai ),22.0,21.0,0.26497146,21.26497146487236
2026-08-23,Theni(Uzhavar Sandhai ),19.0,19.0,0.8170405,19.817040503025055
2026-08-23,Chengalpet(Uzhavar Sandhai ),22.5,22.5,0.5786934,23.078693389892578
2026-08-23,Anaiyur(Uzhavar Sandhai ),21.0,22.0,-0.11178735,21.888212651014328
2026-08-23,Myladi(Uzhavar Sandhai ),22.5,22.5,0.38566017,22.88566017150879
2026-08-23,Nagapattinam(Uzhavar Sandhai ),32.0,31.0,-1.647054,29.352946043014526
2026-08-23,Chidambaram(Uzhavar Sandhai ),20.0,25.0,-1.3930717,23.60692834854126
2026-08-23,Sathur(Uzhavar Sandhai ),19.0,19.0,0.92033356,19.920333564281464
2026-08-23,Kancheepuram(Uzhavar Sandhai ),24.0,21.0,0.5965847,21.596584677696228
2026-08-23,Aranthangi(Uzhavar Sandhai ),22.5,22.5,0.15371847,22.6537184715271
2026-08-23,Karimangalam(Uzhavar Sandhai),19.0,19.0,1.9266448,20.926644802093506
2026-08-24,Sooramangalam(Uzhavar Sandhai ),19.0,19.0,2.2445784,21.24457836151123
2026-08-24,Palanganatham(Uzhavar Sandhai ),21.0,21.0,-0.25590733,20.744092673063278
2026-08-24,Panruti(Uzhavar Sandhai ),20.0,20.0,0.83564794,20.83564794063568
2026-08-24,Devakottai (Uzhavar Sandhai ),23.5,23.5,-0.0404902,23.459509801119566
2026-08-24,Athur(Uzhavar Sandhai ),17.5,20.0,0.6346097,20.634609699249268
2026-08-24,Vazhapadi(Uzhavar Sandhai),17.0,17.5,1.5624661,19.062466144561768
2026-08-24,Aruppukottai(Uzhavar Sandhai ),17.5,19.0,1.0534319,20.05343186855316
2026-08-24,Sampath Nagar(Uzhavar Sandhai ),21.0,22.0,0.6766702,22.67667019367218
2026-08-24,Bodinayakanur(Uzhavar Sandhai ),20.0,20.0,-0.50140995,19.498590052127838
2026-08-24,Mecheri(Uzhavar Sandhai),17.5,17.5,1.8789017,19.378901720046997
2026-08-24,Gudalur(Uzhavar Sandhai ),21.0,21.5,0.8946557,22.39465570449829
2026-08-24,Usilampatti(Uzhavar Sandhai ),21.0,21.0,-0.18157303,20.818426966667175
2026-08-24,Aranthangi(Uzhavar Sandhai ),22.5,22.5,-0.530746,21.96925401687622
2026-08-24,Viralimalai(Uzhavar Sandhai ),17.5,22.5,-0.9135239,21.58647608757019
2026-08-24,Ulundurpettai APMC,18.0,18.0,2.6969185,20.696918487548828
2026-08-24,Melur(Uzhavar Sandhai ),21.0,21.0,-0.18469833,20.815301671624184
2026-08-24,Pudukottai(Uzhavar Sandhai ),22.5,22.5,-0.5155124,21.98448759317398
2026-08-24,Mayiladuthurai(Uzhavar Sandhai ),27.5,22.5,0.24512321,22.745123207569122
2026-08-24,Gudiyatham(Uzhavar Sandhai ),15.0,16.0,1.5434077,17.543407678604126
2026-08-24,Kundrathur(Uzhavar Sandhai ),23.0,25.0,-1.6341333,23.365866661071777
2026-08-24,Vedaranyam(Uzhavar Sandhai),33.5,27.0,2.426053,29.426053047180176
2026-08-24,Kumbakonam (Uzhavar Sandhai ),26.0,26.0,-1.4364289,24.563571095466614
2026-08-24,Anna nagar(Uzhavar Sandhai ),22.0,24.0,-1.221189,22.77881097793579
2026-08-24,Sivakasi(Uzhavar Sandhai ),27.5,22.5,-0.28300875,22.216991245746613
2026-08-24,Vaniyampadi(Uzhavar Sandhai ),25.0,20.0,0.84517574,20.845175743103027
2026-08-24,Elampillai(Uzhavar Sandhai ),18.0,18.0,1.4506834,19.45068335533142
2026-08-24,Chengalpet(Uzhavar Sandhai ),22.5,22.5,-0.2950774,22.20492258667946
2026-08-24,Kurichi(Uzhavar Sandhai ),16.0,16.0,2.2019203,18.2019202709198
2026-08-24,Sathiyamagalam(Uzhavar Sandhai ),17.5,17.5,2.4249852,19.92498517036438
2026-08-24,Arani(Uzhavar Sandhai ),14.0,17.5,1.6583546,19.15835464000702
2026-08-24,Mannargudi I(Uzhavar Sandhai ),24.0,26.0,-2.9209769,23.079023122787476
2026-08-24,Singanallur(Uzhavar Sandhai ),17.0,17.0,2.300047,19.300046920776367
2026-08-24,Medavakkam(Uzhavar Sandhai ),25.0,25.0,-0.6342146,24.36578541994095
2026-08-24,Devaram(Uzhavar Sandhai ),18.0,18.0,0.2416141,18.24161410331726
2026-08-24,Gandhigramam(Uzhavar Sandhai),21.0,23.0,-0.966376,22.03362399339676
2026-08-24,Valangaiman APMC,20.0,22.0,-0.9147099,21.08529007434845
2026-08-24,Ranipettai(Uzhavar Sandhai ),21.5,20.0,1.3087912,21.308791160583496
2026-08-24,Vadavalli(Uzhavar Sandhai ),18.0,17.5,1.984218,19.48421800136566
2026-08-24,Sathur(Uzhavar Sandhai ),22.5,19.0,0.8837863,19.88378632068634
2026-08-24,Manachanallur(Uzhavar Sandhai ),22.0,22.0,-0.5111278,21.488872170448303
2026-08-24,Chokkikulam(Uzhavar Sandhai ),21.0,21.0,-0.2774574,20.722542613744736
2026-08-24,Gingee(Uzhavar Sandhai ),20.0,20.0,1.9802759,21.980275869369507
2026-08-24,Singampunari(Uzhavar Sandhai ),23.0,23.0,-0.5214017,22.478598296642303
2026-08-24,Ramanathapuram(Uzhavar Sandhai ),27.5,26.5,-0.4159835,26.084016501903534
2026-08-24,Manapparai(Uzhavar Sandhai ),22.0,25.0,-2.1843824,22.815617561340332
2026-08-24,Pallavaram(Uzhavar Sandhai ),22.5,22.5,-0.27891728,22.221082717180252
2026-08-24,Villupuram(Uzhavar Sandhai ),20.0,20.0,0.60084164,20.600841641426086
2026-08-24,Rasipuram(Uzhavar Sandhai ),20.0,18.0,1.9748548,19.974854826927185
2026-08-24,Pallikonda(Uzhavar Sandhai),21.0,23.0,-0.82467943,22.17532056570053
2026-08-24,Edapadi (Uzhavar Sandhai ),21.0,21.0,-0.69658875,20.30341124534607
2026-08-24,Sivagangai (Uzhavar Sandhai ),23.0,23.0,-0.5350366,22.464963376522064
2026-08-24,Pallapatti (Uzhavar Sandhai ),19.0,19.0,0.69892603,19.698926031589508
2026-08-24,Palladam(Uzhavar Sandhai ),14.0,14.0,3.622483,17.622483015060425
2026-08-24,RSPuram(Uzhavar Sandhai ),19.0,17.0,1.8024529,18.80245292186737
2026-08-24,Palayamkottai(Uzhavar Sandhai ),19.0,17.0,0.46128097,17.461280971765518
2026-08-24,Mannargudi II(Uzhavar Sandhai ),24.0,26.0,-2.9687984,23.031201601028442
2026-08-24,Vadalur(Uzhavar Sandhai ),25.0,25.0,-1.3584425,23.641557455062866
2026-08-24,Lalgudi(Uzhavar Sandhai ),24.0,24.0,-0.9214494,23.078550577163696
2026-08-24,Palani(Uzhavar Sandhai ),12.0,12.5,3.4367456,15.936745643615723
2026-08-24,Sirkali(Uzhavar Sandhai ),22.5,22.5,-0.3405112,22.159488797187805
2026-08-24,Vandavasi(Uzhavar Sandhai ),13.0,18.0,1.4110298,19.411029815673828
2026-08-24,Vadaseri APMC,23.5,23.5,0.6003659,24.10036587715149
2026-08-24,Gobichettipalayam(Uzhavar Sandhai ),23.0,19.0,1.9789039,20.978903889656067
2026-08-24,Madhuranthagam(Uzhavar Sandhai ),20.0,20.0,0.7967788,20.796778798103333
2026-08-24,Sankarapuram(Uzhavar Sandhai ),20.0,20.0,0.57193255,20.571932554244995
2026-08-24,Alangudi(Uzhavar Sandhai ),22.5,22.5,-0.59278905,21.90721094608307
2026-08-24,Rajapalayam(Uzhavar Sandhai ),16.5,14.5,1.5088544,16.008854389190674
2026-08-24,Melapalayam(Uzhavar Sandhai ),22.5,20.5,-0.7851793,19.714820683002472
2026-08-24,Gandarvakottai(Uzhavar Sandhai ),22.5,22.5,-0.59278905,21.90721094608307
2026-08-24,Sankarankoil(Uzhavar Sandhai ),16.5,16.5,0.8030114,17.303011417388916
2026-08-24,Velayuthampalayam(Uzhavar Sandhai ),19.5,22.0,0.01720446,22.017204459756613
2026-08-24,Ponnamaravathi(Uzhavar Sandhai),22.5,22.5,0.046696227,22.546696227043867
2026-08-24,Peravurani(Uzhavar Sandhai),25.0,25.0,-0.9981211,24.001878917217255
2026-08-24,Ariyalur(Uzhavar Sandhai),24.0,26.0,-1.5603935,24.439606547355652
2026-08-24,Pattukottai(Uzhavar Sandhai ),26.0,26.0,-1.0004078,24.999592185020447
2026-08-24,Myladi(Uzhavar Sandhai ),23.5,22.5,0.48025736,22.980257362127304
2026-08-24,Tiruppur (North) (Uzhavar Sandhai ),15.0,14.0,2.1325233,16.13252329826355
2026-08-24,Kahithapattarai(Uzhavar Sandhai ),20.0,20.0,0.26430577,20.264305770397186
2026-08-24,Karimangalam(Uzhavar Sandhai),19.0,19.0,0.8846459,19.884645879268646
2026-08-24,Chidambaram(Uzhavar Sandhai ),20.0,20.0,1.0006772,21.000677227973938
2026-08-24,Tiruppur (South) (Uzhavar Sandhai ),13.0,13.0,2.9592683,15.95926833152771
2026-08-24,Anaiyur(Uzhavar Sandhai ),21.0,21.0,-0.05313232,20.946867678314447
2026-08-24,Theni(Uzhavar Sandhai ),19.0,19.0,0.11720932,19.11720932275057
2026-08-24,Thirukalukundram(Uzhavar Sandhai ),23.5,25.0,-1.7628092,23.23719084262848
2026-08-24,Tiruthani(Uzhavar Sandhai ),20.0,20.0,0.2580147,20.2580147087574
2026-08-24,Periyakulam(Uzhavar Sandhai ),19.0,19.0,0.3446217,19.344621688127518
2026-08-24,Muthupettai(Uzhavar Sandhai ),22.0,20.0,0.74235976,20.7423597574234
2026-08-24,Naravarikuppam(Uzhavar Sandhai ),25.0,20.0,0.33299783,20.332997828722
2026-08-24,Kariyapatti(Uzhavar Sandhai ),19.0,19.0,1.1086866,20.108686566352844
2026-08-24,Thathakapatti(Uzhavar Sandhai ),18.0,18.0,1.947461,19.947461009025574
2026-08-24,Jeyankondam (Uzhavar Sandhai ),22.5,22.5,-0.7899575,21.710042476654053
2026-08-24,Thanjavur(Uzhavar Sandhai ),22.0,22.0,-0.23933846,21.76066154241562
2026-08-24,Vedasanthur(Uzhavar Sandhai ),13.0,12.5,3.6793222,16.179322242736816
2026-08-24,Periyar Nagar(Uzhavar Sandhai ),21.0,22.0,0.7877743,22.787774324417114
2026-08-24,Karur(Uzhavar Sandhai ),19.5,21.5,0.15826476,21.658264756202698
2026-08-24,Natrampalli(Uzhavar Sandhai ),17.5,17.5,1.3788439,18.878843903541565
2026-08-24,KKNagar(Uzhavar Sandhai ),22.0,24.0,-1.060934,22.93906605243683
2026-08-24,Karambakkudi(Uzhavar Sandhai ),22.5,27.5,-1.8299654,25.670034646987915
2026-08-24,Thirumangalam(Uzhavar Sandhai ),21.0,21.0,-0.345863,20.65413698554039
2026-08-24,Karaikudi(Uzhavar Sandhai ),25.0,25.0,-1.1299837,23.87001633644104
2026-08-24,Perambakkam(Uzhavar Sandhai ),25.0,25.0,-0.7872016,24.212798416614532
2026-08-24,Nagapattinam(Uzhavar Sandhai ),32.5,32.0,-2.1888285,29.811171531677246
2026-08-24,Tindivanam APMC,18.0,18.0,1.8355126,19.83551263809204
2026-08-24,Pennagaram(Uzhavar Sandhai ),19.0,17.0,1.1346182,18.134618163108826
2026-08-24,Ammapet(Uzhavar Sandhai ),19.0,19.0,1.4101064,20.410106420516968
2026-08-24,Kancheepuram(Uzhavar Sandhai ),21.5,24.0,-0.7128881,23.28711187839508
2026-08-24,Thuraiyur APMC,22.0,22.0,-0.39815152,21.601848483085632
2026-08-24,Kamuthi(Uzhavar Sandhai ),32.5,32.5,-2.5108993,29.989100694656372
2026-08-24,Dharmapuri(Uzhavar Sandhai ),17.5,17.0,0.8669593,17.866959273815155
2026-08-24,AJattihalli(Uzhavar Sandhai ),16.5,16.5,0.781009,17.281009018421173
2026-08-24,Perambalur(Uzhavar Sandhai ),26.5,27.5,-0.7518832,26.74811679124832
2026-08-24,Kandiyaperi(Uzhavar Sandhai ),22.5,20.5,-0.43662143,20.06337857246399
2026-08-24,Virudhunagar(Uzhavar Sandhai ),18.5,19.0,0.04455707,19.044557068496943
2026-08-24,Tiruchengode APMC,22.0,22.0,0.043361735,22.043361734598875
2026-08-24,Kambam(Uzhavar Sandhai ),20.0,18.0,0.5059696,18.50596958398819
2026-08-24,Thiruverumbur(Uzhavar Sandhai ),22.0,24.0,-1.1925259,22.80747413635254
2026-08-24,Attayampatti(Uzhavar Sandhai ),19.0,20.0,1.2761506,21.276150584220886
2026-08-24,Kangayam(Uzhavar Sandhai ),13.0,13.5,3.8151236,17.315123558044434
2026-08-24,Tirukattupalli(Uzhavar Sandhai ),22.0,24.0,-0.9429443,23.057055711746216
2026-08-24,Thirupathur APMC,20.0,20.0,-0.16173722,19.838262781500816
2026-08-24,Perampet(Uzhavar Sandhai),18.0,17.0,1.7630113,18.7630113363266
2026-08-24,NGO Colony(Uzhavar Sandhai ),22.5,19.0,-0.09198458,18.90801542252302
2026-08-24,Nanganallur(Uzhavar Sandhai ),22.5,22.5,0.39210072,22.89210072159767
2026-08-24,Tirupatthur(Uzhavar Sandhai ),23.5,23.5,0.037366427,23.537366427481174
2026-08-24,Kallakurichi(Uzhavar Sandhai ),25.0,22.5,-0.6438402,21.856159806251526
2026-08-24,Paruthipattu(Uzhavar Sandhai ),25.0,25.0,-1.1379863,23.862013697624207
2026-08-24,Mettupalayam(Uzhavar Sandhai ),17.5,18.0,1.2626029,19.262602925300598
2026-08-24,Cuddalore(Uzhavar Sandhai ),20.0,20.0,0.22419402,20.224194020032883
2026-08-24,Denkanikottai(Uzhavar Sandhai ),17.5,22.5,-0.29770443,22.202295571565628
2026-08-24,Paramakudi(Uzhavar Sandhai ),27.5,22.5,0.73203015,23.232030153274536
2026-08-24,Pollachi(Uzhavar Sandhai ),16.5,16.5,2.6967535,19.19675350189209
2026-08-24,Kovilpatti(Uzhavar Sandhai ),13.5,17.5,-0.40862355,17.091376453638077
2026-08-24,Sunguvarchatram(Uzhavar Sandhai ),23.0,25.0,-1.6251482,23.37485182285309
2026-08-24,Krishnagiri(Uzhavar Sandhai ),12.0,12.0,2.4562905,14.456290483474731
2026-08-24,Sundarapuram(Uzhavar Sandhai ),16.0,16.0,2.0510168,18.051016807556152
2026-08-24,Udhagamandalam(Uzhavar Sandhai ),21.5,21.5,0.7016541,22.201654076576233
2026-08-24,Avallapalli(Uzhavar Sandhai ),17.5,22.5,-0.46672043,22.033279567956924
2026-08-24,Mettur(Uzhavar Sandhai ),17.5,17.5,1.5694164,19.069416403770447
2026-08-24,Dindigul(Uzhavar Sandhai ),19.0,22.0,-0.8381825,21.161817491054535
2026-08-24,Kulithalai(Uzhavar Sandhai ),19.0,22.0,-0.12546197,21.87453803420067
2026-08-24,Padappai(Uzhavar Sandhai ),20.0,21.5,0.33773986,21.83773985505104
2026-08-24,Chinnamanur(Uzhavar Sandhai ),18.0,18.0,0.52264696,18.522646963596344
2026-08-24,Chengam(Uzhavar Sandhai ),18.0,18.0,0.22703178,18.227031782269478
2026-08-24,Palacode(Uzhavar Sandhai ),16.5,19.0,1.2417443,20.24174427986145
2026-08-24,Sulur(Uzhavar Sandhai ),17.0,17.0,2.6038985,19.603898525238037
2026-08-24,Srivilliputhur(Uzhavar Sandhai ),18.5,17.5,2.0069335,19.506933450698853
2026-08-24,Polur(Uzhavar Sandhai ),17.5,17.5,2.3310027,19.831002712249756
2026-08-24,Udumalpet APMC,16.5,19.0,0.798172,19.798171997070312
2026-08-24,Papanasam(Uzhavar Sandhai ),26.0,26.0,-1.4765015,24.52349853515625
2026-08-24,Vengamedu(Uzhavar Sandhai ),19.5,21.5,-0.04692741,21.45307258889079
2026-08-24,Ambasamudram(Uzhavar Sandhai ),18.5,21.5,-0.063614056,21.436385944485664
2026-08-24,Kumarapalayam(Uzhavar Sandhai ),22.5,21.0,-0.3251778,20.674822211265564
2026-08-24,Guduvancheri(Uzhavar Sandhai ),22.5,22.5,-0.20052797,22.29947203397751
2026-08-24,Harur(Uzhavar Sandhai ),17.5,17.5,1.0129358,18.512935757637024
2026-08-24,Hasthampatti(Uzhavar Sandhai ),19.0,19.0,1.171923,20.17192304134369
2026-08-24,Tuticorin(Uzhavar Sandhai ),17.5,17.5,0.84030086,18.340300858020782
2026-08-24,Tamarainagar(Uzhavar Sandhai ),18.5,18.5,0.9608159,19.460815906524658
2026-08-24,Coonoor(Uzhavar Sandhai ),22.0,22.0,0.8163264,22.816326379776
2026-08-24,Tiruvallur(Uzhavar Sandhai ),25.0,25.0,-0.40071124,24.599288761615753
2026-08-24,Katpadi (Uzhavar Sandhai ),19.0,22.5,-0.71651316,21.78348684310913
2026-08-24,Thalavaipuram(Uzhavar Sandhai ),14.5,14.0,2.0642452,16.064245223999023
2026-08-24,Chinnalapatti(Uzhavar Sandhai ),20.0,22.0,-0.2588874,21.74111258983612
2026-08-24,Jameenrayapettai(Uzhavar Sandhai ),22.5,22.5,-0.39467904,22.10532096028328
2026-08-24,Musiri(Uzhavar Sandhai ),22.0,20.0,0.4005669,20.400566905736923
2026-08-24,Vellore APMC,21.0,23.0,-0.5779597,22.422040283679962
2026-08-24,Dharapuram(Uzhavar Sandhai ),12.5,12.5,4.1679754,16.667975425720215
2026-08-24,Tiruvannamalai(Uzhavar Sandhai ),18.0,18.0,2.073166,20.073165893554688
2026-08-24,Ambattur(Uzhavar Sandhai ),25.0,20.0,0.49447992,20.494479924440384
2026-08-24,Perundurai(Uzhavar Sandhai ),20.0,20.0,1.0483843,21.048384308815002
2026-08-24,Kaveripattinam(Uzhavar Sandhai ),20.0,20.0,1.3806039,21.380603909492493
2026-08-24,Jalagandapuram(Uzhavar Sandhai ),18.0,18.0,0.48186114,18.481861144304276
2026-08-24,Cheyyar(Uzhavar Sandhai ),17.0,17.5,1.4940239,18.99402391910553
2026-08-24,Needamangalam(Uzhavar Sandhai ),22.0,20.0,0.4788037,20.4788036942482
2026-08-24,Paramathivelur(Uzhavar Sandhai ),23.5,22.5,-0.18000379,22.3199962079525
2026-08-24,Arcot(Uzhavar Sandhai ),20.0,24.0,0.697703,24.697703003883362
2026-08-24,Andipatti(Uzhavar Sandhai ),19.0,19.0,0.11444984,19.114449836313725
2026-08-24,Thalavadi(Uzhavar Sandhai ),14.0,14.0,3.2246702,17.22467017173767
2026-08-24,Mohanur(Uzhavar Sandhai ),26.0,23.0,-0.37808186,22.62191814184189
2026-08-24,Tiruvarur(Uzhavar Sandhai ),20.0,22.0,-0.71037674,21.289623260498047
2026-08-24,Hosur(Uzhavar Sandhai ),17.5,17.5,0.4691632,17.969163209199905
2026-08-24,Keelpennathur(Uzhavar Sandhai ),19.0,19.0,0.68898445,19.68898445367813
2026-08-24,Tenkasi(Uzhavar Sandhai ),15.0,15.0,1.9343458,16.934345841407776
2026-08-24,Thammampatti (Uzhavar Sandhai ),15.0,15.0,2.4569218,17.456921815872192
2026-08-24,Viruthachalam(Uzhavar Sandhai ),40.0,25.0,0.7245095,25.724509477615356
