Arrival Date,Market,Actual Demand Direction,Predicted Demand Direction,Prediction Confidence
2026-06-29,AJattihalli(Uzhavar Sandhai ),DECREASING,STABLE,64.53
2026-06-30,AJattihalli(Uzhavar Sandhai ),INCREASING,STABLE,63.25
2026-07-01,AJattihalli(Uzhavar Sandhai ),STABLE,STABLE,61.33
2026-07-02,AJattihalli(Uzhavar Sandhai ),STABLE,STABLE,60.99
2026-07-04,AJattihalli(Uzhavar Sandhai ),STABLE,STABLE,60.24
2026-07-05,AJattihalli(Uzhavar Sandhai ),DECREASING,STABLE,53.93
2026-07-06,AJattihalli(Uzhavar Sandhai ),INCREASING,STABLE,41.77
2026-07-07,AJattihalli(Uzhavar Sandhai ),INCREASING,STABLE,58.07
2026-07-08,AJattihalli(Uzhavar Sandhai ),INCREASING,STABLE,64.56
2026-07-09,AJattihalli(Uzhavar Sandhai ),DECREASING,STABLE,71.55
2026-07-10,AJattihalli(Uzhavar Sandhai ),DECREASING,STABLE,66.94
2026-07-11,AJattihalli(Uzhavar Sandhai ),INCREASING,STABLE,45.8
2026-07-12,AJattihalli(Uzhavar Sandhai ),DECREASING,STABLE,59.63
2026-07-13,AJattihalli(Uzhavar Sandhai ),STABLE,STABLE,45.97
2026-07-14,AJattihalli(Uzhavar Sandhai ),INCREASING,STABLE,45.3
2026-07-15,AJattihalli(Uzhavar Sandhai ),STABLE,STABLE,67.01
2026-07-16,AJattihalli(Uzhavar Sandhai ),STABLE,STABLE,65.18
2026-07-17,AJattihalli(Uzhavar Sandhai ),STABLE,STABLE,64.75
2026-07-18,AJattihalli(Uzhavar Sandhai ),STABLE,STABLE,64.39
2026-07-19,AJattihalli(Uzhavar Sandhai ),STABLE,STABLE,60.38
2026-07-20,AJattihalli(Uzhavar Sandhai ),STABLE,STABLE,65.38
2026-07-21,AJattihalli(Uzhavar Sandhai ),STABLE,STABLE,64.38
2026-07-22,AJattihalli(Uzhavar Sandhai ),STABLE,STABLE,68.23
2026-07-23,AJattihalli(Uzhavar Sandhai ),INCREASING,STABLE,62.08
2026-07-24,AJattihalli(Uzhavar Sandhai ),STABLE,STABLE,60.41
2026-07-25,AJattihalli(Uzhavar Sandhai ),DECREASING,STABLE,64.44
2026-07-26,AJattihalli(Uzhavar Sandhai ),DECREASING,STABLE,52.49
2026-07-27,AJattihalli(Uzhavar Sandhai ),INCREASING,INCREASING,42.42
2026-07-28,AJattihalli(Uzhavar Sandhai ),DECREASING,STABLE,63.88
2026-07-29,AJattihalli(Uzhavar Sandhai ),STABLE,STABLE,43.83
2026-07-30,AJattihalli(Uzhavar Sandhai ),INCREASING,STABLE,54.09
2026-07-31,AJattihalli(Uzhavar Sandhai ),INCREASING,STABLE,63.13
2026-08-01,AJattihalli(Uzhavar Sandhai ),INCREASING,STABLE,59.35
2026-08-02,AJattihalli(Uzhavar Sandhai ),STABLE,STABLE,55.29
2026-08-03,AJattihalli(Uzhavar Sandhai ),STABLE,STABLE,62.4
2026-08-04,AJattihalli(Uzhavar Sandhai ),STABLE,STABLE,61.96
2026-08-05,AJattihalli(Uzhavar Sandhai ),STABLE,STABLE,63.08
2026-08-06,AJattihalli(Uzhavar Sandhai ),STABLE,STABLE,63.24
2026-08-07,AJattihalli(Uzhavar Sandhai ),STABLE,STABLE,60.98
2026-08-08,AJattihalli(Uzhavar Sandhai ),STABLE,STABLE,57.64
2026-08-09,AJattihalli(Uzhavar Sandhai ),STABLE,STABLE,60.64
2026-08-10,AJattihalli(Uzhavar Sandhai ),DECREASING,STABLE,73.56
2026-08-11,AJattihalli(Uzhavar Sandhai ),STABLE,STABLE,68.28
2026-08-12,AJattihalli(Uzhavar Sandhai ),STABLE,STABLE,69.9
2026-08-13,AJattihalli(Uzhavar Sandhai ),INCREASING,STABLE,53.16
2026-08-14,AJattihalli(Uzhavar Sandhai ),DECREASING,STABLE,73.06
2026-08-15,AJattihalli(Uzhavar Sandhai ),STABLE,STABLE,69.49
2026-08-16,AJattihalli(Uzhavar Sandhai ),DECREASING,STABLE,64.01
2026-08-17,AJattihalli(Uzhavar Sandhai ),STABLE,STABLE,65.16
2026-08-18,AJattihalli(Uzhavar Sandhai ),INCREASING,STABLE,64.02
2026-08-19,AJattihalli(Uzhavar Sandhai ),INCREASING,STABLE,68.32
2026-08-20,AJattihalli(Uzhavar Sandhai ),DECREASING,STABLE,69.41
2026-08-21,AJattihalli(Uzhavar Sandhai ),STABLE,STABLE,64.18
2026-08-22,AJattihalli(Uzhavar Sandhai ),DECREASING,STABLE,67.31
2026-08-23,AJattihalli(Uzhavar Sandhai ),STABLE,STABLE,55.55
2026-06-29,Alangudi(Uzhavar Sandhai ),STABLE,STABLE,79.1
2026-06-30,Alangudi(Uzhavar Sandhai ),INCREASING,STABLE,78.06
2026-07-01,Alangudi(Uzhavar Sandhai ),STABLE,STABLE,78.91
2026-07-02,Alangudi(Uzhavar Sandhai ),DECREASING,STABLE,77.88
2026-07-03,Alangudi(Uzhavar Sandhai ),STABLE,STABLE,77.33
2026-07-04,Alangudi(Uzhavar Sandhai ),INCREASING,STABLE,77.6
2026-07-05,Alangudi(Uzhavar Sandhai ),STABLE,STABLE,78.54
2026-07-06,Alangudi(Uzhavar Sandhai ),STABLE,STABLE,80.13
2026-07-07,Alangudi(Uzhavar Sandhai ),STABLE,STABLE,79.16
2026-07-08,Alangudi(Uzhavar Sandhai ),STABLE,STABLE,78.98
2026-07-09,Alangudi(Uzhavar Sandhai ),DECREASING,STABLE,78.8
2026-07-10,Alangudi(Uzhavar Sandhai ),STABLE,STABLE,77.52
2026-07-11,Alangudi(Uzhavar Sandhai ),INCREASING,STABLE,77.95
2026-07-12,Alangudi(Uzhavar Sandhai ),STABLE,STABLE,78.48
2026-07-13,Alangudi(Uzhavar Sandhai ),STABLE,STABLE,79.42
2026-07-14,Alangudi(Uzhavar Sandhai ),STABLE,STABLE,78.14
2026-07-15,Alangudi(Uzhavar Sandhai ),STABLE,STABLE,79.26
2026-07-16,Alangudi(Uzhavar Sandhai ),DECREASING,STABLE,79.35
2026-07-17,Alangudi(Uzhavar Sandhai ),STABLE,STABLE,78.05
2026-07-18,Alangudi(Uzhavar Sandhai ),STABLE,STABLE,78.6
2026-07-19,Alangudi(Uzhavar Sandhai ),STABLE,STABLE,77.26
2026-07-20,Alangudi(Uzhavar Sandhai ),STABLE,STABLE,79.16
2026-07-21,Alangudi(Uzhavar Sandhai ),STABLE,STABLE,78.4
2026-07-22,Alangudi(Uzhavar Sandhai ),STABLE,STABLE,77.62
2026-07-23,Alangudi(Uzhavar Sandhai ),STABLE,STABLE,77.17
2026-07-24,Alangudi(Uzhavar Sandhai ),STABLE,STABLE,76.78
2026-07-25,Alangudi(Uzhavar Sandhai ),STABLE,STABLE,77.38
2026-07-26,Alangudi(Uzhavar Sandhai ),STABLE,STABLE,77.54
2026-07-27,Alangudi(Uzhavar Sandhai ),STABLE,STABLE,79.25
2026-07-28,Alangudi(Uzhavar Sandhai ),STABLE,STABLE,78.31
2026-07-29,Alangudi(Uzhavar Sandhai ),STABLE,STABLE,78.29
2026-07-30,Alangudi(Uzhavar Sandhai ),DECREASING,STABLE,77.12
2026-07-31,Alangudi(Uzhavar Sandhai ),STABLE,STABLE,74.55
2026-08-01,Alangudi(Uzhavar Sandhai ),STABLE,STABLE,77.65
2026-08-02,Alangudi(Uzhavar Sandhai ),STABLE,STABLE,77.44
2026-08-03,Alangudi(Uzhavar Sandhai ),STABLE,STABLE,79.25
2026-08-04,Alangudi(Uzhavar Sandhai ),STABLE,STABLE,78.5
2026-08-05,Alangudi(Uzhavar Sandhai ),STABLE,STABLE,78.52
2026-08-06,Alangudi(Uzhavar Sandhai ),STABLE,STABLE,77.64
2026-08-07,Alangudi(Uzhavar Sandhai ),STABLE,STABLE,77.21
2026-08-08,Alangudi(Uzhavar Sandhai ),STABLE,STABLE,77.64
2026-08-09,Alangudi(Uzhavar Sandhai ),STABLE,STABLE,77.77
2026-08-10,Alangudi(Uzhavar Sandhai ),INCREASING,STABLE,79.15
2026-08-11,Alangudi(Uzhavar Sandhai ),STABLE,STABLE,79.98
2026-08-12,Alangudi(Uzhavar Sandhai ),STABLE,STABLE,78.66
2026-08-13,Alangudi(Uzhavar Sandhai ),STABLE,STABLE,77.96
2026-08-14,Alangudi(Uzhavar Sandhai ),STABLE,STABLE,77.29
2026-08-15,Alangudi(Uzhavar Sandhai ),STABLE,STABLE,77.62
2026-08-16,Alangudi(Uzhavar Sandhai ),STABLE,STABLE,77.41
2026-08-17,Alangudi(Uzhavar Sandhai ),STABLE,STABLE,79.58
2026-08-18,Alangudi(Uzhavar Sandhai ),STABLE,STABLE,78.13
2026-08-19,Alangudi(Uzhavar Sandhai ),STABLE,STABLE,78.01
2026-08-20,Alangudi(Uzhavar Sandhai ),STABLE,STABLE,77.09
2026-08-21,Alangudi(Uzhavar Sandhai ),STABLE,STABLE,76.88
2026-08-22,Alangudi(Uzhavar Sandhai ),DECREASING,STABLE,76.68
2026-08-23,Alangudi(Uzhavar Sandhai ),STABLE,STABLE,73.93
2026-06-29,Ambasamudram(Uzhavar Sandhai ),DECREASING,STABLE,60.96
2026-06-30,Ambasamudram(Uzhavar Sandhai ),STABLE,INCREASING,67.17
2026-07-01,Ambasamudram(Uzhavar Sandhai ),INCREASING,INCREASING,68.55
2026-07-02,Ambasamudram(Uzhavar Sandhai ),DECREASING,STABLE,69.4
2026-07-03,Ambasamudram(Uzhavar Sandhai ),INCREASING,INCREASING,69.83
2026-07-04,Ambasamudram(Uzhavar Sandhai ),DECREASING,STABLE,75.65
2026-07-05,Ambasamudram(Uzhavar Sandhai ),INCREASING,INCREASING,69.74
2026-07-06,Ambasamudram(Uzhavar Sandhai ),DECREASING,STABLE,76.1
2026-07-07,Ambasamudram(Uzhavar Sandhai ),STABLE,INCREASING,65.35
2026-07-08,Ambasamudram(Uzhavar Sandhai ),STABLE,INCREASING,70.72
2026-07-09,Ambasamudram(Uzhavar Sandhai ),INCREASING,INCREASING,71.36
2026-07-10,Ambasamudram(Uzhavar Sandhai ),INCREASING,STABLE,81.61
2026-07-11,Ambasamudram(Uzhavar Sandhai ),DECREASING,STABLE,55.38
2026-07-12,Ambasamudram(Uzhavar Sandhai ),STABLE,STABLE,79.06
2026-07-13,Ambasamudram(Uzhavar Sandhai ),STABLE,STABLE,77.5
2026-07-14,Ambasamudram(Uzhavar Sandhai ),INCREASING,STABLE,78.07
2026-07-16,Ambasamudram(Uzhavar Sandhai ),DECREASING,STABLE,47.31
2026-07-17,Ambasamudram(Uzhavar Sandhai ),INCREASING,STABLE,78.9
2026-07-18,Ambasamudram(Uzhavar Sandhai ),DECREASING,STABLE,49.88
2026-07-19,Ambasamudram(Uzhavar Sandhai ),DECREASING,STABLE,76.24
2026-07-20,Ambasamudram(Uzhavar Sandhai ),INCREASING,STABLE,76.81
2026-07-21,Ambasamudram(Uzhavar Sandhai ),INCREASING,STABLE,70.83
2026-07-22,Ambasamudram(Uzhavar Sandhai ),DECREASING,STABLE,53.15
2026-07-23,Ambasamudram(Uzhavar Sandhai ),STABLE,STABLE,79.41
2026-07-24,Ambasamudram(Uzhavar Sandhai ),INCREASING,STABLE,78.61
2026-07-25,Ambasamudram(Uzhavar Sandhai ),DECREASING,STABLE,49.53
2026-07-26,Ambasamudram(Uzhavar Sandhai ),DECREASING,STABLE,68.08
2026-07-27,Ambasamudram(Uzhavar Sandhai ),INCREASING,STABLE,78.5
2026-07-28,Ambasamudram(Uzhavar Sandhai ),DECREASING,STABLE,68.76
2026-07-29,Ambasamudram(Uzhavar Sandhai ),INCREASING,STABLE,77.33
2026-07-30,Ambasamudram(Uzhavar Sandhai ),DECREASING,STABLE,48.7
2026-07-31,Ambasamudram(Uzhavar Sandhai ),INCREASING,STABLE,76.11
2026-08-01,Ambasamudram(Uzhavar Sandhai ),DECREASING,STABLE,49.01
2026-08-02,Ambasamudram(Uzhavar Sandhai ),INCREASING,STABLE,75.24
2026-08-03,Ambasamudram(Uzhavar Sandhai ),DECREASING,STABLE,70.7
2026-08-04,Ambasamudram(Uzhavar Sandhai ),INCREASING,STABLE,77.61
2026-08-05,Ambasamudram(Uzhavar Sandhai ),INCREASING,STABLE,71.35
2026-08-06,Ambasamudram(Uzhavar Sandhai ),DECREASING,STABLE,54.36
2026-08-07,Ambasamudram(Uzhavar Sandhai ),INCREASING,STABLE,69.14
2026-08-08,Ambasamudram(Uzhavar Sandhai ),DECREASING,STABLE,49.2
2026-08-09,Ambasamudram(Uzhavar Sandhai ),INCREASING,STABLE,80.26
2026-08-10,Ambasamudram(Uzhavar Sandhai ),STABLE,STABLE,73.39
2026-08-11,Ambasamudram(Uzhavar Sandhai ),DECREASING,STABLE,69.55
2026-08-12,Ambasamudram(Uzhavar Sandhai ),INCREASING,STABLE,77.94
2026-08-13,Ambasamudram(Uzhavar Sandhai ),DECREASING,STABLE,49.8
2026-08-14,Ambasamudram(Uzhavar Sandhai ),INCREASING,STABLE,80.88
2026-08-15,Ambasamudram(Uzhavar Sandhai ),DECREASING,STABLE,49.32
2026-08-16,Ambasamudram(Uzhavar Sandhai ),DECREASING,STABLE,52.03
2026-08-17,Ambasamudram(Uzhavar Sandhai ),STABLE,STABLE,78.33
2026-08-18,Ambasamudram(Uzhavar Sandhai ),INCREASING,STABLE,77.3
2026-08-19,Ambasamudram(Uzhavar Sandhai ),STABLE,STABLE,50.05
2026-08-20,Ambasamudram(Uzhavar Sandhai ),DECREASING,STABLE,49.76
2026-08-21,Ambasamudram(Uzhavar Sandhai ),INCREASING,STABLE,82.16
2026-08-22,Ambasamudram(Uzhavar Sandhai ),DECREASING,STABLE,52.92
2026-08-23,Ambasamudram(Uzhavar Sandhai ),INCREASING,INCREASING,70.66
2026-06-29,Ambattur(Uzhavar Sandhai ),DECREASING,STABLE,41.02
2026-06-30,Ambattur(Uzhavar Sandhai ),INCREASING,INCREASING,39.64
2026-07-02,Ambattur(Uzhavar Sandhai ),DECREASING,STABLE,36.79
2026-07-06,Ambattur(Uzhavar Sandhai ),INCREASING,STABLE,60.32
2026-07-08,Ambattur(Uzhavar Sandhai ),STABLE,STABLE,55.67
2026-07-09,Ambattur(Uzhavar Sandhai ),INCREASING,STABLE,55.52
2026-07-10,Ambattur(Uzhavar Sandhai ),STABLE,STABLE,43.75
2026-07-11,Ambattur(Uzhavar Sandhai ),DECREASING,STABLE,39.46
2026-07-12,Ambattur(Uzhavar Sandhai ),INCREASING,STABLE,66.27
2026-07-13,Ambattur(Uzhavar Sandhai ),DECREASING,STABLE,41.95
2026-07-14,Ambattur(Uzhavar Sandhai ),DECREASING,STABLE,55.86
2026-07-15,Ambattur(Uzhavar Sandhai ),INCREASING,STABLE,71.25
2026-07-16,Ambattur(Uzhavar Sandhai ),INCREASING,STABLE,55.47
2026-07-17,Ambattur(Uzhavar Sandhai ),DECREASING,STABLE,39.62
2026-07-18,Ambattur(Uzhavar Sandhai ),STABLE,INCREASING,40.04
2026-07-19,Ambattur(Uzhavar Sandhai ),STABLE,INCREASING,38.44
2026-07-20,Ambattur(Uzhavar Sandhai ),INCREASING,STABLE,40.68
2026-07-21,Ambattur(Uzhavar Sandhai ),STABLE,STABLE,37.16
2026-07-22,Ambattur(Uzhavar Sandhai ),DECREASING,STABLE,37.63
2026-07-23,Ambattur(Uzhavar Sandhai ),INCREASING,STABLE,40.3
2026-07-24,Ambattur(Uzhavar Sandhai ),STABLE,STABLE,40.2
2026-07-25,Ambattur(Uzhavar Sandhai ),INCREASING,STABLE,40.42
2026-07-26,Ambattur(Uzhavar Sandhai ),DECREASING,STABLE,36.19
2026-07-27,Ambattur(Uzhavar Sandhai ),STABLE,STABLE,42.02
2026-07-28,Ambattur(Uzhavar Sandhai ),STABLE,STABLE,41.24
2026-07-29,Ambattur(Uzhavar Sandhai ),DECREASING,STABLE,41.24
2026-07-30,Ambattur(Uzhavar Sandhai ),INCREASING,INCREASING,40.01
2026-07-31,Ambattur(Uzhavar Sandhai ),DECREASING,STABLE,34.9
2026-08-03,Ambattur(Uzhavar Sandhai ),INCREASING,STABLE,61.01
2026-08-04,Ambattur(Uzhavar Sandhai ),INCREASING,STABLE,42.3
2026-08-05,Ambattur(Uzhavar Sandhai ),INCREASING,STABLE,42.41
2026-08-06,Ambattur(Uzhavar Sandhai ),STABLE,STABLE,37.67
2026-08-07,Ambattur(Uzhavar Sandhai ),DECREASING,STABLE,37.57
2026-08-08,Ambattur(Uzhavar Sandhai ),STABLE,STABLE,41.15
2026-08-09,Ambattur(Uzhavar Sandhai ),DECREASING,STABLE,41.04
2026-08-10,Ambattur(Uzhavar Sandhai ),STABLE,STABLE,43.49
2026-08-11,Ambattur(Uzhavar Sandhai ),INCREASING,STABLE,42.38
2026-08-12,Ambattur(Uzhavar Sandhai ),DECREASING,STABLE,37.85
2026-08-13,Ambattur(Uzhavar Sandhai ),STABLE,STABLE,42.15
2026-08-14,Ambattur(Uzhavar Sandhai ),DECREASING,STABLE,40.54
2026-08-15,Ambattur(Uzhavar Sandhai ),INCREASING,STABLE,58.35
2026-08-16,Ambattur(Uzhavar Sandhai ),INCREASING,STABLE,39.29
2026-08-17,Ambattur(Uzhavar Sandhai ),DECREASING,STABLE,41.41
2026-08-18,Ambattur(Uzhavar Sandhai ),DECREASING,STABLE,39.71
2026-08-19,Ambattur(Uzhavar Sandhai ),DECREASING,STABLE,57.82
2026-08-20,Ambattur(Uzhavar Sandhai ),INCREASING,STABLE,66.75
2026-08-21,Ambattur(Uzhavar Sandhai ),INCREASING,STABLE,57.29
2026-08-22,Ambattur(Uzhavar Sandhai ),DECREASING,STABLE,39.71
2026-08-23,Ambattur(Uzhavar Sandhai ),DECREASING,STABLE,39.11
2026-06-29,Ammapet(Uzhavar Sandhai ),STABLE,STABLE,75.25
2026-06-30,Ammapet(Uzhavar Sandhai ),STABLE,STABLE,74.22
2026-07-01,Ammapet(Uzhavar Sandhai ),STABLE,STABLE,75.3
2026-07-02,Ammapet(Uzhavar Sandhai ),STABLE,STABLE,74.41
2026-07-03,Ammapet(Uzhavar Sandhai ),STABLE,STABLE,73.46
2026-07-04,Ammapet(Uzhavar Sandhai ),INCREASING,STABLE,71.66
2026-07-05,Ammapet(Uzhavar Sandhai ),DECREASING,STABLE,55.86
2026-07-06,Ammapet(Uzhavar Sandhai ),STABLE,STABLE,74.94
2026-07-07,Ammapet(Uzhavar Sandhai ),STABLE,STABLE,74.76
2026-07-08,Ammapet(Uzhavar Sandhai ),STABLE,STABLE,73.96
2026-07-09,Ammapet(Uzhavar Sandhai ),STABLE,STABLE,73.15
2026-07-10,Ammapet(Uzhavar Sandhai ),STABLE,STABLE,73.04
2026-07-11,Ammapet(Uzhavar Sandhai ),STABLE,STABLE,70.98
2026-07-12,Ammapet(Uzhavar Sandhai ),DECREASING,STABLE,56.79
2026-07-13,Ammapet(Uzhavar Sandhai ),STABLE,STABLE,74.84
2026-07-14,Ammapet(Uzhavar Sandhai ),STABLE,STABLE,73.45
2026-07-15,Ammapet(Uzhavar Sandhai ),STABLE,STABLE,74.02
2026-07-16,Ammapet(Uzhavar Sandhai ),STABLE,STABLE,73.38
2026-07-17,Ammapet(Uzhavar Sandhai ),STABLE,STABLE,71.74
2026-07-18,Ammapet(Uzhavar Sandhai ),STABLE,STABLE,71.21
2026-07-19,Ammapet(Uzhavar Sandhai ),STABLE,STABLE,55.94
2026-07-20,Ammapet(Uzhavar Sandhai ),STABLE,STABLE,74.46
2026-07-21,Ammapet(Uzhavar Sandhai ),STABLE,STABLE,74.3
2026-07-22,Ammapet(Uzhavar Sandhai ),STABLE,STABLE,73.16
2026-07-23,Ammapet(Uzhavar Sandhai ),STABLE,STABLE,72.58
2026-07-24,Ammapet(Uzhavar Sandhai ),STABLE,STABLE,70.51
2026-07-25,Ammapet(Uzhavar Sandhai ),STABLE,STABLE,70.48
2026-07-26,Ammapet(Uzhavar Sandhai ),STABLE,STABLE,56.55
2026-07-27,Ammapet(Uzhavar Sandhai ),STABLE,STABLE,74.65
2026-07-28,Ammapet(Uzhavar Sandhai ),STABLE,STABLE,73.95
2026-07-29,Ammapet(Uzhavar Sandhai ),STABLE,STABLE,73.75
2026-07-30,Ammapet(Uzhavar Sandhai ),STABLE,STABLE,73.21
2026-07-31,Ammapet(Uzhavar Sandhai ),STABLE,STABLE,70.97
2026-08-01,Ammapet(Uzhavar Sandhai ),INCREASING,STABLE,70.84
2026-08-02,Ammapet(Uzhavar Sandhai ),DECREASING,STABLE,54.03
2026-08-03,Ammapet(Uzhavar Sandhai ),STABLE,STABLE,75.11
2026-08-04,Ammapet(Uzhavar Sandhai ),STABLE,STABLE,74.06
2026-08-05,Ammapet(Uzhavar Sandhai ),STABLE,STABLE,74.82
2026-08-06,Ammapet(Uzhavar Sandhai ),INCREASING,STABLE,73.79
2026-08-07,Ammapet(Uzhavar Sandhai ),STABLE,STABLE,71.76
2026-08-08,Ammapet(Uzhavar Sandhai ),STABLE,STABLE,71.23
2026-08-09,Ammapet(Uzhavar Sandhai ),STABLE,STABLE,57.24
2026-08-10,Ammapet(Uzhavar Sandhai ),STABLE,STABLE,74.94
2026-08-11,Ammapet(Uzhavar Sandhai ),INCREASING,STABLE,74.07
2026-08-12,Ammapet(Uzhavar Sandhai ),DECREASING,STABLE,73.19
2026-08-13,Ammapet(Uzhavar Sandhai ),STABLE,STABLE,73.73
2026-08-14,Ammapet(Uzhavar Sandhai ),STABLE,STABLE,72.7
2026-08-15,Ammapet(Uzhavar Sandhai ),INCREASING,STABLE,70.93
2026-08-16,Ammapet(Uzhavar Sandhai ),DECREASING,STABLE,54.86
2026-08-17,Ammapet(Uzhavar Sandhai ),STABLE,STABLE,73.58
2026-08-18,Ammapet(Uzhavar Sandhai ),STABLE,STABLE,73.95
2026-08-19,Ammapet(Uzhavar Sandhai ),STABLE,STABLE,73.55
2026-08-20,Ammapet(Uzhavar Sandhai ),STABLE,STABLE,72.71
2026-08-21,Ammapet(Uzhavar Sandhai ),STABLE,STABLE,71.6
2026-08-22,Ammapet(Uzhavar Sandhai ),INCREASING,STABLE,69.45
2026-08-23,Ammapet(Uzhavar Sandhai ),DECREASING,STABLE,54.66
2026-06-30,Anaiyur(Uzhavar Sandhai ),STABLE,STABLE,78.43
2026-07-01,Anaiyur(Uzhavar Sandhai ),STABLE,STABLE,78.75
2026-07-03,Anaiyur(Uzhavar Sandhai ),STABLE,STABLE,77.55
2026-07-04,Anaiyur(Uzhavar Sandhai ),STABLE,STABLE,77.54
2026-07-06,Anaiyur(Uzhavar Sandhai ),STABLE,STABLE,79.72
2026-07-07,Anaiyur(Uzhavar Sandhai ),STABLE,STABLE,78.91
2026-07-08,Anaiyur(Uzhavar Sandhai ),STABLE,STABLE,78.82
2026-07-09,Anaiyur(Uzhavar Sandhai ),STABLE,STABLE,77.97
2026-07-10,Anaiyur(Uzhavar Sandhai ),DECREASING,STABLE,77.49
2026-07-11,Anaiyur(Uzhavar Sandhai ),INCREASING,STABLE,77.69
2026-07-12,Anaiyur(Uzhavar Sandhai ),STABLE,STABLE,74.03
2026-07-13,Anaiyur(Uzhavar Sandhai ),STABLE,STABLE,79.6
2026-07-14,Anaiyur(Uzhavar Sandhai ),STABLE,STABLE,79.01
2026-07-15,Anaiyur(Uzhavar Sandhai ),INCREASING,STABLE,78.68
2026-07-16,Anaiyur(Uzhavar Sandhai ),STABLE,STABLE,77.81
2026-07-17,Anaiyur(Uzhavar Sandhai ),STABLE,STABLE,77.09
2026-07-18,Anaiyur(Uzhavar Sandhai ),STABLE,STABLE,77.14
2026-07-19,Anaiyur(Uzhavar Sandhai ),STABLE,STABLE,73.62
2026-07-20,Anaiyur(Uzhavar Sandhai ),STABLE,STABLE,79.3
2026-07-21,Anaiyur(Uzhavar Sandhai ),STABLE,STABLE,78.3
2026-07-22,Anaiyur(Uzhavar Sandhai ),STABLE,STABLE,77.62
2026-07-23,Anaiyur(Uzhavar Sandhai ),STABLE,STABLE,77.3
2026-07-24,Anaiyur(Uzhavar Sandhai ),STABLE,STABLE,76.66
2026-07-25,Anaiyur(Uzhavar Sandhai ),STABLE,STABLE,77.0
2026-07-26,Anaiyur(Uzhavar Sandhai ),STABLE,STABLE,73.76
2026-07-27,Anaiyur(Uzhavar Sandhai ),STABLE,STABLE,79.36
2026-07-28,Anaiyur(Uzhavar Sandhai ),STABLE,STABLE,78.6
2026-07-29,Anaiyur(Uzhavar Sandhai ),STABLE,STABLE,78.32
2026-07-30,Anaiyur(Uzhavar Sandhai ),STABLE,STABLE,77.31
2026-07-31,Anaiyur(Uzhavar Sandhai ),STABLE,STABLE,75.11
2026-08-01,Anaiyur(Uzhavar Sandhai ),STABLE,STABLE,77.81
2026-08-02,Anaiyur(Uzhavar Sandhai ),STABLE,STABLE,78.67
2026-08-03,Anaiyur(Uzhavar Sandhai ),STABLE,STABLE,79.53
2026-08-04,Anaiyur(Uzhavar Sandhai ),STABLE,STABLE,78.62
2026-08-05,Anaiyur(Uzhavar Sandhai ),STABLE,STABLE,78.76
2026-08-06,Anaiyur(Uzhavar Sandhai ),STABLE,STABLE,77.98
2026-08-07,Anaiyur(Uzhavar Sandhai ),STABLE,STABLE,77.06
2026-08-08,Anaiyur(Uzhavar Sandhai ),STABLE,STABLE,77.29
2026-08-09,Anaiyur(Uzhavar Sandhai ),STABLE,STABLE,78.73
2026-08-10,Anaiyur(Uzhavar Sandhai ),INCREASING,STABLE,79.98
2026-08-11,Anaiyur(Uzhavar Sandhai ),STABLE,STABLE,78.72
2026-08-12,Anaiyur(Uzhavar Sandhai ),STABLE,STABLE,78.8
2026-08-13,Anaiyur(Uzhavar Sandhai ),STABLE,STABLE,77.91
2026-08-14,Anaiyur(Uzhavar Sandhai ),STABLE,STABLE,76.92
2026-08-15,Anaiyur(Uzhavar Sandhai ),STABLE,STABLE,77.25
2026-08-16,Anaiyur(Uzhavar Sandhai ),STABLE,STABLE,73.59
2026-08-17,Anaiyur(Uzhavar Sandhai ),STABLE,STABLE,79.25
2026-08-18,Anaiyur(Uzhavar Sandhai ),STABLE,STABLE,78.58
2026-08-19,Anaiyur(Uzhavar Sandhai ),STABLE,STABLE,78.4
2026-08-20,Anaiyur(Uzhavar Sandhai ),STABLE,STABLE,77.52
2026-08-21,Anaiyur(Uzhavar Sandhai ),INCREASING,STABLE,76.94
2026-08-22,Anaiyur(Uzhavar Sandhai ),DECREASING,STABLE,74.35
2026-08-23,Anaiyur(Uzhavar Sandhai ),STABLE,STABLE,78.13
2026-06-29,Andipatti(Uzhavar Sandhai ),STABLE,STABLE,76.89
2026-07-01,Andipatti(Uzhavar Sandhai ),STABLE,STABLE,79.37
2026-07-02,Andipatti(Uzhavar Sandhai ),STABLE,STABLE,80.73
2026-07-03,Andipatti(Uzhavar Sandhai ),STABLE,STABLE,80.76
2026-07-04,Andipatti(Uzhavar Sandhai ),STABLE,STABLE,80.75
2026-07-06,Andipatti(Uzhavar Sandhai ),STABLE,STABLE,80.35
2026-07-07,Andipatti(Uzhavar Sandhai ),STABLE,STABLE,82.69
2026-07-08,Andipatti(Uzhavar Sandhai ),STABLE,STABLE,82.73
2026-07-09,Andipatti(Uzhavar Sandhai ),STABLE,STABLE,80.85
2026-07-10,Andipatti(Uzhavar Sandhai ),STABLE,STABLE,80.09
2026-07-11,Andipatti(Uzhavar Sandhai ),INCREASING,STABLE,80.74
2026-07-12,Andipatti(Uzhavar Sandhai ),STABLE,STABLE,81.25
2026-07-13,Andipatti(Uzhavar Sandhai ),STABLE,STABLE,80.59
2026-07-14,Andipatti(Uzhavar Sandhai ),DECREASING,STABLE,81.81
2026-07-15,Andipatti(Uzhavar Sandhai ),INCREASING,STABLE,82.79
2026-07-16,Andipatti(Uzhavar Sandhai ),STABLE,STABLE,80.61
2026-07-17,Andipatti(Uzhavar Sandhai ),DECREASING,STABLE,79.57
2026-07-18,Andipatti(Uzhavar Sandhai ),INCREASING,STABLE,80.47
2026-07-19,Andipatti(Uzhavar Sandhai ),STABLE,STABLE,80.97
2026-07-20,Andipatti(Uzhavar Sandhai ),STABLE,STABLE,78.51
2026-07-21,Andipatti(Uzhavar Sandhai ),STABLE,STABLE,81.97
2026-07-22,Andipatti(Uzhavar Sandhai ),STABLE,STABLE,81.51
2026-07-23,Andipatti(Uzhavar Sandhai ),STABLE,STABLE,79.99
2026-07-24,Andipatti(Uzhavar Sandhai ),STABLE,STABLE,77.47
2026-07-25,Andipatti(Uzhavar Sandhai ),STABLE,STABLE,80.02
2026-07-26,Andipatti(Uzhavar Sandhai ),STABLE,STABLE,78.42
2026-07-27,Andipatti(Uzhavar Sandhai ),STABLE,STABLE,76.87
2026-07-28,Andipatti(Uzhavar Sandhai ),STABLE,STABLE,81.86
2026-07-29,Andipatti(Uzhavar Sandhai ),STABLE,STABLE,81.71
2026-07-30,Andipatti(Uzhavar Sandhai ),STABLE,STABLE,79.19
2026-07-31,Andipatti(Uzhavar Sandhai ),STABLE,STABLE,75.7
2026-08-01,Andipatti(Uzhavar Sandhai ),STABLE,STABLE,81.12
2026-08-02,Andipatti(Uzhavar Sandhai ),STABLE,STABLE,81.33
2026-08-03,Andipatti(Uzhavar Sandhai ),DECREASING,STABLE,77.66
2026-08-04,Andipatti(Uzhavar Sandhai ),INCREASING,STABLE,82.65
2026-08-05,Andipatti(Uzhavar Sandhai ),STABLE,STABLE,82.51
2026-08-06,Andipatti(Uzhavar Sandhai ),STABLE,STABLE,81.22
2026-08-07,Andipatti(Uzhavar Sandhai ),STABLE,STABLE,80.24
2026-08-08,Andipatti(Uzhavar Sandhai ),STABLE,STABLE,79.53
2026-08-09,Andipatti(Uzhavar Sandhai ),STABLE,STABLE,79.43
2026-08-10,Andipatti(Uzhavar Sandhai ),STABLE,STABLE,77.64
2026-08-11,Andipatti(Uzhavar Sandhai ),STABLE,STABLE,79.18
2026-08-12,Andipatti(Uzhavar Sandhai ),STABLE,STABLE,81.81
2026-08-13,Andipatti(Uzhavar Sandhai ),STABLE,STABLE,79.63
2026-08-14,Andipatti(Uzhavar Sandhai ),STABLE,STABLE,79.71
2026-08-15,Andipatti(Uzhavar Sandhai ),STABLE,STABLE,79.62
2026-08-16,Andipatti(Uzhavar Sandhai ),STABLE,STABLE,79.23
2026-08-17,Andipatti(Uzhavar Sandhai ),DECREASING,STABLE,74.27
2026-08-18,Andipatti(Uzhavar Sandhai ),STABLE,STABLE,82.01
2026-08-19,Andipatti(Uzhavar Sandhai ),STABLE,STABLE,80.81
2026-08-20,Andipatti(Uzhavar Sandhai ),STABLE,STABLE,78.36
2026-08-21,Andipatti(Uzhavar Sandhai ),STABLE,STABLE,79.75
2026-08-22,Andipatti(Uzhavar Sandhai ),STABLE,STABLE,77.72
2026-08-23,Andipatti(Uzhavar Sandhai ),STABLE,STABLE,78.01
2026-06-29,Anna nagar(Uzhavar Sandhai ),INCREASING,INCREASING,45.97
2026-06-30,Anna nagar(Uzhavar Sandhai ),STABLE,STABLE,56.38
2026-07-01,Anna nagar(Uzhavar Sandhai ),STABLE,STABLE,66.13
2026-07-02,Anna nagar(Uzhavar Sandhai ),DECREASING,STABLE,66.34
2026-07-03,Anna nagar(Uzhavar Sandhai ),INCREASING,STABLE,66.19
2026-07-03,Anna nagar(Uzhavar Sandhai ),STABLE,STABLE,65.36
2026-07-04,Anna nagar(Uzhavar Sandhai ),DECREASING,STABLE,65.59
2026-07-05,Anna nagar(Uzhavar Sandhai ),INCREASING,STABLE,48.34
2026-07-05,Anna nagar(Uzhavar Sandhai ),STABLE,STABLE,48.89
2026-07-06,Anna nagar(Uzhavar Sandhai ),STABLE,STABLE,61.28
2026-07-07,Anna nagar(Uzhavar Sandhai ),STABLE,STABLE,57.04
2026-07-08,Anna nagar(Uzhavar Sandhai ),DECREASING,STABLE,65.93
2026-07-09,Anna nagar(Uzhavar Sandhai ),INCREASING,STABLE,67.56
2026-07-09,Anna nagar(Uzhavar Sandhai ),STABLE,STABLE,65.4
2026-07-10,Anna nagar(Uzhavar Sandhai ),DECREASING,STABLE,64.46
2026-07-11,Anna nagar(Uzhavar Sandhai ),INCREASING,STABLE,65.72
2026-07-11,Anna nagar(Uzhavar Sandhai ),DECREASING,STABLE,63.9
2026-07-12,Anna nagar(Uzhavar Sandhai ),INCREASING,STABLE,43.55
2026-07-12,Anna nagar(Uzhavar Sandhai ),STABLE,DECREASING,47.52
2026-07-13,Anna nagar(Uzhavar Sandhai ),STABLE,STABLE,60.11
2026-07-14,Anna nagar(Uzhavar Sandhai ),STABLE,STABLE,55.26
2026-07-15,Anna nagar(Uzhavar Sandhai ),STABLE,STABLE,62.3
2026-07-16,Anna nagar(Uzhavar Sandhai ),DECREASING,STABLE,59.54
2026-07-17,Anna nagar(Uzhavar Sandhai ),INCREASING,STABLE,59.72
2026-07-17,Anna nagar(Uzhavar Sandhai ),DECREASING,STABLE,59.37
2026-07-18,Anna nagar(Uzhavar Sandhai ),INCREASING,STABLE,53.52
2026-07-18,Anna nagar(Uzhavar Sandhai ),DECREASING,STABLE,59.96
2026-07-19,Anna nagar(Uzhavar Sandhai ),INCREASING,STABLE,43.19
2026-07-19,Anna nagar(Uzhavar Sandhai ),STABLE,DECREASING,50.08
2026-07-20,Anna nagar(Uzhavar Sandhai ),STABLE,STABLE,59.0
2026-07-21,Anna nagar(Uzhavar Sandhai ),STABLE,STABLE,56.4
2026-07-22,Anna nagar(Uzhavar Sandhai ),STABLE,STABLE,58.97
2026-07-23,Anna nagar(Uzhavar Sandhai ),STABLE,STABLE,57.87
2026-07-24,Anna nagar(Uzhavar Sandhai ),STABLE,STABLE,56.22
2026-07-25,Anna nagar(Uzhavar Sandhai ),DECREASING,STABLE,57.13
2026-07-26,Anna nagar(Uzhavar Sandhai ),INCREASING,STABLE,36.62
2026-07-26,Anna nagar(Uzhavar Sandhai ),STABLE,DECREASING,50.79
2026-07-27,Anna nagar(Uzhavar Sandhai ),STABLE,STABLE,58.51
2026-07-28,Anna nagar(Uzhavar Sandhai ),STABLE,STABLE,54.65
2026-07-29,Anna nagar(Uzhavar Sandhai ),DECREASING,STABLE,57.97
2026-07-30,Anna nagar(Uzhavar Sandhai ),INCREASING,INCREASING,48.88
2026-07-30,Anna nagar(Uzhavar Sandhai ),DECREASING,STABLE,56.3
2026-07-31,Anna nagar(Uzhavar Sandhai ),INCREASING,INCREASING,50.71
2026-07-31,Anna nagar(Uzhavar Sandhai ),DECREASING,STABLE,51.5
2026-08-01,Anna nagar(Uzhavar Sandhai ),INCREASING,STABLE,62.53
2026-08-01,Anna nagar(Uzhavar Sandhai ),DECREASING,STABLE,64.85
2026-08-02,Anna nagar(Uzhavar Sandhai ),INCREASING,STABLE,48.68
2026-08-02,Anna nagar(Uzhavar Sandhai ),STABLE,STABLE,47.99
2026-08-03,Anna nagar(Uzhavar Sandhai ),DECREASING,STABLE,58.57
2026-08-04,Anna nagar(Uzhavar Sandhai ),INCREASING,STABLE,48.12
2026-08-04,Anna nagar(Uzhavar Sandhai ),STABLE,STABLE,57.1
2026-08-05,Anna nagar(Uzhavar Sandhai ),STABLE,STABLE,66.14
2026-08-06,Anna nagar(Uzhavar Sandhai ),DECREASING,STABLE,65.01
2026-08-07,Anna nagar(Uzhavar Sandhai ),INCREASING,STABLE,58.4
2026-08-07,Anna nagar(Uzhavar Sandhai ),DECREASING,STABLE,65.69
2026-08-08,Anna nagar(Uzhavar Sandhai ),INCREASING,STABLE,63.26
2026-08-08,Anna nagar(Uzhavar Sandhai ),STABLE,STABLE,63.5
2026-08-09,Anna nagar(Uzhavar Sandhai ),DECREASING,STABLE,47.96
2026-08-10,Anna nagar(Uzhavar Sandhai ),STABLE,STABLE,58.39
2026-08-11,Anna nagar(Uzhavar Sandhai ),STABLE,STABLE,56.7
2026-08-12,Anna nagar(Uzhavar Sandhai ),DECREASING,STABLE,61.24
2026-08-13,Anna nagar(Uzhavar Sandhai ),INCREASING,STABLE,53.0
2026-08-13,Anna nagar(Uzhavar Sandhai ),DECREASING,STABLE,60.39
2026-08-14,Anna nagar(Uzhavar Sandhai ),INCREASING,STABLE,51.85
2026-08-14,Anna nagar(Uzhavar Sandhai ),DECREASING,STABLE,60.7
2026-08-15,Anna nagar(Uzhavar Sandhai ),INCREASING,STABLE,47.07
2026-08-15,Anna nagar(Uzhavar Sandhai ),DECREASING,STABLE,60.77
2026-08-16,Anna nagar(Uzhavar Sandhai ),INCREASING,STABLE,40.2
2026-08-16,Anna nagar(Uzhavar Sandhai ),STABLE,DECREASING,51.36
2026-08-17,Anna nagar(Uzhavar Sandhai ),DECREASING,STABLE,59.02
2026-08-18,Anna nagar(Uzhavar Sandhai ),INCREASING,INCREASING,44.47
2026-08-18,Anna nagar(Uzhavar Sandhai ),STABLE,STABLE,55.13
2026-08-19,Anna nagar(Uzhavar Sandhai ),STABLE,STABLE,60.96
2026-08-20,Anna nagar(Uzhavar Sandhai ),STABLE,STABLE,60.68
2026-08-21,Anna nagar(Uzhavar Sandhai ),DECREASING,STABLE,59.87
2026-08-22,Anna nagar(Uzhavar Sandhai ),INCREASING,STABLE,51.87
2026-08-22,Anna nagar(Uzhavar Sandhai ),DECREASING,STABLE,58.04
2026-08-23,Anna nagar(Uzhavar Sandhai ),INCREASING,STABLE,38.99
2026-08-23,Anna nagar(Uzhavar Sandhai ),STABLE,DECREASING,52.01
2026-06-29,Arani(Uzhavar Sandhai ),STABLE,STABLE,78.6
2026-06-30,Arani(Uzhavar Sandhai ),STABLE,STABLE,77.56
2026-07-03,Arani(Uzhavar Sandhai ),STABLE,STABLE,77.26
2026-07-04,Arani(Uzhavar Sandhai ),DECREASING,STABLE,77.12
2026-07-05,Arani(Uzhavar Sandhai ),STABLE,STABLE,64.52
2026-07-07,Arani(Uzhavar Sandhai ),STABLE,STABLE,76.74
2026-07-08,Arani(Uzhavar Sandhai ),STABLE,STABLE,77.03
2026-07-09,Arani(Uzhavar Sandhai ),STABLE,STABLE,77.56
2026-07-10,Arani(Uzhavar Sandhai ),STABLE,STABLE,77.17
2026-07-11,Arani(Uzhavar Sandhai ),STABLE,STABLE,76.81
2026-07-12,Arani(Uzhavar Sandhai ),STABLE,STABLE,63.17
2026-07-13,Arani(Uzhavar Sandhai ),STABLE,STABLE,78.02
2026-07-14,Arani(Uzhavar Sandhai ),STABLE,STABLE,76.87
2026-07-15,Arani(Uzhavar Sandhai ),STABLE,STABLE,76.85
2026-07-16,Arani(Uzhavar Sandhai ),DECREASING,STABLE,77.23
2026-07-17,Arani(Uzhavar Sandhai ),STABLE,STABLE,74.01
2026-07-18,Arani(Uzhavar Sandhai ),STABLE,STABLE,76.53
2026-07-19,Arani(Uzhavar Sandhai ),STABLE,STABLE,62.44
2026-07-20,Arani(Uzhavar Sandhai ),STABLE,STABLE,77.81
2026-07-21,Arani(Uzhavar Sandhai ),STABLE,STABLE,77.53
2026-07-22,Arani(Uzhavar Sandhai ),STABLE,STABLE,76.55
2026-07-23,Arani(Uzhavar Sandhai ),STABLE,STABLE,75.52
2026-07-24,Arani(Uzhavar Sandhai ),STABLE,STABLE,76.67
2026-07-25,Arani(Uzhavar Sandhai ),STABLE,STABLE,76.48
2026-07-26,Arani(Uzhavar Sandhai ),STABLE,STABLE,64.88
2026-07-27,Arani(Uzhavar Sandhai ),STABLE,STABLE,77.9
2026-07-28,Arani(Uzhavar Sandhai ),STABLE,STABLE,77.58
2026-07-29,Arani(Uzhavar Sandhai ),STABLE,STABLE,77.38
2026-07-30,Arani(Uzhavar Sandhai ),STABLE,STABLE,75.76
2026-07-31,Arani(Uzhavar Sandhai ),STABLE,STABLE,75.47
2026-08-01,Arani(Uzhavar Sandhai ),STABLE,STABLE,76.61
2026-08-02,Arani(Uzhavar Sandhai ),STABLE,STABLE,65.45
2026-08-03,Arani(Uzhavar Sandhai ),STABLE,STABLE,78.95
2026-08-04,Arani(Uzhavar Sandhai ),STABLE,STABLE,76.99
2026-08-05,Arani(Uzhavar Sandhai ),STABLE,STABLE,77.91
2026-08-06,Arani(Uzhavar Sandhai ),DECREASING,STABLE,76.68
2026-08-07,Arani(Uzhavar Sandhai ),INCREASING,STABLE,72.37
2026-08-08,Arani(Uzhavar Sandhai ),STABLE,STABLE,76.51
2026-08-09,Arani(Uzhavar Sandhai ),STABLE,STABLE,62.59
2026-08-10,Arani(Uzhavar Sandhai ),STABLE,STABLE,79.4
2026-08-11,Arani(Uzhavar Sandhai ),STABLE,STABLE,77.03
2026-08-12,Arani(Uzhavar Sandhai ),DECREASING,STABLE,77.82
2026-08-13,Arani(Uzhavar Sandhai ),STABLE,STABLE,74.46
2026-08-14,Arani(Uzhavar Sandhai ),STABLE,STABLE,76.36
2026-08-15,Arani(Uzhavar Sandhai ),STABLE,STABLE,76.03
2026-08-16,Arani(Uzhavar Sandhai ),DECREASING,STABLE,60.93
2026-08-17,Arani(Uzhavar Sandhai ),STABLE,STABLE,75.54
2026-08-18,Arani(Uzhavar Sandhai ),STABLE,STABLE,76.33
2026-08-19,Arani(Uzhavar Sandhai ),STABLE,STABLE,75.97
2026-08-20,Arani(Uzhavar Sandhai ),STABLE,STABLE,73.62
2026-08-21,Arani(Uzhavar Sandhai ),STABLE,STABLE,75.83
2026-08-22,Arani(Uzhavar Sandhai ),INCREASING,STABLE,73.7
2026-08-23,Arani(Uzhavar Sandhai ),STABLE,STABLE,63.26
2026-06-29,Aranthangi(Uzhavar Sandhai ),DECREASING,STABLE,74.61
2026-06-30,Aranthangi(Uzhavar Sandhai ),INCREASING,STABLE,69.47
2026-07-01,Aranthangi(Uzhavar Sandhai ),STABLE,STABLE,77.13
2026-07-02,Aranthangi(Uzhavar Sandhai ),INCREASING,STABLE,76.69
2026-07-03,Aranthangi(Uzhavar Sandhai ),DECREASING,STABLE,77.44
2026-07-04,Aranthangi(Uzhavar Sandhai ),INCREASING,STABLE,77.33
2026-07-06,Aranthangi(Uzhavar Sandhai ),STABLE,STABLE,77.36
2026-07-07,Aranthangi(Uzhavar Sandhai ),DECREASING,STABLE,78.14
2026-07-08,Aranthangi(Uzhavar Sandhai ),INCREASING,STABLE,77.98
2026-07-09,Aranthangi(Uzhavar Sandhai ),STABLE,STABLE,78.41
2026-07-10,Aranthangi(Uzhavar Sandhai ),STABLE,STABLE,77.95
2026-07-11,Aranthangi(Uzhavar Sandhai ),STABLE,STABLE,78.58
2026-07-12,Aranthangi(Uzhavar Sandhai ),STABLE,STABLE,79.06
2026-07-13,Aranthangi(Uzhavar Sandhai ),DECREASING,STABLE,77.77
2026-07-14,Aranthangi(Uzhavar Sandhai ),INCREASING,STABLE,70.52
2026-07-15,Aranthangi(Uzhavar Sandhai ),STABLE,STABLE,76.53
2026-07-16,Aranthangi(Uzhavar Sandhai ),INCREASING,STABLE,76.22
2026-07-17,Aranthangi(Uzhavar Sandhai ),DECREASING,STABLE,76.36
2026-07-18,Aranthangi(Uzhavar Sandhai ),STABLE,STABLE,77.36
2026-07-19,Aranthangi(Uzhavar Sandhai ),STABLE,STABLE,78.43
2026-07-20,Aranthangi(Uzhavar Sandhai ),DECREASING,STABLE,76.27
2026-07-21,Aranthangi(Uzhavar Sandhai ),STABLE,STABLE,75.53
2026-07-22,Aranthangi(Uzhavar Sandhai ),STABLE,STABLE,75.35
2026-07-23,Aranthangi(Uzhavar Sandhai ),INCREASING,STABLE,75.35
2026-07-24,Aranthangi(Uzhavar Sandhai ),STABLE,STABLE,75.89
2026-07-25,Aranthangi(Uzhavar Sandhai ),STABLE,STABLE,76.92
2026-07-26,Aranthangi(Uzhavar Sandhai ),STABLE,STABLE,76.58
2026-07-27,Aranthangi(Uzhavar Sandhai ),STABLE,STABLE,75.42
2026-07-28,Aranthangi(Uzhavar Sandhai ),DECREASING,STABLE,76.63
2026-07-29,Aranthangi(Uzhavar Sandhai ),STABLE,STABLE,76.55
2026-07-30,Aranthangi(Uzhavar Sandhai ),STABLE,STABLE,75.48
2026-07-31,Aranthangi(Uzhavar Sandhai ),STABLE,STABLE,72.63
2026-08-01,Aranthangi(Uzhavar Sandhai ),STABLE,STABLE,77.9
2026-08-02,Aranthangi(Uzhavar Sandhai ),STABLE,STABLE,78.62
2026-08-03,Aranthangi(Uzhavar Sandhai ),DECREASING,STABLE,76.45
2026-08-04,Aranthangi(Uzhavar Sandhai ),INCREASING,STABLE,71.81
2026-08-05,Aranthangi(Uzhavar Sandhai ),STABLE,STABLE,77.52
2026-08-06,Aranthangi(Uzhavar Sandhai ),STABLE,STABLE,75.02
2026-08-07,Aranthangi(Uzhavar Sandhai ),STABLE,STABLE,74.67
2026-08-08,Aranthangi(Uzhavar Sandhai ),STABLE,STABLE,74.02
2026-08-09,Aranthangi(Uzhavar Sandhai ),STABLE,STABLE,75.97
2026-08-10,Aranthangi(Uzhavar Sandhai ),DECREASING,STABLE,76.64
2026-08-11,Aranthangi(Uzhavar Sandhai ),INCREASING,STABLE,73.14
2026-08-12,Aranthangi(Uzhavar Sandhai ),INCREASING,STABLE,75.97
2026-08-13,Aranthangi(Uzhavar Sandhai ),INCREASING,STABLE,77.38
2026-08-14,Aranthangi(Uzhavar Sandhai ),STABLE,STABLE,76.43
2026-08-15,Aranthangi(Uzhavar Sandhai ),STABLE,STABLE,76.44
2026-08-16,Aranthangi(Uzhavar Sandhai ),STABLE,STABLE,77.29
2026-08-17,Aranthangi(Uzhavar Sandhai ),DECREASING,STABLE,75.41
2026-08-18,Aranthangi(Uzhavar Sandhai ),STABLE,STABLE,69.82
2026-08-19,Aranthangi(Uzhavar Sandhai ),INCREASING,STABLE,67.41
2026-08-20,Aranthangi(Uzhavar Sandhai ),STABLE,STABLE,71.94
2026-08-21,Aranthangi(Uzhavar Sandhai ),STABLE,STABLE,71.67
2026-08-22,Aranthangi(Uzhavar Sandhai ),STABLE,STABLE,75.08
2026-08-23,Aranthangi(Uzhavar Sandhai ),STABLE,STABLE,76.15
2026-06-29,Arcot(Uzhavar Sandhai ),STABLE,STABLE,93.4
2026-06-30,Arcot(Uzhavar Sandhai ),STABLE,STABLE,93.15
2026-07-01,Arcot(Uzhavar Sandhai ),STABLE,STABLE,93.34
2026-07-02,Arcot(Uzhavar Sandhai ),STABLE,STABLE,92.89
2026-07-03,Arcot(Uzhavar Sandhai ),STABLE,STABLE,92.91
2026-07-04,Arcot(Uzhavar Sandhai ),STABLE,STABLE,92.53
2026-07-05,Arcot(Uzhavar Sandhai ),STABLE,STABLE,93.23
2026-07-06,Arcot(Uzhavar Sandhai ),STABLE,STABLE,93.57
2026-07-07,Arcot(Uzhavar Sandhai ),STABLE,STABLE,93.17
2026-07-08,Arcot(Uzhavar Sandhai ),STABLE,STABLE,93.35
2026-07-09,Arcot(Uzhavar Sandhai ),STABLE,STABLE,92.86
2026-07-10,Arcot(Uzhavar Sandhai ),STABLE,STABLE,92.9
2026-07-11,Arcot(Uzhavar Sandhai ),STABLE,STABLE,92.99
2026-07-12,Arcot(Uzhavar Sandhai ),STABLE,STABLE,93.12
2026-07-13,Arcot(Uzhavar Sandhai ),STABLE,STABLE,93.67
2026-07-14,Arcot(Uzhavar Sandhai ),STABLE,STABLE,93.18
2026-07-15,Arcot(Uzhavar Sandhai ),STABLE,STABLE,93.2
2026-07-16,Arcot(Uzhavar Sandhai ),STABLE,STABLE,92.75
2026-07-17,Arcot(Uzhavar Sandhai ),STABLE,STABLE,92.9
2026-07-18,Arcot(Uzhavar Sandhai ),STABLE,STABLE,93.02
2026-07-19,Arcot(Uzhavar Sandhai ),STABLE,STABLE,93.09
2026-07-20,Arcot(Uzhavar Sandhai ),STABLE,STABLE,93.35
2026-07-21,Arcot(Uzhavar Sandhai ),STABLE,STABLE,92.86
2026-07-22,Arcot(Uzhavar Sandhai ),STABLE,STABLE,93.28
2026-07-23,Arcot(Uzhavar Sandhai ),DECREASING,STABLE,92.77
2026-07-24,Arcot(Uzhavar Sandhai ),INCREASING,STABLE,92.76
2026-07-25,Arcot(Uzhavar Sandhai ),STABLE,STABLE,92.93
2026-07-26,Arcot(Uzhavar Sandhai ),STABLE,STABLE,93.16
2026-07-27,Arcot(Uzhavar Sandhai ),STABLE,STABLE,93.55
2026-07-28,Arcot(Uzhavar Sandhai ),STABLE,STABLE,93.16
2026-07-29,Arcot(Uzhavar Sandhai ),STABLE,STABLE,92.8
2026-07-30,Arcot(Uzhavar Sandhai ),STABLE,STABLE,92.93
2026-07-31,Arcot(Uzhavar Sandhai ),STABLE,STABLE,92.44
2026-08-01,Arcot(Uzhavar Sandhai ),STABLE,STABLE,93.09
2026-08-02,Arcot(Uzhavar Sandhai ),STABLE,STABLE,93.07
2026-08-03,Arcot(Uzhavar Sandhai ),STABLE,STABLE,93.48
2026-08-04,Arcot(Uzhavar Sandhai ),STABLE,STABLE,93.0
2026-08-05,Arcot(Uzhavar Sandhai ),STABLE,STABLE,93.45
2026-08-06,Arcot(Uzhavar Sandhai ),STABLE,STABLE,92.8
2026-08-07,Arcot(Uzhavar Sandhai ),STABLE,STABLE,87.53
2026-08-08,Arcot(Uzhavar Sandhai ),STABLE,STABLE,92.89
2026-08-09,Arcot(Uzhavar Sandhai ),STABLE,STABLE,93.01
2026-08-10,Arcot(Uzhavar Sandhai ),STABLE,STABLE,93.08
2026-08-11,Arcot(Uzhavar Sandhai ),STABLE,STABLE,92.73
2026-08-12,Arcot(Uzhavar Sandhai ),STABLE,STABLE,92.37
2026-08-13,Arcot(Uzhavar Sandhai ),STABLE,STABLE,92.74
2026-08-14,Arcot(Uzhavar Sandhai ),STABLE,STABLE,91.88
2026-08-15,Arcot(Uzhavar Sandhai ),STABLE,STABLE,92.57
2026-08-16,Arcot(Uzhavar Sandhai ),STABLE,STABLE,92.16
2026-08-17,Arcot(Uzhavar Sandhai ),STABLE,STABLE,93.38
2026-08-18,Arcot(Uzhavar Sandhai ),STABLE,STABLE,92.9
2026-08-19,Arcot(Uzhavar Sandhai ),STABLE,STABLE,92.56
2026-08-20,Arcot(Uzhavar Sandhai ),STABLE,STABLE,92.68
2026-08-21,Arcot(Uzhavar Sandhai ),STABLE,STABLE,91.95
2026-08-22,Arcot(Uzhavar Sandhai ),STABLE,STABLE,91.82
2026-08-23,Arcot(Uzhavar Sandhai ),STABLE,STABLE,92.62
2026-06-29,Ariyalur(Uzhavar Sandhai),INCREASING,STABLE,63.18
2026-06-30,Ariyalur(Uzhavar Sandhai),DECREASING,STABLE,68.05
2026-07-01,Ariyalur(Uzhavar Sandhai),INCREASING,STABLE,62.23
2026-07-02,Ariyalur(Uzhavar Sandhai),DECREASING,STABLE,67.31
2026-07-03,Ariyalur(Uzhavar Sandhai),STABLE,STABLE,60.33
2026-07-04,Ariyalur(Uzhavar Sandhai),STABLE,STABLE,64.29
2026-07-06,Ariyalur(Uzhavar Sandhai),STABLE,STABLE,63.19
2026-07-07,Ariyalur(Uzhavar Sandhai),STABLE,STABLE,62.35
2026-07-08,Ariyalur(Uzhavar Sandhai),STABLE,STABLE,67.96
2026-07-09,Ariyalur(Uzhavar Sandhai),STABLE,STABLE,60.39
2026-07-10,Ariyalur(Uzhavar Sandhai),DECREASING,STABLE,60.3
2026-07-11,Ariyalur(Uzhavar Sandhai),INCREASING,STABLE,48.8
2026-07-12,Ariyalur(Uzhavar Sandhai),DECREASING,DECREASING,57.56
2026-07-13,Ariyalur(Uzhavar Sandhai),STABLE,STABLE,54.03
2026-07-14,Ariyalur(Uzhavar Sandhai),STABLE,STABLE,62.0
2026-07-15,Ariyalur(Uzhavar Sandhai),STABLE,STABLE,53.45
2026-07-16,Ariyalur(Uzhavar Sandhai),STABLE,STABLE,51.49
2026-07-17,Ariyalur(Uzhavar Sandhai),INCREASING,STABLE,51.06
2026-07-18,Ariyalur(Uzhavar Sandhai),INCREASING,STABLE,58.46
2026-07-19,Ariyalur(Uzhavar Sandhai),DECREASING,DECREASING,53.59
2026-07-20,Ariyalur(Uzhavar Sandhai),STABLE,STABLE,62.5
2026-07-21,Ariyalur(Uzhavar Sandhai),DECREASING,STABLE,61.87
2026-07-22,Ariyalur(Uzhavar Sandhai),STABLE,STABLE,52.15
2026-07-23,Ariyalur(Uzhavar Sandhai),INCREASING,STABLE,50.71
2026-07-24,Ariyalur(Uzhavar Sandhai),STABLE,STABLE,59.46
2026-07-25,Ariyalur(Uzhavar Sandhai),INCREASING,STABLE,48.91
2026-07-26,Ariyalur(Uzhavar Sandhai),DECREASING,DECREASING,45.75
2026-07-27,Ariyalur(Uzhavar Sandhai),STABLE,STABLE,53.79
2026-07-28,Ariyalur(Uzhavar Sandhai),DECREASING,STABLE,53.45
2026-07-29,Ariyalur(Uzhavar Sandhai),INCREASING,STABLE,52.96
2026-07-30,Ariyalur(Uzhavar Sandhai),STABLE,STABLE,50.65
2026-07-31,Ariyalur(Uzhavar Sandhai),DECREASING,STABLE,48.2
2026-08-01,Ariyalur(Uzhavar Sandhai),INCREASING,INCREASING,41.27
2026-08-02,Ariyalur(Uzhavar Sandhai),DECREASING,DECREASING,50.76
2026-08-03,Ariyalur(Uzhavar Sandhai),INCREASING,STABLE,41.23
2026-08-04,Ariyalur(Uzhavar Sandhai),INCREASING,STABLE,62.08
2026-08-05,Ariyalur(Uzhavar Sandhai),DECREASING,STABLE,67.99
2026-08-06,Ariyalur(Uzhavar Sandhai),STABLE,STABLE,60.4
2026-08-07,Ariyalur(Uzhavar Sandhai),INCREASING,STABLE,59.9
2026-08-08,Ariyalur(Uzhavar Sandhai),STABLE,STABLE,64.47
2026-08-09,Ariyalur(Uzhavar Sandhai),DECREASING,DECREASING,57.31
2026-08-10,Ariyalur(Uzhavar Sandhai),STABLE,STABLE,62.94
2026-08-11,Ariyalur(Uzhavar Sandhai),INCREASING,STABLE,53.75
2026-08-12,Ariyalur(Uzhavar Sandhai),DECREASING,STABLE,62.31
2026-08-13,Ariyalur(Uzhavar Sandhai),STABLE,STABLE,51.53
2026-08-14,Ariyalur(Uzhavar Sandhai),DECREASING,STABLE,59.87
2026-08-15,Ariyalur(Uzhavar Sandhai),INCREASING,STABLE,48.32
2026-08-16,Ariyalur(Uzhavar Sandhai),STABLE,DECREASING,48.51
2026-08-17,Ariyalur(Uzhavar Sandhai),STABLE,STABLE,68.46
2026-08-18,Ariyalur(Uzhavar Sandhai),STABLE,STABLE,62.04
2026-08-19,Ariyalur(Uzhavar Sandhai),STABLE,STABLE,67.13
2026-08-20,Ariyalur(Uzhavar Sandhai),STABLE,STABLE,66.53
2026-08-21,Ariyalur(Uzhavar Sandhai),STABLE,STABLE,65.75
2026-08-22,Ariyalur(Uzhavar Sandhai),STABLE,STABLE,63.45
2026-08-23,Ariyalur(Uzhavar Sandhai),DECREASING,DECREASING,58.73
2026-06-30,Aruppukottai(Uzhavar Sandhai ),STABLE,STABLE,95.55
2026-07-02,Aruppukottai(Uzhavar Sandhai ),STABLE,STABLE,95.63
2026-07-03,Aruppukottai(Uzhavar Sandhai ),STABLE,STABLE,95.53
2026-07-05,Aruppukottai(Uzhavar Sandhai ),STABLE,STABLE,95.38
2026-07-06,Aruppukottai(Uzhavar Sandhai ),STABLE,STABLE,96.04
2026-07-07,Aruppukottai(Uzhavar Sandhai ),STABLE,STABLE,95.78
2026-07-08,Aruppukottai(Uzhavar Sandhai ),STABLE,STABLE,95.67
2026-07-09,Aruppukottai(Uzhavar Sandhai ),STABLE,STABLE,95.62
2026-07-10,Aruppukottai(Uzhavar Sandhai ),STABLE,STABLE,95.8
2026-07-11,Aruppukottai(Uzhavar Sandhai ),STABLE,STABLE,95.6
2026-07-12,Aruppukottai(Uzhavar Sandhai ),STABLE,STABLE,95.33
2026-07-13,Aruppukottai(Uzhavar Sandhai ),STABLE,STABLE,96.0
2026-07-14,Aruppukottai(Uzhavar Sandhai ),STABLE,STABLE,95.69
2026-07-15,Aruppukottai(Uzhavar Sandhai ),STABLE,STABLE,95.67
2026-07-16,Aruppukottai(Uzhavar Sandhai ),STABLE,STABLE,95.39
2026-07-17,Aruppukottai(Uzhavar Sandhai ),STABLE,STABLE,95.59
2026-07-18,Aruppukottai(Uzhavar Sandhai ),STABLE,STABLE,95.53
2026-07-19,Aruppukottai(Uzhavar Sandhai ),STABLE,STABLE,95.16
2026-07-20,Aruppukottai(Uzhavar Sandhai ),STABLE,STABLE,95.97
2026-07-21,Aruppukottai(Uzhavar Sandhai ),STABLE,STABLE,95.53
2026-07-22,Aruppukottai(Uzhavar Sandhai ),STABLE,STABLE,95.43
2026-07-23,Aruppukottai(Uzhavar Sandhai ),STABLE,STABLE,95.29
2026-07-24,Aruppukottai(Uzhavar Sandhai ),STABLE,STABLE,95.28
2026-07-25,Aruppukottai(Uzhavar Sandhai ),STABLE,STABLE,95.41
2026-07-26,Aruppukottai(Uzhavar Sandhai ),STABLE,STABLE,95.33
2026-07-27,Aruppukottai(Uzhavar Sandhai ),STABLE,STABLE,95.99
2026-07-28,Aruppukottai(Uzhavar Sandhai ),STABLE,STABLE,95.59
2026-07-29,Aruppukottai(Uzhavar Sandhai ),STABLE,STABLE,95.61
2026-07-30,Aruppukottai(Uzhavar Sandhai ),STABLE,STABLE,95.32
2026-07-31,Aruppukottai(Uzhavar Sandhai ),STABLE,STABLE,94.5
2026-08-01,Aruppukottai(Uzhavar Sandhai ),STABLE,STABLE,95.54
2026-08-02,Aruppukottai(Uzhavar Sandhai ),STABLE,STABLE,95.33
2026-08-03,Aruppukottai(Uzhavar Sandhai ),STABLE,STABLE,95.92
2026-08-04,Aruppukottai(Uzhavar Sandhai ),STABLE,STABLE,95.77
2026-08-05,Aruppukottai(Uzhavar Sandhai ),STABLE,STABLE,95.51
2026-08-06,Aruppukottai(Uzhavar Sandhai ),STABLE,STABLE,95.57
2026-08-07,Aruppukottai(Uzhavar Sandhai ),STABLE,STABLE,95.48
2026-08-08,Aruppukottai(Uzhavar Sandhai ),STABLE,STABLE,95.55
2026-08-09,Aruppukottai(Uzhavar Sandhai ),STABLE,STABLE,95.33
2026-08-10,Aruppukottai(Uzhavar Sandhai ),STABLE,STABLE,96.05
2026-08-11,Aruppukottai(Uzhavar Sandhai ),STABLE,STABLE,95.93
2026-08-12,Aruppukottai(Uzhavar Sandhai ),STABLE,STABLE,95.88
2026-08-13,Aruppukottai(Uzhavar Sandhai ),STABLE,STABLE,95.68
2026-08-14,Aruppukottai(Uzhavar Sandhai ),STABLE,STABLE,95.52
2026-08-15,Aruppukottai(Uzhavar Sandhai ),STABLE,STABLE,95.45
2026-08-16,Aruppukottai(Uzhavar Sandhai ),STABLE,STABLE,95.23
2026-08-17,Aruppukottai(Uzhavar Sandhai ),STABLE,STABLE,96.14
2026-08-18,Aruppukottai(Uzhavar Sandhai ),STABLE,STABLE,95.9
2026-08-19,Aruppukottai(Uzhavar Sandhai ),STABLE,STABLE,95.83
2026-08-20,Aruppukottai(Uzhavar Sandhai ),STABLE,STABLE,95.43
2026-08-21,Aruppukottai(Uzhavar Sandhai ),STABLE,STABLE,95.34
2026-08-22,Aruppukottai(Uzhavar Sandhai ),STABLE,STABLE,94.99
2026-08-23,Aruppukottai(Uzhavar Sandhai ),STABLE,STABLE,94.93
2026-06-29,Athur(Uzhavar Sandhai ),INCREASING,STABLE,51.81
2026-06-30,Athur(Uzhavar Sandhai ),DECREASING,STABLE,53.66
2026-07-01,Athur(Uzhavar Sandhai ),INCREASING,STABLE,55.03
2026-07-02,Athur(Uzhavar Sandhai ),STABLE,STABLE,68.13
2026-07-03,Athur(Uzhavar Sandhai ),STABLE,STABLE,61.74
2026-07-04,Athur(Uzhavar Sandhai ),INCREASING,STABLE,56.32
2026-07-05,Athur(Uzhavar Sandhai ),DECREASING,DECREASING,61.44
2026-07-06,Athur(Uzhavar Sandhai ),INCREASING,STABLE,66.41
2026-07-07,Athur(Uzhavar Sandhai ),DECREASING,STABLE,64.5
2026-07-09,Athur(Uzhavar Sandhai ),STABLE,STABLE,58.1
2026-07-10,Athur(Uzhavar Sandhai ),STABLE,STABLE,52.33
2026-07-11,Athur(Uzhavar Sandhai ),INCREASING,STABLE,52.39
2026-07-12,Athur(Uzhavar Sandhai ),DECREASING,DECREASING,61.59
2026-07-13,Athur(Uzhavar Sandhai ),STABLE,STABLE,60.09
2026-07-14,Athur(Uzhavar Sandhai ),STABLE,STABLE,61.78
2026-07-15,Athur(Uzhavar Sandhai ),STABLE,STABLE,55.22
2026-07-16,Athur(Uzhavar Sandhai ),STABLE,STABLE,56.23
2026-07-17,Athur(Uzhavar Sandhai ),STABLE,STABLE,52.22
2026-07-18,Athur(Uzhavar Sandhai ),INCREASING,STABLE,53.64
2026-07-19,Athur(Uzhavar Sandhai ),DECREASING,DECREASING,63.95
2026-07-20,Athur(Uzhavar Sandhai ),INCREASING,INCREASING,42.92
2026-07-21,Athur(Uzhavar Sandhai ),DECREASING,STABLE,54.07
2026-07-22,Athur(Uzhavar Sandhai ),STABLE,STABLE,41.38
2026-07-23,Athur(Uzhavar Sandhai ),DECREASING,STABLE,42.51
2026-07-24,Athur(Uzhavar Sandhai ),INCREASING,INCREASING,41.46
2026-07-25,Athur(Uzhavar Sandhai ),INCREASING,INCREASING,49.84
2026-07-26,Athur(Uzhavar Sandhai ),DECREASING,DECREASING,63.3
2026-07-27,Athur(Uzhavar Sandhai ),STABLE,INCREASING,43.78
2026-07-28,Athur(Uzhavar Sandhai ),DECREASING,INCREASING,42.61
2026-07-29,Athur(Uzhavar Sandhai ),INCREASING,STABLE,42.21
2026-07-30,Athur(Uzhavar Sandhai ),INCREASING,INCREASING,46.75
2026-07-31,Athur(Uzhavar Sandhai ),STABLE,STABLE,42.66
2026-08-01,Athur(Uzhavar Sandhai ),INCREASING,STABLE,51.69
2026-08-02,Athur(Uzhavar Sandhai ),DECREASING,DECREASING,59.77
2026-08-03,Athur(Uzhavar Sandhai ),DECREASING,STABLE,55.52
2026-08-04,Athur(Uzhavar Sandhai ),INCREASING,STABLE,55.87
2026-08-05,Athur(Uzhavar Sandhai ),DECREASING,STABLE,61.21
2026-08-06,Athur(Uzhavar Sandhai ),INCREASING,STABLE,61.51
2026-08-07,Athur(Uzhavar Sandhai ),DECREASING,STABLE,57.09
2026-08-08,Athur(Uzhavar Sandhai ),STABLE,STABLE,53.01
2026-08-09,Athur(Uzhavar Sandhai ),DECREASING,DECREASING,61.17
2026-08-10,Athur(Uzhavar Sandhai ),INCREASING,STABLE,48.91
2026-08-11,Athur(Uzhavar Sandhai ),STABLE,STABLE,58.36
2026-08-12,Athur(Uzhavar Sandhai ),DECREASING,STABLE,59.2
2026-08-13,Athur(Uzhavar Sandhai ),STABLE,STABLE,57.16
2026-08-14,Athur(Uzhavar Sandhai ),STABLE,STABLE,52.06
2026-08-15,Athur(Uzhavar Sandhai ),INCREASING,INCREASING,45.84
2026-08-16,Athur(Uzhavar Sandhai ),DECREASING,DECREASING,63.51
2026-08-17,Athur(Uzhavar Sandhai ),STABLE,STABLE,46.78
2026-08-18,Athur(Uzhavar Sandhai ),INCREASING,STABLE,44.04
2026-08-19,Athur(Uzhavar Sandhai ),STABLE,STABLE,48.7
2026-08-20,Athur(Uzhavar Sandhai ),INCREASING,STABLE,48.94
2026-08-21,Athur(Uzhavar Sandhai ),STABLE,STABLE,52.28
2026-08-22,Athur(Uzhavar Sandhai ),STABLE,STABLE,39.5
2026-08-23,Athur(Uzhavar Sandhai ),DECREASING,DECREASING,67.74
2026-06-30,Attayampatti(Uzhavar Sandhai ),STABLE,STABLE,68.14
2026-07-01,Attayampatti(Uzhavar Sandhai ),STABLE,STABLE,71.16
2026-07-02,Attayampatti(Uzhavar Sandhai ),DECREASING,STABLE,69.44
2026-07-03,Attayampatti(Uzhavar Sandhai ),STABLE,STABLE,69.12
2026-07-04,Attayampatti(Uzhavar Sandhai ),INCREASING,STABLE,52.08
2026-07-05,Attayampatti(Uzhavar Sandhai ),STABLE,DECREASING,50.02
2026-07-06,Attayampatti(Uzhavar Sandhai ),STABLE,STABLE,70.2
2026-07-07,Attayampatti(Uzhavar Sandhai ),STABLE,STABLE,70.54
2026-07-08,Attayampatti(Uzhavar Sandhai ),STABLE,STABLE,70.44
2026-07-09,Attayampatti(Uzhavar Sandhai ),STABLE,STABLE,68.53
2026-07-10,Attayampatti(Uzhavar Sandhai ),STABLE,STABLE,67.0
2026-07-11,Attayampatti(Uzhavar Sandhai ),STABLE,STABLE,66.71
2026-07-12,Attayampatti(Uzhavar Sandhai ),DECREASING,DECREASING,49.43
2026-07-13,Attayampatti(Uzhavar Sandhai ),STABLE,STABLE,69.98
2026-07-14,Attayampatti(Uzhavar Sandhai ),DECREASING,STABLE,60.24
2026-07-15,Attayampatti(Uzhavar Sandhai ),STABLE,STABLE,56.35
2026-07-16,Attayampatti(Uzhavar Sandhai ),INCREASING,STABLE,47.71
2026-07-17,Attayampatti(Uzhavar Sandhai ),STABLE,STABLE,52.17
2026-07-18,Attayampatti(Uzhavar Sandhai ),INCREASING,STABLE,67.58
2026-07-19,Attayampatti(Uzhavar Sandhai ),STABLE,DECREASING,50.3
2026-07-20,Attayampatti(Uzhavar Sandhai ),STABLE,STABLE,68.63
2026-07-21,Attayampatti(Uzhavar Sandhai ),STABLE,STABLE,67.94
2026-07-22,Attayampatti(Uzhavar Sandhai ),STABLE,STABLE,69.25
2026-07-23,Attayampatti(Uzhavar Sandhai ),STABLE,STABLE,67.21
2026-07-24,Attayampatti(Uzhavar Sandhai ),STABLE,STABLE,65.57
2026-07-25,Attayampatti(Uzhavar Sandhai ),STABLE,STABLE,65.54
2026-07-26,Attayampatti(Uzhavar Sandhai ),DECREASING,DECREASING,51.01
2026-07-27,Attayampatti(Uzhavar Sandhai ),STABLE,STABLE,68.31
2026-07-28,Attayampatti(Uzhavar Sandhai ),STABLE,STABLE,68.99
2026-07-29,Attayampatti(Uzhavar Sandhai ),STABLE,STABLE,56.2
2026-07-30,Attayampatti(Uzhavar Sandhai ),STABLE,STABLE,54.76
2026-07-31,Attayampatti(Uzhavar Sandhai ),DECREASING,INCREASING,47.21
2026-08-01,Attayampatti(Uzhavar Sandhai ),INCREASING,INCREASING,53.35
2026-08-02,Attayampatti(Uzhavar Sandhai ),DECREASING,DECREASING,41.86
2026-08-03,Attayampatti(Uzhavar Sandhai ),STABLE,INCREASING,47.69
2026-08-04,Attayampatti(Uzhavar Sandhai ),STABLE,INCREASING,46.89
2026-08-05,Attayampatti(Uzhavar Sandhai ),STABLE,INCREASING,46.51
2026-08-06,Attayampatti(Uzhavar Sandhai ),INCREASING,INCREASING,50.28
2026-08-07,Attayampatti(Uzhavar Sandhai ),STABLE,INCREASING,52.0
2026-08-08,Attayampatti(Uzhavar Sandhai ),INCREASING,INCREASING,52.86
2026-08-09,Attayampatti(Uzhavar Sandhai ),STABLE,DECREASING,41.89
2026-08-10,Attayampatti(Uzhavar Sandhai ),STABLE,INCREASING,48.84
2026-08-11,Attayampatti(Uzhavar Sandhai ),DECREASING,INCREASING,47.58
2026-08-12,Attayampatti(Uzhavar Sandhai ),INCREASING,INCREASING,48.66
2026-08-13,Attayampatti(Uzhavar Sandhai ),STABLE,STABLE,47.24
2026-08-14,Attayampatti(Uzhavar Sandhai ),STABLE,INCREASING,47.06
2026-08-15,Attayampatti(Uzhavar Sandhai ),INCREASING,INCREASING,55.72
2026-08-16,Attayampatti(Uzhavar Sandhai ),STABLE,DECREASING,41.98
2026-08-17,Attayampatti(Uzhavar Sandhai ),STABLE,STABLE,49.7
2026-08-18,Attayampatti(Uzhavar Sandhai ),STABLE,STABLE,50.31
2026-08-19,Attayampatti(Uzhavar Sandhai ),INCREASING,INCREASING,51.29
2026-08-20,Attayampatti(Uzhavar Sandhai ),STABLE,STABLE,46.21
2026-08-21,Attayampatti(Uzhavar Sandhai ),INCREASING,INCREASING,54.52
2026-08-22,Attayampatti(Uzhavar Sandhai ),STABLE,INCREASING,48.36
2026-08-23,Attayampatti(Uzhavar Sandhai ),DECREASING,DECREASING,46.09
2026-06-29,Avallapalli(Uzhavar Sandhai ),STABLE,STABLE,78.64
2026-07-04,Avallapalli(Uzhavar Sandhai ),STABLE,STABLE,78.01
2026-07-07,Avallapalli(Uzhavar Sandhai ),STABLE,STABLE,75.08
2026-07-08,Avallapalli(Uzhavar Sandhai ),INCREASING,STABLE,77.67
2026-07-09,Avallapalli(Uzhavar Sandhai ),STABLE,STABLE,78.09
2026-07-10,Avallapalli(Uzhavar Sandhai ),STABLE,STABLE,78.06
2026-07-11,Avallapalli(Uzhavar Sandhai ),STABLE,STABLE,77.78
2026-07-12,Avallapalli(Uzhavar Sandhai ),STABLE,STABLE,68.76
2026-07-13,Avallapalli(Uzhavar Sandhai ),STABLE,STABLE,79.6
2026-07-14,Avallapalli(Uzhavar Sandhai ),STABLE,STABLE,78.22
2026-07-15,Avallapalli(Uzhavar Sandhai ),STABLE,STABLE,77.99
2026-07-16,Avallapalli(Uzhavar Sandhai ),STABLE,STABLE,76.63
2026-07-17,Avallapalli(Uzhavar Sandhai ),STABLE,STABLE,76.43
2026-07-18,Avallapalli(Uzhavar Sandhai ),STABLE,STABLE,78.05
2026-07-19,Avallapalli(Uzhavar Sandhai ),STABLE,STABLE,68.79
2026-07-20,Avallapalli(Uzhavar Sandhai ),STABLE,STABLE,75.43
2026-07-21,Avallapalli(Uzhavar Sandhai ),STABLE,STABLE,77.29
2026-07-22,Avallapalli(Uzhavar Sandhai ),STABLE,STABLE,77.16
2026-07-23,Avallapalli(Uzhavar Sandhai ),STABLE,STABLE,76.5
2026-07-24,Avallapalli(Uzhavar Sandhai ),STABLE,STABLE,76.71
2026-07-25,Avallapalli(Uzhavar Sandhai ),STABLE,STABLE,76.78
2026-07-26,Avallapalli(Uzhavar Sandhai ),STABLE,STABLE,68.45
2026-07-27,Avallapalli(Uzhavar Sandhai ),STABLE,STABLE,78.54
2026-07-28,Avallapalli(Uzhavar Sandhai ),STABLE,STABLE,77.99
2026-07-29,Avallapalli(Uzhavar Sandhai ),STABLE,STABLE,77.72
2026-07-30,Avallapalli(Uzhavar Sandhai ),STABLE,STABLE,77.01
2026-07-31,Avallapalli(Uzhavar Sandhai ),STABLE,STABLE,75.59
2026-08-01,Avallapalli(Uzhavar Sandhai ),STABLE,STABLE,77.96
2026-08-02,Avallapalli(Uzhavar Sandhai ),STABLE,STABLE,69.12
2026-08-03,Avallapalli(Uzhavar Sandhai ),STABLE,STABLE,78.82
2026-08-04,Avallapalli(Uzhavar Sandhai ),STABLE,STABLE,78.43
2026-08-05,Avallapalli(Uzhavar Sandhai ),STABLE,STABLE,78.2
2026-08-06,Avallapalli(Uzhavar Sandhai ),STABLE,STABLE,77.65
2026-08-07,Avallapalli(Uzhavar Sandhai ),STABLE,STABLE,77.8
2026-08-08,Avallapalli(Uzhavar Sandhai ),STABLE,STABLE,77.81
2026-08-09,Avallapalli(Uzhavar Sandhai ),STABLE,STABLE,69.25
2026-08-10,Avallapalli(Uzhavar Sandhai ),STABLE,STABLE,79.6
2026-08-11,Avallapalli(Uzhavar Sandhai ),STABLE,STABLE,78.47
2026-08-12,Avallapalli(Uzhavar Sandhai ),STABLE,STABLE,77.58
2026-08-13,Avallapalli(Uzhavar Sandhai ),STABLE,STABLE,77.63
2026-08-14,Avallapalli(Uzhavar Sandhai ),STABLE,STABLE,77.38
2026-08-15,Avallapalli(Uzhavar Sandhai ),STABLE,STABLE,77.65
2026-08-16,Avallapalli(Uzhavar Sandhai ),STABLE,STABLE,68.61
2026-08-17,Avallapalli(Uzhavar Sandhai ),STABLE,STABLE,78.21
2026-08-18,Avallapalli(Uzhavar Sandhai ),STABLE,STABLE,78.09
2026-08-19,Avallapalli(Uzhavar Sandhai ),STABLE,STABLE,76.85
2026-08-20,Avallapalli(Uzhavar Sandhai ),STABLE,STABLE,77.37
2026-08-21,Avallapalli(Uzhavar Sandhai ),STABLE,STABLE,76.92
2026-08-22,Avallapalli(Uzhavar Sandhai ),STABLE,STABLE,77.11
2026-08-23,Avallapalli(Uzhavar Sandhai ),STABLE,STABLE,67.56
2026-06-29,Bodinayakanur(Uzhavar Sandhai ),STABLE,STABLE,79.02
2026-06-30,Bodinayakanur(Uzhavar Sandhai ),STABLE,STABLE,77.81
2026-07-01,Bodinayakanur(Uzhavar Sandhai ),STABLE,STABLE,79.05
2026-07-02,Bodinayakanur(Uzhavar Sandhai ),STABLE,STABLE,78.69
2026-07-03,Bodinayakanur(Uzhavar Sandhai ),STABLE,STABLE,78.8
2026-07-04,Bodinayakanur(Uzhavar Sandhai ),STABLE,STABLE,77.55
2026-07-05,Bodinayakanur(Uzhavar Sandhai ),STABLE,STABLE,80.27
2026-07-06,Bodinayakanur(Uzhavar Sandhai ),STABLE,STABLE,79.91
2026-07-07,Bodinayakanur(Uzhavar Sandhai ),STABLE,STABLE,79.08
2026-07-08,Bodinayakanur(Uzhavar Sandhai ),STABLE,STABLE,79.38
2026-07-09,Bodinayakanur(Uzhavar Sandhai ),STABLE,STABLE,77.19
2026-07-10,Bodinayakanur(Uzhavar Sandhai ),STABLE,STABLE,78.1
2026-07-11,Bodinayakanur(Uzhavar Sandhai ),STABLE,STABLE,77.94
2026-07-12,Bodinayakanur(Uzhavar Sandhai ),STABLE,STABLE,79.97
2026-07-13,Bodinayakanur(Uzhavar Sandhai ),STABLE,STABLE,78.99
2026-07-14,Bodinayakanur(Uzhavar Sandhai ),DECREASING,STABLE,78.08
2026-07-15,Bodinayakanur(Uzhavar Sandhai ),STABLE,STABLE,78.38
2026-07-16,Bodinayakanur(Uzhavar Sandhai ),STABLE,STABLE,77.74
2026-07-17,Bodinayakanur(Uzhavar Sandhai ),STABLE,STABLE,77.36
2026-07-18,Bodinayakanur(Uzhavar Sandhai ),DECREASING,STABLE,76.72
2026-07-19,Bodinayakanur(Uzhavar Sandhai ),INCREASING,STABLE,74.27
2026-07-20,Bodinayakanur(Uzhavar Sandhai ),DECREASING,STABLE,79.32
2026-07-21,Bodinayakanur(Uzhavar Sandhai ),STABLE,STABLE,78.18
2026-07-22,Bodinayakanur(Uzhavar Sandhai ),DECREASING,STABLE,77.38
2026-07-23,Bodinayakanur(Uzhavar Sandhai ),INCREASING,STABLE,77.37
2026-07-24,Bodinayakanur(Uzhavar Sandhai ),STABLE,STABLE,77.8
2026-07-25,Bodinayakanur(Uzhavar Sandhai ),INCREASING,STABLE,75.82
2026-07-26,Bodinayakanur(Uzhavar Sandhai ),STABLE,STABLE,80.35
2026-07-27,Bodinayakanur(Uzhavar Sandhai ),STABLE,STABLE,79.64
2026-07-28,Bodinayakanur(Uzhavar Sandhai ),DECREASING,STABLE,79.36
2026-07-29,Bodinayakanur(Uzhavar Sandhai ),INCREASING,STABLE,78.28
2026-07-30,Bodinayakanur(Uzhavar Sandhai ),STABLE,STABLE,76.29
2026-07-31,Bodinayakanur(Uzhavar Sandhai ),STABLE,STABLE,74.87
2026-08-01,Bodinayakanur(Uzhavar Sandhai ),INCREASING,STABLE,77.84
2026-08-02,Bodinayakanur(Uzhavar Sandhai ),INCREASING,STABLE,80.2
2026-08-03,Bodinayakanur(Uzhavar Sandhai ),DECREASING,STABLE,81.01
2026-08-04,Bodinayakanur(Uzhavar Sandhai ),DECREASING,STABLE,79.28
2026-08-05,Bodinayakanur(Uzhavar Sandhai ),STABLE,STABLE,79.47
2026-08-06,Bodinayakanur(Uzhavar Sandhai ),STABLE,STABLE,77.74
2026-08-07,Bodinayakanur(Uzhavar Sandhai ),INCREASING,STABLE,78.0
2026-08-08,Bodinayakanur(Uzhavar Sandhai ),STABLE,STABLE,79.49
2026-08-09,Bodinayakanur(Uzhavar Sandhai ),STABLE,STABLE,80.85
2026-08-10,Bodinayakanur(Uzhavar Sandhai ),STABLE,STABLE,81.2
2026-08-11,Bodinayakanur(Uzhavar Sandhai ),STABLE,STABLE,80.36
2026-08-12,Bodinayakanur(Uzhavar Sandhai ),INCREASING,STABLE,78.71
2026-08-13,Bodinayakanur(Uzhavar Sandhai ),STABLE,STABLE,79.18
2026-08-14,Bodinayakanur(Uzhavar Sandhai ),STABLE,STABLE,77.51
2026-08-15,Bodinayakanur(Uzhavar Sandhai ),STABLE,STABLE,76.75
2026-08-16,Bodinayakanur(Uzhavar Sandhai ),STABLE,STABLE,79.64
2026-08-17,Bodinayakanur(Uzhavar Sandhai ),STABLE,STABLE,78.39
2026-08-18,Bodinayakanur(Uzhavar Sandhai ),INCREASING,STABLE,79.1
2026-08-19,Bodinayakanur(Uzhavar Sandhai ),STABLE,STABLE,77.9
2026-08-20,Bodinayakanur(Uzhavar Sandhai ),INCREASING,STABLE,76.36
2026-08-21,Bodinayakanur(Uzhavar Sandhai ),STABLE,STABLE,76.75
2026-08-22,Bodinayakanur(Uzhavar Sandhai ),DECREASING,STABLE,76.9
2026-08-23,Bodinayakanur(Uzhavar Sandhai ),INCREASING,STABLE,77.72
2026-06-29,Chengalpet(Uzhavar Sandhai ),STABLE,STABLE,92.41
2026-06-30,Chengalpet(Uzhavar Sandhai ),STABLE,STABLE,91.98
2026-07-01,Chengalpet(Uzhavar Sandhai ),STABLE,STABLE,90.47
2026-07-02,Chengalpet(Uzhavar Sandhai ),STABLE,STABLE,90.39
2026-07-03,Chengalpet(Uzhavar Sandhai ),STABLE,STABLE,90.11
2026-07-04,Chengalpet(Uzhavar Sandhai ),STABLE,STABLE,90.58
2026-07-06,Chengalpet(Uzhavar Sandhai ),STABLE,STABLE,92.72
2026-07-07,Chengalpet(Uzhavar Sandhai ),STABLE,STABLE,92.57
2026-07-08,Chengalpet(Uzhavar Sandhai ),STABLE,STABLE,92.07
2026-07-09,Chengalpet(Uzhavar Sandhai ),STABLE,STABLE,91.86
2026-07-10,Chengalpet(Uzhavar Sandhai ),STABLE,STABLE,91.73
2026-07-11,Chengalpet(Uzhavar Sandhai ),STABLE,STABLE,92.06
2026-07-12,Chengalpet(Uzhavar Sandhai ),STABLE,STABLE,92.59
2026-07-13,Chengalpet(Uzhavar Sandhai ),STABLE,STABLE,92.68
2026-07-14,Chengalpet(Uzhavar Sandhai ),STABLE,STABLE,92.33
2026-07-15,Chengalpet(Uzhavar Sandhai ),STABLE,STABLE,92.27
2026-07-16,Chengalpet(Uzhavar Sandhai ),STABLE,STABLE,91.99
2026-07-17,Chengalpet(Uzhavar Sandhai ),STABLE,STABLE,91.71
2026-07-18,Chengalpet(Uzhavar Sandhai ),STABLE,STABLE,91.85
2026-07-19,Chengalpet(Uzhavar Sandhai ),STABLE,STABLE,92.38
2026-07-20,Chengalpet(Uzhavar Sandhai ),STABLE,STABLE,92.48
2026-07-21,Chengalpet(Uzhavar Sandhai ),STABLE,STABLE,92.22
2026-07-22,Chengalpet(Uzhavar Sandhai ),STABLE,STABLE,91.86
2026-07-23,Chengalpet(Uzhavar Sandhai ),STABLE,STABLE,91.8
2026-07-24,Chengalpet(Uzhavar Sandhai ),STABLE,STABLE,91.46
2026-07-25,Chengalpet(Uzhavar Sandhai ),STABLE,STABLE,91.63
2026-07-26,Chengalpet(Uzhavar Sandhai ),STABLE,STABLE,92.32
2026-07-27,Chengalpet(Uzhavar Sandhai ),STABLE,STABLE,92.44
2026-07-28,Chengalpet(Uzhavar Sandhai ),STABLE,STABLE,92.3
2026-07-29,Chengalpet(Uzhavar Sandhai ),STABLE,STABLE,92.21
2026-07-30,Chengalpet(Uzhavar Sandhai ),STABLE,STABLE,91.82
2026-07-31,Chengalpet(Uzhavar Sandhai ),STABLE,STABLE,90.77
2026-08-01,Chengalpet(Uzhavar Sandhai ),STABLE,STABLE,90.47
2026-08-02,Chengalpet(Uzhavar Sandhai ),STABLE,STABLE,91.16
2026-08-03,Chengalpet(Uzhavar Sandhai ),STABLE,STABLE,91.31
2026-08-04,Chengalpet(Uzhavar Sandhai ),STABLE,STABLE,91.47
2026-08-05,Chengalpet(Uzhavar Sandhai ),STABLE,STABLE,92.4
2026-08-06,Chengalpet(Uzhavar Sandhai ),STABLE,STABLE,92.23
2026-08-07,Chengalpet(Uzhavar Sandhai ),STABLE,STABLE,91.9
2026-08-08,Chengalpet(Uzhavar Sandhai ),STABLE,STABLE,91.98
2026-08-09,Chengalpet(Uzhavar Sandhai ),STABLE,STABLE,92.5
2026-08-10,Chengalpet(Uzhavar Sandhai ),STABLE,STABLE,92.71
2026-08-11,Chengalpet(Uzhavar Sandhai ),STABLE,STABLE,92.37
2026-08-12,Chengalpet(Uzhavar Sandhai ),STABLE,STABLE,92.42
2026-08-13,Chengalpet(Uzhavar Sandhai ),STABLE,STABLE,92.1
2026-08-14,Chengalpet(Uzhavar Sandhai ),STABLE,STABLE,91.69
2026-08-15,Chengalpet(Uzhavar Sandhai ),STABLE,STABLE,91.86
2026-08-16,Chengalpet(Uzhavar Sandhai ),STABLE,STABLE,92.41
2026-08-17,Chengalpet(Uzhavar Sandhai ),STABLE,STABLE,92.61
2026-08-18,Chengalpet(Uzhavar Sandhai ),STABLE,STABLE,92.4
2026-08-19,Chengalpet(Uzhavar Sandhai ),STABLE,STABLE,92.31
2026-08-20,Chengalpet(Uzhavar Sandhai ),STABLE,STABLE,92.03
2026-08-21,Chengalpet(Uzhavar Sandhai ),STABLE,STABLE,91.75
2026-08-22,Chengalpet(Uzhavar Sandhai ),STABLE,STABLE,91.61
2026-08-23,Chengalpet(Uzhavar Sandhai ),STABLE,STABLE,92.37
2026-06-29,Chengam(Uzhavar Sandhai ),STABLE,STABLE,79.24
2026-06-30,Chengam(Uzhavar Sandhai ),STABLE,STABLE,78.11
2026-07-01,Chengam(Uzhavar Sandhai ),STABLE,STABLE,78.1
2026-07-02,Chengam(Uzhavar Sandhai ),STABLE,STABLE,77.56
2026-07-03,Chengam(Uzhavar Sandhai ),STABLE,STABLE,77.18
2026-07-04,Chengam(Uzhavar Sandhai ),STABLE,STABLE,77.39
2026-07-07,Chengam(Uzhavar Sandhai ),STABLE,STABLE,78.16
2026-07-08,Chengam(Uzhavar Sandhai ),STABLE,STABLE,78.42
2026-07-09,Chengam(Uzhavar Sandhai ),STABLE,STABLE,77.73
2026-07-10,Chengam(Uzhavar Sandhai ),INCREASING,STABLE,75.99
2026-07-11,Chengam(Uzhavar Sandhai ),STABLE,STABLE,77.47
2026-07-12,Chengam(Uzhavar Sandhai ),STABLE,STABLE,76.96
2026-07-13,Chengam(Uzhavar Sandhai ),STABLE,STABLE,77.72
2026-07-14,Chengam(Uzhavar Sandhai ),STABLE,STABLE,77.62
2026-07-15,Chengam(Uzhavar Sandhai ),STABLE,STABLE,77.22
2026-07-16,Chengam(Uzhavar Sandhai ),STABLE,STABLE,77.1
2026-07-17,Chengam(Uzhavar Sandhai ),STABLE,STABLE,77.32
2026-07-18,Chengam(Uzhavar Sandhai ),STABLE,STABLE,78.02
2026-07-19,Chengam(Uzhavar Sandhai ),STABLE,STABLE,76.28
2026-07-20,Chengam(Uzhavar Sandhai ),STABLE,STABLE,79.14
2026-07-21,Chengam(Uzhavar Sandhai ),STABLE,STABLE,77.06
2026-07-22,Chengam(Uzhavar Sandhai ),STABLE,STABLE,77.85
2026-07-23,Chengam(Uzhavar Sandhai ),STABLE,STABLE,77.08
2026-07-24,Chengam(Uzhavar Sandhai ),STABLE,STABLE,76.86
2026-07-25,Chengam(Uzhavar Sandhai ),STABLE,STABLE,77.47
2026-07-26,Chengam(Uzhavar Sandhai ),STABLE,STABLE,79.25
2026-07-27,Chengam(Uzhavar Sandhai ),STABLE,STABLE,79.96
2026-07-28,Chengam(Uzhavar Sandhai ),STABLE,STABLE,78.83
2026-07-29,Chengam(Uzhavar Sandhai ),STABLE,STABLE,78.65
2026-07-30,Chengam(Uzhavar Sandhai ),STABLE,STABLE,77.71
2026-07-31,Chengam(Uzhavar Sandhai ),STABLE,STABLE,77.71
2026-08-01,Chengam(Uzhavar Sandhai ),STABLE,STABLE,78.49
2026-08-02,Chengam(Uzhavar Sandhai ),INCREASING,STABLE,77.22
2026-08-03,Chengam(Uzhavar Sandhai ),STABLE,STABLE,78.85
2026-08-04,Chengam(Uzhavar Sandhai ),DECREASING,STABLE,78.56
2026-08-05,Chengam(Uzhavar Sandhai ),STABLE,STABLE,79.36
2026-08-06,Chengam(Uzhavar Sandhai ),STABLE,STABLE,79.03
2026-08-07,Chengam(Uzhavar Sandhai ),STABLE,STABLE,78.56
2026-08-08,Chengam(Uzhavar Sandhai ),STABLE,STABLE,76.86
2026-08-09,Chengam(Uzhavar Sandhai ),STABLE,STABLE,76.67
2026-08-10,Chengam(Uzhavar Sandhai ),DECREASING,STABLE,80.66
2026-08-11,Chengam(Uzhavar Sandhai ),INCREASING,STABLE,77.24
2026-08-12,Chengam(Uzhavar Sandhai ),STABLE,STABLE,78.04
2026-08-13,Chengam(Uzhavar Sandhai ),STABLE,STABLE,77.2
2026-08-14,Chengam(Uzhavar Sandhai ),STABLE,STABLE,76.21
2026-08-15,Chengam(Uzhavar Sandhai ),STABLE,STABLE,76.64
2026-08-16,Chengam(Uzhavar Sandhai ),STABLE,STABLE,75.33
2026-08-17,Chengam(Uzhavar Sandhai ),STABLE,STABLE,79.3
2026-08-18,Chengam(Uzhavar Sandhai ),INCREASING,STABLE,75.99
2026-08-19,Chengam(Uzhavar Sandhai ),STABLE,STABLE,77.34
2026-08-20,Chengam(Uzhavar Sandhai ),STABLE,STABLE,76.84
2026-08-21,Chengam(Uzhavar Sandhai ),STABLE,STABLE,77.93
2026-08-22,Chengam(Uzhavar Sandhai ),STABLE,STABLE,77.24
2026-08-23,Chengam(Uzhavar Sandhai ),STABLE,STABLE,76.5
2026-08-23,Chengam(Uzhavar Sandhai ),STABLE,STABLE,76.62
2026-06-29,Cheyyar(Uzhavar Sandhai ),STABLE,STABLE,74.29
2026-06-30,Cheyyar(Uzhavar Sandhai ),STABLE,STABLE,73.44
2026-07-01,Cheyyar(Uzhavar Sandhai ),STABLE,STABLE,73.23
2026-07-02,Cheyyar(Uzhavar Sandhai ),STABLE,STABLE,72.35
2026-07-03,Cheyyar(Uzhavar Sandhai ),STABLE,STABLE,72.22
2026-07-04,Cheyyar(Uzhavar Sandhai ),STABLE,STABLE,72.3
2026-07-05,Cheyyar(Uzhavar Sandhai ),STABLE,STABLE,68.51
2026-07-06,Cheyyar(Uzhavar Sandhai ),STABLE,STABLE,71.95
2026-07-07,Cheyyar(Uzhavar Sandhai ),STABLE,STABLE,71.71
2026-07-08,Cheyyar(Uzhavar Sandhai ),STABLE,STABLE,71.23
2026-07-09,Cheyyar(Uzhavar Sandhai ),STABLE,STABLE,70.69
2026-07-10,Cheyyar(Uzhavar Sandhai ),STABLE,STABLE,72.72
2026-07-11,Cheyyar(Uzhavar Sandhai ),STABLE,STABLE,73.11
2026-07-12,Cheyyar(Uzhavar Sandhai ),STABLE,STABLE,68.94
2026-07-13,Cheyyar(Uzhavar Sandhai ),STABLE,STABLE,72.46
2026-07-14,Cheyyar(Uzhavar Sandhai ),STABLE,STABLE,70.73
2026-07-15,Cheyyar(Uzhavar Sandhai ),STABLE,STABLE,71.46
2026-07-16,Cheyyar(Uzhavar Sandhai ),STABLE,STABLE,71.46
2026-07-17,Cheyyar(Uzhavar Sandhai ),STABLE,STABLE,73.04
2026-07-18,Cheyyar(Uzhavar Sandhai ),STABLE,STABLE,73.34
2026-07-19,Cheyyar(Uzhavar Sandhai ),STABLE,STABLE,69.3
2026-07-20,Cheyyar(Uzhavar Sandhai ),STABLE,STABLE,72.07
2026-07-21,Cheyyar(Uzhavar Sandhai ),STABLE,STABLE,72.32
2026-07-22,Cheyyar(Uzhavar Sandhai ),STABLE,STABLE,70.58
2026-07-23,Cheyyar(Uzhavar Sandhai ),STABLE,STABLE,70.12
2026-07-24,Cheyyar(Uzhavar Sandhai ),STABLE,STABLE,72.73
2026-07-25,Cheyyar(Uzhavar Sandhai ),STABLE,STABLE,73.29
2026-07-26,Cheyyar(Uzhavar Sandhai ),STABLE,STABLE,69.37
2026-07-27,Cheyyar(Uzhavar Sandhai ),STABLE,STABLE,72.84
2026-07-28,Cheyyar(Uzhavar Sandhai ),STABLE,STABLE,71.53
2026-07-29,Cheyyar(Uzhavar Sandhai ),STABLE,STABLE,72.02
2026-07-30,Cheyyar(Uzhavar Sandhai ),STABLE,STABLE,71.07
2026-07-31,Cheyyar(Uzhavar Sandhai ),STABLE,STABLE,72.31
2026-08-01,Cheyyar(Uzhavar Sandhai ),STABLE,STABLE,73.09
2026-08-02,Cheyyar(Uzhavar Sandhai ),STABLE,STABLE,69.0
2026-08-03,Cheyyar(Uzhavar Sandhai ),STABLE,STABLE,72.01
2026-08-04,Cheyyar(Uzhavar Sandhai ),STABLE,STABLE,72.03
2026-08-05,Cheyyar(Uzhavar Sandhai ),STABLE,STABLE,72.1
2026-08-06,Cheyyar(Uzhavar Sandhai ),STABLE,STABLE,71.47
2026-08-07,Cheyyar(Uzhavar Sandhai ),STABLE,STABLE,72.98
2026-08-08,Cheyyar(Uzhavar Sandhai ),STABLE,STABLE,72.98
2026-08-09,Cheyyar(Uzhavar Sandhai ),STABLE,STABLE,68.68
2026-08-10,Cheyyar(Uzhavar Sandhai ),STABLE,STABLE,72.73
2026-08-11,Cheyyar(Uzhavar Sandhai ),STABLE,STABLE,71.52
2026-08-12,Cheyyar(Uzhavar Sandhai ),STABLE,STABLE,71.92
2026-08-13,Cheyyar(Uzhavar Sandhai ),STABLE,STABLE,71.15
2026-08-14,Cheyyar(Uzhavar Sandhai ),STABLE,STABLE,72.44
2026-08-15,Cheyyar(Uzhavar Sandhai ),STABLE,STABLE,72.19
2026-08-16,Cheyyar(Uzhavar Sandhai ),STABLE,STABLE,68.79
2026-08-17,Cheyyar(Uzhavar Sandhai ),STABLE,STABLE,72.61
2026-08-18,Cheyyar(Uzhavar Sandhai ),STABLE,STABLE,71.46
2026-08-19,Cheyyar(Uzhavar Sandhai ),STABLE,STABLE,71.19
2026-08-20,Cheyyar(Uzhavar Sandhai ),STABLE,STABLE,70.52
2026-08-21,Cheyyar(Uzhavar Sandhai ),STABLE,STABLE,72.53
2026-08-22,Cheyyar(Uzhavar Sandhai ),STABLE,STABLE,72.1
2026-08-23,Cheyyar(Uzhavar Sandhai ),STABLE,STABLE,68.39
2026-06-29,Chidambaram(Uzhavar Sandhai ),STABLE,STABLE,73.09
2026-06-30,Chidambaram(Uzhavar Sandhai ),STABLE,STABLE,72.48
2026-07-01,Chidambaram(Uzhavar Sandhai ),STABLE,STABLE,73.89
2026-07-02,Chidambaram(Uzhavar Sandhai ),STABLE,STABLE,74.27
2026-07-03,Chidambaram(Uzhavar Sandhai ),STABLE,STABLE,78.09
2026-07-04,Chidambaram(Uzhavar Sandhai ),DECREASING,STABLE,78.55
2026-07-05,Chidambaram(Uzhavar Sandhai ),INCREASING,INCREASING,60.17
2026-07-06,Chidambaram(Uzhavar Sandhai ),STABLE,STABLE,79.73
2026-07-07,Chidambaram(Uzhavar Sandhai ),STABLE,STABLE,79.03
2026-07-08,Chidambaram(Uzhavar Sandhai ),STABLE,STABLE,79.5
2026-07-09,Chidambaram(Uzhavar Sandhai ),DECREASING,STABLE,79.37
2026-07-10,Chidambaram(Uzhavar Sandhai ),INCREASING,INCREASING,64.18
2026-07-11,Chidambaram(Uzhavar Sandhai ),DECREASING,STABLE,81.14
2026-07-12,Chidambaram(Uzhavar Sandhai ),INCREASING,INCREASING,62.01
2026-07-13,Chidambaram(Uzhavar Sandhai ),STABLE,STABLE,81.45
2026-07-14,Chidambaram(Uzhavar Sandhai ),STABLE,STABLE,80.96
2026-07-15,Chidambaram(Uzhavar Sandhai ),STABLE,STABLE,80.76
2026-07-16,Chidambaram(Uzhavar Sandhai ),STABLE,STABLE,80.1
2026-07-17,Chidambaram(Uzhavar Sandhai ),STABLE,STABLE,80.39
2026-07-18,Chidambaram(Uzhavar Sandhai ),STABLE,STABLE,80.93
2026-07-19,Chidambaram(Uzhavar Sandhai ),STABLE,STABLE,79.63
2026-07-20,Chidambaram(Uzhavar Sandhai ),DECREASING,STABLE,81.17
2026-07-21,Chidambaram(Uzhavar Sandhai ),INCREASING,INCREASING,64.02
2026-07-22,Chidambaram(Uzhavar Sandhai ),STABLE,STABLE,80.06
2026-07-23,Chidambaram(Uzhavar Sandhai ),STABLE,STABLE,79.85
2026-07-24,Chidambaram(Uzhavar Sandhai ),STABLE,STABLE,80.15
2026-07-25,Chidambaram(Uzhavar Sandhai ),STABLE,STABLE,80.54
2026-07-26,Chidambaram(Uzhavar Sandhai ),STABLE,STABLE,79.02
2026-07-27,Chidambaram(Uzhavar Sandhai ),STABLE,STABLE,80.62
2026-07-28,Chidambaram(Uzhavar Sandhai ),STABLE,STABLE,79.23
2026-07-29,Chidambaram(Uzhavar Sandhai ),STABLE,STABLE,78.94
2026-07-30,Chidambaram(Uzhavar Sandhai ),STABLE,STABLE,77.64
2026-07-31,Chidambaram(Uzhavar Sandhai ),STABLE,STABLE,76.13
2026-08-01,Chidambaram(Uzhavar Sandhai ),STABLE,STABLE,79.17
2026-08-02,Chidambaram(Uzhavar Sandhai ),STABLE,STABLE,78.0
2026-08-03,Chidambaram(Uzhavar Sandhai ),STABLE,STABLE,80.21
2026-08-04,Chidambaram(Uzhavar Sandhai ),STABLE,STABLE,79.29
2026-08-05,Chidambaram(Uzhavar Sandhai ),STABLE,STABLE,79.26
2026-08-06,Chidambaram(Uzhavar Sandhai ),STABLE,STABLE,78.86
2026-08-07,Chidambaram(Uzhavar Sandhai ),STABLE,STABLE,79.27
2026-08-08,Chidambaram(Uzhavar Sandhai ),STABLE,STABLE,80.67
2026-08-09,Chidambaram(Uzhavar Sandhai ),STABLE,STABLE,79.5
2026-08-10,Chidambaram(Uzhavar Sandhai ),STABLE,STABLE,81.75
2026-08-11,Chidambaram(Uzhavar Sandhai ),STABLE,STABLE,81.29
2026-08-12,Chidambaram(Uzhavar Sandhai ),STABLE,STABLE,80.9
2026-08-13,Chidambaram(Uzhavar Sandhai ),STABLE,STABLE,80.48
2026-08-14,Chidambaram(Uzhavar Sandhai ),STABLE,STABLE,80.55
2026-08-15,Chidambaram(Uzhavar Sandhai ),STABLE,STABLE,81.5
2026-08-16,Chidambaram(Uzhavar Sandhai ),STABLE,STABLE,79.72
2026-08-17,Chidambaram(Uzhavar Sandhai ),STABLE,STABLE,80.93
2026-08-18,Chidambaram(Uzhavar Sandhai ),STABLE,STABLE,80.93
2026-08-19,Chidambaram(Uzhavar Sandhai ),STABLE,STABLE,80.41
2026-08-20,Chidambaram(Uzhavar Sandhai ),STABLE,STABLE,80.14
2026-08-21,Chidambaram(Uzhavar Sandhai ),STABLE,STABLE,80.48
2026-08-22,Chidambaram(Uzhavar Sandhai ),STABLE,STABLE,81.22
2026-08-23,Chidambaram(Uzhavar Sandhai ),STABLE,STABLE,79.82
2026-06-29,Chinnalapatti(Uzhavar Sandhai ),INCREASING,STABLE,79.12
2026-06-30,Chinnalapatti(Uzhavar Sandhai ),DECREASING,STABLE,77.99
2026-07-01,Chinnalapatti(Uzhavar Sandhai ),STABLE,STABLE,78.31
2026-07-02,Chinnalapatti(Uzhavar Sandhai ),STABLE,STABLE,77.94
2026-07-03,Chinnalapatti(Uzhavar Sandhai ),STABLE,STABLE,77.03
2026-07-04,Chinnalapatti(Uzhavar Sandhai ),STABLE,STABLE,77.51
2026-07-05,Chinnalapatti(Uzhavar Sandhai ),STABLE,STABLE,78.52
2026-07-06,Chinnalapatti(Uzhavar Sandhai ),INCREASING,STABLE,79.46
2026-07-07,Chinnalapatti(Uzhavar Sandhai ),DECREASING,STABLE,78.65
2026-07-09,Chinnalapatti(Uzhavar Sandhai ),STABLE,STABLE,77.79
2026-07-10,Chinnalapatti(Uzhavar Sandhai ),STABLE,STABLE,77.16
2026-07-11,Chinnalapatti(Uzhavar Sandhai ),STABLE,STABLE,77.23
2026-07-12,Chinnalapatti(Uzhavar Sandhai ),STABLE,STABLE,78.18
2026-07-13,Chinnalapatti(Uzhavar Sandhai ),STABLE,STABLE,79.09
2026-07-14,Chinnalapatti(Uzhavar Sandhai ),STABLE,STABLE,78.79
2026-07-15,Chinnalapatti(Uzhavar Sandhai ),STABLE,STABLE,78.11
2026-07-17,Chinnalapatti(Uzhavar Sandhai ),STABLE,STABLE,76.7
2026-07-18,Chinnalapatti(Uzhavar Sandhai ),DECREASING,STABLE,76.98
2026-07-19,Chinnalapatti(Uzhavar Sandhai ),STABLE,STABLE,78.18
2026-07-20,Chinnalapatti(Uzhavar Sandhai ),STABLE,STABLE,78.95
2026-07-21,Chinnalapatti(Uzhavar Sandhai ),INCREASING,STABLE,77.97
2026-07-22,Chinnalapatti(Uzhavar Sandhai ),STABLE,STABLE,77.43
2026-07-23,Chinnalapatti(Uzhavar Sandhai ),STABLE,STABLE,76.96
2026-07-24,Chinnalapatti(Uzhavar Sandhai ),INCREASING,STABLE,76.36
2026-07-25,Chinnalapatti(Uzhavar Sandhai ),DECREASING,STABLE,76.27
2026-07-26,Chinnalapatti(Uzhavar Sandhai ),STABLE,STABLE,78.23
2026-07-27,Chinnalapatti(Uzhavar Sandhai ),DECREASING,STABLE,79.12
2026-07-28,Chinnalapatti(Uzhavar Sandhai ),INCREASING,STABLE,78.04
2026-07-29,Chinnalapatti(Uzhavar Sandhai ),STABLE,STABLE,77.98
2026-07-30,Chinnalapatti(Uzhavar Sandhai ),STABLE,STABLE,76.95
2026-07-31,Chinnalapatti(Uzhavar Sandhai ),STABLE,STABLE,75.36
2026-08-01,Chinnalapatti(Uzhavar Sandhai ),STABLE,STABLE,77.62
2026-08-02,Chinnalapatti(Uzhavar Sandhai ),STABLE,STABLE,78.19
2026-08-03,Chinnalapatti(Uzhavar Sandhai ),STABLE,STABLE,79.37
2026-08-04,Chinnalapatti(Uzhavar Sandhai ),INCREASING,STABLE,78.52
2026-08-05,Chinnalapatti(Uzhavar Sandhai ),STABLE,STABLE,78.49
2026-08-06,Chinnalapatti(Uzhavar Sandhai ),STABLE,STABLE,78.26
2026-08-07,Chinnalapatti(Uzhavar Sandhai ),STABLE,STABLE,77.4
2026-08-08,Chinnalapatti(Uzhavar Sandhai ),STABLE,STABLE,77.62
2026-08-09,Chinnalapatti(Uzhavar Sandhai ),STABLE,STABLE,79.17
2026-08-10,Chinnalapatti(Uzhavar Sandhai ),STABLE,STABLE,79.96
2026-08-11,Chinnalapatti(Uzhavar Sandhai ),STABLE,STABLE,78.68
2026-08-12,Chinnalapatti(Uzhavar Sandhai ),STABLE,STABLE,78.4
2026-08-13,Chinnalapatti(Uzhavar Sandhai ),STABLE,STABLE,78.11
2026-08-14,Chinnalapatti(Uzhavar Sandhai ),STABLE,STABLE,77.19
2026-08-15,Chinnalapatti(Uzhavar Sandhai ),STABLE,STABLE,77.09
2026-08-16,Chinnalapatti(Uzhavar Sandhai ),STABLE,STABLE,78.22
2026-08-17,Chinnalapatti(Uzhavar Sandhai ),STABLE,STABLE,79.89
2026-08-18,Chinnalapatti(Uzhavar Sandhai ),STABLE,STABLE,78.29
2026-08-19,Chinnalapatti(Uzhavar Sandhai ),STABLE,STABLE,77.87
2026-08-20,Chinnalapatti(Uzhavar Sandhai ),STABLE,STABLE,77.08
2026-08-21,Chinnalapatti(Uzhavar Sandhai ),STABLE,STABLE,76.48
2026-08-22,Chinnalapatti(Uzhavar Sandhai ),STABLE,STABLE,76.21
2026-08-23,Chinnalapatti(Uzhavar Sandhai ),STABLE,STABLE,77.61
2026-06-29,Chinnamanur(Uzhavar Sandhai ),STABLE,STABLE,77.66
2026-06-30,Chinnamanur(Uzhavar Sandhai ),STABLE,STABLE,76.29
2026-07-01,Chinnamanur(Uzhavar Sandhai ),DECREASING,STABLE,80.22
2026-07-02,Chinnamanur(Uzhavar Sandhai ),INCREASING,STABLE,59.99
2026-07-03,Chinnamanur(Uzhavar Sandhai ),STABLE,STABLE,80.68
2026-07-04,Chinnamanur(Uzhavar Sandhai ),STABLE,STABLE,81.04
2026-07-05,Chinnamanur(Uzhavar Sandhai ),STABLE,STABLE,77.83
2026-07-06,Chinnamanur(Uzhavar Sandhai ),STABLE,STABLE,80.59
2026-07-07,Chinnamanur(Uzhavar Sandhai ),DECREASING,STABLE,79.79
2026-07-08,Chinnamanur(Uzhavar Sandhai ),INCREASING,STABLE,69.18
2026-07-09,Chinnamanur(Uzhavar Sandhai ),STABLE,STABLE,79.74
2026-07-10,Chinnamanur(Uzhavar Sandhai ),STABLE,STABLE,72.48
2026-07-11,Chinnamanur(Uzhavar Sandhai ),STABLE,STABLE,80.01
2026-07-12,Chinnamanur(Uzhavar Sandhai ),STABLE,STABLE,72.25
2026-07-13,Chinnamanur(Uzhavar Sandhai ),STABLE,STABLE,79.58
2026-07-14,Chinnamanur(Uzhavar Sandhai ),STABLE,STABLE,72.77
2026-07-15,Chinnamanur(Uzhavar Sandhai ),STABLE,STABLE,78.28
2026-07-16,Chinnamanur(Uzhavar Sandhai ),STABLE,STABLE,77.76
2026-07-17,Chinnamanur(Uzhavar Sandhai ),STABLE,STABLE,78.3
2026-07-18,Chinnamanur(Uzhavar Sandhai ),STABLE,STABLE,78.25
2026-07-19,Chinnamanur(Uzhavar Sandhai ),DECREASING,STABLE,72.99
2026-07-20,Chinnamanur(Uzhavar Sandhai ),INCREASING,STABLE,60.63
2026-07-21,Chinnamanur(Uzhavar Sandhai ),STABLE,STABLE,76.49
2026-07-22,Chinnamanur(Uzhavar Sandhai ),STABLE,STABLE,75.9
2026-07-23,Chinnamanur(Uzhavar Sandhai ),DECREASING,STABLE,75.68
2026-07-24,Chinnamanur(Uzhavar Sandhai ),STABLE,STABLE,66.59
2026-07-25,Chinnamanur(Uzhavar Sandhai ),STABLE,STABLE,69.74
2026-07-26,Chinnamanur(Uzhavar Sandhai ),STABLE,STABLE,71.46
2026-07-27,Chinnamanur(Uzhavar Sandhai ),STABLE,STABLE,76.42
2026-07-28,Chinnamanur(Uzhavar Sandhai ),STABLE,STABLE,76.32
2026-07-29,Chinnamanur(Uzhavar Sandhai ),STABLE,STABLE,76.69
2026-07-30,Chinnamanur(Uzhavar Sandhai ),STABLE,STABLE,69.43
2026-07-31,Chinnamanur(Uzhavar Sandhai ),STABLE,STABLE,68.13
2026-08-01,Chinnamanur(Uzhavar Sandhai ),STABLE,STABLE,73.91
2026-08-02,Chinnamanur(Uzhavar Sandhai ),STABLE,STABLE,75.89
2026-08-03,Chinnamanur(Uzhavar Sandhai ),INCREASING,STABLE,73.35
2026-08-04,Chinnamanur(Uzhavar Sandhai ),DECREASING,STABLE,79.45
2026-08-05,Chinnamanur(Uzhavar Sandhai ),STABLE,STABLE,73.66
2026-08-06,Chinnamanur(Uzhavar Sandhai ),STABLE,STABLE,72.05
2026-08-07,Chinnamanur(Uzhavar Sandhai ),STABLE,STABLE,72.09
2026-08-08,Chinnamanur(Uzhavar Sandhai ),STABLE,STABLE,71.81
2026-08-09,Chinnamanur(Uzhavar Sandhai ),STABLE,STABLE,71.63
2026-08-10,Chinnamanur(Uzhavar Sandhai ),STABLE,STABLE,71.97
2026-08-11,Chinnamanur(Uzhavar Sandhai ),STABLE,STABLE,72.75
2026-08-12,Chinnamanur(Uzhavar Sandhai ),INCREASING,STABLE,71.72
2026-08-13,Chinnamanur(Uzhavar Sandhai ),STABLE,STABLE,80.04
2026-08-14,Chinnamanur(Uzhavar Sandhai ),STABLE,STABLE,72.66
2026-08-15,Chinnamanur(Uzhavar Sandhai ),STABLE,STABLE,72.66
2026-08-16,Chinnamanur(Uzhavar Sandhai ),STABLE,STABLE,70.31
2026-08-17,Chinnamanur(Uzhavar Sandhai ),STABLE,STABLE,72.76
2026-08-18,Chinnamanur(Uzhavar Sandhai ),STABLE,STABLE,71.42
2026-08-19,Chinnamanur(Uzhavar Sandhai ),STABLE,STABLE,71.62
2026-08-20,Chinnamanur(Uzhavar Sandhai ),DECREASING,STABLE,69.37
2026-08-21,Chinnamanur(Uzhavar Sandhai ),INCREASING,STABLE,63.69
2026-08-22,Chinnamanur(Uzhavar Sandhai ),DECREASING,STABLE,76.1
2026-08-23,Chinnamanur(Uzhavar Sandhai ),INCREASING,STABLE,58.04
2026-06-29,Chokkikulam(Uzhavar Sandhai ),DECREASING,STABLE,72.32
2026-06-30,Chokkikulam(Uzhavar Sandhai ),STABLE,STABLE,68.77
2026-07-01,Chokkikulam(Uzhavar Sandhai ),STABLE,STABLE,66.24
2026-07-02,Chokkikulam(Uzhavar Sandhai ),STABLE,STABLE,65.93
2026-07-04,Chokkikulam(Uzhavar Sandhai ),STABLE,STABLE,53.14
2026-07-06,Chokkikulam(Uzhavar Sandhai ),DECREASING,STABLE,70.75
2026-07-07,Chokkikulam(Uzhavar Sandhai ),STABLE,STABLE,67.95
2026-07-08,Chokkikulam(Uzhavar Sandhai ),STABLE,STABLE,63.41
2026-07-09,Chokkikulam(Uzhavar Sandhai ),STABLE,STABLE,65.89
2026-07-10,Chokkikulam(Uzhavar Sandhai ),STABLE,STABLE,58.04
2026-07-11,Chokkikulam(Uzhavar Sandhai ),STABLE,STABLE,52.46
2026-07-12,Chokkikulam(Uzhavar Sandhai ),STABLE,STABLE,59.07
2026-07-13,Chokkikulam(Uzhavar Sandhai ),STABLE,STABLE,71.92
2026-07-14,Chokkikulam(Uzhavar Sandhai ),STABLE,STABLE,71.27
2026-07-15,Chokkikulam(Uzhavar Sandhai ),STABLE,STABLE,71.01
2026-07-16,Chokkikulam(Uzhavar Sandhai ),STABLE,STABLE,64.7
2026-07-17,Chokkikulam(Uzhavar Sandhai ),INCREASING,STABLE,57.82
2026-07-18,Chokkikulam(Uzhavar Sandhai ),STABLE,STABLE,64.86
2026-07-19,Chokkikulam(Uzhavar Sandhai ),STABLE,STABLE,62.62
2026-07-20,Chokkikulam(Uzhavar Sandhai ),STABLE,STABLE,72.3
2026-07-21,Chokkikulam(Uzhavar Sandhai ),STABLE,STABLE,67.46
2026-07-22,Chokkikulam(Uzhavar Sandhai ),STABLE,STABLE,64.49
2026-07-23,Chokkikulam(Uzhavar Sandhai ),STABLE,STABLE,68.17
2026-07-24,Chokkikulam(Uzhavar Sandhai ),STABLE,STABLE,64.07
2026-07-25,Chokkikulam(Uzhavar Sandhai ),STABLE,STABLE,63.17
2026-07-26,Chokkikulam(Uzhavar Sandhai ),STABLE,STABLE,61.53
2026-07-27,Chokkikulam(Uzhavar Sandhai ),STABLE,STABLE,71.41
2026-07-28,Chokkikulam(Uzhavar Sandhai ),STABLE,STABLE,71.96
2026-07-29,Chokkikulam(Uzhavar Sandhai ),STABLE,STABLE,70.76
2026-07-30,Chokkikulam(Uzhavar Sandhai ),DECREASING,STABLE,67.84
2026-07-31,Chokkikulam(Uzhavar Sandhai ),INCREASING,STABLE,54.02
2026-08-01,Chokkikulam(Uzhavar Sandhai ),STABLE,STABLE,63.99
2026-08-02,Chokkikulam(Uzhavar Sandhai ),DECREASING,STABLE,61.37
2026-08-03,Chokkikulam(Uzhavar Sandhai ),INCREASING,STABLE,64.11
2026-08-04,Chokkikulam(Uzhavar Sandhai ),DECREASING,STABLE,68.56
2026-08-05,Chokkikulam(Uzhavar Sandhai ),INCREASING,STABLE,63.1
2026-08-06,Chokkikulam(Uzhavar Sandhai ),STABLE,STABLE,68.32
2026-08-07,Chokkikulam(Uzhavar Sandhai ),STABLE,STABLE,64.41
2026-08-08,Chokkikulam(Uzhavar Sandhai ),STABLE,STABLE,64.32
2026-08-09,Chokkikulam(Uzhavar Sandhai ),STABLE,STABLE,61.64
2026-08-10,Chokkikulam(Uzhavar Sandhai ),STABLE,STABLE,72.21
2026-08-11,Chokkikulam(Uzhavar Sandhai ),STABLE,STABLE,71.51
2026-08-12,Chokkikulam(Uzhavar Sandhai ),STABLE,STABLE,71.07
2026-08-14,Chokkikulam(Uzhavar Sandhai ),STABLE,STABLE,64.73
2026-08-15,Chokkikulam(Uzhavar Sandhai ),STABLE,STABLE,64.35
2026-08-16,Chokkikulam(Uzhavar Sandhai ),STABLE,STABLE,62.36
2026-08-17,Chokkikulam(Uzhavar Sandhai ),STABLE,STABLE,71.89
2026-08-18,Chokkikulam(Uzhavar Sandhai ),STABLE,STABLE,71.35
2026-08-19,Chokkikulam(Uzhavar Sandhai ),STABLE,STABLE,70.26
2026-08-20,Chokkikulam(Uzhavar Sandhai ),STABLE,STABLE,68.76
2026-08-21,Chokkikulam(Uzhavar Sandhai ),STABLE,STABLE,64.51
2026-08-22,Chokkikulam(Uzhavar Sandhai ),STABLE,STABLE,62.73
2026-08-23,Chokkikulam(Uzhavar Sandhai ),STABLE,STABLE,61.47
2026-06-29,Coonoor(Uzhavar Sandhai ),STABLE,STABLE,95.13
2026-06-30,Coonoor(Uzhavar Sandhai ),STABLE,STABLE,94.86
2026-07-01,Coonoor(Uzhavar Sandhai ),STABLE,STABLE,95.0
2026-07-02,Coonoor(Uzhavar Sandhai ),STABLE,STABLE,94.93
2026-07-03,Coonoor(Uzhavar Sandhai ),STABLE,STABLE,94.66
2026-07-04,Coonoor(Uzhavar Sandhai ),STABLE,STABLE,94.61
2026-07-05,Coonoor(Uzhavar Sandhai ),STABLE,STABLE,93.99
2026-07-06,Coonoor(Uzhavar Sandhai ),STABLE,STABLE,95.29
2026-07-07,Coonoor(Uzhavar Sandhai ),STABLE,STABLE,95.1
2026-07-08,Coonoor(Uzhavar Sandhai ),STABLE,STABLE,95.08
2026-07-09,Coonoor(Uzhavar Sandhai ),STABLE,STABLE,94.93
2026-07-10,Coonoor(Uzhavar Sandhai ),STABLE,STABLE,94.72
2026-07-11,Coonoor(Uzhavar Sandhai ),STABLE,STABLE,94.58
2026-07-12,Coonoor(Uzhavar Sandhai ),STABLE,STABLE,94.33
2026-07-13,Coonoor(Uzhavar Sandhai ),STABLE,STABLE,95.44
2026-07-14,Coonoor(Uzhavar Sandhai ),STABLE,STABLE,95.19
2026-07-15,Coonoor(Uzhavar Sandhai ),STABLE,STABLE,95.2
2026-07-16,Coonoor(Uzhavar Sandhai ),STABLE,STABLE,95.11
2026-07-17,Coonoor(Uzhavar Sandhai ),STABLE,STABLE,94.81
2026-07-18,Coonoor(Uzhavar Sandhai ),STABLE,STABLE,94.7
2026-07-19,Coonoor(Uzhavar Sandhai ),STABLE,STABLE,94.44
2026-07-20,Coonoor(Uzhavar Sandhai ),STABLE,STABLE,95.44
2026-07-21,Coonoor(Uzhavar Sandhai ),STABLE,STABLE,95.15
2026-07-22,Coonoor(Uzhavar Sandhai ),STABLE,STABLE,94.91
2026-07-23,Coonoor(Uzhavar Sandhai ),STABLE,STABLE,94.87
2026-07-24,Coonoor(Uzhavar Sandhai ),STABLE,STABLE,94.58
2026-07-25,Coonoor(Uzhavar Sandhai ),STABLE,STABLE,94.55
2026-07-26,Coonoor(Uzhavar Sandhai ),STABLE,STABLE,94.23
2026-07-27,Coonoor(Uzhavar Sandhai ),STABLE,STABLE,95.34
2026-07-28,Coonoor(Uzhavar Sandhai ),STABLE,STABLE,94.95
2026-07-29,Coonoor(Uzhavar Sandhai ),STABLE,STABLE,94.93
2026-07-30,Coonoor(Uzhavar Sandhai ),STABLE,STABLE,94.53
2026-07-31,Coonoor(Uzhavar Sandhai ),STABLE,STABLE,93.59
2026-08-01,Coonoor(Uzhavar Sandhai ),STABLE,STABLE,94.07
2026-08-02,Coonoor(Uzhavar Sandhai ),STABLE,STABLE,93.84
2026-08-03,Coonoor(Uzhavar Sandhai ),STABLE,STABLE,95.1
2026-08-04,Coonoor(Uzhavar Sandhai ),STABLE,STABLE,95.12
2026-08-05,Coonoor(Uzhavar Sandhai ),STABLE,STABLE,94.99
2026-08-06,Coonoor(Uzhavar Sandhai ),STABLE,STABLE,94.89
2026-08-07,Coonoor(Uzhavar Sandhai ),STABLE,STABLE,94.58
2026-08-08,Coonoor(Uzhavar Sandhai ),STABLE,STABLE,94.47
2026-08-09,Coonoor(Uzhavar Sandhai ),STABLE,STABLE,94.23
2026-08-10,Coonoor(Uzhavar Sandhai ),STABLE,STABLE,95.54
2026-08-11,Coonoor(Uzhavar Sandhai ),STABLE,STABLE,95.35
2026-08-12,Coonoor(Uzhavar Sandhai ),STABLE,STABLE,95.31
2026-08-13,Coonoor(Uzhavar Sandhai ),STABLE,STABLE,95.24
2026-08-14,Coonoor(Uzhavar Sandhai ),STABLE,STABLE,94.88
2026-08-15,Coonoor(Uzhavar Sandhai ),STABLE,STABLE,94.7
2026-08-16,Coonoor(Uzhavar Sandhai ),STABLE,STABLE,94.42
2026-08-17,Coonoor(Uzhavar Sandhai ),STABLE,STABLE,95.5
2026-08-18,Coonoor(Uzhavar Sandhai ),STABLE,STABLE,95.22
2026-08-19,Coonoor(Uzhavar Sandhai ),STABLE,STABLE,95.17
2026-08-20,Coonoor(Uzhavar Sandhai ),STABLE,STABLE,94.96
2026-08-21,Coonoor(Uzhavar Sandhai ),STABLE,STABLE,94.75
2026-08-22,Coonoor(Uzhavar Sandhai ),STABLE,STABLE,94.36
2026-08-23,Coonoor(Uzhavar Sandhai ),STABLE,STABLE,94.2
2026-06-29,Cuddalore(Uzhavar Sandhai ),STABLE,STABLE,80.01
2026-07-01,Cuddalore(Uzhavar Sandhai ),STABLE,STABLE,78.56
2026-07-02,Cuddalore(Uzhavar Sandhai ),STABLE,STABLE,78.76
2026-07-03,Cuddalore(Uzhavar Sandhai ),STABLE,STABLE,78.97
2026-07-07,Cuddalore(Uzhavar Sandhai ),STABLE,STABLE,79.6
2026-07-08,Cuddalore(Uzhavar Sandhai ),STABLE,STABLE,79.73
2026-07-09,Cuddalore(Uzhavar Sandhai ),STABLE,STABLE,79.4
2026-07-10,Cuddalore(Uzhavar Sandhai ),STABLE,STABLE,79.45
2026-07-11,Cuddalore(Uzhavar Sandhai ),STABLE,STABLE,79.42
2026-07-12,Cuddalore(Uzhavar Sandhai ),STABLE,STABLE,79.48
2026-07-13,Cuddalore(Uzhavar Sandhai ),STABLE,STABLE,80.65
2026-07-14,Cuddalore(Uzhavar Sandhai ),STABLE,STABLE,78.51
2026-07-15,Cuddalore(Uzhavar Sandhai ),STABLE,STABLE,78.47
2026-07-16,Cuddalore(Uzhavar Sandhai ),STABLE,STABLE,78.73
2026-07-17,Cuddalore(Uzhavar Sandhai ),STABLE,STABLE,78.84
2026-07-18,Cuddalore(Uzhavar Sandhai ),STABLE,STABLE,79.16
2026-07-19,Cuddalore(Uzhavar Sandhai ),STABLE,STABLE,78.41
2026-07-20,Cuddalore(Uzhavar Sandhai ),STABLE,STABLE,79.93
2026-07-21,Cuddalore(Uzhavar Sandhai ),STABLE,STABLE,78.63
2026-07-22,Cuddalore(Uzhavar Sandhai ),STABLE,STABLE,78.25
2026-07-23,Cuddalore(Uzhavar Sandhai ),STABLE,STABLE,77.52
2026-07-24,Cuddalore(Uzhavar Sandhai ),INCREASING,STABLE,77.71
2026-07-25,Cuddalore(Uzhavar Sandhai ),DECREASING,STABLE,81.01
2026-07-26,Cuddalore(Uzhavar Sandhai ),STABLE,STABLE,79.33
2026-07-27,Cuddalore(Uzhavar Sandhai ),STABLE,STABLE,80.55
2026-07-28,Cuddalore(Uzhavar Sandhai ),STABLE,STABLE,78.85
2026-07-29,Cuddalore(Uzhavar Sandhai ),STABLE,STABLE,78.75
2026-07-30,Cuddalore(Uzhavar Sandhai ),STABLE,STABLE,78.36
2026-07-31,Cuddalore(Uzhavar Sandhai ),STABLE,STABLE,76.22
2026-08-01,Cuddalore(Uzhavar Sandhai ),STABLE,STABLE,79.78
2026-08-02,Cuddalore(Uzhavar Sandhai ),STABLE,STABLE,79.46
2026-08-03,Cuddalore(Uzhavar Sandhai ),INCREASING,STABLE,80.34
2026-08-04,Cuddalore(Uzhavar Sandhai ),DECREASING,STABLE,82.01
2026-08-05,Cuddalore(Uzhavar Sandhai ),STABLE,STABLE,79.16
2026-08-06,Cuddalore(Uzhavar Sandhai ),STABLE,STABLE,78.71
2026-08-07,Cuddalore(Uzhavar Sandhai ),STABLE,STABLE,78.7
2026-08-08,Cuddalore(Uzhavar Sandhai ),INCREASING,STABLE,79.15
2026-08-09,Cuddalore(Uzhavar Sandhai ),STABLE,STABLE,81.24
2026-08-10,Cuddalore(Uzhavar Sandhai ),STABLE,STABLE,83.77
2026-08-11,Cuddalore(Uzhavar Sandhai ),STABLE,STABLE,82.37
2026-08-12,Cuddalore(Uzhavar Sandhai ),DECREASING,STABLE,82.43
2026-08-13,Cuddalore(Uzhavar Sandhai ),STABLE,STABLE,79.03
2026-08-14,Cuddalore(Uzhavar Sandhai ),INCREASING,STABLE,78.69
2026-08-15,Cuddalore(Uzhavar Sandhai ),STABLE,STABLE,81.59
2026-08-16,Cuddalore(Uzhavar Sandhai ),DECREASING,STABLE,80.41
2026-08-17,Cuddalore(Uzhavar Sandhai ),STABLE,STABLE,79.33
2026-08-18,Cuddalore(Uzhavar Sandhai ),INCREASING,STABLE,78.22
2026-08-19,Cuddalore(Uzhavar Sandhai ),STABLE,STABLE,81.11
2026-08-20,Cuddalore(Uzhavar Sandhai ),DECREASING,STABLE,80.27
2026-08-21,Cuddalore(Uzhavar Sandhai ),INCREASING,STABLE,78.01
2026-08-22,Cuddalore(Uzhavar Sandhai ),STABLE,STABLE,80.38
2026-08-23,Cuddalore(Uzhavar Sandhai ),STABLE,STABLE,79.9
2026-06-29,Denkanikottai(Uzhavar Sandhai ),STABLE,STABLE,91.4
2026-06-30,Denkanikottai(Uzhavar Sandhai ),STABLE,STABLE,90.85
2026-07-01,Denkanikottai(Uzhavar Sandhai ),STABLE,STABLE,90.97
2026-07-02,Denkanikottai(Uzhavar Sandhai ),STABLE,STABLE,90.84
2026-07-03,Denkanikottai(Uzhavar Sandhai ),STABLE,STABLE,90.45
2026-07-04,Denkanikottai(Uzhavar Sandhai ),STABLE,STABLE,90.19
2026-07-05,Denkanikottai(Uzhavar Sandhai ),DECREASING,STABLE,87.27
2026-07-06,Denkanikottai(Uzhavar Sandhai ),INCREASING,STABLE,88.3
2026-07-07,Denkanikottai(Uzhavar Sandhai ),STABLE,STABLE,91.22
2026-07-08,Denkanikottai(Uzhavar Sandhai ),STABLE,STABLE,91.18
2026-07-09,Denkanikottai(Uzhavar Sandhai ),STABLE,STABLE,90.96
2026-07-10,Denkanikottai(Uzhavar Sandhai ),STABLE,STABLE,90.44
2026-07-11,Denkanikottai(Uzhavar Sandhai ),STABLE,STABLE,90.24
2026-07-13,Denkanikottai(Uzhavar Sandhai ),STABLE,STABLE,91.4
2026-07-15,Denkanikottai(Uzhavar Sandhai ),STABLE,STABLE,91.0
2026-07-16,Denkanikottai(Uzhavar Sandhai ),STABLE,STABLE,89.37
2026-07-17,Denkanikottai(Uzhavar Sandhai ),STABLE,STABLE,90.31
2026-07-18,Denkanikottai(Uzhavar Sandhai ),STABLE,STABLE,90.06
2026-07-19,Denkanikottai(Uzhavar Sandhai ),STABLE,STABLE,87.17
2026-07-20,Denkanikottai(Uzhavar Sandhai ),STABLE,STABLE,91.52
2026-07-21,Denkanikottai(Uzhavar Sandhai ),STABLE,STABLE,89.11
2026-07-22,Denkanikottai(Uzhavar Sandhai ),STABLE,STABLE,90.89
2026-07-23,Denkanikottai(Uzhavar Sandhai ),STABLE,STABLE,90.62
2026-07-24,Denkanikottai(Uzhavar Sandhai ),STABLE,STABLE,90.09
2026-07-25,Denkanikottai(Uzhavar Sandhai ),STABLE,STABLE,89.91
2026-07-26,Denkanikottai(Uzhavar Sandhai ),STABLE,STABLE,86.69
2026-07-27,Denkanikottai(Uzhavar Sandhai ),STABLE,STABLE,91.31
2026-07-28,Denkanikottai(Uzhavar Sandhai ),STABLE,STABLE,90.85
2026-07-29,Denkanikottai(Uzhavar Sandhai ),STABLE,STABLE,90.75
2026-07-30,Denkanikottai(Uzhavar Sandhai ),STABLE,STABLE,90.27
2026-07-31,Denkanikottai(Uzhavar Sandhai ),STABLE,STABLE,88.02
2026-08-01,Denkanikottai(Uzhavar Sandhai ),STABLE,STABLE,90.02
2026-08-02,Denkanikottai(Uzhavar Sandhai ),STABLE,STABLE,87.47
2026-08-03,Denkanikottai(Uzhavar Sandhai ),STABLE,STABLE,89.75
2026-08-04,Denkanikottai(Uzhavar Sandhai ),STABLE,STABLE,91.03
2026-08-05,Denkanikottai(Uzhavar Sandhai ),STABLE,STABLE,91.0
2026-08-06,Denkanikottai(Uzhavar Sandhai ),STABLE,STABLE,90.76
2026-08-07,Denkanikottai(Uzhavar Sandhai ),STABLE,STABLE,90.67
2026-08-08,Denkanikottai(Uzhavar Sandhai ),STABLE,STABLE,90.33
2026-08-09,Denkanikottai(Uzhavar Sandhai ),STABLE,STABLE,87.81
2026-08-10,Denkanikottai(Uzhavar Sandhai ),STABLE,STABLE,91.51
2026-08-11,Denkanikottai(Uzhavar Sandhai ),STABLE,STABLE,91.33
2026-08-12,Denkanikottai(Uzhavar Sandhai ),STABLE,STABLE,91.36
2026-08-13,Denkanikottai(Uzhavar Sandhai ),STABLE,STABLE,90.9
2026-08-14,Denkanikottai(Uzhavar Sandhai ),STABLE,STABLE,90.49
2026-08-15,Denkanikottai(Uzhavar Sandhai ),STABLE,STABLE,90.22
2026-08-16,Denkanikottai(Uzhavar Sandhai ),STABLE,STABLE,85.2
2026-08-17,Denkanikottai(Uzhavar Sandhai ),STABLE,STABLE,91.6
2026-08-18,Denkanikottai(Uzhavar Sandhai ),STABLE,STABLE,90.77
2026-08-19,Denkanikottai(Uzhavar Sandhai ),STABLE,STABLE,90.48
2026-08-20,Denkanikottai(Uzhavar Sandhai ),STABLE,STABLE,90.76
2026-08-21,Denkanikottai(Uzhavar Sandhai ),STABLE,STABLE,90.12
2026-08-22,Denkanikottai(Uzhavar Sandhai ),STABLE,STABLE,89.78
2026-08-23,Denkanikottai(Uzhavar Sandhai ),STABLE,STABLE,84.21
2026-06-29,Devakottai (Uzhavar Sandhai ),STABLE,STABLE,96.45
2026-06-30,Devakottai (Uzhavar Sandhai ),STABLE,STABLE,96.3
2026-07-01,Devakottai (Uzhavar Sandhai ),STABLE,STABLE,96.32
2026-07-02,Devakottai (Uzhavar Sandhai ),STABLE,STABLE,96.17
2026-07-03,Devakottai (Uzhavar Sandhai ),STABLE,STABLE,96.65
2026-07-04,Devakottai (Uzhavar Sandhai ),STABLE,STABLE,96.69
2026-07-05,Devakottai (Uzhavar Sandhai ),STABLE,STABLE,95.4
2026-07-06,Devakottai (Uzhavar Sandhai ),STABLE,STABLE,96.97
2026-07-07,Devakottai (Uzhavar Sandhai ),STABLE,STABLE,96.83
2026-07-08,Devakottai (Uzhavar Sandhai ),STABLE,STABLE,96.81
2026-07-09,Devakottai (Uzhavar Sandhai ),STABLE,STABLE,96.65
2026-07-10,Devakottai (Uzhavar Sandhai ),STABLE,STABLE,96.6
2026-07-11,Devakottai (Uzhavar Sandhai ),STABLE,STABLE,96.72
2026-07-12,Devakottai (Uzhavar Sandhai ),STABLE,STABLE,95.46
2026-07-13,Devakottai (Uzhavar Sandhai ),STABLE,STABLE,96.9
2026-07-14,Devakottai (Uzhavar Sandhai ),STABLE,STABLE,96.72
2026-07-15,Devakottai (Uzhavar Sandhai ),STABLE,STABLE,96.66
2026-07-16,Devakottai (Uzhavar Sandhai ),STABLE,STABLE,96.57
2026-07-17,Devakottai (Uzhavar Sandhai ),STABLE,STABLE,96.56
2026-07-18,Devakottai (Uzhavar Sandhai ),STABLE,STABLE,96.61
2026-07-19,Devakottai (Uzhavar Sandhai ),STABLE,STABLE,95.38
2026-07-20,Devakottai (Uzhavar Sandhai ),STABLE,STABLE,96.82
2026-07-21,Devakottai (Uzhavar Sandhai ),STABLE,STABLE,96.64
2026-07-22,Devakottai (Uzhavar Sandhai ),STABLE,STABLE,96.45
2026-07-23,Devakottai (Uzhavar Sandhai ),STABLE,STABLE,96.45
2026-07-24,Devakottai (Uzhavar Sandhai ),STABLE,STABLE,96.5
2026-07-25,Devakottai (Uzhavar Sandhai ),STABLE,STABLE,96.6
2026-07-26,Devakottai (Uzhavar Sandhai ),STABLE,STABLE,95.32
2026-07-27,Devakottai (Uzhavar Sandhai ),STABLE,STABLE,96.8
2026-07-28,Devakottai (Uzhavar Sandhai ),STABLE,STABLE,96.55
2026-07-29,Devakottai (Uzhavar Sandhai ),STABLE,STABLE,96.22
2026-07-30,Devakottai (Uzhavar Sandhai ),STABLE,STABLE,96.31
2026-07-31,Devakottai (Uzhavar Sandhai ),STABLE,STABLE,95.44
2026-08-01,Devakottai (Uzhavar Sandhai ),STABLE,STABLE,96.41
2026-08-02,Devakottai (Uzhavar Sandhai ),STABLE,STABLE,94.95
2026-08-03,Devakottai (Uzhavar Sandhai ),STABLE,STABLE,96.55
2026-08-04,Devakottai (Uzhavar Sandhai ),STABLE,STABLE,96.74
2026-08-05,Devakottai (Uzhavar Sandhai ),STABLE,STABLE,96.74
2026-08-06,Devakottai (Uzhavar Sandhai ),STABLE,STABLE,96.66
2026-08-07,Devakottai (Uzhavar Sandhai ),STABLE,STABLE,96.64
2026-08-08,Devakottai (Uzhavar Sandhai ),STABLE,STABLE,96.71
2026-08-09,Devakottai (Uzhavar Sandhai ),STABLE,STABLE,95.48
2026-08-10,Devakottai (Uzhavar Sandhai ),STABLE,STABLE,96.94
2026-08-11,Devakottai (Uzhavar Sandhai ),STABLE,STABLE,96.79
2026-08-12,Devakottai (Uzhavar Sandhai ),STABLE,STABLE,96.8
2026-08-13,Devakottai (Uzhavar Sandhai ),STABLE,STABLE,96.64
2026-08-14,Devakottai (Uzhavar Sandhai ),STABLE,STABLE,96.56
2026-08-15,Devakottai (Uzhavar Sandhai ),STABLE,STABLE,96.61
2026-08-16,Devakottai (Uzhavar Sandhai ),STABLE,STABLE,95.36
2026-08-17,Devakottai (Uzhavar Sandhai ),STABLE,STABLE,96.88
2026-08-18,Devakottai (Uzhavar Sandhai ),STABLE,STABLE,96.65
2026-08-19,Devakottai (Uzhavar Sandhai ),STABLE,STABLE,96.72
2026-08-20,Devakottai (Uzhavar Sandhai ),STABLE,STABLE,96.57
2026-08-21,Devakottai (Uzhavar Sandhai ),STABLE,STABLE,96.51
2026-08-22,Devakottai (Uzhavar Sandhai ),STABLE,STABLE,96.44
2026-08-23,Devakottai (Uzhavar Sandhai ),STABLE,STABLE,95.3
2026-06-29,Devaram(Uzhavar Sandhai ),STABLE,STABLE,78.52
2026-06-30,Devaram(Uzhavar Sandhai ),STABLE,STABLE,76.98
2026-07-02,Devaram(Uzhavar Sandhai ),STABLE,STABLE,78.05
2026-07-03,Devaram(Uzhavar Sandhai ),STABLE,STABLE,77.37
2026-07-04,Devaram(Uzhavar Sandhai ),DECREASING,STABLE,77.86
2026-07-05,Devaram(Uzhavar Sandhai ),STABLE,STABLE,79.66
2026-07-06,Devaram(Uzhavar Sandhai ),STABLE,STABLE,79.44
2026-07-07,Devaram(Uzhavar Sandhai ),STABLE,STABLE,79.13
2026-07-08,Devaram(Uzhavar Sandhai ),STABLE,STABLE,79.22
2026-07-09,Devaram(Uzhavar Sandhai ),INCREASING,STABLE,77.49
2026-07-10,Devaram(Uzhavar Sandhai ),STABLE,STABLE,77.48
2026-07-11,Devaram(Uzhavar Sandhai ),STABLE,STABLE,78.13
2026-07-12,Devaram(Uzhavar Sandhai ),STABLE,STABLE,74.22
2026-07-14,Devaram(Uzhavar Sandhai ),STABLE,STABLE,78.1
2026-07-15,Devaram(Uzhavar Sandhai ),STABLE,STABLE,78.02
2026-07-16,Devaram(Uzhavar Sandhai ),STABLE,STABLE,72.3
2026-07-17,Devaram(Uzhavar Sandhai ),STABLE,STABLE,77.27
2026-07-18,Devaram(Uzhavar Sandhai ),DECREASING,STABLE,77.59
2026-07-19,Devaram(Uzhavar Sandhai ),STABLE,STABLE,78.6
2026-07-20,Devaram(Uzhavar Sandhai ),STABLE,STABLE,77.87
2026-07-21,Devaram(Uzhavar Sandhai ),INCREASING,STABLE,73.46
2026-07-22,Devaram(Uzhavar Sandhai ),STABLE,STABLE,77.4
2026-07-23,Devaram(Uzhavar Sandhai ),DECREASING,STABLE,76.29
2026-07-24,Devaram(Uzhavar Sandhai ),STABLE,STABLE,76.69
2026-07-25,Devaram(Uzhavar Sandhai ),DECREASING,STABLE,77.37
2026-07-26,Devaram(Uzhavar Sandhai ),INCREASING,STABLE,73.49
2026-07-27,Devaram(Uzhavar Sandhai ),STABLE,STABLE,77.62
2026-07-28,Devaram(Uzhavar Sandhai ),STABLE,STABLE,77.96
2026-07-29,Devaram(Uzhavar Sandhai ),STABLE,STABLE,72.92
2026-07-30,Devaram(Uzhavar Sandhai ),STABLE,STABLE,76.87
2026-07-31,Devaram(Uzhavar Sandhai ),DECREASING,STABLE,75.28
2026-08-01,Devaram(Uzhavar Sandhai ),STABLE,STABLE,77.94
2026-08-02,Devaram(Uzhavar Sandhai ),STABLE,STABLE,79.53
2026-08-03,Devaram(Uzhavar Sandhai ),DECREASING,STABLE,78.46
2026-08-04,Devaram(Uzhavar Sandhai ),STABLE,STABLE,78.91
2026-08-05,Devaram(Uzhavar Sandhai ),STABLE,STABLE,79.0
2026-08-06,Devaram(Uzhavar Sandhai ),INCREASING,STABLE,77.95
2026-08-07,Devaram(Uzhavar Sandhai ),STABLE,STABLE,78.09
2026-08-08,Devaram(Uzhavar Sandhai ),STABLE,STABLE,78.16
2026-08-09,Devaram(Uzhavar Sandhai ),INCREASING,STABLE,74.02
2026-08-10,Devaram(Uzhavar Sandhai ),STABLE,STABLE,79.35
2026-08-11,Devaram(Uzhavar Sandhai ),STABLE,STABLE,79.05
2026-08-12,Devaram(Uzhavar Sandhai ),STABLE,STABLE,79.17
2026-08-13,Devaram(Uzhavar Sandhai ),STABLE,STABLE,78.28
2026-08-14,Devaram(Uzhavar Sandhai ),STABLE,STABLE,77.59
2026-08-15,Devaram(Uzhavar Sandhai ),DECREASING,STABLE,77.01
2026-08-16,Devaram(Uzhavar Sandhai ),STABLE,STABLE,78.8
2026-08-17,Devaram(Uzhavar Sandhai ),STABLE,STABLE,78.51
2026-08-18,Devaram(Uzhavar Sandhai ),DECREASING,STABLE,77.68
2026-08-19,Devaram(Uzhavar Sandhai ),STABLE,STABLE,77.66
2026-08-20,Devaram(Uzhavar Sandhai ),STABLE,STABLE,76.9
2026-08-21,Devaram(Uzhavar Sandhai ),STABLE,STABLE,76.0
2026-08-22,Devaram(Uzhavar Sandhai ),STABLE,STABLE,76.77
2026-08-23,Devaram(Uzhavar Sandhai ),INCREASING,STABLE,73.15
2026-06-29,Dharapuram(Uzhavar Sandhai ),INCREASING,STABLE,52.94
2026-06-30,Dharapuram(Uzhavar Sandhai ),STABLE,STABLE,55.47
2026-07-01,Dharapuram(Uzhavar Sandhai ),STABLE,STABLE,56.83
2026-07-02,Dharapuram(Uzhavar Sandhai ),INCREASING,STABLE,54.34
2026-07-03,Dharapuram(Uzhavar Sandhai ),STABLE,STABLE,56.01
2026-07-06,Dharapuram(Uzhavar Sandhai ),STABLE,STABLE,58.56
2026-07-07,Dharapuram(Uzhavar Sandhai ),DECREASING,STABLE,58.51
2026-07-08,Dharapuram(Uzhavar Sandhai ),INCREASING,STABLE,58.01
2026-07-09,Dharapuram(Uzhavar Sandhai ),STABLE,STABLE,58.13
2026-07-10,Dharapuram(Uzhavar Sandhai ),STABLE,STABLE,57.9
2026-07-11,Dharapuram(Uzhavar Sandhai ),STABLE,STABLE,57.19
2026-07-12,Dharapuram(Uzhavar Sandhai ),DECREASING,STABLE,50.81
2026-07-13,Dharapuram(Uzhavar Sandhai ),INCREASING,STABLE,51.15
2026-07-14,Dharapuram(Uzhavar Sandhai ),DECREASING,STABLE,55.49
2026-07-15,Dharapuram(Uzhavar Sandhai ),STABLE,STABLE,53.48
2026-07-16,Dharapuram(Uzhavar Sandhai ),INCREASING,STABLE,57.06
2026-07-17,Dharapuram(Uzhavar Sandhai ),INCREASING,STABLE,57.15
2026-07-18,Dharapuram(Uzhavar Sandhai ),INCREASING,STABLE,61.37
2026-07-19,Dharapuram(Uzhavar Sandhai ),INCREASING,STABLE,59.93
2026-07-20,Dharapuram(Uzhavar Sandhai ),STABLE,STABLE,73.94
2026-07-21,Dharapuram(Uzhavar Sandhai ),INCREASING,STABLE,66.23
2026-07-22,Dharapuram(Uzhavar Sandhai ),STABLE,STABLE,73.23
2026-07-23,Dharapuram(Uzhavar Sandhai ),DECREASING,STABLE,75.82
2026-07-24,Dharapuram(Uzhavar Sandhai ),INCREASING,STABLE,65.23
2026-07-25,Dharapuram(Uzhavar Sandhai ),STABLE,STABLE,73.32
2026-07-26,Dharapuram(Uzhavar Sandhai ),STABLE,STABLE,64.37
2026-07-27,Dharapuram(Uzhavar Sandhai ),INCREASING,STABLE,62.74
2026-07-28,Dharapuram(Uzhavar Sandhai ),STABLE,STABLE,73.88
2026-07-29,Dharapuram(Uzhavar Sandhai ),STABLE,STABLE,73.66
2026-07-30,Dharapuram(Uzhavar Sandhai ),STABLE,STABLE,72.77
2026-07-31,Dharapuram(Uzhavar Sandhai ),STABLE,STABLE,73.09
2026-08-01,Dharapuram(Uzhavar Sandhai ),STABLE,STABLE,76.92
2026-08-02,Dharapuram(Uzhavar Sandhai ),DECREASING,STABLE,71.12
2026-08-03,Dharapuram(Uzhavar Sandhai ),STABLE,STABLE,72.71
2026-08-04,Dharapuram(Uzhavar Sandhai ),STABLE,STABLE,76.5
2026-08-05,Dharapuram(Uzhavar Sandhai ),STABLE,STABLE,77.11
2026-08-06,Dharapuram(Uzhavar Sandhai ),STABLE,STABLE,76.98
2026-08-07,Dharapuram(Uzhavar Sandhai ),STABLE,STABLE,74.63
2026-08-08,Dharapuram(Uzhavar Sandhai ),STABLE,STABLE,72.21
2026-08-09,Dharapuram(Uzhavar Sandhai ),STABLE,STABLE,64.32
2026-08-10,Dharapuram(Uzhavar Sandhai ),STABLE,STABLE,73.61
2026-08-11,Dharapuram(Uzhavar Sandhai ),STABLE,STABLE,76.04
2026-08-12,Dharapuram(Uzhavar Sandhai ),STABLE,STABLE,76.48
2026-08-13,Dharapuram(Uzhavar Sandhai ),STABLE,STABLE,77.21
2026-08-14,Dharapuram(Uzhavar Sandhai ),STABLE,STABLE,77.38
2026-08-15,Dharapuram(Uzhavar Sandhai ),STABLE,STABLE,77.04
2026-08-16,Dharapuram(Uzhavar Sandhai ),STABLE,STABLE,70.77
2026-08-17,Dharapuram(Uzhavar Sandhai ),STABLE,STABLE,78.02
2026-08-18,Dharapuram(Uzhavar Sandhai ),STABLE,STABLE,77.01
2026-08-19,Dharapuram(Uzhavar Sandhai ),STABLE,STABLE,76.59
2026-08-20,Dharapuram(Uzhavar Sandhai ),STABLE,STABLE,75.74
2026-08-21,Dharapuram(Uzhavar Sandhai ),STABLE,STABLE,73.25
2026-08-22,Dharapuram(Uzhavar Sandhai ),STABLE,STABLE,73.57
2026-08-23,Dharapuram(Uzhavar Sandhai ),DECREASING,STABLE,66.99
2026-06-29,Dharmapuri(Uzhavar Sandhai ),INCREASING,STABLE,62.89
2026-06-30,Dharmapuri(Uzhavar Sandhai ),DECREASING,STABLE,53.2
2026-07-01,Dharmapuri(Uzhavar Sandhai ),STABLE,STABLE,64.29
2026-07-02,Dharmapuri(Uzhavar Sandhai ),STABLE,STABLE,64.17
2026-07-03,Dharmapuri(Uzhavar Sandhai ),INCREASING,STABLE,61.95
2026-07-04,Dharmapuri(Uzhavar Sandhai ),STABLE,STABLE,59.87
2026-07-05,Dharmapuri(Uzhavar Sandhai ),DECREASING,STABLE,59.36
2026-07-06,Dharmapuri(Uzhavar Sandhai ),STABLE,STABLE,65.17
2026-07-07,Dharmapuri(Uzhavar Sandhai ),STABLE,STABLE,63.61
2026-07-08,Dharmapuri(Uzhavar Sandhai ),STABLE,STABLE,62.01
2026-07-09,Dharmapuri(Uzhavar Sandhai ),STABLE,STABLE,60.5
2026-07-10,Dharmapuri(Uzhavar Sandhai ),INCREASING,STABLE,58.77
2026-07-11,Dharmapuri(Uzhavar Sandhai ),INCREASING,STABLE,59.49
2026-07-12,Dharmapuri(Uzhavar Sandhai ),DECREASING,DECREASING,50.7
2026-07-13,Dharmapuri(Uzhavar Sandhai ),INCREASING,STABLE,61.83
2026-07-14,Dharmapuri(Uzhavar Sandhai ),DECREASING,STABLE,61.95
2026-07-15,Dharmapuri(Uzhavar Sandhai ),STABLE,STABLE,63.09
2026-07-16,Dharmapuri(Uzhavar Sandhai ),STABLE,STABLE,57.55
2026-07-17,Dharmapuri(Uzhavar Sandhai ),STABLE,STABLE,61.95
2026-07-18,Dharmapuri(Uzhavar Sandhai ),STABLE,STABLE,60.25
2026-07-19,Dharmapuri(Uzhavar Sandhai ),DECREASING,STABLE,56.6
2026-07-20,Dharmapuri(Uzhavar Sandhai ),STABLE,STABLE,62.17
2026-07-21,Dharmapuri(Uzhavar Sandhai ),STABLE,STABLE,61.34
2026-07-22,Dharmapuri(Uzhavar Sandhai ),STABLE,STABLE,59.47
2026-07-23,Dharmapuri(Uzhavar Sandhai ),STABLE,STABLE,59.98
2026-07-24,Dharmapuri(Uzhavar Sandhai ),INCREASING,STABLE,56.75
2026-07-25,Dharmapuri(Uzhavar Sandhai ),STABLE,STABLE,58.42
2026-07-26,Dharmapuri(Uzhavar Sandhai ),DECREASING,DECREASING,56.66
2026-07-27,Dharmapuri(Uzhavar Sandhai ),STABLE,STABLE,62.05
2026-07-28,Dharmapuri(Uzhavar Sandhai ),STABLE,STABLE,57.43
2026-07-29,Dharmapuri(Uzhavar Sandhai ),STABLE,STABLE,62.44
2026-07-30,Dharmapuri(Uzhavar Sandhai ),INCREASING,STABLE,62.97
2026-07-31,Dharmapuri(Uzhavar Sandhai ),STABLE,STABLE,55.59
2026-08-01,Dharmapuri(Uzhavar Sandhai ),STABLE,STABLE,64.25
2026-08-02,Dharmapuri(Uzhavar Sandhai ),DECREASING,DECREASING,51.87
2026-08-03,Dharmapuri(Uzhavar Sandhai ),STABLE,STABLE,68.08
2026-08-04,Dharmapuri(Uzhavar Sandhai ),STABLE,STABLE,66.12
2026-08-05,Dharmapuri(Uzhavar Sandhai ),STABLE,STABLE,63.53
2026-08-06,Dharmapuri(Uzhavar Sandhai ),STABLE,STABLE,61.64
2026-08-07,Dharmapuri(Uzhavar Sandhai ),STABLE,STABLE,61.26
2026-08-08,Dharmapuri(Uzhavar Sandhai ),STABLE,STABLE,57.93
2026-08-09,Dharmapuri(Uzhavar Sandhai ),STABLE,STABLE,56.6
2026-08-10,Dharmapuri(Uzhavar Sandhai ),STABLE,STABLE,61.7
2026-08-11,Dharmapuri(Uzhavar Sandhai ),STABLE,STABLE,61.93
2026-08-12,Dharmapuri(Uzhavar Sandhai ),STABLE,STABLE,61.71
2026-08-13,Dharmapuri(Uzhavar Sandhai ),STABLE,STABLE,59.94
2026-08-14,Dharmapuri(Uzhavar Sandhai ),INCREASING,STABLE,56.76
2026-08-15,Dharmapuri(Uzhavar Sandhai ),INCREASING,STABLE,59.96
2026-08-16,Dharmapuri(Uzhavar Sandhai ),DECREASING,DECREASING,49.77
2026-08-17,Dharmapuri(Uzhavar Sandhai ),STABLE,STABLE,61.06
2026-08-18,Dharmapuri(Uzhavar Sandhai ),STABLE,STABLE,60.41
2026-08-19,Dharmapuri(Uzhavar Sandhai ),INCREASING,STABLE,61.19
2026-08-20,Dharmapuri(Uzhavar Sandhai ),STABLE,STABLE,58.85
2026-08-21,Dharmapuri(Uzhavar Sandhai ),INCREASING,STABLE,57.54
2026-08-22,Dharmapuri(Uzhavar Sandhai ),STABLE,STABLE,54.93
2026-08-23,Dharmapuri(Uzhavar Sandhai ),DECREASING,STABLE,54.98
2026-06-29,Dindigul(Uzhavar Sandhai ),STABLE,STABLE,79.42
2026-06-30,Dindigul(Uzhavar Sandhai ),INCREASING,STABLE,75.23
2026-07-01,Dindigul(Uzhavar Sandhai ),STABLE,STABLE,79.12
2026-07-02,Dindigul(Uzhavar Sandhai ),STABLE,STABLE,78.84
2026-07-03,Dindigul(Uzhavar Sandhai ),STABLE,STABLE,69.55
2026-07-04,Dindigul(Uzhavar Sandhai ),STABLE,STABLE,69.82
2026-07-05,Dindigul(Uzhavar Sandhai ),DECREASING,STABLE,48.63
2026-07-06,Dindigul(Uzhavar Sandhai ),STABLE,STABLE,81.48
2026-07-07,Dindigul(Uzhavar Sandhai ),STABLE,STABLE,78.99
2026-07-08,Dindigul(Uzhavar Sandhai ),STABLE,STABLE,79.08
2026-07-09,Dindigul(Uzhavar Sandhai ),STABLE,STABLE,78.94
2026-07-10,Dindigul(Uzhavar Sandhai ),STABLE,STABLE,68.24
2026-07-11,Dindigul(Uzhavar Sandhai ),STABLE,STABLE,66.14
2026-07-12,Dindigul(Uzhavar Sandhai ),DECREASING,DECREASING,49.26
2026-07-13,Dindigul(Uzhavar Sandhai ),STABLE,STABLE,82.0
2026-07-14,Dindigul(Uzhavar Sandhai ),STABLE,STABLE,78.24
2026-07-15,Dindigul(Uzhavar Sandhai ),STABLE,STABLE,80.54
2026-07-16,Dindigul(Uzhavar Sandhai ),STABLE,STABLE,79.39
2026-07-17,Dindigul(Uzhavar Sandhai ),INCREASING,STABLE,68.7
2026-07-18,Dindigul(Uzhavar Sandhai ),STABLE,STABLE,63.59
2026-07-19,Dindigul(Uzhavar Sandhai ),DECREASING,DECREASING,50.11
2026-07-20,Dindigul(Uzhavar Sandhai ),STABLE,STABLE,80.77
2026-07-21,Dindigul(Uzhavar Sandhai ),STABLE,STABLE,78.9
2026-07-22,Dindigul(Uzhavar Sandhai ),STABLE,STABLE,78.03
2026-07-23,Dindigul(Uzhavar Sandhai ),DECREASING,STABLE,77.01
2026-07-24,Dindigul(Uzhavar Sandhai ),INCREASING,STABLE,67.5
2026-07-25,Dindigul(Uzhavar Sandhai ),INCREASING,STABLE,65.14
2026-07-26,Dindigul(Uzhavar Sandhai ),DECREASING,DECREASING,48.31
2026-07-27,Dindigul(Uzhavar Sandhai ),STABLE,STABLE,80.91
2026-07-28,Dindigul(Uzhavar Sandhai ),STABLE,STABLE,78.85
2026-07-29,Dindigul(Uzhavar Sandhai ),STABLE,STABLE,78.51
2026-07-30,Dindigul(Uzhavar Sandhai ),STABLE,STABLE,77.13
2026-07-31,Dindigul(Uzhavar Sandhai ),DECREASING,STABLE,66.42
2026-08-01,Dindigul(Uzhavar Sandhai ),INCREASING,STABLE,66.35
2026-08-02,Dindigul(Uzhavar Sandhai ),STABLE,DECREASING,48.11
2026-08-03,Dindigul(Uzhavar Sandhai ),STABLE,STABLE,81.77
2026-08-04,Dindigul(Uzhavar Sandhai ),INCREASING,STABLE,81.15
2026-08-05,Dindigul(Uzhavar Sandhai ),STABLE,STABLE,80.79
2026-08-06,Dindigul(Uzhavar Sandhai ),STABLE,STABLE,78.91
2026-08-07,Dindigul(Uzhavar Sandhai ),INCREASING,STABLE,61.08
2026-08-08,Dindigul(Uzhavar Sandhai ),STABLE,STABLE,59.34
2026-08-09,Dindigul(Uzhavar Sandhai ),DECREASING,STABLE,46.93
2026-08-10,Dindigul(Uzhavar Sandhai ),DECREASING,STABLE,82.25
2026-08-11,Dindigul(Uzhavar Sandhai ),STABLE,STABLE,80.07
2026-08-12,Dindigul(Uzhavar Sandhai ),INCREASING,STABLE,81.03
2026-08-13,Dindigul(Uzhavar Sandhai ),STABLE,STABLE,79.61
2026-08-14,Dindigul(Uzhavar Sandhai ),INCREASING,STABLE,61.91
2026-08-15,Dindigul(Uzhavar Sandhai ),STABLE,STABLE,59.55
2026-08-16,Dindigul(Uzhavar Sandhai ),STABLE,DECREASING,48.49
2026-08-17,Dindigul(Uzhavar Sandhai ),DECREASING,STABLE,81.04
2026-08-18,Dindigul(Uzhavar Sandhai ),STABLE,STABLE,79.58
2026-08-19,Dindigul(Uzhavar Sandhai ),STABLE,STABLE,79.2
2026-08-20,Dindigul(Uzhavar Sandhai ),STABLE,STABLE,77.73
2026-08-21,Dindigul(Uzhavar Sandhai ),STABLE,STABLE,66.28
2026-08-22,Dindigul(Uzhavar Sandhai ),INCREASING,STABLE,62.81
2026-08-23,Dindigul(Uzhavar Sandhai ),STABLE,DECREASING,49.36
2026-06-29,Edapadi (Uzhavar Sandhai ),STABLE,STABLE,72.52
2026-06-30,Edapadi (Uzhavar Sandhai ),DECREASING,STABLE,71.98
2026-07-01,Edapadi (Uzhavar Sandhai ),STABLE,STABLE,70.75
2026-07-02,Edapadi (Uzhavar Sandhai ),STABLE,STABLE,70.16
2026-07-03,Edapadi (Uzhavar Sandhai ),STABLE,STABLE,69.9
2026-07-04,Edapadi (Uzhavar Sandhai ),STABLE,STABLE,68.71
2026-07-05,Edapadi (Uzhavar Sandhai ),STABLE,STABLE,60.26
2026-07-06,Edapadi (Uzhavar Sandhai ),STABLE,STABLE,71.91
2026-07-07,Edapadi (Uzhavar Sandhai ),STABLE,STABLE,72.61
2026-07-08,Edapadi (Uzhavar Sandhai ),STABLE,STABLE,73.25
2026-07-09,Edapadi (Uzhavar Sandhai ),DECREASING,STABLE,72.44
2026-07-10,Edapadi (Uzhavar Sandhai ),STABLE,STABLE,70.97
2026-07-11,Edapadi (Uzhavar Sandhai ),STABLE,STABLE,69.96
2026-07-12,Edapadi (Uzhavar Sandhai ),DECREASING,STABLE,58.5
2026-07-13,Edapadi (Uzhavar Sandhai ),INCREASING,STABLE,72.0
2026-07-14,Edapadi (Uzhavar Sandhai ),DECREASING,STABLE,73.35
2026-07-15,Edapadi (Uzhavar Sandhai ),INCREASING,STABLE,70.72
2026-07-16,Edapadi (Uzhavar Sandhai ),STABLE,STABLE,72.97
2026-07-17,Edapadi (Uzhavar Sandhai ),DECREASING,STABLE,72.44
2026-07-18,Edapadi (Uzhavar Sandhai ),INCREASING,STABLE,68.58
2026-07-19,Edapadi (Uzhavar Sandhai ),STABLE,STABLE,61.22
2026-07-20,Edapadi (Uzhavar Sandhai ),STABLE,STABLE,70.98
2026-07-21,Edapadi (Uzhavar Sandhai ),STABLE,STABLE,71.43
2026-07-22,Edapadi (Uzhavar Sandhai ),STABLE,STABLE,71.83
2026-07-23,Edapadi (Uzhavar Sandhai ),DECREASING,STABLE,70.05
2026-07-24,Edapadi (Uzhavar Sandhai ),STABLE,STABLE,69.11
2026-07-25,Edapadi (Uzhavar Sandhai ),STABLE,STABLE,68.79
2026-07-26,Edapadi (Uzhavar Sandhai ),DECREASING,STABLE,56.93
2026-07-27,Edapadi (Uzhavar Sandhai ),STABLE,STABLE,70.31
2026-07-28,Edapadi (Uzhavar Sandhai ),DECREASING,STABLE,71.46
2026-07-29,Edapadi (Uzhavar Sandhai ),INCREASING,STABLE,70.18
2026-07-30,Edapadi (Uzhavar Sandhai ),STABLE,STABLE,71.49
2026-07-31,Edapadi (Uzhavar Sandhai ),INCREASING,STABLE,68.23
2026-08-01,Edapadi (Uzhavar Sandhai ),STABLE,STABLE,69.76
2026-08-02,Edapadi (Uzhavar Sandhai ),STABLE,STABLE,52.56
2026-08-03,Edapadi (Uzhavar Sandhai ),STABLE,STABLE,73.86
2026-08-04,Edapadi (Uzhavar Sandhai ),STABLE,STABLE,74.48
2026-08-05,Edapadi (Uzhavar Sandhai ),STABLE,STABLE,73.25
2026-08-06,Edapadi (Uzhavar Sandhai ),STABLE,STABLE,72.88
2026-08-07,Edapadi (Uzhavar Sandhai ),STABLE,STABLE,72.72
2026-08-08,Edapadi (Uzhavar Sandhai ),STABLE,STABLE,71.02
2026-08-09,Edapadi (Uzhavar Sandhai ),DECREASING,STABLE,58.97
2026-08-10,Edapadi (Uzhavar Sandhai ),STABLE,STABLE,72.37
2026-08-11,Edapadi (Uzhavar Sandhai ),STABLE,STABLE,72.7
2026-08-12,Edapadi (Uzhavar Sandhai ),STABLE,STABLE,73.02
2026-08-13,Edapadi (Uzhavar Sandhai ),DECREASING,STABLE,71.95
2026-08-14,Edapadi (Uzhavar Sandhai ),STABLE,STABLE,71.0
2026-08-15,Edapadi (Uzhavar Sandhai ),STABLE,STABLE,70.17
2026-08-16,Edapadi (Uzhavar Sandhai ),STABLE,STABLE,56.62
2026-08-17,Edapadi (Uzhavar Sandhai ),STABLE,STABLE,73.53
2026-08-18,Edapadi (Uzhavar Sandhai ),STABLE,STABLE,72.59
2026-08-19,Edapadi (Uzhavar Sandhai ),INCREASING,STABLE,71.62
2026-08-20,Edapadi (Uzhavar Sandhai ),STABLE,STABLE,71.23
2026-08-21,Edapadi (Uzhavar Sandhai ),STABLE,STABLE,71.13
2026-08-22,Edapadi (Uzhavar Sandhai ),STABLE,STABLE,68.32
2026-08-23,Edapadi (Uzhavar Sandhai ),STABLE,STABLE,55.57
2026-06-29,Elampillai(Uzhavar Sandhai ),STABLE,STABLE,69.75
2026-06-30,Elampillai(Uzhavar Sandhai ),STABLE,STABLE,70.94
2026-07-01,Elampillai(Uzhavar Sandhai ),STABLE,STABLE,72.28
2026-07-02,Elampillai(Uzhavar Sandhai ),STABLE,STABLE,71.77
2026-07-03,Elampillai(Uzhavar Sandhai ),STABLE,STABLE,69.98
2026-07-04,Elampillai(Uzhavar Sandhai ),STABLE,STABLE,69.45
2026-07-05,Elampillai(Uzhavar Sandhai ),STABLE,STABLE,60.91
2026-07-06,Elampillai(Uzhavar Sandhai ),INCREASING,STABLE,71.5
2026-07-07,Elampillai(Uzhavar Sandhai ),STABLE,STABLE,73.89
2026-07-08,Elampillai(Uzhavar Sandhai ),DECREASING,STABLE,73.25
2026-07-09,Elampillai(Uzhavar Sandhai ),INCREASING,STABLE,70.02
2026-07-10,Elampillai(Uzhavar Sandhai ),STABLE,STABLE,70.44
2026-07-11,Elampillai(Uzhavar Sandhai ),INCREASING,STABLE,68.62
2026-07-12,Elampillai(Uzhavar Sandhai ),STABLE,STABLE,61.4
2026-07-13,Elampillai(Uzhavar Sandhai ),STABLE,STABLE,71.41
2026-07-14,Elampillai(Uzhavar Sandhai ),STABLE,STABLE,71.12
2026-07-15,Elampillai(Uzhavar Sandhai ),STABLE,STABLE,70.6
2026-07-16,Elampillai(Uzhavar Sandhai ),STABLE,STABLE,72.29
2026-07-17,Elampillai(Uzhavar Sandhai ),STABLE,STABLE,70.97
2026-07-18,Elampillai(Uzhavar Sandhai ),STABLE,STABLE,68.53
2026-07-19,Elampillai(Uzhavar Sandhai ),STABLE,STABLE,61.2
2026-07-20,Elampillai(Uzhavar Sandhai ),STABLE,STABLE,70.19
2026-07-21,Elampillai(Uzhavar Sandhai ),STABLE,STABLE,69.27
2026-07-22,Elampillai(Uzhavar Sandhai ),STABLE,STABLE,69.41
2026-07-23,Elampillai(Uzhavar Sandhai ),STABLE,STABLE,69.2
2026-07-24,Elampillai(Uzhavar Sandhai ),STABLE,STABLE,67.21
2026-07-25,Elampillai(Uzhavar Sandhai ),INCREASING,STABLE,67.52
2026-07-26,Elampillai(Uzhavar Sandhai ),STABLE,STABLE,61.6
2026-07-27,Elampillai(Uzhavar Sandhai ),INCREASING,STABLE,70.12
2026-07-28,Elampillai(Uzhavar Sandhai ),STABLE,STABLE,71.05
2026-07-29,Elampillai(Uzhavar Sandhai ),STABLE,STABLE,71.96
2026-07-30,Elampillai(Uzhavar Sandhai ),STABLE,STABLE,70.87
2026-07-31,Elampillai(Uzhavar Sandhai ),INCREASING,STABLE,67.39
2026-08-01,Elampillai(Uzhavar Sandhai ),STABLE,STABLE,70.2
2026-08-02,Elampillai(Uzhavar Sandhai ),STABLE,STABLE,61.96
2026-08-03,Elampillai(Uzhavar Sandhai ),DECREASING,STABLE,74.04
2026-08-04,Elampillai(Uzhavar Sandhai ),STABLE,STABLE,72.51
2026-08-05,Elampillai(Uzhavar Sandhai ),STABLE,STABLE,74.15
2026-08-06,Elampillai(Uzhavar Sandhai ),STABLE,STABLE,72.56
2026-08-07,Elampillai(Uzhavar Sandhai ),STABLE,STABLE,69.95
2026-08-08,Elampillai(Uzhavar Sandhai ),INCREASING,STABLE,69.34
2026-08-09,Elampillai(Uzhavar Sandhai ),STABLE,STABLE,62.6
2026-08-10,Elampillai(Uzhavar Sandhai ),STABLE,STABLE,71.73
2026-08-11,Elampillai(Uzhavar Sandhai ),STABLE,STABLE,72.46
2026-08-12,Elampillai(Uzhavar Sandhai ),STABLE,STABLE,72.31
2026-08-13,Elampillai(Uzhavar Sandhai ),STABLE,STABLE,69.81
2026-08-14,Elampillai(Uzhavar Sandhai ),INCREASING,STABLE,68.19
2026-08-15,Elampillai(Uzhavar Sandhai ),STABLE,STABLE,69.61
2026-08-16,Elampillai(Uzhavar Sandhai ),STABLE,STABLE,59.65
2026-08-17,Elampillai(Uzhavar Sandhai ),STABLE,STABLE,71.78
2026-08-18,Elampillai(Uzhavar Sandhai ),STABLE,STABLE,69.95
2026-08-19,Elampillai(Uzhavar Sandhai ),STABLE,STABLE,71.47
2026-08-20,Elampillai(Uzhavar Sandhai ),STABLE,STABLE,68.96
2026-08-21,Elampillai(Uzhavar Sandhai ),INCREASING,STABLE,68.27
2026-08-22,Elampillai(Uzhavar Sandhai ),DECREASING,STABLE,68.75
2026-08-23,Elampillai(Uzhavar Sandhai ),STABLE,STABLE,60.53
2026-06-29,Gandarvakottai(Uzhavar Sandhai ),INCREASING,STABLE,72.22
2026-06-30,Gandarvakottai(Uzhavar Sandhai ),DECREASING,STABLE,70.03
2026-07-01,Gandarvakottai(Uzhavar Sandhai ),STABLE,STABLE,62.43
2026-07-02,Gandarvakottai(Uzhavar Sandhai ),DECREASING,STABLE,62.52
2026-07-03,Gandarvakottai(Uzhavar Sandhai ),INCREASING,STABLE,60.35
2026-07-04,Gandarvakottai(Uzhavar Sandhai ),INCREASING,STABLE,63.13
2026-07-06,Gandarvakottai(Uzhavar Sandhai ),STABLE,STABLE,69.73
2026-07-07,Gandarvakottai(Uzhavar Sandhai ),DECREASING,STABLE,68.36
2026-07-08,Gandarvakottai(Uzhavar Sandhai ),INCREASING,STABLE,62.95
2026-07-09,Gandarvakottai(Uzhavar Sandhai ),DECREASING,STABLE,66.43
2026-07-10,Gandarvakottai(Uzhavar Sandhai ),STABLE,STABLE,63.45
2026-07-11,Gandarvakottai(Uzhavar Sandhai ),DECREASING,STABLE,62.55
2026-07-12,Gandarvakottai(Uzhavar Sandhai ),INCREASING,STABLE,63.58
2026-07-13,Gandarvakottai(Uzhavar Sandhai ),STABLE,STABLE,72.77
2026-07-14,Gandarvakottai(Uzhavar Sandhai ),STABLE,STABLE,69.93
2026-07-15,Gandarvakottai(Uzhavar Sandhai ),INCREASING,STABLE,68.48
2026-07-16,Gandarvakottai(Uzhavar Sandhai ),STABLE,STABLE,69.65
2026-07-17,Gandarvakottai(Uzhavar Sandhai ),INCREASING,STABLE,67.05
2026-07-18,Gandarvakottai(Uzhavar Sandhai ),DECREASING,STABLE,70.64
2026-07-19,Gandarvakottai(Uzhavar Sandhai ),STABLE,STABLE,71.69
2026-07-20,Gandarvakottai(Uzhavar Sandhai ),STABLE,STABLE,70.17
2026-07-21,Gandarvakottai(Uzhavar Sandhai ),STABLE,STABLE,73.72
2026-07-22,Gandarvakottai(Uzhavar Sandhai ),DECREASING,STABLE,65.29
2026-07-23,Gandarvakottai(Uzhavar Sandhai ),INCREASING,STABLE,61.47
2026-07-24,Gandarvakottai(Uzhavar Sandhai ),INCREASING,STABLE,69.03
2026-07-25,Gandarvakottai(Uzhavar Sandhai ),DECREASING,STABLE,70.08
2026-07-26,Gandarvakottai(Uzhavar Sandhai ),STABLE,STABLE,73.36
2026-07-27,Gandarvakottai(Uzhavar Sandhai ),STABLE,STABLE,72.25
2026-07-28,Gandarvakottai(Uzhavar Sandhai ),DECREASING,STABLE,70.19
2026-07-29,Gandarvakottai(Uzhavar Sandhai ),INCREASING,STABLE,63.97
2026-07-30,Gandarvakottai(Uzhavar Sandhai ),INCREASING,STABLE,67.51
2026-07-31,Gandarvakottai(Uzhavar Sandhai ),STABLE,STABLE,67.8
2026-08-01,Gandarvakottai(Uzhavar Sandhai ),DECREASING,STABLE,71.55
2026-08-02,Gandarvakottai(Uzhavar Sandhai ),INCREASING,STABLE,71.82
2026-08-03,Gandarvakottai(Uzhavar Sandhai ),DECREASING,STABLE,70.44
2026-08-04,Gandarvakottai(Uzhavar Sandhai ),DECREASING,STABLE,67.45
2026-08-05,Gandarvakottai(Uzhavar Sandhai ),STABLE,STABLE,65.04
2026-08-06,Gandarvakottai(Uzhavar Sandhai ),INCREASING,STABLE,63.26
2026-08-07,Gandarvakottai(Uzhavar Sandhai ),STABLE,STABLE,66.57
2026-08-08,Gandarvakottai(Uzhavar Sandhai ),DECREASING,STABLE,66.62
2026-08-09,Gandarvakottai(Uzhavar Sandhai ),INCREASING,STABLE,64.73
2026-08-10,Gandarvakottai(Uzhavar Sandhai ),STABLE,STABLE,75.39
2026-08-11,Gandarvakottai(Uzhavar Sandhai ),STABLE,STABLE,73.34
2026-08-12,Gandarvakottai(Uzhavar Sandhai ),STABLE,STABLE,67.55
2026-08-13,Gandarvakottai(Uzhavar Sandhai ),STABLE,STABLE,65.81
2026-08-14,Gandarvakottai(Uzhavar Sandhai ),INCREASING,STABLE,62.17
2026-08-15,Gandarvakottai(Uzhavar Sandhai ),STABLE,STABLE,65.55
2026-08-16,Gandarvakottai(Uzhavar Sandhai ),STABLE,STABLE,70.04
2026-08-17,Gandarvakottai(Uzhavar Sandhai ),STABLE,STABLE,69.12
2026-08-18,Gandarvakottai(Uzhavar Sandhai ),DECREASING,STABLE,68.32
2026-08-19,Gandarvakottai(Uzhavar Sandhai ),STABLE,STABLE,65.87
2026-08-20,Gandarvakottai(Uzhavar Sandhai ),STABLE,STABLE,65.84
2026-08-21,Gandarvakottai(Uzhavar Sandhai ),INCREASING,STABLE,64.53
2026-08-22,Gandarvakottai(Uzhavar Sandhai ),STABLE,STABLE,66.21
2026-08-23,Gandarvakottai(Uzhavar Sandhai ),STABLE,STABLE,72.83
2026-06-29,Gandhigramam(Uzhavar Sandhai),STABLE,STABLE,79.2
2026-06-30,Gandhigramam(Uzhavar Sandhai),STABLE,STABLE,78.25
2026-07-01,Gandhigramam(Uzhavar Sandhai),STABLE,STABLE,79.49
2026-07-02,Gandhigramam(Uzhavar Sandhai),STABLE,STABLE,78.51
2026-07-03,Gandhigramam(Uzhavar Sandhai),STABLE,STABLE,77.48
2026-07-04,Gandhigramam(Uzhavar Sandhai),STABLE,STABLE,78.7
2026-07-05,Gandhigramam(Uzhavar Sandhai),STABLE,STABLE,76.61
2026-07-06,Gandhigramam(Uzhavar Sandhai),STABLE,STABLE,77.96
2026-07-07,Gandhigramam(Uzhavar Sandhai),STABLE,STABLE,77.58
2026-07-08,Gandhigramam(Uzhavar Sandhai),STABLE,STABLE,77.8
2026-07-09,Gandhigramam(Uzhavar Sandhai),STABLE,STABLE,77.33
2026-07-10,Gandhigramam(Uzhavar Sandhai),STABLE,STABLE,78.27
2026-07-11,Gandhigramam(Uzhavar Sandhai),STABLE,STABLE,79.84
2026-07-12,Gandhigramam(Uzhavar Sandhai),DECREASING,STABLE,75.75
2026-07-13,Gandhigramam(Uzhavar Sandhai),STABLE,STABLE,78.82
2026-07-14,Gandhigramam(Uzhavar Sandhai),STABLE,STABLE,79.2
2026-07-15,Gandhigramam(Uzhavar Sandhai),STABLE,STABLE,78.2
2026-07-16,Gandhigramam(Uzhavar Sandhai),STABLE,STABLE,78.7
2026-07-17,Gandhigramam(Uzhavar Sandhai),STABLE,STABLE,79.25
2026-07-18,Gandhigramam(Uzhavar Sandhai),INCREASING,STABLE,78.97
2026-07-19,Gandhigramam(Uzhavar Sandhai),DECREASING,STABLE,76.42
2026-07-20,Gandhigramam(Uzhavar Sandhai),STABLE,STABLE,77.76
2026-07-21,Gandhigramam(Uzhavar Sandhai),STABLE,STABLE,77.63
2026-07-22,Gandhigramam(Uzhavar Sandhai),STABLE,STABLE,78.04
2026-07-23,Gandhigramam(Uzhavar Sandhai),STABLE,STABLE,77.39
2026-07-24,Gandhigramam(Uzhavar Sandhai),STABLE,STABLE,76.92
2026-07-25,Gandhigramam(Uzhavar Sandhai),INCREASING,STABLE,78.37
2026-07-26,Gandhigramam(Uzhavar Sandhai),DECREASING,STABLE,74.35
2026-07-27,Gandhigramam(Uzhavar Sandhai),STABLE,STABLE,78.28
2026-07-28,Gandhigramam(Uzhavar Sandhai),STABLE,STABLE,77.09
2026-07-29,Gandhigramam(Uzhavar Sandhai),STABLE,STABLE,78.85
2026-07-30,Gandhigramam(Uzhavar Sandhai),STABLE,STABLE,78.22
2026-07-31,Gandhigramam(Uzhavar Sandhai),STABLE,STABLE,76.55
2026-08-01,Gandhigramam(Uzhavar Sandhai),INCREASING,STABLE,80.0
2026-08-02,Gandhigramam(Uzhavar Sandhai),STABLE,STABLE,77.34
2026-08-03,Gandhigramam(Uzhavar Sandhai),STABLE,STABLE,81.2
2026-08-04,Gandhigramam(Uzhavar Sandhai),STABLE,STABLE,79.9
2026-08-05,Gandhigramam(Uzhavar Sandhai),STABLE,STABLE,79.94
2026-08-06,Gandhigramam(Uzhavar Sandhai),STABLE,STABLE,80.24
2026-08-07,Gandhigramam(Uzhavar Sandhai),STABLE,STABLE,78.13
2026-08-08,Gandhigramam(Uzhavar Sandhai),INCREASING,STABLE,80.64
2026-08-09,Gandhigramam(Uzhavar Sandhai),DECREASING,STABLE,76.64
2026-08-10,Gandhigramam(Uzhavar Sandhai),STABLE,STABLE,80.69
2026-08-11,Gandhigramam(Uzhavar Sandhai),STABLE,STABLE,78.96
2026-08-12,Gandhigramam(Uzhavar Sandhai),DECREASING,STABLE,80.86
2026-08-13,Gandhigramam(Uzhavar Sandhai),INCREASING,STABLE,44.47
2026-08-14,Gandhigramam(Uzhavar Sandhai),STABLE,STABLE,79.29
2026-08-15,Gandhigramam(Uzhavar Sandhai),INCREASING,STABLE,80.1
2026-08-16,Gandhigramam(Uzhavar Sandhai),DECREASING,STABLE,76.29
2026-08-17,Gandhigramam(Uzhavar Sandhai),STABLE,STABLE,79.19
2026-08-18,Gandhigramam(Uzhavar Sandhai),STABLE,STABLE,79.64
2026-08-19,Gandhigramam(Uzhavar Sandhai),STABLE,STABLE,78.15
2026-08-20,Gandhigramam(Uzhavar Sandhai),STABLE,STABLE,76.6
2026-08-21,Gandhigramam(Uzhavar Sandhai),STABLE,STABLE,78.24
2026-08-22,Gandhigramam(Uzhavar Sandhai),STABLE,STABLE,75.22
2026-08-23,Gandhigramam(Uzhavar Sandhai),STABLE,STABLE,73.9
2026-06-29,Gingee(Uzhavar Sandhai ),STABLE,STABLE,67.42
2026-06-30,Gingee(Uzhavar Sandhai ),DECREASING,STABLE,60.53
2026-07-01,Gingee(Uzhavar Sandhai ),INCREASING,STABLE,56.51
2026-07-03,Gingee(Uzhavar Sandhai ),INCREASING,STABLE,58.07
2026-07-04,Gingee(Uzhavar Sandhai ),STABLE,STABLE,59.55
2026-07-05,Gingee(Uzhavar Sandhai ),INCREASING,STABLE,62.21
2026-07-06,Gingee(Uzhavar Sandhai ),DECREASING,STABLE,63.89
2026-07-07,Gingee(Uzhavar Sandhai ),INCREASING,STABLE,53.99
2026-07-08,Gingee(Uzhavar Sandhai ),INCREASING,STABLE,54.9
2026-07-09,Gingee(Uzhavar Sandhai ),INCREASING,STABLE,56.17
2026-07-10,Gingee(Uzhavar Sandhai ),DECREASING,STABLE,65.19
2026-07-11,Gingee(Uzhavar Sandhai ),INCREASING,STABLE,60.3
2026-07-12,Gingee(Uzhavar Sandhai ),DECREASING,STABLE,65.81
2026-07-13,Gingee(Uzhavar Sandhai ),DECREASING,STABLE,56.98
2026-07-14,Gingee(Uzhavar Sandhai ),INCREASING,STABLE,55.33
2026-07-15,Gingee(Uzhavar Sandhai ),STABLE,STABLE,56.04
2026-07-16,Gingee(Uzhavar Sandhai ),STABLE,STABLE,54.95
2026-07-17,Gingee(Uzhavar Sandhai ),INCREASING,STABLE,58.15
2026-07-18,Gingee(Uzhavar Sandhai ),DECREASING,STABLE,58.11
2026-07-19,Gingee(Uzhavar Sandhai ),INCREASING,STABLE,56.89
2026-07-20,Gingee(Uzhavar Sandhai ),INCREASING,STABLE,55.99
2026-07-21,Gingee(Uzhavar Sandhai ),STABLE,STABLE,53.96
2026-07-22,Gingee(Uzhavar Sandhai ),STABLE,STABLE,52.95
2026-07-23,Gingee(Uzhavar Sandhai ),STABLE,STABLE,52.36
2026-07-24,Gingee(Uzhavar Sandhai ),DECREASING,STABLE,54.01
2026-07-25,Gingee(Uzhavar Sandhai ),INCREASING,STABLE,54.18
2026-07-26,Gingee(Uzhavar Sandhai ),INCREASING,STABLE,53.97
2026-07-27,Gingee(Uzhavar Sandhai ),STABLE,STABLE,55.14
2026-07-28,Gingee(Uzhavar Sandhai ),DECREASING,STABLE,53.09
2026-07-29,Gingee(Uzhavar Sandhai ),STABLE,STABLE,52.29
2026-07-30,Gingee(Uzhavar Sandhai ),INCREASING,STABLE,51.47
2026-07-31,Gingee(Uzhavar Sandhai ),STABLE,STABLE,55.11
2026-08-01,Gingee(Uzhavar Sandhai ),DECREASING,STABLE,58.99
2026-08-02,Gingee(Uzhavar Sandhai ),STABLE,STABLE,59.5
2026-08-03,Gingee(Uzhavar Sandhai ),STABLE,STABLE,57.94
2026-08-04,Gingee(Uzhavar Sandhai ),INCREASING,STABLE,55.47
2026-08-05,Gingee(Uzhavar Sandhai ),DECREASING,STABLE,61.51
2026-08-06,Gingee(Uzhavar Sandhai ),DECREASING,STABLE,56.19
2026-08-07,Gingee(Uzhavar Sandhai ),INCREASING,STABLE,56.78
2026-08-08,Gingee(Uzhavar Sandhai ),DECREASING,STABLE,64.52
2026-08-09,Gingee(Uzhavar Sandhai ),STABLE,STABLE,56.92
2026-08-10,Gingee(Uzhavar Sandhai ),STABLE,STABLE,56.83
2026-08-11,Gingee(Uzhavar Sandhai ),DECREASING,STABLE,55.47
2026-08-12,Gingee(Uzhavar Sandhai ),INCREASING,STABLE,57.68
2026-08-13,Gingee(Uzhavar Sandhai ),STABLE,STABLE,53.91
2026-08-14,Gingee(Uzhavar Sandhai ),INCREASING,STABLE,57.73
2026-08-15,Gingee(Uzhavar Sandhai ),INCREASING,STABLE,60.01
2026-08-16,Gingee(Uzhavar Sandhai ),DECREASING,STABLE,65.73
2026-08-17,Gingee(Uzhavar Sandhai ),STABLE,STABLE,57.36
2026-08-18,Gingee(Uzhavar Sandhai ),DECREASING,STABLE,54.73
2026-08-19,Gingee(Uzhavar Sandhai ),INCREASING,STABLE,55.51
2026-08-20,Gingee(Uzhavar Sandhai ),INCREASING,STABLE,54.85
2026-08-21,Gingee(Uzhavar Sandhai ),DECREASING,STABLE,68.74
2026-08-22,Gingee(Uzhavar Sandhai ),STABLE,STABLE,62.24
2026-08-23,Gingee(Uzhavar Sandhai ),STABLE,STABLE,64.09
2026-06-29,Gobichettipalayam(Uzhavar Sandhai ),STABLE,STABLE,83.28
2026-06-30,Gobichettipalayam(Uzhavar Sandhai ),STABLE,STABLE,87.81
2026-07-02,Gobichettipalayam(Uzhavar Sandhai ),STABLE,STABLE,79.75
2026-07-03,Gobichettipalayam(Uzhavar Sandhai ),STABLE,STABLE,76.89
2026-07-04,Gobichettipalayam(Uzhavar Sandhai ),STABLE,STABLE,76.68
2026-07-05,Gobichettipalayam(Uzhavar Sandhai ),STABLE,STABLE,71.32
2026-07-06,Gobichettipalayam(Uzhavar Sandhai ),STABLE,STABLE,79.74
2026-07-07,Gobichettipalayam(Uzhavar Sandhai ),STABLE,STABLE,85.69
2026-07-08,Gobichettipalayam(Uzhavar Sandhai ),STABLE,STABLE,85.8
2026-07-09,Gobichettipalayam(Uzhavar Sandhai ),STABLE,STABLE,78.91
2026-07-10,Gobichettipalayam(Uzhavar Sandhai ),STABLE,STABLE,77.66
2026-07-11,Gobichettipalayam(Uzhavar Sandhai ),STABLE,STABLE,76.95
2026-07-12,Gobichettipalayam(Uzhavar Sandhai ),STABLE,STABLE,65.57
2026-07-13,Gobichettipalayam(Uzhavar Sandhai ),STABLE,STABLE,82.75
2026-07-14,Gobichettipalayam(Uzhavar Sandhai ),STABLE,STABLE,88.23
2026-07-15,Gobichettipalayam(Uzhavar Sandhai ),STABLE,STABLE,87.65
2026-07-16,Gobichettipalayam(Uzhavar Sandhai ),STABLE,STABLE,80.98
2026-07-17,Gobichettipalayam(Uzhavar Sandhai ),STABLE,STABLE,79.64
2026-07-18,Gobichettipalayam(Uzhavar Sandhai ),STABLE,STABLE,77.64
2026-07-19,Gobichettipalayam(Uzhavar Sandhai ),DECREASING,STABLE,66.21
2026-07-20,Gobichettipalayam(Uzhavar Sandhai ),STABLE,STABLE,86.62
2026-07-21,Gobichettipalayam(Uzhavar Sandhai ),STABLE,STABLE,85.46
2026-07-22,Gobichettipalayam(Uzhavar Sandhai ),STABLE,STABLE,84.35
2026-07-23,Gobichettipalayam(Uzhavar Sandhai ),STABLE,STABLE,77.92
2026-07-24,Gobichettipalayam(Uzhavar Sandhai ),STABLE,STABLE,77.43
2026-07-25,Gobichettipalayam(Uzhavar Sandhai ),STABLE,STABLE,75.42
2026-07-26,Gobichettipalayam(Uzhavar Sandhai ),DECREASING,STABLE,62.46
2026-07-27,Gobichettipalayam(Uzhavar Sandhai ),STABLE,STABLE,84.56
2026-07-28,Gobichettipalayam(Uzhavar Sandhai ),STABLE,STABLE,86.69
2026-07-29,Gobichettipalayam(Uzhavar Sandhai ),STABLE,STABLE,81.24
2026-07-30,Gobichettipalayam(Uzhavar Sandhai ),STABLE,STABLE,77.03
2026-07-31,Gobichettipalayam(Uzhavar Sandhai ),STABLE,STABLE,76.65
2026-08-01,Gobichettipalayam(Uzhavar Sandhai ),STABLE,STABLE,75.88
2026-08-02,Gobichettipalayam(Uzhavar Sandhai ),STABLE,STABLE,65.57
2026-08-03,Gobichettipalayam(Uzhavar Sandhai ),STABLE,STABLE,84.86
2026-08-04,Gobichettipalayam(Uzhavar Sandhai ),STABLE,STABLE,80.5
2026-08-05,Gobichettipalayam(Uzhavar Sandhai ),STABLE,STABLE,77.3
2026-08-06,Gobichettipalayam(Uzhavar Sandhai ),STABLE,STABLE,79.45
2026-08-07,Gobichettipalayam(Uzhavar Sandhai ),STABLE,STABLE,77.81
2026-08-08,Gobichettipalayam(Uzhavar Sandhai ),STABLE,STABLE,77.26
2026-08-09,Gobichettipalayam(Uzhavar Sandhai ),DECREASING,STABLE,66.13
2026-08-10,Gobichettipalayam(Uzhavar Sandhai ),INCREASING,STABLE,87.69
2026-08-11,Gobichettipalayam(Uzhavar Sandhai ),STABLE,STABLE,82.57
2026-08-12,Gobichettipalayam(Uzhavar Sandhai ),STABLE,STABLE,80.43
2026-08-14,Gobichettipalayam(Uzhavar Sandhai ),STABLE,STABLE,79.62
2026-08-15,Gobichettipalayam(Uzhavar Sandhai ),STABLE,STABLE,77.73
2026-08-16,Gobichettipalayam(Uzhavar Sandhai ),DECREASING,STABLE,70.37
2026-08-17,Gobichettipalayam(Uzhavar Sandhai ),STABLE,STABLE,87.04
2026-08-18,Gobichettipalayam(Uzhavar Sandhai ),STABLE,STABLE,84.79
2026-08-19,Gobichettipalayam(Uzhavar Sandhai ),STABLE,STABLE,87.28
2026-08-20,Gobichettipalayam(Uzhavar Sandhai ),STABLE,STABLE,84.92
2026-08-21,Gobichettipalayam(Uzhavar Sandhai ),STABLE,STABLE,83.21
2026-08-22,Gobichettipalayam(Uzhavar Sandhai ),STABLE,STABLE,79.36
2026-08-23,Gobichettipalayam(Uzhavar Sandhai ),DECREASING,STABLE,63.96
2026-06-29,Gudalur(Uzhavar Sandhai ),INCREASING,INCREASING,40.71
2026-06-30,Gudalur(Uzhavar Sandhai ),DECREASING,INCREASING,40.05
2026-07-01,Gudalur(Uzhavar Sandhai ),STABLE,STABLE,45.92
2026-07-02,Gudalur(Uzhavar Sandhai ),STABLE,STABLE,47.97
2026-07-03,Gudalur(Uzhavar Sandhai ),STABLE,STABLE,47.36
2026-07-04,Gudalur(Uzhavar Sandhai ),INCREASING,STABLE,47.23
2026-07-05,Gudalur(Uzhavar Sandhai ),STABLE,STABLE,43.93
2026-07-06,Gudalur(Uzhavar Sandhai ),INCREASING,INCREASING,40.66
2026-07-07,Gudalur(Uzhavar Sandhai ),DECREASING,INCREASING,40.26
2026-07-08,Gudalur(Uzhavar Sandhai ),INCREASING,STABLE,46.07
2026-07-09,Gudalur(Uzhavar Sandhai ),STABLE,STABLE,69.78
2026-07-10,Gudalur(Uzhavar Sandhai ),STABLE,STABLE,61.88
2026-07-11,Gudalur(Uzhavar Sandhai ),STABLE,STABLE,58.48
2026-07-12,Gudalur(Uzhavar Sandhai ),DECREASING,STABLE,62.48
2026-07-13,Gudalur(Uzhavar Sandhai ),STABLE,INCREASING,42.61
2026-07-14,Gudalur(Uzhavar Sandhai ),STABLE,INCREASING,40.75
2026-07-15,Gudalur(Uzhavar Sandhai ),INCREASING,INCREASING,41.02
2026-07-16,Gudalur(Uzhavar Sandhai ),DECREASING,STABLE,39.77
2026-07-17,Gudalur(Uzhavar Sandhai ),STABLE,STABLE,41.74
2026-07-18,Gudalur(Uzhavar Sandhai ),INCREASING,STABLE,40.99
2026-07-19,Gudalur(Uzhavar Sandhai ),DECREASING,INCREASING,38.61
2026-07-21,Gudalur(Uzhavar Sandhai ),STABLE,STABLE,43.59
2026-07-22,Gudalur(Uzhavar Sandhai ),STABLE,STABLE,41.16
2026-07-23,Gudalur(Uzhavar Sandhai ),STABLE,STABLE,40.49
2026-07-24,Gudalur(Uzhavar Sandhai ),STABLE,STABLE,41.02
2026-07-25,Gudalur(Uzhavar Sandhai ),STABLE,STABLE,40.96
2026-07-26,Gudalur(Uzhavar Sandhai ),DECREASING,STABLE,40.72
2026-07-27,Gudalur(Uzhavar Sandhai ),INCREASING,STABLE,62.91
2026-07-28,Gudalur(Uzhavar Sandhai ),STABLE,STABLE,59.49
2026-07-29,Gudalur(Uzhavar Sandhai ),STABLE,STABLE,59.74
2026-07-30,Gudalur(Uzhavar Sandhai ),STABLE,STABLE,60.82
2026-07-31,Gudalur(Uzhavar Sandhai ),STABLE,STABLE,56.37
2026-08-01,Gudalur(Uzhavar Sandhai ),STABLE,STABLE,57.8
2026-08-02,Gudalur(Uzhavar Sandhai ),STABLE,STABLE,60.25
2026-08-03,Gudalur(Uzhavar Sandhai ),STABLE,STABLE,59.01
2026-08-04,Gudalur(Uzhavar Sandhai ),DECREASING,STABLE,57.8
2026-08-05,Gudalur(Uzhavar Sandhai ),INCREASING,STABLE,41.73
2026-08-06,Gudalur(Uzhavar Sandhai ),DECREASING,STABLE,42.62
2026-08-07,Gudalur(Uzhavar Sandhai ),INCREASING,STABLE,41.22
2026-08-08,Gudalur(Uzhavar Sandhai ),DECREASING,STABLE,42.5
2026-08-09,Gudalur(Uzhavar Sandhai ),STABLE,STABLE,41.98
2026-08-10,Gudalur(Uzhavar Sandhai ),STABLE,STABLE,44.63
2026-08-11,Gudalur(Uzhavar Sandhai ),DECREASING,STABLE,43.58
2026-08-12,Gudalur(Uzhavar Sandhai ),INCREASING,INCREASING,44.62
2026-08-13,Gudalur(Uzhavar Sandhai ),DECREASING,STABLE,41.57
2026-08-14,Gudalur(Uzhavar Sandhai ),STABLE,INCREASING,42.04
2026-08-15,Gudalur(Uzhavar Sandhai ),INCREASING,INCREASING,42.1
2026-08-16,Gudalur(Uzhavar Sandhai ),DECREASING,STABLE,44.08
2026-08-17,Gudalur(Uzhavar Sandhai ),STABLE,INCREASING,43.4
2026-08-18,Gudalur(Uzhavar Sandhai ),INCREASING,INCREASING,41.63
2026-08-19,Gudalur(Uzhavar Sandhai ),DECREASING,STABLE,43.59
2026-08-20,Gudalur(Uzhavar Sandhai ),DECREASING,INCREASING,41.23
2026-08-21,Gudalur(Uzhavar Sandhai ),INCREASING,STABLE,69.33
2026-08-22,Gudalur(Uzhavar Sandhai ),STABLE,STABLE,39.57
2026-08-23,Gudalur(Uzhavar Sandhai ),DECREASING,STABLE,41.52
2026-06-29,Gudiyatham(Uzhavar Sandhai ),INCREASING,STABLE,73.53
2026-06-30,Gudiyatham(Uzhavar Sandhai ),STABLE,STABLE,75.97
2026-07-03,Gudiyatham(Uzhavar Sandhai ),STABLE,STABLE,75.84
2026-07-04,Gudiyatham(Uzhavar Sandhai ),STABLE,STABLE,76.59
2026-07-06,Gudiyatham(Uzhavar Sandhai ),STABLE,STABLE,78.41
2026-07-07,Gudiyatham(Uzhavar Sandhai ),DECREASING,STABLE,77.65
2026-07-08,Gudiyatham(Uzhavar Sandhai ),DECREASING,STABLE,73.39
2026-07-09,Gudiyatham(Uzhavar Sandhai ),INCREASING,STABLE,63.53
2026-07-10,Gudiyatham(Uzhavar Sandhai ),INCREASING,STABLE,69.71
2026-07-11,Gudiyatham(Uzhavar Sandhai ),STABLE,STABLE,76.77
2026-07-12,Gudiyatham(Uzhavar Sandhai ),DECREASING,STABLE,65.03
2026-07-13,Gudiyatham(Uzhavar Sandhai ),INCREASING,STABLE,74.34
2026-07-15,Gudiyatham(Uzhavar Sandhai ),STABLE,STABLE,76.71
2026-07-16,Gudiyatham(Uzhavar Sandhai ),DECREASING,STABLE,76.36
2026-07-17,Gudiyatham(Uzhavar Sandhai ),INCREASING,STABLE,69.26
2026-07-18,Gudiyatham(Uzhavar Sandhai ),DECREASING,STABLE,76.37
2026-07-19,Gudiyatham(Uzhavar Sandhai ),STABLE,STABLE,61.44
2026-07-20,Gudiyatham(Uzhavar Sandhai ),INCREASING,STABLE,74.07
2026-07-21,Gudiyatham(Uzhavar Sandhai ),STABLE,STABLE,76.59
2026-07-22,Gudiyatham(Uzhavar Sandhai ),STABLE,STABLE,75.73
2026-07-23,Gudiyatham(Uzhavar Sandhai ),STABLE,STABLE,75.04
2026-07-24,Gudiyatham(Uzhavar Sandhai ),STABLE,STABLE,76.37
2026-07-25,Gudiyatham(Uzhavar Sandhai ),STABLE,STABLE,76.35
2026-07-26,Gudiyatham(Uzhavar Sandhai ),STABLE,STABLE,64.38
2026-07-27,Gudiyatham(Uzhavar Sandhai ),DECREASING,STABLE,78.12
2026-07-28,Gudiyatham(Uzhavar Sandhai ),STABLE,STABLE,73.02
2026-07-29,Gudiyatham(Uzhavar Sandhai ),STABLE,STABLE,72.39
2026-07-30,Gudiyatham(Uzhavar Sandhai ),STABLE,STABLE,75.15
2026-07-31,Gudiyatham(Uzhavar Sandhai ),DECREASING,STABLE,74.59
2026-08-01,Gudiyatham(Uzhavar Sandhai ),DECREASING,STABLE,71.81
2026-08-02,Gudiyatham(Uzhavar Sandhai ),INCREASING,STABLE,68.55
2026-08-03,Gudiyatham(Uzhavar Sandhai ),INCREASING,STABLE,74.38
2026-08-04,Gudiyatham(Uzhavar Sandhai ),STABLE,STABLE,77.48
2026-08-05,Gudiyatham(Uzhavar Sandhai ),STABLE,STABLE,76.48
2026-08-06,Gudiyatham(Uzhavar Sandhai ),STABLE,STABLE,76.76
2026-08-07,Gudiyatham(Uzhavar Sandhai ),DECREASING,STABLE,76.48
2026-08-08,Gudiyatham(Uzhavar Sandhai ),STABLE,STABLE,71.56
2026-08-09,Gudiyatham(Uzhavar Sandhai ),STABLE,STABLE,65.5
2026-08-10,Gudiyatham(Uzhavar Sandhai ),INCREASING,STABLE,74.52
2026-08-11,Gudiyatham(Uzhavar Sandhai ),STABLE,STABLE,77.96
2026-08-12,Gudiyatham(Uzhavar Sandhai ),STABLE,STABLE,76.57
2026-08-13,Gudiyatham(Uzhavar Sandhai ),STABLE,STABLE,75.79
2026-08-14,Gudiyatham(Uzhavar Sandhai ),STABLE,STABLE,75.96
2026-08-15,Gudiyatham(Uzhavar Sandhai ),STABLE,STABLE,77.12
2026-08-16,Gudiyatham(Uzhavar Sandhai ),DECREASING,STABLE,64.61
2026-08-17,Gudiyatham(Uzhavar Sandhai ),INCREASING,STABLE,74.78
2026-08-18,Gudiyatham(Uzhavar Sandhai ),DECREASING,STABLE,76.41
2026-08-19,Gudiyatham(Uzhavar Sandhai ),INCREASING,STABLE,72.31
2026-08-20,Gudiyatham(Uzhavar Sandhai ),DECREASING,STABLE,76.06
2026-08-21,Gudiyatham(Uzhavar Sandhai ),INCREASING,STABLE,69.03
2026-08-22,Gudiyatham(Uzhavar Sandhai ),STABLE,STABLE,76.03
2026-08-23,Gudiyatham(Uzhavar Sandhai ),STABLE,STABLE,63.45
2026-06-29,Guduvancheri(Uzhavar Sandhai ),STABLE,STABLE,65.0
2026-06-30,Guduvancheri(Uzhavar Sandhai ),STABLE,STABLE,70.15
2026-07-01,Guduvancheri(Uzhavar Sandhai ),STABLE,STABLE,57.51
2026-07-02,Guduvancheri(Uzhavar Sandhai ),STABLE,STABLE,65.89
2026-07-03,Guduvancheri(Uzhavar Sandhai ),STABLE,STABLE,64.57
2026-07-04,Guduvancheri(Uzhavar Sandhai ),DECREASING,STABLE,68.1
2026-07-07,Guduvancheri(Uzhavar Sandhai ),STABLE,STABLE,58.9
2026-07-08,Guduvancheri(Uzhavar Sandhai ),STABLE,STABLE,58.28
2026-07-09,Guduvancheri(Uzhavar Sandhai ),STABLE,STABLE,66.01
2026-07-10,Guduvancheri(Uzhavar Sandhai ),STABLE,STABLE,58.66
2026-07-11,Guduvancheri(Uzhavar Sandhai ),STABLE,STABLE,58.61
2026-07-12,Guduvancheri(Uzhavar Sandhai ),STABLE,STABLE,67.83
2026-07-13,Guduvancheri(Uzhavar Sandhai ),STABLE,STABLE,58.56
2026-07-14,Guduvancheri(Uzhavar Sandhai ),STABLE,STABLE,63.98
2026-07-15,Guduvancheri(Uzhavar Sandhai ),STABLE,STABLE,59.95
2026-07-16,Guduvancheri(Uzhavar Sandhai ),STABLE,STABLE,67.09
2026-07-17,Guduvancheri(Uzhavar Sandhai ),STABLE,STABLE,63.29
2026-07-18,Guduvancheri(Uzhavar Sandhai ),STABLE,STABLE,59.89
2026-07-19,Guduvancheri(Uzhavar Sandhai ),STABLE,STABLE,61.59
2026-07-20,Guduvancheri(Uzhavar Sandhai ),STABLE,STABLE,63.95
2026-07-21,Guduvancheri(Uzhavar Sandhai ),STABLE,STABLE,64.68
2026-07-22,Guduvancheri(Uzhavar Sandhai ),STABLE,STABLE,65.95
2026-07-23,Guduvancheri(Uzhavar Sandhai ),STABLE,STABLE,63.0
2026-07-24,Guduvancheri(Uzhavar Sandhai ),STABLE,STABLE,67.55
2026-07-25,Guduvancheri(Uzhavar Sandhai ),STABLE,STABLE,63.04
2026-07-26,Guduvancheri(Uzhavar Sandhai ),STABLE,STABLE,63.7
2026-07-27,Guduvancheri(Uzhavar Sandhai ),STABLE,STABLE,68.8
2026-07-28,Guduvancheri(Uzhavar Sandhai ),STABLE,STABLE,67.54
2026-07-29,Guduvancheri(Uzhavar Sandhai ),STABLE,STABLE,68.36
2026-07-30,Guduvancheri(Uzhavar Sandhai ),STABLE,STABLE,66.49
2026-07-31,Guduvancheri(Uzhavar Sandhai ),STABLE,STABLE,66.59
2026-08-01,Guduvancheri(Uzhavar Sandhai ),STABLE,STABLE,67.75
2026-08-02,Guduvancheri(Uzhavar Sandhai ),STABLE,STABLE,60.25
2026-08-03,Guduvancheri(Uzhavar Sandhai ),STABLE,STABLE,68.1
2026-08-04,Guduvancheri(Uzhavar Sandhai ),STABLE,STABLE,66.13
2026-08-05,Guduvancheri(Uzhavar Sandhai ),STABLE,STABLE,68.43
2026-08-06,Guduvancheri(Uzhavar Sandhai ),STABLE,STABLE,60.4
2026-08-07,Guduvancheri(Uzhavar Sandhai ),STABLE,STABLE,59.61
2026-08-08,Guduvancheri(Uzhavar Sandhai ),DECREASING,STABLE,59.56
2026-08-09,Guduvancheri(Uzhavar Sandhai ),STABLE,STABLE,58.63
2026-08-10,Guduvancheri(Uzhavar Sandhai ),STABLE,STABLE,60.05
2026-08-11,Guduvancheri(Uzhavar Sandhai ),STABLE,STABLE,58.34
2026-08-12,Guduvancheri(Uzhavar Sandhai ),STABLE,STABLE,57.31
2026-08-13,Guduvancheri(Uzhavar Sandhai ),STABLE,STABLE,55.38
2026-08-14,Guduvancheri(Uzhavar Sandhai ),INCREASING,STABLE,55.26
2026-08-15,Guduvancheri(Uzhavar Sandhai ),DECREASING,STABLE,58.46
2026-08-16,Guduvancheri(Uzhavar Sandhai ),STABLE,STABLE,57.23
2026-08-17,Guduvancheri(Uzhavar Sandhai ),STABLE,STABLE,57.7
2026-08-18,Guduvancheri(Uzhavar Sandhai ),INCREASING,STABLE,59.29
2026-08-19,Guduvancheri(Uzhavar Sandhai ),DECREASING,STABLE,61.09
2026-08-20,Guduvancheri(Uzhavar Sandhai ),STABLE,STABLE,60.66
2026-08-21,Guduvancheri(Uzhavar Sandhai ),STABLE,STABLE,59.42
2026-08-22,Guduvancheri(Uzhavar Sandhai ),INCREASING,STABLE,57.44
2026-08-23,Guduvancheri(Uzhavar Sandhai ),DECREASING,STABLE,59.24
2026-06-29,Harur(Uzhavar Sandhai ),STABLE,STABLE,80.16
2026-06-30,Harur(Uzhavar Sandhai ),STABLE,STABLE,80.08
2026-07-01,Harur(Uzhavar Sandhai ),STABLE,STABLE,80.61
2026-07-02,Harur(Uzhavar Sandhai ),STABLE,STABLE,80.61
2026-07-03,Harur(Uzhavar Sandhai ),STABLE,STABLE,80.17
2026-07-04,Harur(Uzhavar Sandhai ),STABLE,STABLE,80.83
2026-07-05,Harur(Uzhavar Sandhai ),STABLE,STABLE,73.25
2026-07-06,Harur(Uzhavar Sandhai ),STABLE,STABLE,81.73
2026-07-07,Harur(Uzhavar Sandhai ),STABLE,STABLE,81.69
2026-07-08,Harur(Uzhavar Sandhai ),STABLE,STABLE,81.37
2026-07-09,Harur(Uzhavar Sandhai ),STABLE,STABLE,80.73
2026-07-10,Harur(Uzhavar Sandhai ),STABLE,STABLE,80.81
2026-07-11,Harur(Uzhavar Sandhai ),STABLE,STABLE,81.06
2026-07-12,Harur(Uzhavar Sandhai ),STABLE,STABLE,73.58
2026-07-13,Harur(Uzhavar Sandhai ),STABLE,STABLE,81.68
2026-07-14,Harur(Uzhavar Sandhai ),STABLE,STABLE,81.33
2026-07-15,Harur(Uzhavar Sandhai ),STABLE,STABLE,80.97
2026-07-16,Harur(Uzhavar Sandhai ),STABLE,STABLE,80.9
2026-07-17,Harur(Uzhavar Sandhai ),STABLE,STABLE,80.5
2026-07-18,Harur(Uzhavar Sandhai ),STABLE,STABLE,80.82
2026-07-19,Harur(Uzhavar Sandhai ),STABLE,STABLE,73.04
2026-07-20,Harur(Uzhavar Sandhai ),STABLE,STABLE,81.46
2026-07-21,Harur(Uzhavar Sandhai ),STABLE,STABLE,81.27
2026-07-22,Harur(Uzhavar Sandhai ),STABLE,STABLE,81.43
2026-07-23,Harur(Uzhavar Sandhai ),STABLE,STABLE,81.34
2026-07-24,Harur(Uzhavar Sandhai ),STABLE,STABLE,80.19
2026-07-25,Harur(Uzhavar Sandhai ),STABLE,STABLE,80.18
2026-07-26,Harur(Uzhavar Sandhai ),STABLE,STABLE,72.41
2026-07-27,Harur(Uzhavar Sandhai ),STABLE,STABLE,81.52
2026-07-28,Harur(Uzhavar Sandhai ),STABLE,STABLE,81.97
2026-07-29,Harur(Uzhavar Sandhai ),STABLE,STABLE,80.88
2026-07-30,Harur(Uzhavar Sandhai ),STABLE,STABLE,80.01
2026-07-31,Harur(Uzhavar Sandhai ),STABLE,STABLE,79.2
2026-08-01,Harur(Uzhavar Sandhai ),STABLE,STABLE,80.75
2026-08-01,Harur(Uzhavar Sandhai ),STABLE,STABLE,80.75
2026-08-02,Harur(Uzhavar Sandhai ),STABLE,STABLE,73.76
2026-08-03,Harur(Uzhavar Sandhai ),STABLE,STABLE,81.23
2026-08-04,Harur(Uzhavar Sandhai ),STABLE,STABLE,81.64
2026-08-05,Harur(Uzhavar Sandhai ),STABLE,STABLE,82.0
2026-08-06,Harur(Uzhavar Sandhai ),STABLE,STABLE,82.57
2026-08-07,Harur(Uzhavar Sandhai ),STABLE,STABLE,81.53
2026-08-08,Harur(Uzhavar Sandhai ),STABLE,STABLE,81.37
2026-08-09,Harur(Uzhavar Sandhai ),STABLE,STABLE,74.85
2026-08-10,Harur(Uzhavar Sandhai ),STABLE,STABLE,83.0
2026-08-11,Harur(Uzhavar Sandhai ),STABLE,STABLE,82.36
2026-08-12,Harur(Uzhavar Sandhai ),STABLE,STABLE,81.33
2026-08-13,Harur(Uzhavar Sandhai ),STABLE,STABLE,81.93
2026-08-14,Harur(Uzhavar Sandhai ),INCREASING,STABLE,80.53
2026-08-15,Harur(Uzhavar Sandhai ),STABLE,STABLE,81.58
2026-08-16,Harur(Uzhavar Sandhai ),STABLE,STABLE,74.95
2026-08-17,Harur(Uzhavar Sandhai ),STABLE,STABLE,82.13
2026-08-18,Harur(Uzhavar Sandhai ),STABLE,STABLE,82.55
2026-08-19,Harur(Uzhavar Sandhai ),STABLE,STABLE,80.84
2026-08-20,Harur(Uzhavar Sandhai ),STABLE,STABLE,80.12
2026-08-21,Harur(Uzhavar Sandhai ),STABLE,STABLE,79.75
2026-08-22,Harur(Uzhavar Sandhai ),STABLE,STABLE,80.22
2026-08-23,Harur(Uzhavar Sandhai ),STABLE,STABLE,71.68
2026-06-29,Hasthampatti(Uzhavar Sandhai ),INCREASING,STABLE,73.1
2026-06-30,Hasthampatti(Uzhavar Sandhai ),STABLE,STABLE,69.68
2026-07-01,Hasthampatti(Uzhavar Sandhai ),STABLE,STABLE,72.46
2026-07-02,Hasthampatti(Uzhavar Sandhai ),STABLE,STABLE,72.81
2026-07-03,Hasthampatti(Uzhavar Sandhai ),STABLE,STABLE,72.25
2026-07-04,Hasthampatti(Uzhavar Sandhai ),DECREASING,STABLE,67.72
2026-07-05,Hasthampatti(Uzhavar Sandhai ),INCREASING,INCREASING,69.55
2026-07-05,Hasthampatti(Uzhavar Sandhai ),DECREASING,STABLE,53.22
2026-07-06,Hasthampatti(Uzhavar Sandhai ),INCREASING,INCREASING,76.42
2026-07-07,Hasthampatti(Uzhavar Sandhai ),STABLE,STABLE,71.3
2026-07-08,Hasthampatti(Uzhavar Sandhai ),DECREASING,STABLE,71.03
2026-07-09,Hasthampatti(Uzhavar Sandhai ),INCREASING,INCREASING,49.11
2026-07-10,Hasthampatti(Uzhavar Sandhai ),STABLE,STABLE,70.01
2026-07-11,Hasthampatti(Uzhavar Sandhai ),DECREASING,STABLE,70.42
2026-07-12,Hasthampatti(Uzhavar Sandhai ),STABLE,INCREASING,71.43
2026-07-13,Hasthampatti(Uzhavar Sandhai ),INCREASING,INCREASING,77.18
2026-07-14,Hasthampatti(Uzhavar Sandhai ),STABLE,STABLE,71.04
2026-07-15,Hasthampatti(Uzhavar Sandhai ),DECREASING,STABLE,72.62
2026-07-16,Hasthampatti(Uzhavar Sandhai ),INCREASING,INCREASING,62.03
2026-07-17,Hasthampatti(Uzhavar Sandhai ),STABLE,STABLE,69.78
2026-07-18,Hasthampatti(Uzhavar Sandhai ),DECREASING,STABLE,67.6
2026-07-19,Hasthampatti(Uzhavar Sandhai ),DECREASING,INCREASING,48.13
2026-07-20,Hasthampatti(Uzhavar Sandhai ),INCREASING,INCREASING,61.27
2026-07-21,Hasthampatti(Uzhavar Sandhai ),STABLE,STABLE,69.98
2026-07-22,Hasthampatti(Uzhavar Sandhai ),DECREASING,STABLE,69.53
2026-07-23,Hasthampatti(Uzhavar Sandhai ),INCREASING,INCREASING,63.16
2026-07-24,Hasthampatti(Uzhavar Sandhai ),STABLE,STABLE,69.67
2026-07-25,Hasthampatti(Uzhavar Sandhai ),STABLE,STABLE,67.8
2026-07-26,Hasthampatti(Uzhavar Sandhai ),STABLE,STABLE,52.24
2026-07-27,Hasthampatti(Uzhavar Sandhai ),STABLE,STABLE,73.01
2026-07-28,Hasthampatti(Uzhavar Sandhai ),DECREASING,STABLE,70.81
2026-07-29,Hasthampatti(Uzhavar Sandhai ),STABLE,INCREASING,55.13
2026-07-30,Hasthampatti(Uzhavar Sandhai ),INCREASING,INCREASING,57.4
2026-07-31,Hasthampatti(Uzhavar Sandhai ),STABLE,STABLE,68.16
2026-08-01,Hasthampatti(Uzhavar Sandhai ),STABLE,STABLE,68.05
2026-08-02,Hasthampatti(Uzhavar Sandhai ),STABLE,STABLE,51.15
2026-08-03,Hasthampatti(Uzhavar Sandhai ),STABLE,STABLE,71.59
2026-08-04,Hasthampatti(Uzhavar Sandhai ),DECREASING,STABLE,73.37
2026-08-05,Hasthampatti(Uzhavar Sandhai ),STABLE,INCREASING,58.34
2026-08-06,Hasthampatti(Uzhavar Sandhai ),INCREASING,INCREASING,60.51
2026-08-07,Hasthampatti(Uzhavar Sandhai ),STABLE,STABLE,70.04
2026-08-08,Hasthampatti(Uzhavar Sandhai ),STABLE,STABLE,68.28
2026-08-09,Hasthampatti(Uzhavar Sandhai ),STABLE,STABLE,52.95
2026-08-10,Hasthampatti(Uzhavar Sandhai ),STABLE,STABLE,72.08
2026-08-11,Hasthampatti(Uzhavar Sandhai ),DECREASING,STABLE,71.79
2026-08-12,Hasthampatti(Uzhavar Sandhai ),STABLE,INCREASING,59.47
2026-08-13,Hasthampatti(Uzhavar Sandhai ),INCREASING,INCREASING,61.55
2026-08-14,Hasthampatti(Uzhavar Sandhai ),STABLE,STABLE,69.67
2026-08-15,Hasthampatti(Uzhavar Sandhai ),STABLE,STABLE,67.09
2026-08-16,Hasthampatti(Uzhavar Sandhai ),STABLE,STABLE,50.65
2026-08-17,Hasthampatti(Uzhavar Sandhai ),STABLE,STABLE,71.11
2026-08-18,Hasthampatti(Uzhavar Sandhai ),DECREASING,STABLE,69.99
2026-08-19,Hasthampatti(Uzhavar Sandhai ),STABLE,INCREASING,75.25
2026-08-20,Hasthampatti(Uzhavar Sandhai ),INCREASING,INCREASING,76.25
2026-08-21,Hasthampatti(Uzhavar Sandhai ),STABLE,STABLE,69.49
2026-08-22,Hasthampatti(Uzhavar Sandhai ),STABLE,STABLE,69.52
2026-08-23,Hasthampatti(Uzhavar Sandhai ),STABLE,STABLE,51.35
2026-06-29,Hosur(Uzhavar Sandhai ),INCREASING,STABLE,56.77
2026-06-30,Hosur(Uzhavar Sandhai ),STABLE,STABLE,57.2
2026-07-01,Hosur(Uzhavar Sandhai ),DECREASING,STABLE,67.43
2026-07-02,Hosur(Uzhavar Sandhai ),INCREASING,STABLE,76.21
2026-07-03,Hosur(Uzhavar Sandhai ),DECREASING,STABLE,73.74
2026-07-04,Hosur(Uzhavar Sandhai ),INCREASING,STABLE,73.32
2026-07-05,Hosur(Uzhavar Sandhai ),STABLE,STABLE,52.25
2026-07-06,Hosur(Uzhavar Sandhai ),DECREASING,STABLE,70.91
2026-07-07,Hosur(Uzhavar Sandhai ),INCREASING,STABLE,68.73
2026-07-08,Hosur(Uzhavar Sandhai ),STABLE,STABLE,62.59
2026-07-09,Hosur(Uzhavar Sandhai ),STABLE,STABLE,60.12
2026-07-10,Hosur(Uzhavar Sandhai ),STABLE,STABLE,59.44
2026-07-11,Hosur(Uzhavar Sandhai ),DECREASING,STABLE,55.02
2026-07-12,Hosur(Uzhavar Sandhai ),INCREASING,STABLE,49.4
2026-07-13,Hosur(Uzhavar Sandhai ),DECREASING,STABLE,58.31
2026-07-14,Hosur(Uzhavar Sandhai ),INCREASING,STABLE,64.22
2026-07-15,Hosur(Uzhavar Sandhai ),STABLE,STABLE,56.1
2026-07-16,Hosur(Uzhavar Sandhai ),DECREASING,STABLE,57.93
2026-07-17,Hosur(Uzhavar Sandhai ),INCREASING,STABLE,61.3
2026-07-18,Hosur(Uzhavar Sandhai ),STABLE,STABLE,57.39
2026-07-19,Hosur(Uzhavar Sandhai ),INCREASING,STABLE,52.66
2026-07-20,Hosur(Uzhavar Sandhai ),STABLE,STABLE,58.47
2026-07-21,Hosur(Uzhavar Sandhai ),STABLE,STABLE,57.02
2026-07-22,Hosur(Uzhavar Sandhai ),STABLE,STABLE,62.81
2026-07-23,Hosur(Uzhavar Sandhai ),STABLE,STABLE,62.63
2026-07-24,Hosur(Uzhavar Sandhai ),INCREASING,STABLE,61.7
2026-07-25,Hosur(Uzhavar Sandhai ),STABLE,STABLE,55.44
2026-07-26,Hosur(Uzhavar Sandhai ),DECREASING,STABLE,47.01
2026-07-27,Hosur(Uzhavar Sandhai ),INCREASING,STABLE,61.95
2026-07-28,Hosur(Uzhavar Sandhai ),STABLE,STABLE,60.97
2026-07-29,Hosur(Uzhavar Sandhai ),INCREASING,STABLE,59.7
2026-07-30,Hosur(Uzhavar Sandhai ),DECREASING,STABLE,54.32
2026-07-31,Hosur(Uzhavar Sandhai ),INCREASING,STABLE,56.56
2026-08-01,Hosur(Uzhavar Sandhai ),STABLE,STABLE,64.76
2026-08-02,Hosur(Uzhavar Sandhai ),DECREASING,STABLE,55.59
2026-08-03,Hosur(Uzhavar Sandhai ),STABLE,STABLE,72.05
2026-08-04,Hosur(Uzhavar Sandhai ),STABLE,STABLE,70.3
2026-08-05,Hosur(Uzhavar Sandhai ),INCREASING,STABLE,67.47
2026-08-06,Hosur(Uzhavar Sandhai ),DECREASING,STABLE,50.61
2026-08-07,Hosur(Uzhavar Sandhai ),INCREASING,STABLE,67.38
2026-08-08,Hosur(Uzhavar Sandhai ),STABLE,STABLE,58.54
2026-08-09,Hosur(Uzhavar Sandhai ),DECREASING,DECREASING,55.58
2026-08-10,Hosur(Uzhavar Sandhai ),INCREASING,STABLE,60.87
2026-08-11,Hosur(Uzhavar Sandhai ),DECREASING,STABLE,63.06
2026-08-12,Hosur(Uzhavar Sandhai ),INCREASING,STABLE,66.65
2026-08-13,Hosur(Uzhavar Sandhai ),STABLE,STABLE,57.65
2026-08-14,Hosur(Uzhavar Sandhai ),INCREASING,STABLE,65.39
2026-08-15,Hosur(Uzhavar Sandhai ),DECREASING,STABLE,58.16
2026-08-16,Hosur(Uzhavar Sandhai ),INCREASING,STABLE,48.45
2026-08-17,Hosur(Uzhavar Sandhai ),STABLE,STABLE,60.76
2026-08-18,Hosur(Uzhavar Sandhai ),STABLE,STABLE,63.21
2026-08-19,Hosur(Uzhavar Sandhai ),STABLE,STABLE,55.04
2026-08-20,Hosur(Uzhavar Sandhai ),STABLE,STABLE,58.4
2026-08-21,Hosur(Uzhavar Sandhai ),STABLE,STABLE,56.54
2026-08-22,Hosur(Uzhavar Sandhai ),STABLE,STABLE,55.67
2026-08-23,Hosur(Uzhavar Sandhai ),STABLE,DECREASING,54.49
2026-06-29,Jalagandapuram(Uzhavar Sandhai ),STABLE,STABLE,89.69
2026-06-30,Jalagandapuram(Uzhavar Sandhai ),DECREASING,STABLE,89.06
2026-07-01,Jalagandapuram(Uzhavar Sandhai ),INCREASING,STABLE,86.57
2026-07-02,Jalagandapuram(Uzhavar Sandhai ),STABLE,STABLE,90.2
2026-07-03,Jalagandapuram(Uzhavar Sandhai ),STABLE,STABLE,89.97
2026-07-04,Jalagandapuram(Uzhavar Sandhai ),STABLE,STABLE,88.8
2026-07-05,Jalagandapuram(Uzhavar Sandhai ),STABLE,STABLE,87.56
2026-07-06,Jalagandapuram(Uzhavar Sandhai ),STABLE,STABLE,88.81
2026-07-07,Jalagandapuram(Uzhavar Sandhai ),STABLE,STABLE,90.38
2026-07-08,Jalagandapuram(Uzhavar Sandhai ),STABLE,STABLE,87.97
2026-07-09,Jalagandapuram(Uzhavar Sandhai ),STABLE,STABLE,90.21
2026-07-10,Jalagandapuram(Uzhavar Sandhai ),STABLE,STABLE,89.98
2026-07-11,Jalagandapuram(Uzhavar Sandhai ),STABLE,STABLE,89.01
2026-07-12,Jalagandapuram(Uzhavar Sandhai ),STABLE,STABLE,87.19
2026-07-13,Jalagandapuram(Uzhavar Sandhai ),STABLE,STABLE,90.79
2026-07-14,Jalagandapuram(Uzhavar Sandhai ),STABLE,STABLE,90.2
2026-07-15,Jalagandapuram(Uzhavar Sandhai ),STABLE,STABLE,87.89
2026-07-16,Jalagandapuram(Uzhavar Sandhai ),STABLE,STABLE,90.45
2026-07-17,Jalagandapuram(Uzhavar Sandhai ),STABLE,STABLE,90.19
2026-07-18,Jalagandapuram(Uzhavar Sandhai ),STABLE,STABLE,89.13
2026-07-19,Jalagandapuram(Uzhavar Sandhai ),STABLE,STABLE,86.93
2026-07-20,Jalagandapuram(Uzhavar Sandhai ),STABLE,STABLE,90.51
2026-07-21,Jalagandapuram(Uzhavar Sandhai ),DECREASING,STABLE,89.67
2026-07-22,Jalagandapuram(Uzhavar Sandhai ),INCREASING,STABLE,84.45
2026-07-23,Jalagandapuram(Uzhavar Sandhai ),STABLE,STABLE,89.04
2026-07-24,Jalagandapuram(Uzhavar Sandhai ),STABLE,STABLE,88.76
2026-07-25,Jalagandapuram(Uzhavar Sandhai ),STABLE,STABLE,87.83
2026-07-26,Jalagandapuram(Uzhavar Sandhai ),STABLE,STABLE,85.67
2026-07-27,Jalagandapuram(Uzhavar Sandhai ),STABLE,STABLE,90.07
2026-07-28,Jalagandapuram(Uzhavar Sandhai ),STABLE,STABLE,88.97
2026-07-29,Jalagandapuram(Uzhavar Sandhai ),STABLE,STABLE,86.63
2026-07-30,Jalagandapuram(Uzhavar Sandhai ),STABLE,STABLE,89.9
2026-07-31,Jalagandapuram(Uzhavar Sandhai ),STABLE,STABLE,88.88
2026-08-01,Jalagandapuram(Uzhavar Sandhai ),STABLE,STABLE,88.56
2026-08-02,Jalagandapuram(Uzhavar Sandhai ),STABLE,STABLE,87.43
2026-08-03,Jalagandapuram(Uzhavar Sandhai ),STABLE,STABLE,90.95
2026-08-04,Jalagandapuram(Uzhavar Sandhai ),STABLE,STABLE,90.03
2026-08-05,Jalagandapuram(Uzhavar Sandhai ),INCREASING,STABLE,86.82
2026-08-06,Jalagandapuram(Uzhavar Sandhai ),STABLE,STABLE,90.47
2026-08-07,Jalagandapuram(Uzhavar Sandhai ),STABLE,STABLE,90.01
2026-08-08,Jalagandapuram(Uzhavar Sandhai ),STABLE,STABLE,89.1
2026-08-09,Jalagandapuram(Uzhavar Sandhai ),STABLE,STABLE,87.54
2026-08-10,Jalagandapuram(Uzhavar Sandhai ),STABLE,STABLE,90.91
2026-08-11,Jalagandapuram(Uzhavar Sandhai ),STABLE,STABLE,90.13
2026-08-12,Jalagandapuram(Uzhavar Sandhai ),STABLE,STABLE,88.13
2026-08-13,Jalagandapuram(Uzhavar Sandhai ),STABLE,STABLE,90.48
2026-08-14,Jalagandapuram(Uzhavar Sandhai ),STABLE,STABLE,90.05
2026-08-15,Jalagandapuram(Uzhavar Sandhai ),STABLE,STABLE,88.66
2026-08-16,Jalagandapuram(Uzhavar Sandhai ),STABLE,STABLE,87.14
2026-08-17,Jalagandapuram(Uzhavar Sandhai ),STABLE,STABLE,90.22
2026-08-18,Jalagandapuram(Uzhavar Sandhai ),STABLE,STABLE,89.15
2026-08-19,Jalagandapuram(Uzhavar Sandhai ),STABLE,STABLE,87.31
2026-08-20,Jalagandapuram(Uzhavar Sandhai ),STABLE,STABLE,89.63
2026-08-21,Jalagandapuram(Uzhavar Sandhai ),STABLE,STABLE,88.87
2026-08-22,Jalagandapuram(Uzhavar Sandhai ),STABLE,STABLE,87.92
2026-08-23,Jalagandapuram(Uzhavar Sandhai ),STABLE,STABLE,85.1
2026-06-29,Jameenrayapettai(Uzhavar Sandhai ),STABLE,STABLE,80.94
2026-06-30,Jameenrayapettai(Uzhavar Sandhai ),STABLE,STABLE,80.79
2026-07-01,Jameenrayapettai(Uzhavar Sandhai ),STABLE,STABLE,80.55
2026-07-02,Jameenrayapettai(Uzhavar Sandhai ),STABLE,STABLE,79.75
2026-07-03,Jameenrayapettai(Uzhavar Sandhai ),STABLE,STABLE,79.1
2026-07-04,Jameenrayapettai(Uzhavar Sandhai ),STABLE,STABLE,79.05
2026-07-07,Jameenrayapettai(Uzhavar Sandhai ),STABLE,STABLE,80.36
2026-07-08,Jameenrayapettai(Uzhavar Sandhai ),STABLE,STABLE,81.5
2026-07-09,Jameenrayapettai(Uzhavar Sandhai ),STABLE,STABLE,79.7
2026-07-10,Jameenrayapettai(Uzhavar Sandhai ),STABLE,STABLE,80.13
2026-07-11,Jameenrayapettai(Uzhavar Sandhai ),STABLE,STABLE,80.48
2026-07-12,Jameenrayapettai(Uzhavar Sandhai ),STABLE,STABLE,81.05
2026-07-13,Jameenrayapettai(Uzhavar Sandhai ),STABLE,STABLE,81.52
2026-07-14,Jameenrayapettai(Uzhavar Sandhai ),STABLE,STABLE,80.97
2026-07-15,Jameenrayapettai(Uzhavar Sandhai ),STABLE,STABLE,80.41
2026-07-16,Jameenrayapettai(Uzhavar Sandhai ),STABLE,STABLE,79.66
2026-07-17,Jameenrayapettai(Uzhavar Sandhai ),STABLE,STABLE,79.3
2026-07-18,Jameenrayapettai(Uzhavar Sandhai ),STABLE,STABLE,79.6
2026-07-19,Jameenrayapettai(Uzhavar Sandhai ),STABLE,STABLE,80.02
2026-07-20,Jameenrayapettai(Uzhavar Sandhai ),STABLE,STABLE,80.77
2026-07-21,Jameenrayapettai(Uzhavar Sandhai ),STABLE,STABLE,80.75
2026-07-22,Jameenrayapettai(Uzhavar Sandhai ),STABLE,STABLE,79.94
2026-07-23,Jameenrayapettai(Uzhavar Sandhai ),STABLE,STABLE,79.82
2026-07-24,Jameenrayapettai(Uzhavar Sandhai ),STABLE,STABLE,79.5
2026-07-25,Jameenrayapettai(Uzhavar Sandhai ),STABLE,STABLE,79.52
2026-07-26,Jameenrayapettai(Uzhavar Sandhai ),STABLE,STABLE,80.39
2026-07-27,Jameenrayapettai(Uzhavar Sandhai ),STABLE,STABLE,81.18
2026-07-28,Jameenrayapettai(Uzhavar Sandhai ),STABLE,STABLE,81.01
2026-07-29,Jameenrayapettai(Uzhavar Sandhai ),STABLE,STABLE,80.74
2026-07-30,Jameenrayapettai(Uzhavar Sandhai ),STABLE,STABLE,80.0
2026-07-31,Jameenrayapettai(Uzhavar Sandhai ),STABLE,STABLE,77.7
2026-08-01,Jameenrayapettai(Uzhavar Sandhai ),STABLE,STABLE,80.62
2026-08-02,Jameenrayapettai(Uzhavar Sandhai ),STABLE,STABLE,80.97
2026-08-03,Jameenrayapettai(Uzhavar Sandhai ),STABLE,STABLE,81.93
2026-08-04,Jameenrayapettai(Uzhavar Sandhai ),STABLE,STABLE,81.2
2026-08-05,Jameenrayapettai(Uzhavar Sandhai ),STABLE,STABLE,81.16
2026-08-06,Jameenrayapettai(Uzhavar Sandhai ),STABLE,STABLE,80.84
2026-08-07,Jameenrayapettai(Uzhavar Sandhai ),STABLE,STABLE,80.25
2026-08-08,Jameenrayapettai(Uzhavar Sandhai ),STABLE,STABLE,80.47
2026-08-09,Jameenrayapettai(Uzhavar Sandhai ),STABLE,STABLE,80.8
2026-08-10,Jameenrayapettai(Uzhavar Sandhai ),STABLE,STABLE,82.09
2026-08-11,Jameenrayapettai(Uzhavar Sandhai ),DECREASING,STABLE,81.44
2026-08-12,Jameenrayapettai(Uzhavar Sandhai ),STABLE,STABLE,80.09
2026-08-13,Jameenrayapettai(Uzhavar Sandhai ),STABLE,STABLE,80.12
2026-08-14,Jameenrayapettai(Uzhavar Sandhai ),STABLE,STABLE,79.77
2026-08-15,Jameenrayapettai(Uzhavar Sandhai ),STABLE,STABLE,79.94
2026-08-16,Jameenrayapettai(Uzhavar Sandhai ),STABLE,STABLE,80.25
2026-08-17,Jameenrayapettai(Uzhavar Sandhai ),STABLE,STABLE,81.59
2026-08-18,Jameenrayapettai(Uzhavar Sandhai ),DECREASING,STABLE,80.92
2026-08-19,Jameenrayapettai(Uzhavar Sandhai ),STABLE,STABLE,80.28
2026-08-20,Jameenrayapettai(Uzhavar Sandhai ),STABLE,STABLE,79.71
2026-08-21,Jameenrayapettai(Uzhavar Sandhai ),STABLE,STABLE,79.63
2026-08-22,Jameenrayapettai(Uzhavar Sandhai ),STABLE,STABLE,79.07
2026-08-23,Jameenrayapettai(Uzhavar Sandhai ),STABLE,STABLE,80.41
2026-06-29,Jeyankondam (Uzhavar Sandhai ),INCREASING,STABLE,61.56
2026-06-30,Jeyankondam (Uzhavar Sandhai ),STABLE,DECREASING,47.16
2026-07-01,Jeyankondam (Uzhavar Sandhai ),STABLE,DECREASING,45.29
2026-07-02,Jeyankondam (Uzhavar Sandhai ),STABLE,DECREASING,41.37
2026-07-03,Jeyankondam (Uzhavar Sandhai ),STABLE,STABLE,41.54
2026-07-04,Jeyankondam (Uzhavar Sandhai ),DECREASING,STABLE,41.6
2026-07-05,Jeyankondam (Uzhavar Sandhai ),STABLE,STABLE,70.08
2026-07-06,Jeyankondam (Uzhavar Sandhai ),STABLE,STABLE,70.73
2026-07-07,Jeyankondam (Uzhavar Sandhai ),STABLE,STABLE,71.76
2026-07-08,Jeyankondam (Uzhavar Sandhai ),STABLE,STABLE,71.95
2026-07-09,Jeyankondam (Uzhavar Sandhai ),STABLE,STABLE,71.65
2026-07-10,Jeyankondam (Uzhavar Sandhai ),STABLE,STABLE,71.38
2026-07-11,Jeyankondam (Uzhavar Sandhai ),STABLE,STABLE,71.5
2026-07-12,Jeyankondam (Uzhavar Sandhai ),STABLE,STABLE,68.52
2026-07-13,Jeyankondam (Uzhavar Sandhai ),STABLE,STABLE,71.34
2026-07-14,Jeyankondam (Uzhavar Sandhai ),STABLE,STABLE,71.6
2026-07-15,Jeyankondam (Uzhavar Sandhai ),STABLE,STABLE,71.9
2026-07-16,Jeyankondam (Uzhavar Sandhai ),STABLE,STABLE,71.42
2026-07-17,Jeyankondam (Uzhavar Sandhai ),STABLE,STABLE,70.84
2026-07-18,Jeyankondam (Uzhavar Sandhai ),STABLE,STABLE,70.9
2026-07-19,Jeyankondam (Uzhavar Sandhai ),INCREASING,STABLE,69.91
2026-07-20,Jeyankondam (Uzhavar Sandhai ),DECREASING,STABLE,42.28
2026-07-21,Jeyankondam (Uzhavar Sandhai ),STABLE,STABLE,72.29
2026-07-22,Jeyankondam (Uzhavar Sandhai ),STABLE,STABLE,71.97
2026-07-23,Jeyankondam (Uzhavar Sandhai ),STABLE,STABLE,71.74
2026-07-24,Jeyankondam (Uzhavar Sandhai ),STABLE,STABLE,71.49
2026-07-25,Jeyankondam (Uzhavar Sandhai ),STABLE,STABLE,71.68
2026-07-26,Jeyankondam (Uzhavar Sandhai ),INCREASING,STABLE,70.48
2026-07-27,Jeyankondam (Uzhavar Sandhai ),STABLE,STABLE,42.86
2026-07-28,Jeyankondam (Uzhavar Sandhai ),STABLE,DECREASING,44.06
2026-07-29,Jeyankondam (Uzhavar Sandhai ),STABLE,DECREASING,44.36
2026-07-30,Jeyankondam (Uzhavar Sandhai ),DECREASING,DECREASING,44.36
2026-07-31,Jeyankondam (Uzhavar Sandhai ),DECREASING,STABLE,69.75
2026-08-01,Jeyankondam (Uzhavar Sandhai ),STABLE,INCREASING,60.84
2026-08-02,Jeyankondam (Uzhavar Sandhai ),STABLE,INCREASING,58.71
2026-08-03,Jeyankondam (Uzhavar Sandhai ),STABLE,INCREASING,58.27
2026-08-04,Jeyankondam (Uzhavar Sandhai ),INCREASING,INCREASING,58.21
2026-08-05,Jeyankondam (Uzhavar Sandhai ),DECREASING,STABLE,72.16
2026-08-06,Jeyankondam (Uzhavar Sandhai ),STABLE,INCREASING,63.56
2026-08-07,Jeyankondam (Uzhavar Sandhai ),STABLE,INCREASING,63.94
2026-08-08,Jeyankondam (Uzhavar Sandhai ),STABLE,INCREASING,64.1
2026-08-09,Jeyankondam (Uzhavar Sandhai ),STABLE,INCREASING,62.14
2026-08-10,Jeyankondam (Uzhavar Sandhai ),STABLE,INCREASING,64.23
2026-08-11,Jeyankondam (Uzhavar Sandhai ),STABLE,INCREASING,64.53
2026-08-12,Jeyankondam (Uzhavar Sandhai ),INCREASING,INCREASING,67.65
2026-08-13,Jeyankondam (Uzhavar Sandhai ),DECREASING,STABLE,69.9
2026-08-14,Jeyankondam (Uzhavar Sandhai ),STABLE,INCREASING,66.95
2026-08-15,Jeyankondam (Uzhavar Sandhai ),STABLE,INCREASING,66.78
2026-08-16,Jeyankondam (Uzhavar Sandhai ),INCREASING,INCREASING,64.81
2026-08-18,Jeyankondam (Uzhavar Sandhai ),DECREASING,STABLE,72.02
2026-08-19,Jeyankondam (Uzhavar Sandhai ),STABLE,INCREASING,66.17
2026-08-20,Jeyankondam (Uzhavar Sandhai ),STABLE,INCREASING,66.63
2026-08-21,Jeyankondam (Uzhavar Sandhai ),STABLE,INCREASING,66.06
2026-08-22,Jeyankondam (Uzhavar Sandhai ),STABLE,INCREASING,66.03
2026-08-23,Jeyankondam (Uzhavar Sandhai ),STABLE,INCREASING,64.03
2026-06-30,KKNagar(Uzhavar Sandhai ),STABLE,STABLE,91.86
2026-07-01,KKNagar(Uzhavar Sandhai ),STABLE,STABLE,92.49
2026-07-03,KKNagar(Uzhavar Sandhai ),STABLE,STABLE,91.21
2026-07-05,KKNagar(Uzhavar Sandhai ),DECREASING,STABLE,86.28
2026-07-06,KKNagar(Uzhavar Sandhai ),STABLE,STABLE,92.49
2026-07-07,KKNagar(Uzhavar Sandhai ),STABLE,STABLE,92.74
2026-07-08,KKNagar(Uzhavar Sandhai ),STABLE,STABLE,92.2
2026-07-09,KKNagar(Uzhavar Sandhai ),STABLE,STABLE,91.76
2026-07-10,KKNagar(Uzhavar Sandhai ),STABLE,STABLE,91.1
2026-07-11,KKNagar(Uzhavar Sandhai ),STABLE,STABLE,90.86
2026-07-12,KKNagar(Uzhavar Sandhai ),STABLE,STABLE,85.88
2026-07-13,KKNagar(Uzhavar Sandhai ),STABLE,STABLE,92.0
2026-07-14,KKNagar(Uzhavar Sandhai ),STABLE,STABLE,91.8
2026-07-15,KKNagar(Uzhavar Sandhai ),STABLE,STABLE,91.11
2026-07-16,KKNagar(Uzhavar Sandhai ),STABLE,STABLE,90.9
2026-07-17,KKNagar(Uzhavar Sandhai ),STABLE,STABLE,89.79
2026-07-18,KKNagar(Uzhavar Sandhai ),STABLE,STABLE,90.12
2026-07-19,KKNagar(Uzhavar Sandhai ),STABLE,STABLE,84.13
2026-07-20,KKNagar(Uzhavar Sandhai ),STABLE,STABLE,91.64
2026-07-21,KKNagar(Uzhavar Sandhai ),STABLE,STABLE,91.23
2026-07-22,KKNagar(Uzhavar Sandhai ),STABLE,STABLE,90.8
2026-07-23,KKNagar(Uzhavar Sandhai ),STABLE,STABLE,90.93
2026-07-24,KKNagar(Uzhavar Sandhai ),STABLE,STABLE,90.43
2026-07-25,KKNagar(Uzhavar Sandhai ),STABLE,STABLE,90.41
2026-07-26,KKNagar(Uzhavar Sandhai ),STABLE,STABLE,85.07
2026-07-27,KKNagar(Uzhavar Sandhai ),STABLE,STABLE,92.14
2026-07-28,KKNagar(Uzhavar Sandhai ),STABLE,STABLE,91.8
2026-07-29,KKNagar(Uzhavar Sandhai ),STABLE,STABLE,91.72
2026-07-30,KKNagar(Uzhavar Sandhai ),STABLE,STABLE,91.36
2026-07-31,KKNagar(Uzhavar Sandhai ),STABLE,STABLE,89.92
2026-08-01,KKNagar(Uzhavar Sandhai ),STABLE,STABLE,91.26
2026-08-02,KKNagar(Uzhavar Sandhai ),STABLE,STABLE,86.38
2026-08-03,KKNagar(Uzhavar Sandhai ),STABLE,STABLE,92.77
2026-08-04,KKNagar(Uzhavar Sandhai ),STABLE,STABLE,92.52
2026-08-05,KKNagar(Uzhavar Sandhai ),STABLE,STABLE,92.37
2026-08-06,KKNagar(Uzhavar Sandhai ),STABLE,STABLE,92.02
2026-08-07,KKNagar(Uzhavar Sandhai ),STABLE,STABLE,91.15
2026-08-08,KKNagar(Uzhavar Sandhai ),STABLE,STABLE,91.01
2026-08-09,KKNagar(Uzhavar Sandhai ),STABLE,STABLE,86.12
2026-08-10,KKNagar(Uzhavar Sandhai ),STABLE,STABLE,92.53
2026-08-11,KKNagar(Uzhavar Sandhai ),STABLE,STABLE,92.32
2026-08-12,KKNagar(Uzhavar Sandhai ),STABLE,STABLE,92.13
2026-08-13,KKNagar(Uzhavar Sandhai ),STABLE,STABLE,91.38
2026-08-14,KKNagar(Uzhavar Sandhai ),STABLE,STABLE,89.48
2026-08-15,KKNagar(Uzhavar Sandhai ),INCREASING,STABLE,89.76
2026-08-16,KKNagar(Uzhavar Sandhai ),STABLE,STABLE,82.2
2026-08-17,KKNagar(Uzhavar Sandhai ),STABLE,STABLE,91.61
2026-08-18,KKNagar(Uzhavar Sandhai ),STABLE,STABLE,90.92
2026-08-19,KKNagar(Uzhavar Sandhai ),STABLE,STABLE,91.28
2026-08-20,KKNagar(Uzhavar Sandhai ),STABLE,STABLE,90.66
2026-08-21,KKNagar(Uzhavar Sandhai ),STABLE,STABLE,90.08
2026-08-22,KKNagar(Uzhavar Sandhai ),STABLE,STABLE,89.78
2026-08-23,KKNagar(Uzhavar Sandhai ),STABLE,STABLE,83.71
2026-06-29,Kahithapattarai(Uzhavar Sandhai ),DECREASING,STABLE,76.1
2026-06-30,Kahithapattarai(Uzhavar Sandhai ),STABLE,STABLE,59.0
2026-07-01,Kahithapattarai(Uzhavar Sandhai ),STABLE,STABLE,71.62
2026-07-02,Kahithapattarai(Uzhavar Sandhai ),STABLE,STABLE,77.85
2026-07-03,Kahithapattarai(Uzhavar Sandhai ),STABLE,STABLE,77.79
2026-07-04,Kahithapattarai(Uzhavar Sandhai ),STABLE,STABLE,77.96
2026-07-05,Kahithapattarai(Uzhavar Sandhai ),STABLE,STABLE,67.07
2026-07-07,Kahithapattarai(Uzhavar Sandhai ),STABLE,STABLE,77.69
2026-07-08,Kahithapattarai(Uzhavar Sandhai ),STABLE,STABLE,78.52
2026-07-17,Kahithapattarai(Uzhavar Sandhai ),STABLE,STABLE,77.86
2026-07-18,Kahithapattarai(Uzhavar Sandhai ),STABLE,STABLE,77.61
2026-07-19,Kahithapattarai(Uzhavar Sandhai ),STABLE,STABLE,67.18
2026-07-20,Kahithapattarai(Uzhavar Sandhai ),STABLE,STABLE,69.72
2026-07-21,Kahithapattarai(Uzhavar Sandhai ),STABLE,STABLE,78.23
2026-07-22,Kahithapattarai(Uzhavar Sandhai ),STABLE,STABLE,78.01
2026-07-23,Kahithapattarai(Uzhavar Sandhai ),STABLE,STABLE,71.56
2026-07-24,Kahithapattarai(Uzhavar Sandhai ),STABLE,STABLE,70.93
2026-07-25,Kahithapattarai(Uzhavar Sandhai ),STABLE,STABLE,77.48
2026-07-26,Kahithapattarai(Uzhavar Sandhai ),STABLE,STABLE,63.28
2026-07-27,Kahithapattarai(Uzhavar Sandhai ),STABLE,STABLE,68.83
2026-07-28,Kahithapattarai(Uzhavar Sandhai ),STABLE,STABLE,77.76
2026-07-29,Kahithapattarai(Uzhavar Sandhai ),STABLE,STABLE,77.4
2026-07-30,Kahithapattarai(Uzhavar Sandhai ),STABLE,STABLE,76.78
2026-07-31,Kahithapattarai(Uzhavar Sandhai ),STABLE,STABLE,76.31
2026-08-01,Kahithapattarai(Uzhavar Sandhai ),STABLE,STABLE,78.2
2026-08-02,Kahithapattarai(Uzhavar Sandhai ),STABLE,STABLE,68.46
2026-08-03,Kahithapattarai(Uzhavar Sandhai ),STABLE,STABLE,66.16
2026-08-04,Kahithapattarai(Uzhavar Sandhai ),STABLE,STABLE,72.2
2026-08-05,Kahithapattarai(Uzhavar Sandhai ),STABLE,STABLE,77.75
2026-08-06,Kahithapattarai(Uzhavar Sandhai ),STABLE,STABLE,72.1
2026-08-07,Kahithapattarai(Uzhavar Sandhai ),DECREASING,STABLE,68.47
2026-08-08,Kahithapattarai(Uzhavar Sandhai ),STABLE,STABLE,62.63
2026-08-09,Kahithapattarai(Uzhavar Sandhai ),STABLE,STABLE,56.71
2026-08-10,Kahithapattarai(Uzhavar Sandhai ),INCREASING,STABLE,55.74
2026-08-11,Kahithapattarai(Uzhavar Sandhai ),STABLE,STABLE,70.07
2026-08-12,Kahithapattarai(Uzhavar Sandhai ),DECREASING,STABLE,72.94
2026-08-13,Kahithapattarai(Uzhavar Sandhai ),INCREASING,STABLE,58.0
2026-08-14,Kahithapattarai(Uzhavar Sandhai ),STABLE,STABLE,68.3
2026-08-15,Kahithapattarai(Uzhavar Sandhai ),STABLE,STABLE,71.72
2026-08-16,Kahithapattarai(Uzhavar Sandhai ),STABLE,STABLE,60.39
2026-08-17,Kahithapattarai(Uzhavar Sandhai ),STABLE,STABLE,54.31
2026-08-18,Kahithapattarai(Uzhavar Sandhai ),STABLE,STABLE,59.25
2026-08-19,Kahithapattarai(Uzhavar Sandhai ),INCREASING,STABLE,59.47
2026-08-20,Kahithapattarai(Uzhavar Sandhai ),STABLE,STABLE,68.21
2026-08-21,Kahithapattarai(Uzhavar Sandhai ),STABLE,STABLE,70.6
2026-08-22,Kahithapattarai(Uzhavar Sandhai ),STABLE,STABLE,67.31
2026-08-23,Kahithapattarai(Uzhavar Sandhai ),STABLE,STABLE,55.56
2026-06-29,Kallakurichi(Uzhavar Sandhai ),STABLE,STABLE,75.32
2026-07-04,Kallakurichi(Uzhavar Sandhai ),STABLE,STABLE,74.12
2026-07-07,Kallakurichi(Uzhavar Sandhai ),STABLE,STABLE,75.43
2026-07-08,Kallakurichi(Uzhavar Sandhai ),STABLE,STABLE,75.41
2026-07-09,Kallakurichi(Uzhavar Sandhai ),STABLE,STABLE,75.51
2026-07-10,Kallakurichi(Uzhavar Sandhai ),STABLE,STABLE,73.96
2026-07-11,Kallakurichi(Uzhavar Sandhai ),STABLE,STABLE,68.61
2026-07-12,Kallakurichi(Uzhavar Sandhai ),STABLE,STABLE,65.28
2026-07-13,Kallakurichi(Uzhavar Sandhai ),STABLE,STABLE,68.04
2026-07-14,Kallakurichi(Uzhavar Sandhai ),DECREASING,STABLE,58.77
2026-07-15,Kallakurichi(Uzhavar Sandhai ),STABLE,STABLE,58.9
2026-07-16,Kallakurichi(Uzhavar Sandhai ),STABLE,STABLE,59.84
2026-07-17,Kallakurichi(Uzhavar Sandhai ),STABLE,STABLE,62.14
2026-07-18,Kallakurichi(Uzhavar Sandhai ),STABLE,STABLE,63.12
2026-07-19,Kallakurichi(Uzhavar Sandhai ),STABLE,STABLE,57.72
2026-07-20,Kallakurichi(Uzhavar Sandhai ),STABLE,STABLE,69.02
2026-07-21,Kallakurichi(Uzhavar Sandhai ),STABLE,STABLE,61.06
2026-07-22,Kallakurichi(Uzhavar Sandhai ),STABLE,STABLE,60.05
2026-07-23,Kallakurichi(Uzhavar Sandhai ),STABLE,STABLE,61.05
2026-07-24,Kallakurichi(Uzhavar Sandhai ),STABLE,STABLE,62.91
2026-07-25,Kallakurichi(Uzhavar Sandhai ),STABLE,STABLE,63.13
2026-07-26,Kallakurichi(Uzhavar Sandhai ),STABLE,STABLE,57.72
2026-07-27,Kallakurichi(Uzhavar Sandhai ),STABLE,STABLE,68.65
2026-07-29,Kallakurichi(Uzhavar Sandhai ),STABLE,STABLE,60.6
2026-07-30,Kallakurichi(Uzhavar Sandhai ),STABLE,STABLE,60.41
2026-07-31,Kallakurichi(Uzhavar Sandhai ),STABLE,STABLE,58.41
2026-08-01,Kallakurichi(Uzhavar Sandhai ),STABLE,STABLE,63.63
2026-08-02,Kallakurichi(Uzhavar Sandhai ),STABLE,STABLE,58.39
2026-08-03,Kallakurichi(Uzhavar Sandhai ),STABLE,STABLE,69.93
2026-08-04,Kallakurichi(Uzhavar Sandhai ),STABLE,STABLE,62.07
2026-08-05,Kallakurichi(Uzhavar Sandhai ),STABLE,STABLE,62.73
2026-08-06,Kallakurichi(Uzhavar Sandhai ),STABLE,STABLE,62.72
2026-08-07,Kallakurichi(Uzhavar Sandhai ),STABLE,STABLE,64.29
2026-08-08,Kallakurichi(Uzhavar Sandhai ),STABLE,STABLE,63.84
2026-08-09,Kallakurichi(Uzhavar Sandhai ),STABLE,STABLE,57.88
2026-08-10,Kallakurichi(Uzhavar Sandhai ),STABLE,STABLE,69.81
2026-08-11,Kallakurichi(Uzhavar Sandhai ),STABLE,STABLE,61.84
2026-08-12,Kallakurichi(Uzhavar Sandhai ),STABLE,STABLE,62.04
2026-08-13,Kallakurichi(Uzhavar Sandhai ),STABLE,STABLE,62.75
2026-08-14,Kallakurichi(Uzhavar Sandhai ),STABLE,STABLE,64.23
2026-08-15,Kallakurichi(Uzhavar Sandhai ),STABLE,STABLE,64.14
2026-08-16,Kallakurichi(Uzhavar Sandhai ),STABLE,STABLE,56.89
2026-08-17,Kallakurichi(Uzhavar Sandhai ),DECREASING,STABLE,68.96
2026-08-18,Kallakurichi(Uzhavar Sandhai ),STABLE,STABLE,58.53
2026-08-19,Kallakurichi(Uzhavar Sandhai ),STABLE,STABLE,58.36
2026-08-20,Kallakurichi(Uzhavar Sandhai ),STABLE,STABLE,58.89
2026-08-21,Kallakurichi(Uzhavar Sandhai ),STABLE,STABLE,59.23
2026-08-22,Kallakurichi(Uzhavar Sandhai ),STABLE,STABLE,58.48
2026-08-23,Kallakurichi(Uzhavar Sandhai ),STABLE,STABLE,51.05
2026-06-29,Kambam(Uzhavar Sandhai ),STABLE,STABLE,79.69
2026-06-30,Kambam(Uzhavar Sandhai ),STABLE,STABLE,78.33
2026-07-01,Kambam(Uzhavar Sandhai ),STABLE,STABLE,83.0
2026-07-02,Kambam(Uzhavar Sandhai ),STABLE,STABLE,83.5
2026-07-03,Kambam(Uzhavar Sandhai ),STABLE,STABLE,86.75
2026-07-04,Kambam(Uzhavar Sandhai ),STABLE,STABLE,86.72
2026-07-06,Kambam(Uzhavar Sandhai ),STABLE,STABLE,86.79
2026-07-07,Kambam(Uzhavar Sandhai ),STABLE,STABLE,83.43
2026-07-08,Kambam(Uzhavar Sandhai ),STABLE,STABLE,84.54
2026-07-09,Kambam(Uzhavar Sandhai ),STABLE,STABLE,84.4
2026-07-10,Kambam(Uzhavar Sandhai ),STABLE,STABLE,85.71
2026-07-11,Kambam(Uzhavar Sandhai ),STABLE,STABLE,87.07
2026-07-12,Kambam(Uzhavar Sandhai ),STABLE,STABLE,87.26
2026-07-13,Kambam(Uzhavar Sandhai ),STABLE,STABLE,85.68
2026-07-14,Kambam(Uzhavar Sandhai ),STABLE,STABLE,83.48
2026-07-15,Kambam(Uzhavar Sandhai ),STABLE,STABLE,84.99
2026-07-16,Kambam(Uzhavar Sandhai ),STABLE,STABLE,84.84
2026-07-17,Kambam(Uzhavar Sandhai ),STABLE,STABLE,86.27
2026-07-18,Kambam(Uzhavar Sandhai ),STABLE,STABLE,86.23
2026-07-19,Kambam(Uzhavar Sandhai ),STABLE,STABLE,86.43
2026-07-20,Kambam(Uzhavar Sandhai ),STABLE,STABLE,83.39
2026-07-21,Kambam(Uzhavar Sandhai ),STABLE,STABLE,81.96
2026-07-22,Kambam(Uzhavar Sandhai ),STABLE,STABLE,82.63
2026-07-23,Kambam(Uzhavar Sandhai ),STABLE,STABLE,81.95
2026-07-24,Kambam(Uzhavar Sandhai ),STABLE,STABLE,86.33
2026-07-25,Kambam(Uzhavar Sandhai ),STABLE,STABLE,86.43
2026-07-26,Kambam(Uzhavar Sandhai ),STABLE,STABLE,85.37
2026-07-27,Kambam(Uzhavar Sandhai ),STABLE,STABLE,80.22
2026-07-28,Kambam(Uzhavar Sandhai ),STABLE,STABLE,80.76
2026-07-29,Kambam(Uzhavar Sandhai ),STABLE,STABLE,81.25
2026-07-30,Kambam(Uzhavar Sandhai ),STABLE,STABLE,82.74
2026-07-31,Kambam(Uzhavar Sandhai ),STABLE,STABLE,84.04
2026-08-01,Kambam(Uzhavar Sandhai ),STABLE,STABLE,86.29
2026-08-02,Kambam(Uzhavar Sandhai ),STABLE,STABLE,86.44
2026-08-03,Kambam(Uzhavar Sandhai ),STABLE,STABLE,83.97
2026-08-04,Kambam(Uzhavar Sandhai ),STABLE,STABLE,83.33
2026-08-05,Kambam(Uzhavar Sandhai ),STABLE,STABLE,84.54
2026-08-06,Kambam(Uzhavar Sandhai ),STABLE,STABLE,85.46
2026-08-07,Kambam(Uzhavar Sandhai ),STABLE,STABLE,87.17
2026-08-08,Kambam(Uzhavar Sandhai ),STABLE,STABLE,87.09
2026-08-09,Kambam(Uzhavar Sandhai ),STABLE,STABLE,86.77
2026-08-10,Kambam(Uzhavar Sandhai ),STABLE,STABLE,87.04
2026-08-11,Kambam(Uzhavar Sandhai ),STABLE,STABLE,83.99
2026-08-12,Kambam(Uzhavar Sandhai ),STABLE,STABLE,85.45
2026-08-13,Kambam(Uzhavar Sandhai ),STABLE,STABLE,85.37
2026-08-14,Kambam(Uzhavar Sandhai ),STABLE,STABLE,86.8
2026-08-15,Kambam(Uzhavar Sandhai ),STABLE,STABLE,86.72
2026-08-16,Kambam(Uzhavar Sandhai ),STABLE,STABLE,86.53
2026-08-17,Kambam(Uzhavar Sandhai ),STABLE,STABLE,84.07
2026-08-18,Kambam(Uzhavar Sandhai ),STABLE,STABLE,83.73
2026-08-19,Kambam(Uzhavar Sandhai ),STABLE,STABLE,82.76
2026-08-20,Kambam(Uzhavar Sandhai ),STABLE,STABLE,82.75
2026-08-21,Kambam(Uzhavar Sandhai ),STABLE,STABLE,86.5
2026-08-22,Kambam(Uzhavar Sandhai ),STABLE,STABLE,85.56
2026-08-23,Kambam(Uzhavar Sandhai ),STABLE,STABLE,84.84
2026-06-29,Kamuthi(Uzhavar Sandhai ),INCREASING,STABLE,60.06
2026-07-01,Kamuthi(Uzhavar Sandhai ),DECREASING,STABLE,51.79
2026-07-02,Kamuthi(Uzhavar Sandhai ),STABLE,STABLE,63.16
2026-07-03,Kamuthi(Uzhavar Sandhai ),STABLE,STABLE,65.69
2026-07-04,Kamuthi(Uzhavar Sandhai ),STABLE,STABLE,66.52
2026-07-05,Kamuthi(Uzhavar Sandhai ),STABLE,STABLE,67.06
2026-07-06,Kamuthi(Uzhavar Sandhai ),STABLE,STABLE,65.29
2026-07-07,Kamuthi(Uzhavar Sandhai ),INCREASING,STABLE,68.64
2026-07-08,Kamuthi(Uzhavar Sandhai ),DECREASING,STABLE,60.32
2026-07-09,Kamuthi(Uzhavar Sandhai ),INCREASING,STABLE,70.17
2026-07-10,Kamuthi(Uzhavar Sandhai ),DECREASING,STABLE,64.98
2026-07-11,Kamuthi(Uzhavar Sandhai ),STABLE,STABLE,73.91
2026-07-12,Kamuthi(Uzhavar Sandhai ),STABLE,STABLE,73.14
2026-07-13,Kamuthi(Uzhavar Sandhai ),STABLE,STABLE,68.1
2026-07-14,Kamuthi(Uzhavar Sandhai ),INCREASING,STABLE,72.29
2026-07-15,Kamuthi(Uzhavar Sandhai ),STABLE,STABLE,62.29
2026-07-16,Kamuthi(Uzhavar Sandhai ),DECREASING,STABLE,64.6
2026-07-17,Kamuthi(Uzhavar Sandhai ),STABLE,STABLE,73.87
2026-07-18,Kamuthi(Uzhavar Sandhai ),STABLE,STABLE,73.73
2026-07-19,Kamuthi(Uzhavar Sandhai ),STABLE,STABLE,73.11
2026-07-20,Kamuthi(Uzhavar Sandhai ),STABLE,STABLE,71.93
2026-07-21,Kamuthi(Uzhavar Sandhai ),INCREASING,STABLE,64.19
2026-07-22,Kamuthi(Uzhavar Sandhai ),STABLE,STABLE,62.31
2026-07-23,Kamuthi(Uzhavar Sandhai ),DECREASING,STABLE,64.58
2026-07-24,Kamuthi(Uzhavar Sandhai ),STABLE,STABLE,73.74
2026-07-25,Kamuthi(Uzhavar Sandhai ),STABLE,STABLE,73.61
2026-07-26,Kamuthi(Uzhavar Sandhai ),STABLE,STABLE,73.0
2026-07-27,Kamuthi(Uzhavar Sandhai ),STABLE,STABLE,71.69
2026-07-28,Kamuthi(Uzhavar Sandhai ),INCREASING,STABLE,72.04
2026-07-29,Kamuthi(Uzhavar Sandhai ),DECREASING,STABLE,62.08
2026-07-30,Kamuthi(Uzhavar Sandhai ),STABLE,STABLE,72.11
2026-07-31,Kamuthi(Uzhavar Sandhai ),STABLE,STABLE,71.92
2026-08-01,Kamuthi(Uzhavar Sandhai ),STABLE,STABLE,73.55
2026-08-02,Kamuthi(Uzhavar Sandhai ),STABLE,STABLE,72.83
2026-08-03,Kamuthi(Uzhavar Sandhai ),INCREASING,STABLE,71.35
2026-08-04,Kamuthi(Uzhavar Sandhai ),DECREASING,STABLE,64.1
2026-08-05,Kamuthi(Uzhavar Sandhai ),STABLE,STABLE,72.49
2026-08-06,Kamuthi(Uzhavar Sandhai ),STABLE,STABLE,73.83
2026-08-07,Kamuthi(Uzhavar Sandhai ),STABLE,STABLE,73.65
2026-08-08,Kamuthi(Uzhavar Sandhai ),STABLE,STABLE,65.64
2026-08-09,Kamuthi(Uzhavar Sandhai ),STABLE,STABLE,73.66
2026-08-10,Kamuthi(Uzhavar Sandhai ),INCREASING,STABLE,63.9
2026-08-11,Kamuthi(Uzhavar Sandhai ),DECREASING,STABLE,64.19
2026-08-12,Kamuthi(Uzhavar Sandhai ),STABLE,STABLE,64.51
2026-08-13,Kamuthi(Uzhavar Sandhai ),STABLE,STABLE,73.49
2026-08-14,Kamuthi(Uzhavar Sandhai ),STABLE,STABLE,74.01
2026-08-15,Kamuthi(Uzhavar Sandhai ),STABLE,STABLE,74.15
2026-08-16,Kamuthi(Uzhavar Sandhai ),STABLE,STABLE,73.53
2026-08-17,Kamuthi(Uzhavar Sandhai ),INCREASING,STABLE,71.48
2026-08-18,Kamuthi(Uzhavar Sandhai ),DECREASING,STABLE,64.28
2026-08-19,Kamuthi(Uzhavar Sandhai ),STABLE,STABLE,72.43
2026-08-20,Kamuthi(Uzhavar Sandhai ),STABLE,STABLE,73.63
2026-08-21,Kamuthi(Uzhavar Sandhai ),STABLE,STABLE,74.34
2026-08-22,Kamuthi(Uzhavar Sandhai ),STABLE,STABLE,73.67
2026-08-23,Kamuthi(Uzhavar Sandhai ),STABLE,STABLE,72.74
2026-06-29,Kancheepuram(Uzhavar Sandhai ),STABLE,INCREASING,44.28
2026-07-01,Kancheepuram(Uzhavar Sandhai ),STABLE,STABLE,50.27
2026-07-02,Kancheepuram(Uzhavar Sandhai ),STABLE,STABLE,50.06
2026-07-03,Kancheepuram(Uzhavar Sandhai ),STABLE,STABLE,46.09
2026-07-04,Kancheepuram(Uzhavar Sandhai ),STABLE,INCREASING,43.31
2026-07-05,Kancheepuram(Uzhavar Sandhai ),STABLE,STABLE,41.37
2026-07-06,Kancheepuram(Uzhavar Sandhai ),INCREASING,STABLE,41.33
2026-07-07,Kancheepuram(Uzhavar Sandhai ),STABLE,STABLE,40.3
2026-07-08,Kancheepuram(Uzhavar Sandhai ),STABLE,STABLE,37.63
2026-07-09,Kancheepuram(Uzhavar Sandhai ),STABLE,INCREASING,44.31
2026-07-10,Kancheepuram(Uzhavar Sandhai ),STABLE,INCREASING,45.47
2026-07-11,Kancheepuram(Uzhavar Sandhai ),STABLE,INCREASING,45.75
2026-07-12,Kancheepuram(Uzhavar Sandhai ),STABLE,STABLE,37.57
2026-07-13,Kancheepuram(Uzhavar Sandhai ),INCREASING,INCREASING,43.03
2026-07-14,Kancheepuram(Uzhavar Sandhai ),DECREASING,STABLE,38.45
2026-07-15,Kancheepuram(Uzhavar Sandhai ),STABLE,INCREASING,41.33
2026-07-16,Kancheepuram(Uzhavar Sandhai ),STABLE,INCREASING,42.37
2026-07-17,Kancheepuram(Uzhavar Sandhai ),INCREASING,INCREASING,46.5
2026-07-18,Kancheepuram(Uzhavar Sandhai ),DECREASING,INCREASING,39.27
2026-07-19,Kancheepuram(Uzhavar Sandhai ),STABLE,STABLE,37.15
2026-07-20,Kancheepuram(Uzhavar Sandhai ),STABLE,INCREASING,45.09
2026-07-21,Kancheepuram(Uzhavar Sandhai ),STABLE,INCREASING,42.48
2026-07-22,Kancheepuram(Uzhavar Sandhai ),STABLE,INCREASING,42.6
2026-07-23,Kancheepuram(Uzhavar Sandhai ),STABLE,INCREASING,40.5
2026-07-24,Kancheepuram(Uzhavar Sandhai ),DECREASING,INCREASING,41.09
2026-07-25,Kancheepuram(Uzhavar Sandhai ),STABLE,INCREASING,46.93
2026-07-26,Kancheepuram(Uzhavar Sandhai ),DECREASING,STABLE,41.38
2026-07-27,Kancheepuram(Uzhavar Sandhai ),STABLE,INCREASING,43.19
2026-07-28,Kancheepuram(Uzhavar Sandhai ),STABLE,INCREASING,40.84
2026-07-29,Kancheepuram(Uzhavar Sandhai ),STABLE,INCREASING,42.8
2026-07-30,Kancheepuram(Uzhavar Sandhai ),STABLE,INCREASING,43.83
2026-07-31,Kancheepuram(Uzhavar Sandhai ),STABLE,INCREASING,43.8
2026-08-01,Kancheepuram(Uzhavar Sandhai ),STABLE,STABLE,48.86
2026-08-02,Kancheepuram(Uzhavar Sandhai ),STABLE,STABLE,53.06
2026-08-03,Kancheepuram(Uzhavar Sandhai ),STABLE,STABLE,46.59
2026-08-04,Kancheepuram(Uzhavar Sandhai ),STABLE,STABLE,40.06
2026-08-05,Kancheepuram(Uzhavar Sandhai ),STABLE,INCREASING,40.51
2026-08-06,Kancheepuram(Uzhavar Sandhai ),STABLE,INCREASING,40.95
2026-08-07,Kancheepuram(Uzhavar Sandhai ),STABLE,INCREASING,45.34
2026-08-08,Kancheepuram(Uzhavar Sandhai ),DECREASING,INCREASING,44.27
2026-08-09,Kancheepuram(Uzhavar Sandhai ),STABLE,STABLE,38.18
2026-08-10,Kancheepuram(Uzhavar Sandhai ),STABLE,INCREASING,44.98
2026-08-11,Kancheepuram(Uzhavar Sandhai ),INCREASING,INCREASING,42.44
2026-08-12,Kancheepuram(Uzhavar Sandhai ),DECREASING,INCREASING,37.79
2026-08-13,Kancheepuram(Uzhavar Sandhai ),INCREASING,INCREASING,42.4
2026-08-14,Kancheepuram(Uzhavar Sandhai ),STABLE,INCREASING,44.41
2026-08-15,Kancheepuram(Uzhavar Sandhai ),STABLE,INCREASING,44.47
2026-08-16,Kancheepuram(Uzhavar Sandhai ),STABLE,STABLE,42.9
2026-08-17,Kancheepuram(Uzhavar Sandhai ),STABLE,INCREASING,41.93
2026-08-18,Kancheepuram(Uzhavar Sandhai ),STABLE,STABLE,39.85
2026-08-19,Kancheepuram(Uzhavar Sandhai ),STABLE,INCREASING,41.24
2026-08-20,Kancheepuram(Uzhavar Sandhai ),STABLE,INCREASING,43.17
2026-08-21,Kancheepuram(Uzhavar Sandhai ),STABLE,INCREASING,46.0
2026-08-22,Kancheepuram(Uzhavar Sandhai ),STABLE,INCREASING,45.45
2026-08-23,Kancheepuram(Uzhavar Sandhai ),STABLE,STABLE,41.0
2026-06-29,Kandiyaperi(Uzhavar Sandhai ),STABLE,STABLE,87.98
2026-06-30,Kandiyaperi(Uzhavar Sandhai ),STABLE,STABLE,87.1
2026-07-01,Kandiyaperi(Uzhavar Sandhai ),STABLE,STABLE,86.43
2026-07-02,Kandiyaperi(Uzhavar Sandhai ),STABLE,STABLE,86.5
2026-07-03,Kandiyaperi(Uzhavar Sandhai ),STABLE,STABLE,86.51
2026-07-04,Kandiyaperi(Uzhavar Sandhai ),STABLE,STABLE,86.85
2026-07-05,Kandiyaperi(Uzhavar Sandhai ),STABLE,STABLE,86.91
2026-07-06,Kandiyaperi(Uzhavar Sandhai ),STABLE,STABLE,88.78
2026-07-07,Kandiyaperi(Uzhavar Sandhai ),STABLE,STABLE,88.33
2026-07-08,Kandiyaperi(Uzhavar Sandhai ),STABLE,STABLE,88.47
2026-07-09,Kandiyaperi(Uzhavar Sandhai ),STABLE,STABLE,88.4
2026-07-10,Kandiyaperi(Uzhavar Sandhai ),STABLE,STABLE,88.41
2026-07-11,Kandiyaperi(Uzhavar Sandhai ),STABLE,STABLE,88.43
2026-07-12,Kandiyaperi(Uzhavar Sandhai ),STABLE,STABLE,87.54
2026-07-13,Kandiyaperi(Uzhavar Sandhai ),STABLE,STABLE,89.06
2026-07-14,Kandiyaperi(Uzhavar Sandhai ),STABLE,STABLE,88.1
2026-07-15,Kandiyaperi(Uzhavar Sandhai ),STABLE,STABLE,88.1
2026-07-16,Kandiyaperi(Uzhavar Sandhai ),STABLE,STABLE,88.05
2026-07-17,Kandiyaperi(Uzhavar Sandhai ),STABLE,STABLE,88.04
2026-07-18,Kandiyaperi(Uzhavar Sandhai ),STABLE,STABLE,88.22
2026-07-19,Kandiyaperi(Uzhavar Sandhai ),STABLE,STABLE,87.5
2026-07-20,Kandiyaperi(Uzhavar Sandhai ),STABLE,STABLE,88.87
2026-07-21,Kandiyaperi(Uzhavar Sandhai ),STABLE,STABLE,88.1
2026-07-22,Kandiyaperi(Uzhavar Sandhai ),STABLE,STABLE,87.73
2026-07-23,Kandiyaperi(Uzhavar Sandhai ),STABLE,STABLE,87.89
2026-07-24,Kandiyaperi(Uzhavar Sandhai ),STABLE,STABLE,87.27
2026-07-25,Kandiyaperi(Uzhavar Sandhai ),STABLE,STABLE,87.45
2026-07-26,Kandiyaperi(Uzhavar Sandhai ),STABLE,STABLE,86.83
2026-07-27,Kandiyaperi(Uzhavar Sandhai ),STABLE,STABLE,88.03
2026-07-28,Kandiyaperi(Uzhavar Sandhai ),STABLE,STABLE,86.48
2026-07-29,Kandiyaperi(Uzhavar Sandhai ),STABLE,STABLE,87.59
2026-07-30,Kandiyaperi(Uzhavar Sandhai ),STABLE,STABLE,83.09
2026-07-31,Kandiyaperi(Uzhavar Sandhai ),STABLE,STABLE,84.49
2026-08-01,Kandiyaperi(Uzhavar Sandhai ),STABLE,STABLE,86.13
2026-08-02,Kandiyaperi(Uzhavar Sandhai ),STABLE,STABLE,85.47
2026-08-03,Kandiyaperi(Uzhavar Sandhai ),STABLE,STABLE,86.93
2026-08-04,Kandiyaperi(Uzhavar Sandhai ),STABLE,STABLE,85.93
2026-08-05,Kandiyaperi(Uzhavar Sandhai ),STABLE,STABLE,85.65
2026-08-06,Kandiyaperi(Uzhavar Sandhai ),STABLE,STABLE,85.96
2026-08-07,Kandiyaperi(Uzhavar Sandhai ),STABLE,STABLE,87.18
2026-08-08,Kandiyaperi(Uzhavar Sandhai ),STABLE,STABLE,88.16
2026-08-09,Kandiyaperi(Uzhavar Sandhai ),STABLE,STABLE,87.69
2026-08-10,Kandiyaperi(Uzhavar Sandhai ),STABLE,STABLE,89.0
2026-08-11,Kandiyaperi(Uzhavar Sandhai ),STABLE,STABLE,88.06
2026-08-12,Kandiyaperi(Uzhavar Sandhai ),STABLE,STABLE,88.03
2026-08-13,Kandiyaperi(Uzhavar Sandhai ),STABLE,STABLE,87.93
2026-08-14,Kandiyaperi(Uzhavar Sandhai ),STABLE,STABLE,87.7
2026-08-15,Kandiyaperi(Uzhavar Sandhai ),STABLE,STABLE,87.86
2026-08-16,Kandiyaperi(Uzhavar Sandhai ),STABLE,STABLE,87.33
2026-08-17,Kandiyaperi(Uzhavar Sandhai ),STABLE,STABLE,87.93
2026-08-18,Kandiyaperi(Uzhavar Sandhai ),STABLE,STABLE,85.69
2026-08-19,Kandiyaperi(Uzhavar Sandhai ),STABLE,STABLE,85.61
2026-08-20,Kandiyaperi(Uzhavar Sandhai ),STABLE,STABLE,85.5
2026-08-21,Kandiyaperi(Uzhavar Sandhai ),STABLE,STABLE,85.52
2026-08-22,Kandiyaperi(Uzhavar Sandhai ),STABLE,STABLE,85.29
2026-08-23,Kandiyaperi(Uzhavar Sandhai ),STABLE,STABLE,84.69
2026-06-29,Kangayam(Uzhavar Sandhai ),INCREASING,INCREASING,63.22
2026-06-30,Kangayam(Uzhavar Sandhai ),INCREASING,INCREASING,47.27
2026-07-01,Kangayam(Uzhavar Sandhai ),STABLE,STABLE,42.19
2026-07-02,Kangayam(Uzhavar Sandhai ),STABLE,STABLE,47.87
2026-07-04,Kangayam(Uzhavar Sandhai ),INCREASING,INCREASING,50.82
2026-07-06,Kangayam(Uzhavar Sandhai ),DECREASING,STABLE,45.32
2026-07-07,Kangayam(Uzhavar Sandhai ),STABLE,INCREASING,41.34
2026-07-08,Kangayam(Uzhavar Sandhai ),STABLE,INCREASING,41.67
2026-07-09,Kangayam(Uzhavar Sandhai ),STABLE,STABLE,40.21
2026-07-10,Kangayam(Uzhavar Sandhai ),DECREASING,DECREASING,41.46
2026-07-11,Kangayam(Uzhavar Sandhai ),STABLE,INCREASING,62.01
2026-07-12,Kangayam(Uzhavar Sandhai ),STABLE,DECREASING,49.85
2026-07-13,Kangayam(Uzhavar Sandhai ),STABLE,INCREASING,53.92
2026-07-14,Kangayam(Uzhavar Sandhai ),INCREASING,STABLE,44.75
2026-07-15,Kangayam(Uzhavar Sandhai ),STABLE,DECREASING,43.78
2026-07-16,Kangayam(Uzhavar Sandhai ),STABLE,STABLE,35.37
2026-07-17,Kangayam(Uzhavar Sandhai ),STABLE,STABLE,40.27
2026-07-18,Kangayam(Uzhavar Sandhai ),DECREASING,STABLE,38.76
2026-07-19,Kangayam(Uzhavar Sandhai ),STABLE,INCREASING,37.21
2026-07-20,Kangayam(Uzhavar Sandhai ),INCREASING,INCREASING,62.29
2026-07-21,Kangayam(Uzhavar Sandhai ),STABLE,DECREASING,42.63
2026-07-22,Kangayam(Uzhavar Sandhai ),STABLE,DECREASING,40.87
2026-07-23,Kangayam(Uzhavar Sandhai ),STABLE,STABLE,38.19
2026-07-24,Kangayam(Uzhavar Sandhai ),STABLE,STABLE,38.86
2026-07-25,Kangayam(Uzhavar Sandhai ),DECREASING,STABLE,40.94
2026-07-26,Kangayam(Uzhavar Sandhai ),DECREASING,INCREASING,45.28
2026-07-27,Kangayam(Uzhavar Sandhai ),INCREASING,INCREASING,61.08
2026-07-28,Kangayam(Uzhavar Sandhai ),DECREASING,DECREASING,42.42
2026-07-30,Kangayam(Uzhavar Sandhai ),DECREASING,INCREASING,48.65
2026-07-31,Kangayam(Uzhavar Sandhai ),INCREASING,INCREASING,54.28
2026-08-01,Kangayam(Uzhavar Sandhai ),DECREASING,STABLE,51.13
2026-08-02,Kangayam(Uzhavar Sandhai ),INCREASING,INCREASING,42.42
2026-08-03,Kangayam(Uzhavar Sandhai ),INCREASING,STABLE,42.8
2026-08-04,Kangayam(Uzhavar Sandhai ),DECREASING,DECREASING,43.96
2026-08-05,Kangayam(Uzhavar Sandhai ),DECREASING,INCREASING,42.67
2026-08-06,Kangayam(Uzhavar Sandhai ),INCREASING,INCREASING,61.74
2026-08-07,Kangayam(Uzhavar Sandhai ),DECREASING,STABLE,43.35
2026-08-08,Kangayam(Uzhavar Sandhai ),INCREASING,INCREASING,70.22
2026-08-09,Kangayam(Uzhavar Sandhai ),DECREASING,DECREASING,45.54
2026-08-10,Kangayam(Uzhavar Sandhai ),INCREASING,INCREASING,59.56
2026-08-11,Kangayam(Uzhavar Sandhai ),DECREASING,STABLE,42.06
2026-08-12,Kangayam(Uzhavar Sandhai ),STABLE,INCREASING,61.44
2026-08-13,Kangayam(Uzhavar Sandhai ),STABLE,INCREASING,54.98
2026-08-14,Kangayam(Uzhavar Sandhai ),DECREASING,STABLE,45.13
2026-08-15,Kangayam(Uzhavar Sandhai ),DECREASING,INCREASING,63.7
2026-08-16,Kangayam(Uzhavar Sandhai ),INCREASING,INCREASING,43.08
2026-08-17,Kangayam(Uzhavar Sandhai ),INCREASING,INCREASING,62.62
2026-08-18,Kangayam(Uzhavar Sandhai ),DECREASING,STABLE,38.57
2026-08-19,Kangayam(Uzhavar Sandhai ),DECREASING,INCREASING,51.15
2026-08-20,Kangayam(Uzhavar Sandhai ),INCREASING,INCREASING,71.48
2026-08-21,Kangayam(Uzhavar Sandhai ),DECREASING,INCREASING,51.28
2026-08-22,Kangayam(Uzhavar Sandhai ),STABLE,INCREASING,61.41
2026-08-23,Kangayam(Uzhavar Sandhai ),DECREASING,INCREASING,47.29
2026-06-29,Karaikudi(Uzhavar Sandhai ),STABLE,STABLE,84.12
2026-06-30,Karaikudi(Uzhavar Sandhai ),STABLE,STABLE,83.41
2026-07-01,Karaikudi(Uzhavar Sandhai ),STABLE,STABLE,83.7
2026-07-02,Karaikudi(Uzhavar Sandhai ),DECREASING,STABLE,83.16
2026-07-03,Karaikudi(Uzhavar Sandhai ),INCREASING,STABLE,78.64
2026-07-04,Karaikudi(Uzhavar Sandhai ),DECREASING,STABLE,78.65
2026-07-05,Karaikudi(Uzhavar Sandhai ),STABLE,STABLE,79.37
2026-07-06,Karaikudi(Uzhavar Sandhai ),STABLE,STABLE,81.78
2026-07-07,Karaikudi(Uzhavar Sandhai ),STABLE,STABLE,81.45
2026-07-08,Karaikudi(Uzhavar Sandhai ),STABLE,STABLE,80.36
2026-07-09,Karaikudi(Uzhavar Sandhai ),STABLE,STABLE,79.45
2026-07-10,Karaikudi(Uzhavar Sandhai ),STABLE,STABLE,79.15
2026-07-11,Karaikudi(Uzhavar Sandhai ),STABLE,STABLE,82.7
2026-07-12,Karaikudi(Uzhavar Sandhai ),STABLE,STABLE,80.06
2026-07-13,Karaikudi(Uzhavar Sandhai ),STABLE,STABLE,82.23
2026-07-14,Karaikudi(Uzhavar Sandhai ),STABLE,STABLE,82.12
2026-07-15,Karaikudi(Uzhavar Sandhai ),INCREASING,STABLE,79.81
2026-07-16,Karaikudi(Uzhavar Sandhai ),DECREASING,STABLE,76.83
2026-07-17,Karaikudi(Uzhavar Sandhai ),STABLE,STABLE,79.12
2026-07-18,Karaikudi(Uzhavar Sandhai ),STABLE,STABLE,82.43
2026-07-19,Karaikudi(Uzhavar Sandhai ),STABLE,STABLE,79.09
2026-07-20,Karaikudi(Uzhavar Sandhai ),STABLE,STABLE,81.95
2026-07-21,Karaikudi(Uzhavar Sandhai ),STABLE,STABLE,80.84
2026-07-22,Karaikudi(Uzhavar Sandhai ),STABLE,STABLE,80.03
2026-07-23,Karaikudi(Uzhavar Sandhai ),STABLE,STABLE,78.94
2026-07-24,Karaikudi(Uzhavar Sandhai ),STABLE,STABLE,78.81
2026-07-25,Karaikudi(Uzhavar Sandhai ),STABLE,STABLE,81.62
2026-07-26,Karaikudi(Uzhavar Sandhai ),STABLE,STABLE,79.08
2026-07-27,Karaikudi(Uzhavar Sandhai ),STABLE,STABLE,81.26
2026-07-28,Karaikudi(Uzhavar Sandhai ),STABLE,STABLE,80.69
2026-07-29,Karaikudi(Uzhavar Sandhai ),STABLE,STABLE,79.7
2026-07-30,Karaikudi(Uzhavar Sandhai ),STABLE,STABLE,78.79
2026-07-31,Karaikudi(Uzhavar Sandhai ),INCREASING,STABLE,77.14
2026-08-01,Karaikudi(Uzhavar Sandhai ),DECREASING,STABLE,79.37
2026-08-02,Karaikudi(Uzhavar Sandhai ),STABLE,STABLE,78.91
2026-08-03,Karaikudi(Uzhavar Sandhai ),STABLE,STABLE,81.05
2026-08-04,Karaikudi(Uzhavar Sandhai ),STABLE,STABLE,80.75
2026-08-05,Karaikudi(Uzhavar Sandhai ),STABLE,STABLE,79.76
2026-08-06,Karaikudi(Uzhavar Sandhai ),INCREASING,STABLE,78.73
2026-08-07,Karaikudi(Uzhavar Sandhai ),DECREASING,STABLE,77.68
2026-08-08,Karaikudi(Uzhavar Sandhai ),STABLE,STABLE,81.25
2026-08-09,Karaikudi(Uzhavar Sandhai ),STABLE,STABLE,78.89
2026-08-10,Karaikudi(Uzhavar Sandhai ),STABLE,STABLE,81.22
2026-08-11,Karaikudi(Uzhavar Sandhai ),STABLE,STABLE,81.61
2026-08-12,Karaikudi(Uzhavar Sandhai ),STABLE,STABLE,80.28
2026-08-13,Karaikudi(Uzhavar Sandhai ),STABLE,STABLE,79.26
2026-08-14,Karaikudi(Uzhavar Sandhai ),STABLE,STABLE,79.14
2026-08-15,Karaikudi(Uzhavar Sandhai ),STABLE,STABLE,84.27
2026-08-16,Karaikudi(Uzhavar Sandhai ),STABLE,STABLE,81.72
2026-08-17,Karaikudi(Uzhavar Sandhai ),STABLE,STABLE,84.1
2026-08-18,Karaikudi(Uzhavar Sandhai ),STABLE,STABLE,83.48
2026-08-19,Karaikudi(Uzhavar Sandhai ),STABLE,STABLE,82.93
2026-08-20,Karaikudi(Uzhavar Sandhai ),STABLE,STABLE,82.53
2026-08-21,Karaikudi(Uzhavar Sandhai ),STABLE,STABLE,82.48
2026-08-22,Karaikudi(Uzhavar Sandhai ),STABLE,STABLE,83.93
2026-08-23,Karaikudi(Uzhavar Sandhai ),STABLE,STABLE,81.72
2026-06-29,Karambakkudi(Uzhavar Sandhai ),STABLE,STABLE,81.44
2026-06-30,Karambakkudi(Uzhavar Sandhai ),STABLE,STABLE,80.46
2026-07-01,Karambakkudi(Uzhavar Sandhai ),STABLE,STABLE,80.48
2026-07-03,Karambakkudi(Uzhavar Sandhai ),STABLE,STABLE,79.99
2026-07-04,Karambakkudi(Uzhavar Sandhai ),STABLE,STABLE,80.21
2026-07-05,Karambakkudi(Uzhavar Sandhai ),STABLE,STABLE,80.1
2026-07-06,Karambakkudi(Uzhavar Sandhai ),STABLE,STABLE,81.3
2026-07-07,Karambakkudi(Uzhavar Sandhai ),STABLE,STABLE,80.43
2026-07-08,Karambakkudi(Uzhavar Sandhai ),STABLE,STABLE,80.61
2026-07-09,Karambakkudi(Uzhavar Sandhai ),STABLE,STABLE,80.48
2026-07-10,Karambakkudi(Uzhavar Sandhai ),STABLE,STABLE,80.22
2026-07-11,Karambakkudi(Uzhavar Sandhai ),STABLE,STABLE,80.47
2026-07-12,Karambakkudi(Uzhavar Sandhai ),DECREASING,STABLE,80.11
2026-07-13,Karambakkudi(Uzhavar Sandhai ),INCREASING,STABLE,81.55
2026-07-14,Karambakkudi(Uzhavar Sandhai ),STABLE,STABLE,80.38
2026-07-15,Karambakkudi(Uzhavar Sandhai ),STABLE,STABLE,80.31
2026-07-16,Karambakkudi(Uzhavar Sandhai ),STABLE,STABLE,79.41
2026-07-17,Karambakkudi(Uzhavar Sandhai ),STABLE,STABLE,79.61
2026-07-18,Karambakkudi(Uzhavar Sandhai ),STABLE,STABLE,81.15
2026-07-19,Karambakkudi(Uzhavar Sandhai ),STABLE,STABLE,79.67
2026-07-20,Karambakkudi(Uzhavar Sandhai ),STABLE,STABLE,81.3
2026-07-21,Karambakkudi(Uzhavar Sandhai ),STABLE,STABLE,80.16
2026-07-22,Karambakkudi(Uzhavar Sandhai ),DECREASING,STABLE,79.54
2026-07-23,Karambakkudi(Uzhavar Sandhai ),INCREASING,STABLE,79.02
2026-07-24,Karambakkudi(Uzhavar Sandhai ),STABLE,STABLE,79.37
2026-07-25,Karambakkudi(Uzhavar Sandhai ),STABLE,STABLE,79.96
2026-07-26,Karambakkudi(Uzhavar Sandhai ),STABLE,STABLE,79.97
2026-07-27,Karambakkudi(Uzhavar Sandhai ),STABLE,STABLE,81.41
2026-07-28,Karambakkudi(Uzhavar Sandhai ),STABLE,STABLE,80.54
2026-07-29,Karambakkudi(Uzhavar Sandhai ),STABLE,STABLE,80.46
2026-07-30,Karambakkudi(Uzhavar Sandhai ),DECREASING,STABLE,79.85
2026-07-31,Karambakkudi(Uzhavar Sandhai ),STABLE,STABLE,76.47
2026-08-01,Karambakkudi(Uzhavar Sandhai ),STABLE,STABLE,79.07
2026-08-02,Karambakkudi(Uzhavar Sandhai ),INCREASING,STABLE,79.55
2026-08-03,Karambakkudi(Uzhavar Sandhai ),STABLE,STABLE,81.48
2026-08-04,Karambakkudi(Uzhavar Sandhai ),STABLE,STABLE,80.74
2026-08-05,Karambakkudi(Uzhavar Sandhai ),STABLE,STABLE,80.61
2026-08-07,Karambakkudi(Uzhavar Sandhai ),DECREASING,STABLE,80.05
2026-08-08,Karambakkudi(Uzhavar Sandhai ),INCREASING,STABLE,77.01
2026-08-09,Karambakkudi(Uzhavar Sandhai ),STABLE,STABLE,79.74
2026-08-10,Karambakkudi(Uzhavar Sandhai ),STABLE,STABLE,81.2
2026-08-11,Karambakkudi(Uzhavar Sandhai ),STABLE,STABLE,80.62
2026-08-12,Karambakkudi(Uzhavar Sandhai ),STABLE,STABLE,80.61
2026-08-13,Karambakkudi(Uzhavar Sandhai ),INCREASING,STABLE,80.23
2026-08-14,Karambakkudi(Uzhavar Sandhai ),STABLE,STABLE,79.96
2026-08-15,Karambakkudi(Uzhavar Sandhai ),STABLE,STABLE,81.65
2026-08-16,Karambakkudi(Uzhavar Sandhai ),STABLE,STABLE,80.02
2026-08-17,Karambakkudi(Uzhavar Sandhai ),STABLE,STABLE,82.83
2026-08-18,Karambakkudi(Uzhavar Sandhai ),DECREASING,STABLE,80.64
2026-08-19,Karambakkudi(Uzhavar Sandhai ),DECREASING,STABLE,79.86
2026-08-20,Karambakkudi(Uzhavar Sandhai ),INCREASING,STABLE,78.7
2026-08-21,Karambakkudi(Uzhavar Sandhai ),STABLE,STABLE,79.43
2026-08-22,Karambakkudi(Uzhavar Sandhai ),STABLE,STABLE,79.53
2026-08-23,Karambakkudi(Uzhavar Sandhai ),DECREASING,STABLE,79.52
2026-06-29,Karimangalam(Uzhavar Sandhai),STABLE,STABLE,84.18
2026-06-30,Karimangalam(Uzhavar Sandhai),STABLE,STABLE,81.91
2026-07-01,Karimangalam(Uzhavar Sandhai),STABLE,STABLE,84.09
2026-07-02,Karimangalam(Uzhavar Sandhai),STABLE,STABLE,83.76
2026-07-03,Karimangalam(Uzhavar Sandhai),STABLE,STABLE,83.33
2026-07-04,Karimangalam(Uzhavar Sandhai),STABLE,STABLE,83.97
2026-07-05,Karimangalam(Uzhavar Sandhai),STABLE,STABLE,84.43
2026-07-06,Karimangalam(Uzhavar Sandhai),STABLE,STABLE,84.23
2026-07-07,Karimangalam(Uzhavar Sandhai),STABLE,STABLE,83.05
2026-07-08,Karimangalam(Uzhavar Sandhai),STABLE,STABLE,84.16
2026-07-09,Karimangalam(Uzhavar Sandhai),STABLE,STABLE,83.69
2026-07-10,Karimangalam(Uzhavar Sandhai),STABLE,STABLE,83.28
2026-07-11,Karimangalam(Uzhavar Sandhai),STABLE,STABLE,83.51
2026-07-12,Karimangalam(Uzhavar Sandhai),STABLE,STABLE,83.87
2026-07-13,Karimangalam(Uzhavar Sandhai),STABLE,STABLE,84.29
2026-07-14,Karimangalam(Uzhavar Sandhai),STABLE,STABLE,82.22
2026-07-15,Karimangalam(Uzhavar Sandhai),STABLE,STABLE,83.61
2026-07-16,Karimangalam(Uzhavar Sandhai),STABLE,STABLE,83.93
2026-07-17,Karimangalam(Uzhavar Sandhai),STABLE,STABLE,83.52
2026-07-18,Karimangalam(Uzhavar Sandhai),STABLE,STABLE,83.74
2026-07-19,Karimangalam(Uzhavar Sandhai),STABLE,STABLE,84.12
2026-07-20,Karimangalam(Uzhavar Sandhai),STABLE,STABLE,83.56
2026-07-21,Karimangalam(Uzhavar Sandhai),STABLE,STABLE,81.43
2026-07-22,Karimangalam(Uzhavar Sandhai),STABLE,STABLE,81.06
2026-07-23,Karimangalam(Uzhavar Sandhai),STABLE,STABLE,80.91
2026-07-24,Karimangalam(Uzhavar Sandhai),STABLE,STABLE,80.4
2026-07-25,Karimangalam(Uzhavar Sandhai),STABLE,STABLE,81.28
2026-07-26,Karimangalam(Uzhavar Sandhai),INCREASING,STABLE,83.41
2026-07-27,Karimangalam(Uzhavar Sandhai),STABLE,STABLE,83.6
2026-07-28,Karimangalam(Uzhavar Sandhai),STABLE,STABLE,82.14
2026-07-29,Karimangalam(Uzhavar Sandhai),STABLE,STABLE,81.66
2026-07-30,Karimangalam(Uzhavar Sandhai),STABLE,STABLE,81.8
2026-07-31,Karimangalam(Uzhavar Sandhai),STABLE,STABLE,83.07
2026-08-01,Karimangalam(Uzhavar Sandhai),STABLE,STABLE,83.82
2026-08-02,Karimangalam(Uzhavar Sandhai),STABLE,STABLE,84.69
2026-08-03,Karimangalam(Uzhavar Sandhai),STABLE,STABLE,84.21
2026-08-04,Karimangalam(Uzhavar Sandhai),STABLE,STABLE,83.33
2026-08-05,Karimangalam(Uzhavar Sandhai),STABLE,STABLE,82.81
2026-08-06,Karimangalam(Uzhavar Sandhai),STABLE,STABLE,83.54
2026-08-07,Karimangalam(Uzhavar Sandhai),STABLE,STABLE,81.71
2026-08-08,Karimangalam(Uzhavar Sandhai),STABLE,STABLE,83.73
2026-08-09,Karimangalam(Uzhavar Sandhai),STABLE,STABLE,83.97
2026-08-10,Karimangalam(Uzhavar Sandhai),STABLE,STABLE,83.77
2026-08-11,Karimangalam(Uzhavar Sandhai),STABLE,STABLE,83.19
2026-08-12,Karimangalam(Uzhavar Sandhai),STABLE,STABLE,83.07
2026-08-13,Karimangalam(Uzhavar Sandhai),STABLE,STABLE,83.35
2026-08-14,Karimangalam(Uzhavar Sandhai),STABLE,STABLE,81.37
2026-08-15,Karimangalam(Uzhavar Sandhai),STABLE,STABLE,81.07
2026-08-16,Karimangalam(Uzhavar Sandhai),STABLE,STABLE,80.62
2026-08-17,Karimangalam(Uzhavar Sandhai),STABLE,STABLE,82.02
2026-08-18,Karimangalam(Uzhavar Sandhai),STABLE,STABLE,80.61
2026-08-19,Karimangalam(Uzhavar Sandhai),STABLE,STABLE,80.94
2026-08-20,Karimangalam(Uzhavar Sandhai),STABLE,STABLE,80.87
2026-08-21,Karimangalam(Uzhavar Sandhai),STABLE,STABLE,80.36
2026-08-22,Karimangalam(Uzhavar Sandhai),STABLE,STABLE,80.05
2026-08-23,Karimangalam(Uzhavar Sandhai),STABLE,STABLE,80.88
2026-06-29,Kariyapatti(Uzhavar Sandhai ),STABLE,STABLE,72.64
2026-06-30,Kariyapatti(Uzhavar Sandhai ),STABLE,STABLE,71.35
2026-07-01,Kariyapatti(Uzhavar Sandhai ),STABLE,STABLE,72.85
2026-07-02,Kariyapatti(Uzhavar Sandhai ),STABLE,STABLE,75.15
2026-07-03,Kariyapatti(Uzhavar Sandhai ),STABLE,STABLE,74.6
2026-07-04,Kariyapatti(Uzhavar Sandhai ),DECREASING,STABLE,75.25
2026-07-05,Kariyapatti(Uzhavar Sandhai ),INCREASING,STABLE,72.37
2026-07-06,Kariyapatti(Uzhavar Sandhai ),STABLE,STABLE,76.73
2026-07-07,Kariyapatti(Uzhavar Sandhai ),STABLE,STABLE,75.9
2026-07-08,Kariyapatti(Uzhavar Sandhai ),STABLE,STABLE,75.94
2026-07-09,Kariyapatti(Uzhavar Sandhai ),STABLE,STABLE,75.29
2026-07-10,Kariyapatti(Uzhavar Sandhai ),STABLE,STABLE,74.97
2026-07-11,Kariyapatti(Uzhavar Sandhai ),STABLE,STABLE,76.07
2026-07-12,Kariyapatti(Uzhavar Sandhai ),DECREASING,STABLE,72.82
2026-07-13,Kariyapatti(Uzhavar Sandhai ),INCREASING,STABLE,66.8
2026-07-14,Kariyapatti(Uzhavar Sandhai ),STABLE,STABLE,73.33
2026-07-15,Kariyapatti(Uzhavar Sandhai ),STABLE,STABLE,73.38
2026-07-16,Kariyapatti(Uzhavar Sandhai ),STABLE,STABLE,71.85
2026-07-17,Kariyapatti(Uzhavar Sandhai ),STABLE,STABLE,67.55
2026-07-18,Kariyapatti(Uzhavar Sandhai ),STABLE,STABLE,72.53
2026-07-19,Kariyapatti(Uzhavar Sandhai ),STABLE,STABLE,72.52
2026-07-20,Kariyapatti(Uzhavar Sandhai ),STABLE,STABLE,74.53
2026-07-21,Kariyapatti(Uzhavar Sandhai ),STABLE,STABLE,73.28
2026-07-22,Kariyapatti(Uzhavar Sandhai ),DECREASING,STABLE,72.03
2026-07-23,Kariyapatti(Uzhavar Sandhai ),INCREASING,STABLE,67.59
2026-07-24,Kariyapatti(Uzhavar Sandhai ),DECREASING,STABLE,74.56
2026-07-25,Kariyapatti(Uzhavar Sandhai ),STABLE,STABLE,71.93
2026-07-26,Kariyapatti(Uzhavar Sandhai ),STABLE,STABLE,75.47
2026-07-27,Kariyapatti(Uzhavar Sandhai ),DECREASING,STABLE,76.53
2026-07-28,Kariyapatti(Uzhavar Sandhai ),DECREASING,STABLE,71.24
2026-07-29,Kariyapatti(Uzhavar Sandhai ),INCREASING,STABLE,65.09
2026-07-30,Kariyapatti(Uzhavar Sandhai ),STABLE,STABLE,66.28
2026-07-31,Kariyapatti(Uzhavar Sandhai ),INCREASING,STABLE,63.66
2026-08-01,Kariyapatti(Uzhavar Sandhai ),DECREASING,STABLE,72.62
2026-08-02,Kariyapatti(Uzhavar Sandhai ),INCREASING,STABLE,68.75
2026-08-03,Kariyapatti(Uzhavar Sandhai ),DECREASING,STABLE,87.69
2026-08-04,Kariyapatti(Uzhavar Sandhai ),STABLE,STABLE,67.99
2026-08-05,Kariyapatti(Uzhavar Sandhai ),INCREASING,STABLE,69.71
2026-08-06,Kariyapatti(Uzhavar Sandhai ),STABLE,STABLE,73.18
2026-08-07,Kariyapatti(Uzhavar Sandhai ),STABLE,STABLE,75.63
2026-08-08,Kariyapatti(Uzhavar Sandhai ),STABLE,STABLE,75.95
2026-08-09,Kariyapatti(Uzhavar Sandhai ),INCREASING,STABLE,73.2
2026-08-10,Kariyapatti(Uzhavar Sandhai ),DECREASING,STABLE,82.82
2026-08-11,Kariyapatti(Uzhavar Sandhai ),STABLE,STABLE,74.1
2026-08-12,Kariyapatti(Uzhavar Sandhai ),DECREASING,STABLE,76.62
2026-08-13,Kariyapatti(Uzhavar Sandhai ),INCREASING,STABLE,68.43
2026-08-14,Kariyapatti(Uzhavar Sandhai ),STABLE,STABLE,75.13
2026-08-15,Kariyapatti(Uzhavar Sandhai ),STABLE,STABLE,72.16
2026-08-16,Kariyapatti(Uzhavar Sandhai ),INCREASING,STABLE,75.36
2026-08-17,Kariyapatti(Uzhavar Sandhai ),DECREASING,STABLE,85.21
2026-08-18,Kariyapatti(Uzhavar Sandhai ),STABLE,STABLE,72.65
2026-08-19,Kariyapatti(Uzhavar Sandhai ),STABLE,STABLE,72.42
2026-08-20,Kariyapatti(Uzhavar Sandhai ),INCREASING,STABLE,72.5
2026-08-21,Kariyapatti(Uzhavar Sandhai ),DECREASING,STABLE,74.7
2026-08-22,Kariyapatti(Uzhavar Sandhai ),STABLE,STABLE,70.9
2026-08-23,Kariyapatti(Uzhavar Sandhai ),INCREASING,STABLE,74.75
2026-06-29,Karur(Uzhavar Sandhai ),DECREASING,STABLE,40.91
2026-06-30,Karur(Uzhavar Sandhai ),INCREASING,INCREASING,60.79
2026-07-02,Karur(Uzhavar Sandhai ),DECREASING,INCREASING,66.99
2026-07-04,Karur(Uzhavar Sandhai ),INCREASING,INCREASING,71.36
2026-07-06,Karur(Uzhavar Sandhai ),INCREASING,INCREASING,64.76
2026-07-07,Karur(Uzhavar Sandhai ),DECREASING,INCREASING,57.53
2026-07-08,Karur(Uzhavar Sandhai ),STABLE,INCREASING,59.44
2026-07-09,Karur(Uzhavar Sandhai ),STABLE,INCREASING,64.1
2026-07-10,Karur(Uzhavar Sandhai ),STABLE,INCREASING,65.57
2026-07-11,Karur(Uzhavar Sandhai ),STABLE,INCREASING,66.72
2026-07-12,Karur(Uzhavar Sandhai ),DECREASING,DECREASING,44.44
2026-07-14,Karur(Uzhavar Sandhai ),INCREASING,INCREASING,56.27
2026-07-15,Karur(Uzhavar Sandhai ),DECREASING,INCREASING,57.46
2026-07-16,Karur(Uzhavar Sandhai ),INCREASING,INCREASING,65.29
2026-07-17,Karur(Uzhavar Sandhai ),INCREASING,INCREASING,63.7
2026-07-18,Karur(Uzhavar Sandhai ),INCREASING,INCREASING,64.22
2026-07-19,Karur(Uzhavar Sandhai ),DECREASING,DECREASING,69.82
2026-07-20,Karur(Uzhavar Sandhai ),DECREASING,INCREASING,66.93
2026-07-21,Karur(Uzhavar Sandhai ),DECREASING,INCREASING,61.92
2026-07-22,Karur(Uzhavar Sandhai ),INCREASING,INCREASING,60.13
2026-07-23,Karur(Uzhavar Sandhai ),STABLE,INCREASING,65.42
2026-07-24,Karur(Uzhavar Sandhai ),STABLE,INCREASING,69.47
2026-07-25,Karur(Uzhavar Sandhai ),STABLE,INCREASING,70.12
2026-07-26,Karur(Uzhavar Sandhai ),STABLE,DECREASING,55.27
2026-07-27,Karur(Uzhavar Sandhai ),DECREASING,INCREASING,64.78
2026-07-28,Karur(Uzhavar Sandhai ),DECREASING,INCREASING,61.39
2026-07-29,Karur(Uzhavar Sandhai ),INCREASING,INCREASING,59.94
2026-07-30,Karur(Uzhavar Sandhai ),STABLE,INCREASING,43.24
2026-07-31,Karur(Uzhavar Sandhai ),INCREASING,INCREASING,38.37
2026-08-01,Karur(Uzhavar Sandhai ),DECREASING,STABLE,41.3
2026-08-02,Karur(Uzhavar Sandhai ),DECREASING,DECREASING,57.4
2026-08-03,Karur(Uzhavar Sandhai ),INCREASING,INCREASING,66.31
2026-08-04,Karur(Uzhavar Sandhai ),STABLE,INCREASING,60.43
2026-08-05,Karur(Uzhavar Sandhai ),INCREASING,INCREASING,61.39
2026-08-06,Karur(Uzhavar Sandhai ),STABLE,INCREASING,66.52
2026-08-07,Karur(Uzhavar Sandhai ),INCREASING,INCREASING,68.01
2026-08-08,Karur(Uzhavar Sandhai ),INCREASING,INCREASING,67.85
2026-08-09,Karur(Uzhavar Sandhai ),DECREASING,DECREASING,65.35
2026-08-10,Karur(Uzhavar Sandhai ),INCREASING,INCREASING,63.27
2026-08-11,Karur(Uzhavar Sandhai ),DECREASING,INCREASING,57.54
2026-08-12,Karur(Uzhavar Sandhai ),DECREASING,INCREASING,57.65
2026-08-13,Karur(Uzhavar Sandhai ),INCREASING,INCREASING,62.04
2026-08-14,Karur(Uzhavar Sandhai ),INCREASING,INCREASING,65.53
2026-08-15,Karur(Uzhavar Sandhai ),DECREASING,INCREASING,66.06
2026-08-16,Karur(Uzhavar Sandhai ),STABLE,DECREASING,41.85
2026-08-17,Karur(Uzhavar Sandhai ),STABLE,INCREASING,57.83
2026-08-18,Karur(Uzhavar Sandhai ),DECREASING,INCREASING,55.89
2026-08-19,Karur(Uzhavar Sandhai ),INCREASING,INCREASING,64.57
2026-08-20,Karur(Uzhavar Sandhai ),INCREASING,INCREASING,65.64
2026-08-21,Karur(Uzhavar Sandhai ),INCREASING,INCREASING,70.43
2026-08-22,Karur(Uzhavar Sandhai ),DECREASING,INCREASING,52.21
2026-08-23,Karur(Uzhavar Sandhai ),INCREASING,DECREASING,47.24
2026-06-29,Katpadi (Uzhavar Sandhai ),INCREASING,STABLE,53.26
2026-06-30,Katpadi (Uzhavar Sandhai ),STABLE,STABLE,51.41
2026-07-01,Katpadi (Uzhavar Sandhai ),STABLE,STABLE,65.82
2026-07-03,Katpadi (Uzhavar Sandhai ),STABLE,STABLE,55.1
2026-07-04,Katpadi (Uzhavar Sandhai ),DECREASING,STABLE,54.61
2026-07-06,Katpadi (Uzhavar Sandhai ),INCREASING,STABLE,55.23
2026-07-07,Katpadi (Uzhavar Sandhai ),STABLE,STABLE,56.41
2026-07-08,Katpadi (Uzhavar Sandhai ),STABLE,STABLE,69.61
2026-07-09,Katpadi (Uzhavar Sandhai ),STABLE,STABLE,70.25
2026-07-10,Katpadi (Uzhavar Sandhai ),STABLE,STABLE,64.57
2026-07-11,Katpadi (Uzhavar Sandhai ),STABLE,STABLE,63.38
2026-07-12,Katpadi (Uzhavar Sandhai ),DECREASING,STABLE,44.76
2026-07-13,Katpadi (Uzhavar Sandhai ),INCREASING,STABLE,51.64
2026-07-14,Katpadi (Uzhavar Sandhai ),DECREASING,STABLE,61.1
2026-07-15,Katpadi (Uzhavar Sandhai ),STABLE,STABLE,48.48
2026-07-16,Katpadi (Uzhavar Sandhai ),INCREASING,STABLE,49.67
2026-07-17,Katpadi (Uzhavar Sandhai ),DECREASING,STABLE,56.01
2026-07-18,Katpadi (Uzhavar Sandhai ),STABLE,INCREASING,44.39
2026-07-19,Katpadi (Uzhavar Sandhai ),DECREASING,DECREASING,38.54
2026-07-20,Katpadi (Uzhavar Sandhai ),STABLE,STABLE,46.33
2026-07-21,Katpadi (Uzhavar Sandhai ),STABLE,STABLE,45.81
2026-07-22,Katpadi (Uzhavar Sandhai ),INCREASING,STABLE,43.42
2026-07-23,Katpadi (Uzhavar Sandhai ),STABLE,STABLE,60.52
2026-07-24,Katpadi (Uzhavar Sandhai ),STABLE,STABLE,60.8
2026-07-25,Katpadi (Uzhavar Sandhai ),STABLE,STABLE,60.06
2026-07-26,Katpadi (Uzhavar Sandhai ),DECREASING,DECREASING,49.3
2026-07-27,Katpadi (Uzhavar Sandhai ),INCREASING,STABLE,47.35
2026-07-28,Katpadi (Uzhavar Sandhai ),STABLE,STABLE,48.84
2026-07-29,Katpadi (Uzhavar Sandhai ),INCREASING,STABLE,48.52
2026-07-30,Katpadi (Uzhavar Sandhai ),STABLE,STABLE,49.05
2026-07-31,Katpadi (Uzhavar Sandhai ),DECREASING,STABLE,54.1
2026-08-01,Katpadi (Uzhavar Sandhai ),INCREASING,STABLE,51.48
2026-08-02,Katpadi (Uzhavar Sandhai ),STABLE,STABLE,44.13
2026-08-03,Katpadi (Uzhavar Sandhai ),STABLE,STABLE,54.32
2026-08-04,Katpadi (Uzhavar Sandhai ),STABLE,STABLE,53.03
2026-08-05,Katpadi (Uzhavar Sandhai ),INCREASING,STABLE,53.59
2026-08-06,Katpadi (Uzhavar Sandhai ),DECREASING,STABLE,66.09
2026-08-07,Katpadi (Uzhavar Sandhai ),INCREASING,STABLE,52.98
2026-08-08,Katpadi (Uzhavar Sandhai ),DECREASING,STABLE,55.19
2026-08-09,Katpadi (Uzhavar Sandhai ),INCREASING,STABLE,45.71
2026-08-10,Katpadi (Uzhavar Sandhai ),STABLE,STABLE,63.04
2026-08-11,Katpadi (Uzhavar Sandhai ),DECREASING,STABLE,64.81
2026-08-12,Katpadi (Uzhavar Sandhai ),STABLE,STABLE,49.02
2026-08-13,Katpadi (Uzhavar Sandhai ),STABLE,STABLE,51.63
2026-08-14,Katpadi (Uzhavar Sandhai ),INCREASING,STABLE,47.45
2026-08-15,Katpadi (Uzhavar Sandhai ),STABLE,STABLE,49.95
2026-08-16,Katpadi (Uzhavar Sandhai ),DECREASING,STABLE,48.68
2026-08-17,Katpadi (Uzhavar Sandhai ),STABLE,STABLE,46.27
2026-08-18,Katpadi (Uzhavar Sandhai ),STABLE,STABLE,45.3
2026-08-19,Katpadi (Uzhavar Sandhai ),STABLE,STABLE,44.17
2026-08-20,Katpadi (Uzhavar Sandhai ),INCREASING,STABLE,45.69
2026-08-21,Katpadi (Uzhavar Sandhai ),STABLE,STABLE,58.07
2026-08-22,Katpadi (Uzhavar Sandhai ),STABLE,STABLE,43.08
2026-08-23,Katpadi (Uzhavar Sandhai ),DECREASING,DECREASING,53.37
2026-06-29,Kaveripattinam(Uzhavar Sandhai ),STABLE,STABLE,73.88
2026-06-30,Kaveripattinam(Uzhavar Sandhai ),STABLE,STABLE,73.88
2026-07-01,Kaveripattinam(Uzhavar Sandhai ),STABLE,STABLE,73.77
2026-07-02,Kaveripattinam(Uzhavar Sandhai ),DECREASING,STABLE,66.91
2026-07-03,Kaveripattinam(Uzhavar Sandhai ),INCREASING,STABLE,59.03
2026-07-04,Kaveripattinam(Uzhavar Sandhai ),DECREASING,STABLE,55.54
2026-07-05,Kaveripattinam(Uzhavar Sandhai ),STABLE,STABLE,72.67
2026-07-06,Kaveripattinam(Uzhavar Sandhai ),STABLE,STABLE,75.0
2026-07-07,Kaveripattinam(Uzhavar Sandhai ),STABLE,STABLE,73.22
2026-07-08,Kaveripattinam(Uzhavar Sandhai ),STABLE,STABLE,73.98
2026-07-09,Kaveripattinam(Uzhavar Sandhai ),STABLE,STABLE,68.09
2026-07-10,Kaveripattinam(Uzhavar Sandhai ),INCREASING,STABLE,59.02
2026-07-11,Kaveripattinam(Uzhavar Sandhai ),DECREASING,STABLE,53.28
2026-07-12,Kaveripattinam(Uzhavar Sandhai ),STABLE,STABLE,72.54
2026-07-13,Kaveripattinam(Uzhavar Sandhai ),STABLE,STABLE,74.76
2026-07-14,Kaveripattinam(Uzhavar Sandhai ),STABLE,STABLE,72.13
2026-07-15,Kaveripattinam(Uzhavar Sandhai ),STABLE,STABLE,73.44
2026-07-16,Kaveripattinam(Uzhavar Sandhai ),STABLE,STABLE,66.61
2026-07-17,Kaveripattinam(Uzhavar Sandhai ),INCREASING,STABLE,58.81
2026-07-18,Kaveripattinam(Uzhavar Sandhai ),DECREASING,STABLE,55.24
2026-07-19,Kaveripattinam(Uzhavar Sandhai ),STABLE,STABLE,72.07
2026-07-20,Kaveripattinam(Uzhavar Sandhai ),STABLE,STABLE,74.43
2026-07-21,Kaveripattinam(Uzhavar Sandhai ),STABLE,STABLE,72.08
2026-07-22,Kaveripattinam(Uzhavar Sandhai ),STABLE,STABLE,72.85
2026-07-23,Kaveripattinam(Uzhavar Sandhai ),STABLE,STABLE,66.47
2026-07-24,Kaveripattinam(Uzhavar Sandhai ),INCREASING,STABLE,58.86
2026-07-25,Kaveripattinam(Uzhavar Sandhai ),DECREASING,STABLE,55.19
2026-07-26,Kaveripattinam(Uzhavar Sandhai ),STABLE,STABLE,72.36
2026-07-27,Kaveripattinam(Uzhavar Sandhai ),STABLE,STABLE,74.97
2026-07-28,Kaveripattinam(Uzhavar Sandhai ),STABLE,STABLE,73.9
2026-07-29,Kaveripattinam(Uzhavar Sandhai ),STABLE,STABLE,73.75
2026-07-30,Kaveripattinam(Uzhavar Sandhai ),STABLE,STABLE,67.64
2026-07-31,Kaveripattinam(Uzhavar Sandhai ),INCREASING,STABLE,57.47
2026-08-01,Kaveripattinam(Uzhavar Sandhai ),DECREASING,STABLE,53.27
2026-08-02,Kaveripattinam(Uzhavar Sandhai ),STABLE,STABLE,72.65
2026-08-03,Kaveripattinam(Uzhavar Sandhai ),STABLE,STABLE,74.85
2026-08-04,Kaveripattinam(Uzhavar Sandhai ),STABLE,STABLE,73.97
2026-08-05,Kaveripattinam(Uzhavar Sandhai ),STABLE,STABLE,73.89
2026-08-06,Kaveripattinam(Uzhavar Sandhai ),STABLE,STABLE,66.87
2026-08-07,Kaveripattinam(Uzhavar Sandhai ),INCREASING,STABLE,60.2
2026-08-08,Kaveripattinam(Uzhavar Sandhai ),DECREASING,STABLE,55.42
2026-08-09,Kaveripattinam(Uzhavar Sandhai ),STABLE,STABLE,72.6
2026-08-10,Kaveripattinam(Uzhavar Sandhai ),STABLE,STABLE,74.93
2026-08-11,Kaveripattinam(Uzhavar Sandhai ),STABLE,STABLE,72.66
2026-08-12,Kaveripattinam(Uzhavar Sandhai ),DECREASING,STABLE,70.83
2026-08-13,Kaveripattinam(Uzhavar Sandhai ),STABLE,STABLE,67.1
2026-08-14,Kaveripattinam(Uzhavar Sandhai ),INCREASING,STABLE,60.05
2026-08-15,Kaveripattinam(Uzhavar Sandhai ),DECREASING,STABLE,53.49
2026-08-16,Kaveripattinam(Uzhavar Sandhai ),STABLE,STABLE,72.44
2026-08-17,Kaveripattinam(Uzhavar Sandhai ),STABLE,STABLE,74.59
2026-08-18,Kaveripattinam(Uzhavar Sandhai ),STABLE,STABLE,72.59
2026-08-19,Kaveripattinam(Uzhavar Sandhai ),STABLE,STABLE,73.18
2026-08-20,Kaveripattinam(Uzhavar Sandhai ),STABLE,STABLE,67.47
2026-08-21,Kaveripattinam(Uzhavar Sandhai ),INCREASING,STABLE,58.7
2026-08-22,Kaveripattinam(Uzhavar Sandhai ),DECREASING,STABLE,53.87
2026-08-23,Kaveripattinam(Uzhavar Sandhai ),STABLE,STABLE,73.13
2026-06-29,Keelpennathur(Uzhavar Sandhai ),STABLE,STABLE,68.76
2026-06-30,Keelpennathur(Uzhavar Sandhai ),STABLE,STABLE,70.47
2026-07-01,Keelpennathur(Uzhavar Sandhai ),STABLE,STABLE,67.86
2026-07-02,Keelpennathur(Uzhavar Sandhai ),STABLE,STABLE,67.53
2026-07-03,Keelpennathur(Uzhavar Sandhai ),STABLE,STABLE,71.24
2026-07-04,Keelpennathur(Uzhavar Sandhai ),STABLE,STABLE,70.68
2026-07-05,Keelpennathur(Uzhavar Sandhai ),STABLE,STABLE,69.69
2026-07-06,Keelpennathur(Uzhavar Sandhai ),STABLE,STABLE,70.91
2026-07-07,Keelpennathur(Uzhavar Sandhai ),STABLE,STABLE,72.0
2026-07-08,Keelpennathur(Uzhavar Sandhai ),STABLE,STABLE,72.48
2026-07-09,Keelpennathur(Uzhavar Sandhai ),STABLE,STABLE,72.03
2026-07-10,Keelpennathur(Uzhavar Sandhai ),STABLE,STABLE,70.16
2026-07-11,Keelpennathur(Uzhavar Sandhai ),STABLE,STABLE,71.43
2026-07-12,Keelpennathur(Uzhavar Sandhai ),STABLE,STABLE,68.44
2026-07-13,Keelpennathur(Uzhavar Sandhai ),STABLE,STABLE,69.95
2026-07-14,Keelpennathur(Uzhavar Sandhai ),STABLE,STABLE,70.85
2026-07-15,Keelpennathur(Uzhavar Sandhai ),STABLE,STABLE,70.37
2026-07-16,Keelpennathur(Uzhavar Sandhai ),STABLE,STABLE,69.79
2026-07-17,Keelpennathur(Uzhavar Sandhai ),STABLE,STABLE,70.47
2026-07-18,Keelpennathur(Uzhavar Sandhai ),STABLE,STABLE,69.96
2026-07-19,Keelpennathur(Uzhavar Sandhai ),STABLE,STABLE,70.26
2026-07-20,Keelpennathur(Uzhavar Sandhai ),STABLE,STABLE,72.6
2026-07-22,Keelpennathur(Uzhavar Sandhai ),STABLE,STABLE,74.79
2026-07-23,Keelpennathur(Uzhavar Sandhai ),STABLE,STABLE,71.56
2026-07-24,Keelpennathur(Uzhavar Sandhai ),STABLE,STABLE,71.46
2026-07-25,Keelpennathur(Uzhavar Sandhai ),STABLE,STABLE,69.49
2026-07-26,Keelpennathur(Uzhavar Sandhai ),STABLE,STABLE,69.14
2026-07-27,Keelpennathur(Uzhavar Sandhai ),DECREASING,STABLE,70.71
2026-07-28,Keelpennathur(Uzhavar Sandhai ),STABLE,INCREASING,64.69
2026-08-01,Keelpennathur(Uzhavar Sandhai ),STABLE,INCREASING,65.45
2026-08-03,Keelpennathur(Uzhavar Sandhai ),STABLE,INCREASING,61.1
2026-08-05,Keelpennathur(Uzhavar Sandhai ),STABLE,INCREASING,66.98
2026-08-06,Keelpennathur(Uzhavar Sandhai ),STABLE,INCREASING,67.95
2026-08-11,Keelpennathur(Uzhavar Sandhai ),STABLE,INCREASING,68.28
2026-08-12,Keelpennathur(Uzhavar Sandhai ),STABLE,INCREASING,69.54
2026-08-13,Keelpennathur(Uzhavar Sandhai ),INCREASING,INCREASING,70.44
2026-08-14,Keelpennathur(Uzhavar Sandhai ),STABLE,STABLE,67.46
2026-08-15,Keelpennathur(Uzhavar Sandhai ),STABLE,STABLE,67.15
2026-08-16,Keelpennathur(Uzhavar Sandhai ),STABLE,STABLE,65.54
2026-08-17,Keelpennathur(Uzhavar Sandhai ),STABLE,STABLE,67.26
2026-08-18,Keelpennathur(Uzhavar Sandhai ),STABLE,STABLE,69.07
2026-08-19,Keelpennathur(Uzhavar Sandhai ),STABLE,STABLE,72.21
2026-08-20,Keelpennathur(Uzhavar Sandhai ),STABLE,STABLE,71.35
2026-08-21,Keelpennathur(Uzhavar Sandhai ),STABLE,STABLE,71.1
2026-08-22,Keelpennathur(Uzhavar Sandhai ),STABLE,STABLE,70.62
2026-08-23,Keelpennathur(Uzhavar Sandhai ),STABLE,STABLE,69.43
2026-07-30,Kodaikkanal(Uzhavar Sandhai),STABLE,STABLE,51.28
2026-06-29,Kovilpatti(Uzhavar Sandhai ),STABLE,STABLE,76.01
2026-06-30,Kovilpatti(Uzhavar Sandhai ),STABLE,STABLE,74.57
2026-07-01,Kovilpatti(Uzhavar Sandhai ),STABLE,STABLE,75.71
2026-07-02,Kovilpatti(Uzhavar Sandhai ),STABLE,STABLE,75.14
2026-07-03,Kovilpatti(Uzhavar Sandhai ),STABLE,STABLE,74.63
2026-07-04,Kovilpatti(Uzhavar Sandhai ),STABLE,STABLE,74.86
2026-07-05,Kovilpatti(Uzhavar Sandhai ),STABLE,STABLE,75.08
2026-07-06,Kovilpatti(Uzhavar Sandhai ),STABLE,STABLE,76.48
2026-07-07,Kovilpatti(Uzhavar Sandhai ),STABLE,STABLE,74.74
2026-07-08,Kovilpatti(Uzhavar Sandhai ),STABLE,STABLE,75.47
2026-07-09,Kovilpatti(Uzhavar Sandhai ),STABLE,STABLE,74.18
2026-07-10,Kovilpatti(Uzhavar Sandhai ),STABLE,STABLE,74.27
2026-07-11,Kovilpatti(Uzhavar Sandhai ),STABLE,STABLE,74.83
2026-07-12,Kovilpatti(Uzhavar Sandhai ),STABLE,STABLE,74.65
2026-07-13,Kovilpatti(Uzhavar Sandhai ),STABLE,STABLE,76.37
2026-07-14,Kovilpatti(Uzhavar Sandhai ),STABLE,STABLE,74.61
2026-07-15,Kovilpatti(Uzhavar Sandhai ),STABLE,STABLE,74.67
2026-07-16,Kovilpatti(Uzhavar Sandhai ),STABLE,STABLE,76.24
2026-07-17,Kovilpatti(Uzhavar Sandhai ),STABLE,STABLE,76.07
2026-07-18,Kovilpatti(Uzhavar Sandhai ),STABLE,STABLE,74.35
2026-07-19,Kovilpatti(Uzhavar Sandhai ),STABLE,STABLE,73.78
2026-07-20,Kovilpatti(Uzhavar Sandhai ),STABLE,STABLE,76.1
2026-07-21,Kovilpatti(Uzhavar Sandhai ),STABLE,STABLE,74.93
2026-07-22,Kovilpatti(Uzhavar Sandhai ),STABLE,STABLE,74.06
2026-07-23,Kovilpatti(Uzhavar Sandhai ),STABLE,STABLE,73.66
2026-07-24,Kovilpatti(Uzhavar Sandhai ),STABLE,STABLE,73.35
2026-07-25,Kovilpatti(Uzhavar Sandhai ),STABLE,STABLE,73.97
2026-07-26,Kovilpatti(Uzhavar Sandhai ),DECREASING,STABLE,74.7
2026-07-27,Kovilpatti(Uzhavar Sandhai ),STABLE,STABLE,75.98
2026-07-28,Kovilpatti(Uzhavar Sandhai ),STABLE,STABLE,74.57
2026-07-29,Kovilpatti(Uzhavar Sandhai ),STABLE,STABLE,75.02
2026-07-30,Kovilpatti(Uzhavar Sandhai ),STABLE,STABLE,73.66
2026-07-31,Kovilpatti(Uzhavar Sandhai ),STABLE,STABLE,71.09
2026-08-01,Kovilpatti(Uzhavar Sandhai ),DECREASING,STABLE,74.4
2026-08-02,Kovilpatti(Uzhavar Sandhai ),STABLE,STABLE,69.06
2026-08-03,Kovilpatti(Uzhavar Sandhai ),INCREASING,STABLE,73.72
2026-08-04,Kovilpatti(Uzhavar Sandhai ),STABLE,STABLE,74.99
2026-08-05,Kovilpatti(Uzhavar Sandhai ),STABLE,STABLE,75.39
2026-08-06,Kovilpatti(Uzhavar Sandhai ),STABLE,STABLE,71.86
2026-08-07,Kovilpatti(Uzhavar Sandhai ),STABLE,STABLE,74.59
2026-08-08,Kovilpatti(Uzhavar Sandhai ),STABLE,STABLE,74.62
2026-08-09,Kovilpatti(Uzhavar Sandhai ),STABLE,STABLE,73.89
2026-08-10,Kovilpatti(Uzhavar Sandhai ),STABLE,STABLE,76.72
2026-08-11,Kovilpatti(Uzhavar Sandhai ),STABLE,STABLE,74.64
2026-08-12,Kovilpatti(Uzhavar Sandhai ),STABLE,STABLE,75.24
2026-08-13,Kovilpatti(Uzhavar Sandhai ),STABLE,STABLE,74.63
2026-08-14,Kovilpatti(Uzhavar Sandhai ),STABLE,STABLE,73.94
2026-08-15,Kovilpatti(Uzhavar Sandhai ),STABLE,STABLE,74.13
2026-08-16,Kovilpatti(Uzhavar Sandhai ),DECREASING,STABLE,74.64
2026-08-17,Kovilpatti(Uzhavar Sandhai ),INCREASING,STABLE,71.11
2026-08-18,Kovilpatti(Uzhavar Sandhai ),STABLE,STABLE,74.08
2026-08-19,Kovilpatti(Uzhavar Sandhai ),STABLE,STABLE,75.12
2026-08-20,Kovilpatti(Uzhavar Sandhai ),STABLE,STABLE,73.7
2026-08-21,Kovilpatti(Uzhavar Sandhai ),STABLE,STABLE,74.16
2026-08-22,Kovilpatti(Uzhavar Sandhai ),STABLE,STABLE,74.28
2026-08-23,Kovilpatti(Uzhavar Sandhai ),STABLE,STABLE,73.23
2026-06-29,Krishnagiri(Uzhavar Sandhai ),STABLE,STABLE,80.9
2026-06-30,Krishnagiri(Uzhavar Sandhai ),STABLE,STABLE,77.58
2026-07-01,Krishnagiri(Uzhavar Sandhai ),STABLE,STABLE,72.88
2026-07-02,Krishnagiri(Uzhavar Sandhai ),STABLE,STABLE,78.07
2026-07-03,Krishnagiri(Uzhavar Sandhai ),STABLE,STABLE,79.38
2026-07-04,Krishnagiri(Uzhavar Sandhai ),STABLE,STABLE,73.15
2026-07-05,Krishnagiri(Uzhavar Sandhai ),STABLE,STABLE,72.5
2026-07-06,Krishnagiri(Uzhavar Sandhai ),STABLE,STABLE,81.38
2026-07-08,Krishnagiri(Uzhavar Sandhai ),STABLE,STABLE,78.24
2026-07-09,Krishnagiri(Uzhavar Sandhai ),STABLE,STABLE,77.12
2026-07-10,Krishnagiri(Uzhavar Sandhai ),STABLE,STABLE,69.4
2026-07-11,Krishnagiri(Uzhavar Sandhai ),STABLE,STABLE,72.54
2026-07-12,Krishnagiri(Uzhavar Sandhai ),STABLE,STABLE,71.83
2026-07-13,Krishnagiri(Uzhavar Sandhai ),STABLE,STABLE,81.74
2026-07-14,Krishnagiri(Uzhavar Sandhai ),STABLE,STABLE,78.14
2026-07-15,Krishnagiri(Uzhavar Sandhai ),STABLE,STABLE,78.62
2026-07-16,Krishnagiri(Uzhavar Sandhai ),STABLE,STABLE,77.87
2026-07-17,Krishnagiri(Uzhavar Sandhai ),INCREASING,STABLE,76.51
2026-07-18,Krishnagiri(Uzhavar Sandhai ),STABLE,STABLE,77.5
2026-07-19,Krishnagiri(Uzhavar Sandhai ),STABLE,STABLE,71.27
2026-07-20,Krishnagiri(Uzhavar Sandhai ),STABLE,STABLE,80.88
2026-07-21,Krishnagiri(Uzhavar Sandhai ),DECREASING,STABLE,79.07
2026-07-22,Krishnagiri(Uzhavar Sandhai ),STABLE,STABLE,75.7
2026-07-23,Krishnagiri(Uzhavar Sandhai ),STABLE,STABLE,74.71
2026-07-24,Krishnagiri(Uzhavar Sandhai ),STABLE,STABLE,77.94
2026-07-25,Krishnagiri(Uzhavar Sandhai ),STABLE,STABLE,70.99
2026-07-26,Krishnagiri(Uzhavar Sandhai ),STABLE,STABLE,69.96
2026-07-27,Krishnagiri(Uzhavar Sandhai ),STABLE,STABLE,80.67
2026-07-28,Krishnagiri(Uzhavar Sandhai ),DECREASING,STABLE,79.53
2026-07-29,Krishnagiri(Uzhavar Sandhai ),INCREASING,STABLE,70.37
2026-07-30,Krishnagiri(Uzhavar Sandhai ),STABLE,STABLE,75.48
2026-07-31,Krishnagiri(Uzhavar Sandhai ),INCREASING,STABLE,72.99
2026-08-01,Krishnagiri(Uzhavar Sandhai ),STABLE,STABLE,77.75
2026-08-02,Krishnagiri(Uzhavar Sandhai ),STABLE,STABLE,72.05
2026-08-03,Krishnagiri(Uzhavar Sandhai ),STABLE,STABLE,79.39
2026-08-04,Krishnagiri(Uzhavar Sandhai ),STABLE,STABLE,80.26
2026-08-05,Krishnagiri(Uzhavar Sandhai ),DECREASING,STABLE,78.3
2026-08-06,Krishnagiri(Uzhavar Sandhai ),INCREASING,STABLE,71.16
2026-08-07,Krishnagiri(Uzhavar Sandhai ),INCREASING,STABLE,69.01
2026-08-08,Krishnagiri(Uzhavar Sandhai ),STABLE,STABLE,78.72
2026-08-09,Krishnagiri(Uzhavar Sandhai ),STABLE,STABLE,72.27
2026-08-10,Krishnagiri(Uzhavar Sandhai ),STABLE,STABLE,82.33
2026-08-11,Krishnagiri(Uzhavar Sandhai ),STABLE,STABLE,80.69
2026-08-12,Krishnagiri(Uzhavar Sandhai ),STABLE,STABLE,78.34
2026-08-13,Krishnagiri(Uzhavar Sandhai ),STABLE,STABLE,78.05
2026-08-14,Krishnagiri(Uzhavar Sandhai ),STABLE,STABLE,68.72
2026-08-15,Krishnagiri(Uzhavar Sandhai ),STABLE,STABLE,71.81
2026-08-16,Krishnagiri(Uzhavar Sandhai ),STABLE,STABLE,71.1
2026-08-17,Krishnagiri(Uzhavar Sandhai ),STABLE,STABLE,80.97
2026-08-18,Krishnagiri(Uzhavar Sandhai ),STABLE,STABLE,78.86
2026-08-19,Krishnagiri(Uzhavar Sandhai ),STABLE,STABLE,76.18
2026-08-20,Krishnagiri(Uzhavar Sandhai ),INCREASING,STABLE,75.98
2026-08-21,Krishnagiri(Uzhavar Sandhai ),STABLE,STABLE,78.6
2026-08-22,Krishnagiri(Uzhavar Sandhai ),STABLE,STABLE,77.53
2026-08-23,Krishnagiri(Uzhavar Sandhai ),DECREASING,STABLE,68.67
2026-06-29,Kulithalai(Uzhavar Sandhai ),DECREASING,STABLE,83.99
2026-06-30,Kulithalai(Uzhavar Sandhai ),STABLE,STABLE,82.36
2026-07-01,Kulithalai(Uzhavar Sandhai ),STABLE,STABLE,84.21
2026-07-02,Kulithalai(Uzhavar Sandhai ),STABLE,STABLE,84.51
2026-07-03,Kulithalai(Uzhavar Sandhai ),STABLE,STABLE,81.67
2026-07-04,Kulithalai(Uzhavar Sandhai ),INCREASING,STABLE,82.49
2026-07-06,Kulithalai(Uzhavar Sandhai ),DECREASING,STABLE,85.92
2026-07-07,Kulithalai(Uzhavar Sandhai ),STABLE,STABLE,85.32
2026-07-08,Kulithalai(Uzhavar Sandhai ),STABLE,STABLE,84.78
2026-07-09,Kulithalai(Uzhavar Sandhai ),STABLE,STABLE,83.77
2026-07-10,Kulithalai(Uzhavar Sandhai ),STABLE,STABLE,81.71
2026-07-11,Kulithalai(Uzhavar Sandhai ),STABLE,STABLE,83.01
2026-07-12,Kulithalai(Uzhavar Sandhai ),STABLE,STABLE,80.0
2026-07-13,Kulithalai(Uzhavar Sandhai ),INCREASING,STABLE,84.36
2026-07-14,Kulithalai(Uzhavar Sandhai ),DECREASING,STABLE,84.11
2026-07-15,Kulithalai(Uzhavar Sandhai ),STABLE,STABLE,84.25
2026-07-16,Kulithalai(Uzhavar Sandhai ),STABLE,STABLE,83.01
2026-07-17,Kulithalai(Uzhavar Sandhai ),STABLE,STABLE,82.64
2026-07-18,Kulithalai(Uzhavar Sandhai ),STABLE,STABLE,81.98
2026-07-19,Kulithalai(Uzhavar Sandhai ),STABLE,STABLE,78.18
2026-07-20,Kulithalai(Uzhavar Sandhai ),STABLE,STABLE,83.44
2026-07-21,Kulithalai(Uzhavar Sandhai ),STABLE,STABLE,83.8
2026-07-22,Kulithalai(Uzhavar Sandhai ),STABLE,STABLE,83.16
2026-07-23,Kulithalai(Uzhavar Sandhai ),STABLE,STABLE,82.86
2026-07-24,Kulithalai(Uzhavar Sandhai ),STABLE,STABLE,82.06
2026-07-25,Kulithalai(Uzhavar Sandhai ),STABLE,STABLE,81.48
2026-07-26,Kulithalai(Uzhavar Sandhai ),STABLE,STABLE,76.68
2026-07-27,Kulithalai(Uzhavar Sandhai ),STABLE,STABLE,83.9
2026-07-28,Kulithalai(Uzhavar Sandhai ),STABLE,STABLE,83.38
2026-07-29,Kulithalai(Uzhavar Sandhai ),STABLE,STABLE,83.73
2026-07-30,Kulithalai(Uzhavar Sandhai ),STABLE,STABLE,82.81
2026-07-31,Kulithalai(Uzhavar Sandhai ),STABLE,STABLE,78.66
2026-08-01,Kulithalai(Uzhavar Sandhai ),STABLE,STABLE,83.09
2026-08-02,Kulithalai(Uzhavar Sandhai ),STABLE,STABLE,80.81
2026-08-03,Kulithalai(Uzhavar Sandhai ),STABLE,STABLE,85.77
2026-08-04,Kulithalai(Uzhavar Sandhai ),STABLE,STABLE,85.4
2026-08-05,Kulithalai(Uzhavar Sandhai ),STABLE,STABLE,85.15
2026-08-06,Kulithalai(Uzhavar Sandhai ),STABLE,STABLE,84.69
2026-08-07,Kulithalai(Uzhavar Sandhai ),STABLE,STABLE,82.6
2026-08-08,Kulithalai(Uzhavar Sandhai ),STABLE,STABLE,83.41
2026-08-09,Kulithalai(Uzhavar Sandhai ),DECREASING,STABLE,80.76
2026-08-10,Kulithalai(Uzhavar Sandhai ),STABLE,STABLE,83.65
2026-08-11,Kulithalai(Uzhavar Sandhai ),STABLE,STABLE,84.59
2026-08-12,Kulithalai(Uzhavar Sandhai ),STABLE,STABLE,85.13
2026-08-13,Kulithalai(Uzhavar Sandhai ),STABLE,STABLE,83.55
2026-08-14,Kulithalai(Uzhavar Sandhai ),STABLE,STABLE,80.34
2026-08-15,Kulithalai(Uzhavar Sandhai ),STABLE,STABLE,81.25
2026-08-16,Kulithalai(Uzhavar Sandhai ),STABLE,STABLE,78.09
2026-08-17,Kulithalai(Uzhavar Sandhai ),STABLE,STABLE,83.58
2026-08-18,Kulithalai(Uzhavar Sandhai ),INCREASING,STABLE,81.64
2026-08-19,Kulithalai(Uzhavar Sandhai ),STABLE,STABLE,83.9
2026-08-20,Kulithalai(Uzhavar Sandhai ),STABLE,STABLE,83.42
2026-08-21,Kulithalai(Uzhavar Sandhai ),INCREASING,STABLE,82.21
2026-08-22,Kulithalai(Uzhavar Sandhai ),STABLE,STABLE,81.5
2026-08-23,Kulithalai(Uzhavar Sandhai ),STABLE,STABLE,77.23
2026-06-30,Kumarapalayam(Uzhavar Sandhai ),STABLE,STABLE,70.12
2026-07-01,Kumarapalayam(Uzhavar Sandhai ),STABLE,STABLE,58.62
2026-07-02,Kumarapalayam(Uzhavar Sandhai ),DECREASING,STABLE,57.68
2026-07-03,Kumarapalayam(Uzhavar Sandhai ),STABLE,STABLE,48.93
2026-07-04,Kumarapalayam(Uzhavar Sandhai ),INCREASING,STABLE,65.25
2026-07-07,Kumarapalayam(Uzhavar Sandhai ),STABLE,STABLE,75.02
2026-07-08,Kumarapalayam(Uzhavar Sandhai ),DECREASING,STABLE,70.43
2026-07-09,Kumarapalayam(Uzhavar Sandhai ),INCREASING,STABLE,55.04
2026-07-10,Kumarapalayam(Uzhavar Sandhai ),STABLE,STABLE,68.57
2026-07-11,Kumarapalayam(Uzhavar Sandhai ),DECREASING,STABLE,68.79
2026-07-12,Kumarapalayam(Uzhavar Sandhai ),STABLE,STABLE,66.64
2026-07-13,Kumarapalayam(Uzhavar Sandhai ),INCREASING,STABLE,69.38
2026-07-14,Kumarapalayam(Uzhavar Sandhai ),DECREASING,STABLE,70.05
2026-07-15,Kumarapalayam(Uzhavar Sandhai ),STABLE,STABLE,66.89
2026-07-16,Kumarapalayam(Uzhavar Sandhai ),STABLE,STABLE,66.27
2026-07-17,Kumarapalayam(Uzhavar Sandhai ),STABLE,STABLE,54.53
2026-07-18,Kumarapalayam(Uzhavar Sandhai ),STABLE,STABLE,67.17
2026-07-19,Kumarapalayam(Uzhavar Sandhai ),STABLE,STABLE,66.55
2026-07-20,Kumarapalayam(Uzhavar Sandhai ),STABLE,STABLE,67.75
2026-07-21,Kumarapalayam(Uzhavar Sandhai ),STABLE,STABLE,68.31
2026-07-22,Kumarapalayam(Uzhavar Sandhai ),STABLE,STABLE,66.32
2026-07-23,Kumarapalayam(Uzhavar Sandhai ),STABLE,STABLE,68.26
2026-07-24,Kumarapalayam(Uzhavar Sandhai ),STABLE,STABLE,72.31
2026-07-25,Kumarapalayam(Uzhavar Sandhai ),DECREASING,STABLE,68.1
2026-07-26,Kumarapalayam(Uzhavar Sandhai ),STABLE,STABLE,65.87
2026-07-27,Kumarapalayam(Uzhavar Sandhai ),INCREASING,STABLE,67.64
2026-07-28,Kumarapalayam(Uzhavar Sandhai ),STABLE,STABLE,75.88
2026-07-29,Kumarapalayam(Uzhavar Sandhai ),STABLE,STABLE,63.52
2026-07-30,Kumarapalayam(Uzhavar Sandhai ),STABLE,STABLE,72.22
2026-07-31,Kumarapalayam(Uzhavar Sandhai ),INCREASING,STABLE,62.88
2026-08-01,Kumarapalayam(Uzhavar Sandhai ),STABLE,STABLE,74.6
2026-08-02,Kumarapalayam(Uzhavar Sandhai ),STABLE,STABLE,76.38
2026-08-03,Kumarapalayam(Uzhavar Sandhai ),DECREASING,STABLE,75.48
2026-08-04,Kumarapalayam(Uzhavar Sandhai ),STABLE,STABLE,54.32
2026-08-05,Kumarapalayam(Uzhavar Sandhai ),DECREASING,STABLE,52.21
2026-08-06,Kumarapalayam(Uzhavar Sandhai ),INCREASING,STABLE,48.61
2026-08-07,Kumarapalayam(Uzhavar Sandhai ),DECREASING,STABLE,51.45
2026-08-08,Kumarapalayam(Uzhavar Sandhai ),INCREASING,STABLE,51.98
2026-08-09,Kumarapalayam(Uzhavar Sandhai ),DECREASING,STABLE,54.49
2026-08-10,Kumarapalayam(Uzhavar Sandhai ),INCREASING,STABLE,53.78
2026-08-11,Kumarapalayam(Uzhavar Sandhai ),INCREASING,STABLE,56.89
2026-08-12,Kumarapalayam(Uzhavar Sandhai ),STABLE,STABLE,70.55
2026-08-13,Kumarapalayam(Uzhavar Sandhai ),STABLE,STABLE,74.13
2026-08-14,Kumarapalayam(Uzhavar Sandhai ),STABLE,STABLE,72.52
2026-08-15,Kumarapalayam(Uzhavar Sandhai ),STABLE,STABLE,68.68
2026-08-16,Kumarapalayam(Uzhavar Sandhai ),INCREASING,STABLE,68.08
2026-08-17,Kumarapalayam(Uzhavar Sandhai ),STABLE,STABLE,68.5
2026-08-18,Kumarapalayam(Uzhavar Sandhai ),DECREASING,STABLE,74.9
2026-08-19,Kumarapalayam(Uzhavar Sandhai ),INCREASING,STABLE,67.23
2026-08-20,Kumarapalayam(Uzhavar Sandhai ),STABLE,STABLE,59.6
2026-08-21,Kumarapalayam(Uzhavar Sandhai ),DECREASING,STABLE,70.02
2026-08-22,Kumarapalayam(Uzhavar Sandhai ),STABLE,STABLE,51.66
2026-08-23,Kumarapalayam(Uzhavar Sandhai ),DECREASING,STABLE,63.42
2026-06-29,Kumbakonam (Uzhavar Sandhai ),INCREASING,STABLE,79.16
2026-06-30,Kumbakonam (Uzhavar Sandhai ),DECREASING,STABLE,79.7
2026-07-01,Kumbakonam (Uzhavar Sandhai ),STABLE,STABLE,78.25
2026-07-02,Kumbakonam (Uzhavar Sandhai ),DECREASING,STABLE,80.63
2026-07-03,Kumbakonam (Uzhavar Sandhai ),STABLE,STABLE,75.87
2026-07-04,Kumbakonam (Uzhavar Sandhai ),STABLE,STABLE,76.07
2026-07-05,Kumbakonam (Uzhavar Sandhai ),STABLE,STABLE,78.99
2026-07-06,Kumbakonam (Uzhavar Sandhai ),INCREASING,STABLE,79.5
2026-07-07,Kumbakonam (Uzhavar Sandhai ),STABLE,STABLE,80.86
2026-07-08,Kumbakonam (Uzhavar Sandhai ),STABLE,STABLE,80.82
2026-07-09,Kumbakonam (Uzhavar Sandhai ),STABLE,STABLE,79.67
2026-07-10,Kumbakonam (Uzhavar Sandhai ),INCREASING,STABLE,75.95
2026-07-11,Kumbakonam (Uzhavar Sandhai ),STABLE,STABLE,80.51
2026-07-12,Kumbakonam (Uzhavar Sandhai ),STABLE,STABLE,82.13
2026-07-13,Kumbakonam (Uzhavar Sandhai ),STABLE,STABLE,80.14
2026-07-14,Kumbakonam (Uzhavar Sandhai ),STABLE,STABLE,80.04
2026-07-15,Kumbakonam (Uzhavar Sandhai ),STABLE,STABLE,80.29
2026-07-16,Kumbakonam (Uzhavar Sandhai ),STABLE,STABLE,77.17
2026-07-17,Kumbakonam (Uzhavar Sandhai ),STABLE,STABLE,77.04
2026-07-18,Kumbakonam (Uzhavar Sandhai ),STABLE,STABLE,79.43
2026-07-19,Kumbakonam (Uzhavar Sandhai ),STABLE,STABLE,81.17
2026-07-20,Kumbakonam (Uzhavar Sandhai ),STABLE,STABLE,81.11
2026-07-21,Kumbakonam (Uzhavar Sandhai ),STABLE,STABLE,77.56
2026-07-22,Kumbakonam (Uzhavar Sandhai ),STABLE,STABLE,76.7
2026-07-23,Kumbakonam (Uzhavar Sandhai ),INCREASING,STABLE,75.07
2026-07-24,Kumbakonam (Uzhavar Sandhai ),STABLE,STABLE,79.49
2026-07-25,Kumbakonam (Uzhavar Sandhai ),STABLE,STABLE,76.9
2026-07-26,Kumbakonam (Uzhavar Sandhai ),STABLE,STABLE,79.09
2026-07-27,Kumbakonam (Uzhavar Sandhai ),DECREASING,STABLE,81.32
2026-07-28,Kumbakonam (Uzhavar Sandhai ),INCREASING,STABLE,76.24
2026-07-29,Kumbakonam (Uzhavar Sandhai ),STABLE,STABLE,79.5
2026-07-30,Kumbakonam (Uzhavar Sandhai ),STABLE,STABLE,78.93
2026-07-31,Kumbakonam (Uzhavar Sandhai ),STABLE,STABLE,73.7
2026-08-01,Kumbakonam (Uzhavar Sandhai ),STABLE,STABLE,77.35
2026-08-02,Kumbakonam (Uzhavar Sandhai ),STABLE,STABLE,82.07
2026-08-03,Kumbakonam (Uzhavar Sandhai ),STABLE,STABLE,79.17
2026-08-04,Kumbakonam (Uzhavar Sandhai ),STABLE,STABLE,80.52
2026-08-05,Kumbakonam (Uzhavar Sandhai ),STABLE,STABLE,80.26
2026-08-06,Kumbakonam (Uzhavar Sandhai ),DECREASING,STABLE,79.91
2026-08-07,Kumbakonam (Uzhavar Sandhai ),INCREASING,STABLE,75.52
2026-08-08,Kumbakonam (Uzhavar Sandhai ),DECREASING,STABLE,80.26
2026-08-09,Kumbakonam (Uzhavar Sandhai ),INCREASING,STABLE,78.54
2026-08-10,Kumbakonam (Uzhavar Sandhai ),STABLE,STABLE,81.59
2026-08-11,Kumbakonam (Uzhavar Sandhai ),STABLE,STABLE,80.3
2026-08-12,Kumbakonam (Uzhavar Sandhai ),STABLE,STABLE,80.12
2026-08-13,Kumbakonam (Uzhavar Sandhai ),STABLE,STABLE,79.76
2026-08-14,Kumbakonam (Uzhavar Sandhai ),STABLE,STABLE,78.29
2026-08-15,Kumbakonam (Uzhavar Sandhai ),STABLE,STABLE,77.07
2026-08-16,Kumbakonam (Uzhavar Sandhai ),STABLE,STABLE,77.93
2026-08-17,Kumbakonam (Uzhavar Sandhai ),INCREASING,STABLE,77.38
2026-08-18,Kumbakonam (Uzhavar Sandhai ),STABLE,STABLE,80.14
2026-08-19,Kumbakonam (Uzhavar Sandhai ),DECREASING,STABLE,79.68
2026-08-20,Kumbakonam (Uzhavar Sandhai ),STABLE,STABLE,77.11
2026-08-21,Kumbakonam (Uzhavar Sandhai ),STABLE,STABLE,75.06
2026-08-22,Kumbakonam (Uzhavar Sandhai ),STABLE,STABLE,76.25
2026-08-23,Kumbakonam (Uzhavar Sandhai ),STABLE,STABLE,79.49
2026-06-29,Kundrathur(Uzhavar Sandhai ),STABLE,STABLE,80.78
2026-06-30,Kundrathur(Uzhavar Sandhai ),STABLE,STABLE,78.59
2026-07-01,Kundrathur(Uzhavar Sandhai ),STABLE,STABLE,83.79
2026-07-02,Kundrathur(Uzhavar Sandhai ),STABLE,STABLE,84.22
2026-07-03,Kundrathur(Uzhavar Sandhai ),STABLE,STABLE,84.1
2026-07-04,Kundrathur(Uzhavar Sandhai ),STABLE,STABLE,82.2
2026-07-05,Kundrathur(Uzhavar Sandhai ),STABLE,STABLE,79.48
2026-07-06,Kundrathur(Uzhavar Sandhai ),STABLE,STABLE,84.95
2026-07-07,Kundrathur(Uzhavar Sandhai ),STABLE,STABLE,82.01
2026-07-08,Kundrathur(Uzhavar Sandhai ),STABLE,STABLE,82.44
2026-07-09,Kundrathur(Uzhavar Sandhai ),STABLE,STABLE,84.2
2026-07-10,Kundrathur(Uzhavar Sandhai ),STABLE,STABLE,84.08
2026-07-11,Kundrathur(Uzhavar Sandhai ),STABLE,STABLE,84.09
2026-07-12,Kundrathur(Uzhavar Sandhai ),STABLE,STABLE,82.74
2026-07-13,Kundrathur(Uzhavar Sandhai ),STABLE,STABLE,84.52
2026-07-14,Kundrathur(Uzhavar Sandhai ),STABLE,STABLE,84.15
2026-07-15,Kundrathur(Uzhavar Sandhai ),STABLE,STABLE,83.96
2026-07-16,Kundrathur(Uzhavar Sandhai ),STABLE,STABLE,83.83
2026-07-17,Kundrathur(Uzhavar Sandhai ),STABLE,STABLE,83.67
2026-07-18,Kundrathur(Uzhavar Sandhai ),STABLE,STABLE,83.87
2026-07-19,Kundrathur(Uzhavar Sandhai ),STABLE,STABLE,83.43
2026-07-20,Kundrathur(Uzhavar Sandhai ),STABLE,STABLE,84.25
2026-07-21,Kundrathur(Uzhavar Sandhai ),STABLE,STABLE,84.0
2026-07-22,Kundrathur(Uzhavar Sandhai ),STABLE,STABLE,84.06
2026-07-23,Kundrathur(Uzhavar Sandhai ),STABLE,STABLE,83.68
2026-07-24,Kundrathur(Uzhavar Sandhai ),STABLE,STABLE,83.57
2026-07-25,Kundrathur(Uzhavar Sandhai ),STABLE,STABLE,83.92
2026-07-26,Kundrathur(Uzhavar Sandhai ),STABLE,STABLE,82.68
2026-07-27,Kundrathur(Uzhavar Sandhai ),STABLE,STABLE,81.36
2026-07-28,Kundrathur(Uzhavar Sandhai ),STABLE,STABLE,80.39
2026-07-29,Kundrathur(Uzhavar Sandhai ),STABLE,STABLE,80.43
2026-07-30,Kundrathur(Uzhavar Sandhai ),STABLE,STABLE,80.09
2026-07-31,Kundrathur(Uzhavar Sandhai ),STABLE,STABLE,78.39
2026-08-01,Kundrathur(Uzhavar Sandhai ),STABLE,STABLE,84.2
2026-08-02,Kundrathur(Uzhavar Sandhai ),STABLE,STABLE,83.79
2026-08-03,Kundrathur(Uzhavar Sandhai ),STABLE,STABLE,84.92
2026-08-04,Kundrathur(Uzhavar Sandhai ),STABLE,STABLE,84.76
2026-08-05,Kundrathur(Uzhavar Sandhai ),STABLE,STABLE,84.72
2026-08-06,Kundrathur(Uzhavar Sandhai ),STABLE,STABLE,84.17
2026-08-07,Kundrathur(Uzhavar Sandhai ),STABLE,STABLE,84.11
2026-08-08,Kundrathur(Uzhavar Sandhai ),STABLE,STABLE,84.26
2026-08-09,Kundrathur(Uzhavar Sandhai ),STABLE,STABLE,83.76
2026-08-10,Kundrathur(Uzhavar Sandhai ),STABLE,STABLE,84.98
2026-08-11,Kundrathur(Uzhavar Sandhai ),STABLE,STABLE,84.51
2026-08-12,Kundrathur(Uzhavar Sandhai ),STABLE,STABLE,84.35
2026-08-13,Kundrathur(Uzhavar Sandhai ),STABLE,STABLE,84.12
2026-08-14,Kundrathur(Uzhavar Sandhai ),STABLE,STABLE,83.79
2026-08-15,Kundrathur(Uzhavar Sandhai ),STABLE,STABLE,84.01
2026-08-16,Kundrathur(Uzhavar Sandhai ),STABLE,STABLE,83.56
2026-08-17,Kundrathur(Uzhavar Sandhai ),STABLE,STABLE,84.5
2026-08-18,Kundrathur(Uzhavar Sandhai ),STABLE,STABLE,84.28
2026-08-19,Kundrathur(Uzhavar Sandhai ),STABLE,STABLE,84.1
2026-08-20,Kundrathur(Uzhavar Sandhai ),STABLE,STABLE,83.79
2026-08-21,Kundrathur(Uzhavar Sandhai ),STABLE,STABLE,83.61
2026-08-22,Kundrathur(Uzhavar Sandhai ),STABLE,STABLE,83.41
2026-08-23,Kundrathur(Uzhavar Sandhai ),STABLE,STABLE,83.28
2026-06-29,Kurichi(Uzhavar Sandhai ),INCREASING,STABLE,73.33
2026-06-30,Kurichi(Uzhavar Sandhai ),STABLE,STABLE,73.35
2026-07-01,Kurichi(Uzhavar Sandhai ),STABLE,STABLE,75.77
2026-07-02,Kurichi(Uzhavar Sandhai ),STABLE,STABLE,74.6
2026-07-03,Kurichi(Uzhavar Sandhai ),STABLE,STABLE,75.48
2026-07-04,Kurichi(Uzhavar Sandhai ),INCREASING,STABLE,75.54
2026-07-05,Kurichi(Uzhavar Sandhai ),STABLE,STABLE,74.89
2026-07-06,Kurichi(Uzhavar Sandhai ),STABLE,STABLE,76.34
2026-07-07,Kurichi(Uzhavar Sandhai ),STABLE,STABLE,75.04
2026-07-08,Kurichi(Uzhavar Sandhai ),STABLE,STABLE,76.63
2026-07-09,Kurichi(Uzhavar Sandhai ),STABLE,STABLE,75.33
2026-07-10,Kurichi(Uzhavar Sandhai ),STABLE,STABLE,75.69
2026-07-11,Kurichi(Uzhavar Sandhai ),STABLE,STABLE,75.83
2026-07-12,Kurichi(Uzhavar Sandhai ),STABLE,STABLE,74.35
2026-07-13,Kurichi(Uzhavar Sandhai ),STABLE,STABLE,75.03
2026-07-14,Kurichi(Uzhavar Sandhai ),STABLE,STABLE,72.97
2026-07-15,Kurichi(Uzhavar Sandhai ),STABLE,STABLE,75.56
2026-07-16,Kurichi(Uzhavar Sandhai ),STABLE,STABLE,74.85
2026-07-17,Kurichi(Uzhavar Sandhai ),INCREASING,STABLE,70.08
2026-07-18,Kurichi(Uzhavar Sandhai ),STABLE,STABLE,74.68
2026-07-19,Kurichi(Uzhavar Sandhai ),STABLE,STABLE,73.55
2026-07-20,Kurichi(Uzhavar Sandhai ),STABLE,STABLE,75.68
2026-07-21,Kurichi(Uzhavar Sandhai ),STABLE,STABLE,74.04
2026-07-22,Kurichi(Uzhavar Sandhai ),STABLE,STABLE,75.07
2026-07-23,Kurichi(Uzhavar Sandhai ),STABLE,STABLE,73.82
2026-07-24,Kurichi(Uzhavar Sandhai ),STABLE,STABLE,73.52
2026-07-25,Kurichi(Uzhavar Sandhai ),STABLE,STABLE,74.59
2026-07-26,Kurichi(Uzhavar Sandhai ),STABLE,STABLE,73.25
2026-07-27,Kurichi(Uzhavar Sandhai ),INCREASING,STABLE,73.65
2026-07-28,Kurichi(Uzhavar Sandhai ),STABLE,STABLE,73.58
2026-07-29,Kurichi(Uzhavar Sandhai ),STABLE,STABLE,74.97
2026-07-30,Kurichi(Uzhavar Sandhai ),INCREASING,STABLE,73.07
2026-07-31,Kurichi(Uzhavar Sandhai ),STABLE,STABLE,72.96
2026-08-01,Kurichi(Uzhavar Sandhai ),STABLE,STABLE,76.73
2026-08-02,Kurichi(Uzhavar Sandhai ),STABLE,STABLE,74.31
2026-08-03,Kurichi(Uzhavar Sandhai ),STABLE,STABLE,75.22
2026-08-04,Kurichi(Uzhavar Sandhai ),STABLE,STABLE,74.32
2026-08-05,Kurichi(Uzhavar Sandhai ),INCREASING,STABLE,74.33
2026-08-06,Kurichi(Uzhavar Sandhai ),STABLE,STABLE,74.46
2026-08-07,Kurichi(Uzhavar Sandhai ),STABLE,STABLE,74.69
2026-08-08,Kurichi(Uzhavar Sandhai ),STABLE,STABLE,75.43
2026-08-09,Kurichi(Uzhavar Sandhai ),STABLE,STABLE,73.22
2026-08-10,Kurichi(Uzhavar Sandhai ),STABLE,STABLE,71.74
2026-08-11,Kurichi(Uzhavar Sandhai ),STABLE,STABLE,71.06
2026-08-12,Kurichi(Uzhavar Sandhai ),STABLE,STABLE,74.08
2026-08-13,Kurichi(Uzhavar Sandhai ),STABLE,STABLE,73.01
2026-08-14,Kurichi(Uzhavar Sandhai ),STABLE,STABLE,72.66
2026-08-15,Kurichi(Uzhavar Sandhai ),DECREASING,STABLE,74.25
2026-08-16,Kurichi(Uzhavar Sandhai ),STABLE,STABLE,72.43
2026-08-17,Kurichi(Uzhavar Sandhai ),STABLE,STABLE,72.32
2026-08-18,Kurichi(Uzhavar Sandhai ),STABLE,STABLE,73.14
2026-08-19,Kurichi(Uzhavar Sandhai ),STABLE,STABLE,74.06
2026-08-20,Kurichi(Uzhavar Sandhai ),STABLE,STABLE,75.74
2026-08-21,Kurichi(Uzhavar Sandhai ),STABLE,STABLE,74.72
2026-08-22,Kurichi(Uzhavar Sandhai ),STABLE,STABLE,75.16
2026-08-23,Kurichi(Uzhavar Sandhai ),STABLE,STABLE,73.65
2026-06-29,Lalgudi(Uzhavar Sandhai ),STABLE,STABLE,90.47
2026-06-30,Lalgudi(Uzhavar Sandhai ),STABLE,STABLE,89.43
2026-07-01,Lalgudi(Uzhavar Sandhai ),STABLE,STABLE,88.64
2026-07-02,Lalgudi(Uzhavar Sandhai ),STABLE,STABLE,88.33
2026-07-03,Lalgudi(Uzhavar Sandhai ),STABLE,STABLE,89.26
2026-07-04,Lalgudi(Uzhavar Sandhai ),STABLE,STABLE,89.35
2026-07-05,Lalgudi(Uzhavar Sandhai ),STABLE,STABLE,88.7
2026-07-06,Lalgudi(Uzhavar Sandhai ),STABLE,STABLE,90.29
2026-07-07,Lalgudi(Uzhavar Sandhai ),STABLE,STABLE,90.69
2026-07-08,Lalgudi(Uzhavar Sandhai ),STABLE,STABLE,90.04
2026-07-09,Lalgudi(Uzhavar Sandhai ),STABLE,STABLE,88.23
2026-07-10,Lalgudi(Uzhavar Sandhai ),STABLE,STABLE,87.88
2026-07-11,Lalgudi(Uzhavar Sandhai ),STABLE,STABLE,89.19
2026-07-12,Lalgudi(Uzhavar Sandhai ),STABLE,STABLE,89.36
2026-07-13,Lalgudi(Uzhavar Sandhai ),STABLE,STABLE,90.9
2026-07-14,Lalgudi(Uzhavar Sandhai ),STABLE,STABLE,89.59
2026-07-15,Lalgudi(Uzhavar Sandhai ),STABLE,STABLE,87.98
2026-07-16,Lalgudi(Uzhavar Sandhai ),STABLE,STABLE,87.24
2026-07-17,Lalgudi(Uzhavar Sandhai ),STABLE,STABLE,89.13
2026-07-18,Lalgudi(Uzhavar Sandhai ),STABLE,STABLE,89.24
2026-07-19,Lalgudi(Uzhavar Sandhai ),STABLE,STABLE,88.7
2026-07-20,Lalgudi(Uzhavar Sandhai ),STABLE,STABLE,90.43
2026-07-21,Lalgudi(Uzhavar Sandhai ),STABLE,STABLE,90.18
2026-07-22,Lalgudi(Uzhavar Sandhai ),STABLE,STABLE,87.49
2026-07-23,Lalgudi(Uzhavar Sandhai ),STABLE,STABLE,87.16
2026-07-24,Lalgudi(Uzhavar Sandhai ),STABLE,STABLE,89.07
2026-07-25,Lalgudi(Uzhavar Sandhai ),STABLE,STABLE,89.19
2026-07-26,Lalgudi(Uzhavar Sandhai ),STABLE,STABLE,88.59
2026-07-27,Lalgudi(Uzhavar Sandhai ),STABLE,STABLE,90.45
2026-07-28,Lalgudi(Uzhavar Sandhai ),STABLE,STABLE,90.22
2026-07-29,Lalgudi(Uzhavar Sandhai ),STABLE,STABLE,88.64
2026-07-30,Lalgudi(Uzhavar Sandhai ),STABLE,STABLE,89.45
2026-07-31,Lalgudi(Uzhavar Sandhai ),STABLE,STABLE,88.48
2026-08-01,Lalgudi(Uzhavar Sandhai ),STABLE,STABLE,89.61
2026-08-02,Lalgudi(Uzhavar Sandhai ),STABLE,STABLE,89.23
2026-08-03,Lalgudi(Uzhavar Sandhai ),STABLE,STABLE,90.79
2026-08-04,Lalgudi(Uzhavar Sandhai ),STABLE,STABLE,90.72
2026-08-05,Lalgudi(Uzhavar Sandhai ),STABLE,STABLE,89.34
2026-08-06,Lalgudi(Uzhavar Sandhai ),STABLE,STABLE,89.37
2026-08-07,Lalgudi(Uzhavar Sandhai ),STABLE,STABLE,89.86
2026-08-08,Lalgudi(Uzhavar Sandhai ),STABLE,STABLE,89.9
2026-08-09,Lalgudi(Uzhavar Sandhai ),STABLE,STABLE,89.42
2026-08-10,Lalgudi(Uzhavar Sandhai ),STABLE,STABLE,91.0
2026-08-11,Lalgudi(Uzhavar Sandhai ),STABLE,STABLE,90.71
2026-08-12,Lalgudi(Uzhavar Sandhai ),STABLE,STABLE,89.17
2026-08-13,Lalgudi(Uzhavar Sandhai ),STABLE,STABLE,88.74
2026-08-14,Lalgudi(Uzhavar Sandhai ),STABLE,STABLE,89.09
2026-08-15,Lalgudi(Uzhavar Sandhai ),STABLE,STABLE,89.09
2026-08-16,Lalgudi(Uzhavar Sandhai ),STABLE,STABLE,88.36
2026-08-17,Lalgudi(Uzhavar Sandhai ),STABLE,STABLE,90.35
2026-08-18,Lalgudi(Uzhavar Sandhai ),STABLE,STABLE,90.15
2026-08-19,Lalgudi(Uzhavar Sandhai ),STABLE,STABLE,87.79
2026-08-20,Lalgudi(Uzhavar Sandhai ),STABLE,STABLE,88.06
2026-08-21,Lalgudi(Uzhavar Sandhai ),STABLE,STABLE,89.15
2026-08-22,Lalgudi(Uzhavar Sandhai ),STABLE,STABLE,88.98
2026-08-23,Lalgudi(Uzhavar Sandhai ),STABLE,STABLE,88.52
2026-06-29,Madhuranthagam(Uzhavar Sandhai ),INCREASING,STABLE,53.72
2026-06-30,Madhuranthagam(Uzhavar Sandhai ),DECREASING,STABLE,71.17
2026-07-01,Madhuranthagam(Uzhavar Sandhai ),STABLE,STABLE,53.43
2026-07-02,Madhuranthagam(Uzhavar Sandhai ),STABLE,STABLE,53.44
2026-07-03,Madhuranthagam(Uzhavar Sandhai ),STABLE,STABLE,53.46
2026-07-06,Madhuranthagam(Uzhavar Sandhai ),STABLE,STABLE,55.62
2026-07-07,Madhuranthagam(Uzhavar Sandhai ),INCREASING,STABLE,54.66
2026-07-08,Madhuranthagam(Uzhavar Sandhai ),STABLE,STABLE,72.26
2026-07-09,Madhuranthagam(Uzhavar Sandhai ),STABLE,STABLE,71.4
2026-07-10,Madhuranthagam(Uzhavar Sandhai ),DECREASING,STABLE,71.35
2026-07-11,Madhuranthagam(Uzhavar Sandhai ),INCREASING,STABLE,53.85
2026-07-12,Madhuranthagam(Uzhavar Sandhai ),STABLE,STABLE,71.44
2026-07-13,Madhuranthagam(Uzhavar Sandhai ),DECREASING,STABLE,72.13
2026-07-14,Madhuranthagam(Uzhavar Sandhai ),INCREASING,STABLE,57.06
2026-07-15,Madhuranthagam(Uzhavar Sandhai ),STABLE,STABLE,70.9
2026-07-16,Madhuranthagam(Uzhavar Sandhai ),STABLE,STABLE,70.43
2026-07-17,Madhuranthagam(Uzhavar Sandhai ),STABLE,STABLE,70.24
2026-07-18,Madhuranthagam(Uzhavar Sandhai ),DECREASING,STABLE,70.51
2026-07-19,Madhuranthagam(Uzhavar Sandhai ),INCREASING,STABLE,49.46
2026-07-20,Madhuranthagam(Uzhavar Sandhai ),STABLE,STABLE,71.16
2026-07-21,Madhuranthagam(Uzhavar Sandhai ),STABLE,STABLE,71.14
2026-07-22,Madhuranthagam(Uzhavar Sandhai ),STABLE,STABLE,70.85
2026-07-23,Madhuranthagam(Uzhavar Sandhai ),STABLE,STABLE,70.94
2026-07-24,Madhuranthagam(Uzhavar Sandhai ),DECREASING,STABLE,70.99
2026-07-25,Madhuranthagam(Uzhavar Sandhai ),INCREASING,STABLE,53.93
2026-07-26,Madhuranthagam(Uzhavar Sandhai ),DECREASING,STABLE,72.43
2026-07-27,Madhuranthagam(Uzhavar Sandhai ),STABLE,STABLE,54.47
2026-07-28,Madhuranthagam(Uzhavar Sandhai ),INCREASING,STABLE,55.93
2026-07-29,Madhuranthagam(Uzhavar Sandhai ),STABLE,STABLE,72.3
2026-07-30,Madhuranthagam(Uzhavar Sandhai ),DECREASING,STABLE,71.03
2026-07-31,Madhuranthagam(Uzhavar Sandhai ),STABLE,STABLE,51.7
2026-08-01,Madhuranthagam(Uzhavar Sandhai ),STABLE,STABLE,54.03
2026-08-02,Madhuranthagam(Uzhavar Sandhai ),STABLE,STABLE,56.05
2026-08-03,Madhuranthagam(Uzhavar Sandhai ),STABLE,STABLE,55.76
2026-08-04,Madhuranthagam(Uzhavar Sandhai ),STABLE,STABLE,53.68
2026-08-05,Madhuranthagam(Uzhavar Sandhai ),STABLE,STABLE,55.62
2026-08-06,Madhuranthagam(Uzhavar Sandhai ),STABLE,STABLE,54.75
2026-08-07,Madhuranthagam(Uzhavar Sandhai ),STABLE,STABLE,54.95
2026-08-08,Madhuranthagam(Uzhavar Sandhai ),STABLE,STABLE,55.1
2026-08-09,Madhuranthagam(Uzhavar Sandhai ),STABLE,STABLE,54.82
2026-08-10,Madhuranthagam(Uzhavar Sandhai ),INCREASING,STABLE,56.26
2026-08-11,Madhuranthagam(Uzhavar Sandhai ),STABLE,STABLE,72.92
2026-08-12,Madhuranthagam(Uzhavar Sandhai ),DECREASING,STABLE,72.77
2026-08-13,Madhuranthagam(Uzhavar Sandhai ),STABLE,STABLE,54.08
2026-08-14,Madhuranthagam(Uzhavar Sandhai ),INCREASING,STABLE,54.01
2026-08-15,Madhuranthagam(Uzhavar Sandhai ),DECREASING,STABLE,71.71
2026-08-16,Madhuranthagam(Uzhavar Sandhai ),INCREASING,STABLE,55.69
2026-08-17,Madhuranthagam(Uzhavar Sandhai ),STABLE,STABLE,72.92
2026-08-18,Madhuranthagam(Uzhavar Sandhai ),STABLE,STABLE,72.47
2026-08-19,Madhuranthagam(Uzhavar Sandhai ),DECREASING,STABLE,72.27
2026-08-20,Madhuranthagam(Uzhavar Sandhai ),INCREASING,STABLE,52.46
2026-08-21,Madhuranthagam(Uzhavar Sandhai ),DECREASING,STABLE,71.24
2026-08-22,Madhuranthagam(Uzhavar Sandhai ),INCREASING,STABLE,53.23
2026-08-23,Madhuranthagam(Uzhavar Sandhai ),STABLE,STABLE,71.96
2026-06-29,Manachanallur(Uzhavar Sandhai ),INCREASING,STABLE,59.82
2026-06-30,Manachanallur(Uzhavar Sandhai ),STABLE,STABLE,67.07
2026-07-01,Manachanallur(Uzhavar Sandhai ),DECREASING,STABLE,64.93
2026-07-02,Manachanallur(Uzhavar Sandhai ),INCREASING,STABLE,56.19
2026-07-03,Manachanallur(Uzhavar Sandhai ),DECREASING,STABLE,64.95
2026-07-04,Manachanallur(Uzhavar Sandhai ),STABLE,STABLE,60.05
2026-07-05,Manachanallur(Uzhavar Sandhai ),INCREASING,STABLE,53.05
2026-07-06,Manachanallur(Uzhavar Sandhai ),STABLE,STABLE,69.83
2026-07-07,Manachanallur(Uzhavar Sandhai ),STABLE,STABLE,69.34
2026-07-08,Manachanallur(Uzhavar Sandhai ),DECREASING,STABLE,65.05
2026-07-09,Manachanallur(Uzhavar Sandhai ),INCREASING,STABLE,59.16
2026-07-10,Manachanallur(Uzhavar Sandhai ),STABLE,STABLE,66.14
2026-07-11,Manachanallur(Uzhavar Sandhai ),STABLE,STABLE,65.67
2026-07-12,Manachanallur(Uzhavar Sandhai ),STABLE,STABLE,62.11
2026-07-13,Manachanallur(Uzhavar Sandhai ),INCREASING,STABLE,69.46
2026-07-14,Manachanallur(Uzhavar Sandhai ),DECREASING,STABLE,72.0
2026-07-15,Manachanallur(Uzhavar Sandhai ),STABLE,STABLE,60.09
2026-07-16,Manachanallur(Uzhavar Sandhai ),INCREASING,STABLE,59.48
2026-07-17,Manachanallur(Uzhavar Sandhai ),STABLE,STABLE,65.06
2026-07-18,Manachanallur(Uzhavar Sandhai ),DECREASING,STABLE,69.2
2026-07-19,Manachanallur(Uzhavar Sandhai ),INCREASING,STABLE,50.66
2026-07-20,Manachanallur(Uzhavar Sandhai ),DECREASING,STABLE,71.21
2026-07-21,Manachanallur(Uzhavar Sandhai ),INCREASING,STABLE,62.34
2026-07-22,Manachanallur(Uzhavar Sandhai ),INCREASING,STABLE,57.89
2026-07-23,Manachanallur(Uzhavar Sandhai ),DECREASING,STABLE,68.37
2026-07-24,Manachanallur(Uzhavar Sandhai ),INCREASING,STABLE,59.16
2026-07-25,Manachanallur(Uzhavar Sandhai ),DECREASING,STABLE,66.06
2026-07-26,Manachanallur(Uzhavar Sandhai ),INCREASING,STABLE,49.71
2026-07-27,Manachanallur(Uzhavar Sandhai ),STABLE,STABLE,67.64
2026-07-28,Manachanallur(Uzhavar Sandhai ),STABLE,STABLE,62.44
2026-07-29,Manachanallur(Uzhavar Sandhai ),STABLE,STABLE,66.1
2026-07-30,Manachanallur(Uzhavar Sandhai ),DECREASING,STABLE,68.35
2026-07-31,Manachanallur(Uzhavar Sandhai ),INCREASING,STABLE,42.22
2026-08-01,Manachanallur(Uzhavar Sandhai ),DECREASING,STABLE,58.23
2026-08-02,Manachanallur(Uzhavar Sandhai ),INCREASING,STABLE,41.23
2026-08-03,Manachanallur(Uzhavar Sandhai ),DECREASING,STABLE,74.41
2026-08-04,Manachanallur(Uzhavar Sandhai ),INCREASING,STABLE,63.65
2026-08-05,Manachanallur(Uzhavar Sandhai ),INCREASING,STABLE,64.18
2026-08-06,Manachanallur(Uzhavar Sandhai ),DECREASING,STABLE,72.47
2026-08-07,Manachanallur(Uzhavar Sandhai ),INCREASING,STABLE,58.22
2026-08-08,Manachanallur(Uzhavar Sandhai ),DECREASING,STABLE,69.63
2026-08-09,Manachanallur(Uzhavar Sandhai ),INCREASING,STABLE,51.56
2026-08-10,Manachanallur(Uzhavar Sandhai ),DECREASING,STABLE,62.11
2026-08-11,Manachanallur(Uzhavar Sandhai ),INCREASING,STABLE,61.9
2026-08-12,Manachanallur(Uzhavar Sandhai ),DECREASING,STABLE,60.93
2026-08-13,Manachanallur(Uzhavar Sandhai ),INCREASING,STABLE,55.32
2026-08-14,Manachanallur(Uzhavar Sandhai ),DECREASING,STABLE,68.36
2026-08-15,Manachanallur(Uzhavar Sandhai ),DECREASING,STABLE,56.04
2026-08-16,Manachanallur(Uzhavar Sandhai ),STABLE,STABLE,50.23
2026-08-17,Manachanallur(Uzhavar Sandhai ),DECREASING,STABLE,60.38
2026-08-18,Manachanallur(Uzhavar Sandhai ),INCREASING,STABLE,59.06
2026-08-19,Manachanallur(Uzhavar Sandhai ),INCREASING,STABLE,58.64
2026-08-20,Manachanallur(Uzhavar Sandhai ),DECREASING,STABLE,65.07
2026-08-21,Manachanallur(Uzhavar Sandhai ),INCREASING,STABLE,56.27
2026-08-22,Manachanallur(Uzhavar Sandhai ),DECREASING,STABLE,56.09
2026-08-23,Manachanallur(Uzhavar Sandhai ),INCREASING,STABLE,48.21
2026-06-29,Manapparai(Uzhavar Sandhai ),STABLE,STABLE,90.06
2026-06-30,Manapparai(Uzhavar Sandhai ),STABLE,STABLE,89.86
2026-07-01,Manapparai(Uzhavar Sandhai ),STABLE,STABLE,90.38
2026-07-02,Manapparai(Uzhavar Sandhai ),STABLE,STABLE,90.72
2026-07-03,Manapparai(Uzhavar Sandhai ),STABLE,STABLE,89.61
2026-07-04,Manapparai(Uzhavar Sandhai ),STABLE,STABLE,89.54
2026-07-05,Manapparai(Uzhavar Sandhai ),STABLE,STABLE,88.48
2026-07-06,Manapparai(Uzhavar Sandhai ),STABLE,STABLE,90.42
2026-07-07,Manapparai(Uzhavar Sandhai ),STABLE,STABLE,90.26
2026-07-08,Manapparai(Uzhavar Sandhai ),STABLE,STABLE,90.51
2026-07-09,Manapparai(Uzhavar Sandhai ),STABLE,STABLE,90.07
2026-07-10,Manapparai(Uzhavar Sandhai ),STABLE,STABLE,90.36
2026-07-11,Manapparai(Uzhavar Sandhai ),STABLE,STABLE,89.36
2026-07-12,Manapparai(Uzhavar Sandhai ),STABLE,STABLE,87.92
2026-07-13,Manapparai(Uzhavar Sandhai ),STABLE,STABLE,90.4
2026-07-14,Manapparai(Uzhavar Sandhai ),STABLE,STABLE,89.89
2026-07-15,Manapparai(Uzhavar Sandhai ),STABLE,STABLE,90.6
2026-07-16,Manapparai(Uzhavar Sandhai ),STABLE,STABLE,89.6
2026-07-17,Manapparai(Uzhavar Sandhai ),STABLE,STABLE,88.54
2026-07-18,Manapparai(Uzhavar Sandhai ),STABLE,STABLE,88.78
2026-07-19,Manapparai(Uzhavar Sandhai ),STABLE,STABLE,87.44
2026-07-20,Manapparai(Uzhavar Sandhai ),STABLE,STABLE,90.17
2026-07-21,Manapparai(Uzhavar Sandhai ),STABLE,STABLE,89.88
2026-07-22,Manapparai(Uzhavar Sandhai ),STABLE,STABLE,89.62
2026-07-23,Manapparai(Uzhavar Sandhai ),STABLE,STABLE,89.32
2026-07-24,Manapparai(Uzhavar Sandhai ),STABLE,STABLE,88.77
2026-07-25,Manapparai(Uzhavar Sandhai ),STABLE,STABLE,88.69
2026-07-26,Manapparai(Uzhavar Sandhai ),STABLE,STABLE,87.27
2026-07-27,Manapparai(Uzhavar Sandhai ),STABLE,STABLE,90.07
2026-07-28,Manapparai(Uzhavar Sandhai ),STABLE,STABLE,89.97
2026-07-29,Manapparai(Uzhavar Sandhai ),STABLE,STABLE,89.95
2026-07-30,Manapparai(Uzhavar Sandhai ),STABLE,STABLE,89.32
2026-07-31,Manapparai(Uzhavar Sandhai ),STABLE,STABLE,88.95
2026-08-01,Manapparai(Uzhavar Sandhai ),STABLE,STABLE,89.25
2026-08-02,Manapparai(Uzhavar Sandhai ),STABLE,STABLE,88.1
2026-08-03,Manapparai(Uzhavar Sandhai ),STABLE,STABLE,90.59
2026-08-04,Manapparai(Uzhavar Sandhai ),STABLE,STABLE,90.45
2026-08-05,Manapparai(Uzhavar Sandhai ),STABLE,STABLE,91.08
2026-08-06,Manapparai(Uzhavar Sandhai ),STABLE,STABLE,90.1
2026-08-07,Manapparai(Uzhavar Sandhai ),STABLE,STABLE,89.69
2026-08-08,Manapparai(Uzhavar Sandhai ),STABLE,STABLE,89.49
2026-08-09,Manapparai(Uzhavar Sandhai ),STABLE,STABLE,88.3
2026-08-10,Manapparai(Uzhavar Sandhai ),STABLE,STABLE,90.73
2026-08-11,Manapparai(Uzhavar Sandhai ),STABLE,STABLE,90.49
2026-08-12,Manapparai(Uzhavar Sandhai ),STABLE,STABLE,90.52
2026-08-13,Manapparai(Uzhavar Sandhai ),STABLE,STABLE,89.74
2026-08-14,Manapparai(Uzhavar Sandhai ),STABLE,STABLE,88.48
2026-08-15,Manapparai(Uzhavar Sandhai ),STABLE,STABLE,88.32
2026-08-16,Manapparai(Uzhavar Sandhai ),STABLE,STABLE,86.28
2026-08-17,Manapparai(Uzhavar Sandhai ),STABLE,STABLE,90.02
2026-08-18,Manapparai(Uzhavar Sandhai ),STABLE,STABLE,89.73
2026-08-19,Manapparai(Uzhavar Sandhai ),STABLE,STABLE,89.78
2026-08-20,Manapparai(Uzhavar Sandhai ),STABLE,STABLE,90.05
2026-08-21,Manapparai(Uzhavar Sandhai ),STABLE,STABLE,88.81
2026-08-22,Manapparai(Uzhavar Sandhai ),STABLE,STABLE,88.45
2026-08-23,Manapparai(Uzhavar Sandhai ),STABLE,STABLE,87.02
2026-06-29,Mannargudi I(Uzhavar Sandhai ),STABLE,STABLE,88.09
2026-07-01,Mannargudi I(Uzhavar Sandhai ),STABLE,STABLE,87.1
2026-07-02,Mannargudi I(Uzhavar Sandhai ),STABLE,STABLE,86.95
2026-07-03,Mannargudi I(Uzhavar Sandhai ),STABLE,STABLE,87.03
2026-07-07,Mannargudi I(Uzhavar Sandhai ),STABLE,STABLE,87.05
2026-07-08,Mannargudi I(Uzhavar Sandhai ),STABLE,STABLE,87.21
2026-07-09,Mannargudi I(Uzhavar Sandhai ),STABLE,STABLE,87.0
2026-07-10,Mannargudi I(Uzhavar Sandhai ),STABLE,STABLE,87.13
2026-07-11,Mannargudi I(Uzhavar Sandhai ),STABLE,STABLE,79.99
2026-07-12,Mannargudi I(Uzhavar Sandhai ),STABLE,STABLE,82.05
2026-07-13,Mannargudi I(Uzhavar Sandhai ),STABLE,STABLE,80.47
2026-07-14,Mannargudi I(Uzhavar Sandhai ),STABLE,STABLE,87.4
2026-07-15,Mannargudi I(Uzhavar Sandhai ),STABLE,STABLE,87.49
2026-07-16,Mannargudi I(Uzhavar Sandhai ),STABLE,STABLE,87.3
2026-07-17,Mannargudi I(Uzhavar Sandhai ),STABLE,STABLE,87.42
2026-07-18,Mannargudi I(Uzhavar Sandhai ),STABLE,STABLE,87.57
2026-07-19,Mannargudi I(Uzhavar Sandhai ),STABLE,STABLE,67.24
2026-07-20,Mannargudi I(Uzhavar Sandhai ),STABLE,STABLE,87.99
2026-07-21,Mannargudi I(Uzhavar Sandhai ),STABLE,STABLE,87.51
2026-07-22,Mannargudi I(Uzhavar Sandhai ),STABLE,STABLE,87.13
2026-07-23,Mannargudi I(Uzhavar Sandhai ),STABLE,STABLE,87.16
2026-07-24,Mannargudi I(Uzhavar Sandhai ),STABLE,STABLE,78.53
2026-07-25,Mannargudi I(Uzhavar Sandhai ),STABLE,STABLE,86.82
2026-07-26,Mannargudi I(Uzhavar Sandhai ),STABLE,STABLE,82.27
2026-07-27,Mannargudi I(Uzhavar Sandhai ),STABLE,STABLE,88.05
2026-07-28,Mannargudi I(Uzhavar Sandhai ),STABLE,STABLE,87.58
2026-07-29,Mannargudi I(Uzhavar Sandhai ),STABLE,STABLE,87.48
2026-07-30,Mannargudi I(Uzhavar Sandhai ),STABLE,STABLE,78.39
2026-07-31,Mannargudi I(Uzhavar Sandhai ),STABLE,STABLE,76.72
2026-08-01,Mannargudi I(Uzhavar Sandhai ),STABLE,STABLE,79.59
2026-08-02,Mannargudi I(Uzhavar Sandhai ),STABLE,STABLE,66.62
2026-08-03,Mannargudi I(Uzhavar Sandhai ),STABLE,STABLE,87.03
2026-08-04,Mannargudi I(Uzhavar Sandhai ),STABLE,STABLE,87.16
2026-08-05,Mannargudi I(Uzhavar Sandhai ),STABLE,STABLE,86.66
2026-08-06,Mannargudi I(Uzhavar Sandhai ),STABLE,STABLE,85.3
2026-08-07,Mannargudi I(Uzhavar Sandhai ),STABLE,STABLE,85.97
2026-08-08,Mannargudi I(Uzhavar Sandhai ),STABLE,STABLE,79.3
2026-08-09,Mannargudi I(Uzhavar Sandhai ),STABLE,STABLE,80.55
2026-08-10,Mannargudi I(Uzhavar Sandhai ),STABLE,STABLE,88.07
2026-08-11,Mannargudi I(Uzhavar Sandhai ),STABLE,STABLE,79.46
2026-08-12,Mannargudi I(Uzhavar Sandhai ),STABLE,STABLE,87.47
2026-08-13,Mannargudi I(Uzhavar Sandhai ),STABLE,STABLE,87.59
2026-08-14,Mannargudi I(Uzhavar Sandhai ),STABLE,STABLE,87.37
2026-08-15,Mannargudi I(Uzhavar Sandhai ),STABLE,STABLE,87.61
2026-08-16,Mannargudi I(Uzhavar Sandhai ),STABLE,STABLE,82.65
2026-08-17,Mannargudi I(Uzhavar Sandhai ),STABLE,STABLE,88.17
2026-08-18,Mannargudi I(Uzhavar Sandhai ),STABLE,STABLE,87.57
2026-08-19,Mannargudi I(Uzhavar Sandhai ),STABLE,STABLE,87.4
2026-08-20,Mannargudi I(Uzhavar Sandhai ),STABLE,STABLE,87.32
2026-08-21,Mannargudi I(Uzhavar Sandhai ),STABLE,STABLE,79.35
2026-08-22,Mannargudi I(Uzhavar Sandhai ),STABLE,STABLE,78.74
2026-08-23,Mannargudi I(Uzhavar Sandhai ),STABLE,STABLE,82.04
2026-06-30,Mannargudi II(Uzhavar Sandhai ),STABLE,STABLE,78.69
2026-07-01,Mannargudi II(Uzhavar Sandhai ),STABLE,STABLE,78.69
2026-07-02,Mannargudi II(Uzhavar Sandhai ),STABLE,STABLE,76.44
2026-07-03,Mannargudi II(Uzhavar Sandhai ),STABLE,STABLE,77.98
2026-07-04,Mannargudi II(Uzhavar Sandhai ),STABLE,STABLE,78.68
2026-07-05,Mannargudi II(Uzhavar Sandhai ),STABLE,STABLE,79.02
2026-07-06,Mannargudi II(Uzhavar Sandhai ),STABLE,STABLE,79.69
2026-07-08,Mannargudi II(Uzhavar Sandhai ),STABLE,STABLE,78.8
2026-07-09,Mannargudi II(Uzhavar Sandhai ),STABLE,STABLE,78.61
2026-07-10,Mannargudi II(Uzhavar Sandhai ),STABLE,STABLE,78.13
2026-07-11,Mannargudi II(Uzhavar Sandhai ),STABLE,STABLE,79.26
2026-07-12,Mannargudi II(Uzhavar Sandhai ),STABLE,STABLE,77.54
2026-07-13,Mannargudi II(Uzhavar Sandhai ),STABLE,STABLE,78.33
2026-07-14,Mannargudi II(Uzhavar Sandhai ),STABLE,STABLE,77.84
2026-07-15,Mannargudi II(Uzhavar Sandhai ),STABLE,STABLE,78.84
2026-07-16,Mannargudi II(Uzhavar Sandhai ),STABLE,STABLE,78.65
2026-07-17,Mannargudi II(Uzhavar Sandhai ),STABLE,STABLE,78.44
2026-07-18,Mannargudi II(Uzhavar Sandhai ),STABLE,STABLE,78.6
2026-07-19,Mannargudi II(Uzhavar Sandhai ),STABLE,STABLE,77.9
2026-07-20,Mannargudi II(Uzhavar Sandhai ),STABLE,STABLE,80.26
2026-07-21,Mannargudi II(Uzhavar Sandhai ),STABLE,STABLE,78.57
2026-07-22,Mannargudi II(Uzhavar Sandhai ),STABLE,STABLE,77.84
2026-07-23,Mannargudi II(Uzhavar Sandhai ),STABLE,STABLE,77.92
2026-07-24,Mannargudi II(Uzhavar Sandhai ),STABLE,STABLE,77.82
2026-07-25,Mannargudi II(Uzhavar Sandhai ),STABLE,STABLE,78.63
2026-07-26,Mannargudi II(Uzhavar Sandhai ),STABLE,STABLE,78.67
2026-07-27,Mannargudi II(Uzhavar Sandhai ),STABLE,STABLE,79.95
2026-07-28,Mannargudi II(Uzhavar Sandhai ),STABLE,STABLE,78.83
2026-07-29,Mannargudi II(Uzhavar Sandhai ),STABLE,STABLE,78.03
2026-07-30,Mannargudi II(Uzhavar Sandhai ),STABLE,STABLE,77.73
2026-07-31,Mannargudi II(Uzhavar Sandhai ),DECREASING,STABLE,74.37
2026-08-01,Mannargudi II(Uzhavar Sandhai ),INCREASING,STABLE,79.17
2026-08-02,Mannargudi II(Uzhavar Sandhai ),STABLE,STABLE,79.01
2026-08-03,Mannargudi II(Uzhavar Sandhai ),STABLE,STABLE,80.11
2026-08-04,Mannargudi II(Uzhavar Sandhai ),DECREASING,STABLE,78.58
2026-08-05,Mannargudi II(Uzhavar Sandhai ),INCREASING,STABLE,77.56
2026-08-06,Mannargudi II(Uzhavar Sandhai ),STABLE,STABLE,76.84
2026-08-07,Mannargudi II(Uzhavar Sandhai ),STABLE,STABLE,77.78
2026-08-08,Mannargudi II(Uzhavar Sandhai ),STABLE,STABLE,77.72
2026-08-09,Mannargudi II(Uzhavar Sandhai ),INCREASING,STABLE,77.46
2026-08-10,Mannargudi II(Uzhavar Sandhai ),DECREASING,STABLE,80.82
2026-08-11,Mannargudi II(Uzhavar Sandhai ),STABLE,STABLE,79.21
2026-08-12,Mannargudi II(Uzhavar Sandhai ),DECREASING,STABLE,79.01
2026-08-13,Mannargudi II(Uzhavar Sandhai ),STABLE,STABLE,76.21
2026-08-14,Mannargudi II(Uzhavar Sandhai ),STABLE,STABLE,77.41
2026-08-15,Mannargudi II(Uzhavar Sandhai ),STABLE,STABLE,76.55
2026-08-16,Mannargudi II(Uzhavar Sandhai ),STABLE,STABLE,75.37
2026-08-17,Mannargudi II(Uzhavar Sandhai ),INCREASING,STABLE,78.46
2026-08-18,Mannargudi II(Uzhavar Sandhai ),DECREASING,STABLE,78.98
2026-08-19,Mannargudi II(Uzhavar Sandhai ),INCREASING,STABLE,75.06
2026-08-20,Mannargudi II(Uzhavar Sandhai ),STABLE,STABLE,78.48
2026-08-21,Mannargudi II(Uzhavar Sandhai ),STABLE,STABLE,78.16
2026-08-22,Mannargudi II(Uzhavar Sandhai ),STABLE,STABLE,77.78
2026-08-23,Mannargudi II(Uzhavar Sandhai ),STABLE,STABLE,78.02
2026-06-29,Mayiladuthurai(Uzhavar Sandhai ),STABLE,STABLE,89.63
2026-06-30,Mayiladuthurai(Uzhavar Sandhai ),STABLE,STABLE,88.25
2026-07-01,Mayiladuthurai(Uzhavar Sandhai ),STABLE,STABLE,89.44
2026-07-02,Mayiladuthurai(Uzhavar Sandhai ),STABLE,STABLE,89.13
2026-07-03,Mayiladuthurai(Uzhavar Sandhai ),STABLE,STABLE,90.27
2026-07-04,Mayiladuthurai(Uzhavar Sandhai ),STABLE,STABLE,90.09
2026-07-06,Mayiladuthurai(Uzhavar Sandhai ),STABLE,STABLE,90.71
2026-07-07,Mayiladuthurai(Uzhavar Sandhai ),STABLE,STABLE,90.52
2026-07-08,Mayiladuthurai(Uzhavar Sandhai ),STABLE,STABLE,90.24
2026-07-09,Mayiladuthurai(Uzhavar Sandhai ),STABLE,STABLE,89.79
2026-07-10,Mayiladuthurai(Uzhavar Sandhai ),STABLE,STABLE,89.1
2026-07-11,Mayiladuthurai(Uzhavar Sandhai ),STABLE,STABLE,89.12
2026-07-12,Mayiladuthurai(Uzhavar Sandhai ),STABLE,STABLE,88.66
2026-07-13,Mayiladuthurai(Uzhavar Sandhai ),STABLE,STABLE,89.95
2026-07-14,Mayiladuthurai(Uzhavar Sandhai ),STABLE,STABLE,89.63
2026-07-15,Mayiladuthurai(Uzhavar Sandhai ),STABLE,STABLE,89.63
2026-07-16,Mayiladuthurai(Uzhavar Sandhai ),STABLE,STABLE,89.09
2026-07-17,Mayiladuthurai(Uzhavar Sandhai ),STABLE,STABLE,89.15
2026-07-18,Mayiladuthurai(Uzhavar Sandhai ),STABLE,STABLE,89.29
2026-07-19,Mayiladuthurai(Uzhavar Sandhai ),STABLE,STABLE,88.73
2026-07-20,Mayiladuthurai(Uzhavar Sandhai ),STABLE,STABLE,90.03
2026-07-21,Mayiladuthurai(Uzhavar Sandhai ),STABLE,STABLE,89.42
2026-07-22,Mayiladuthurai(Uzhavar Sandhai ),STABLE,STABLE,89.03
2026-07-23,Mayiladuthurai(Uzhavar Sandhai ),STABLE,STABLE,88.85
2026-07-24,Mayiladuthurai(Uzhavar Sandhai ),STABLE,STABLE,88.82
2026-07-25,Mayiladuthurai(Uzhavar Sandhai ),STABLE,STABLE,89.1
2026-07-26,Mayiladuthurai(Uzhavar Sandhai ),STABLE,STABLE,88.79
2026-07-27,Mayiladuthurai(Uzhavar Sandhai ),STABLE,STABLE,90.07
2026-07-28,Mayiladuthurai(Uzhavar Sandhai ),STABLE,STABLE,89.57
2026-07-29,Mayiladuthurai(Uzhavar Sandhai ),STABLE,STABLE,87.94
2026-07-30,Mayiladuthurai(Uzhavar Sandhai ),STABLE,STABLE,86.35
2026-07-31,Mayiladuthurai(Uzhavar Sandhai ),STABLE,STABLE,84.73
2026-08-01,Mayiladuthurai(Uzhavar Sandhai ),STABLE,STABLE,88.79
2026-08-02,Mayiladuthurai(Uzhavar Sandhai ),STABLE,STABLE,88.35
2026-08-03,Mayiladuthurai(Uzhavar Sandhai ),STABLE,STABLE,89.73
2026-08-04,Mayiladuthurai(Uzhavar Sandhai ),STABLE,STABLE,89.54
2026-08-05,Mayiladuthurai(Uzhavar Sandhai ),STABLE,STABLE,89.28
2026-08-06,Mayiladuthurai(Uzhavar Sandhai ),STABLE,STABLE,88.85
2026-08-07,Mayiladuthurai(Uzhavar Sandhai ),STABLE,STABLE,88.82
2026-08-08,Mayiladuthurai(Uzhavar Sandhai ),STABLE,STABLE,89.21
2026-08-09,Mayiladuthurai(Uzhavar Sandhai ),STABLE,STABLE,88.48
2026-08-10,Mayiladuthurai(Uzhavar Sandhai ),STABLE,STABLE,89.87
2026-08-11,Mayiladuthurai(Uzhavar Sandhai ),STABLE,STABLE,89.35
2026-08-12,Mayiladuthurai(Uzhavar Sandhai ),STABLE,STABLE,89.37
2026-08-13,Mayiladuthurai(Uzhavar Sandhai ),STABLE,STABLE,89.21
2026-08-14,Mayiladuthurai(Uzhavar Sandhai ),STABLE,STABLE,89.05
2026-08-15,Mayiladuthurai(Uzhavar Sandhai ),STABLE,STABLE,89.2
2026-08-16,Mayiladuthurai(Uzhavar Sandhai ),STABLE,STABLE,88.77
2026-08-17,Mayiladuthurai(Uzhavar Sandhai ),STABLE,STABLE,90.09
2026-08-18,Mayiladuthurai(Uzhavar Sandhai ),STABLE,STABLE,89.57
2026-08-19,Mayiladuthurai(Uzhavar Sandhai ),STABLE,STABLE,89.47
2026-08-20,Mayiladuthurai(Uzhavar Sandhai ),STABLE,STABLE,89.03
2026-08-21,Mayiladuthurai(Uzhavar Sandhai ),STABLE,STABLE,88.9
2026-08-22,Mayiladuthurai(Uzhavar Sandhai ),STABLE,STABLE,88.72
2026-08-23,Mayiladuthurai(Uzhavar Sandhai ),STABLE,STABLE,88.55
2026-06-29,Mecheri(Uzhavar Sandhai),STABLE,STABLE,58.44
2026-06-30,Mecheri(Uzhavar Sandhai),INCREASING,STABLE,71.69
2026-07-01,Mecheri(Uzhavar Sandhai),INCREASING,STABLE,80.11
2026-07-02,Mecheri(Uzhavar Sandhai),STABLE,STABLE,80.61
2026-07-03,Mecheri(Uzhavar Sandhai),STABLE,STABLE,79.19
2026-07-04,Mecheri(Uzhavar Sandhai),STABLE,STABLE,79.53
2026-07-05,Mecheri(Uzhavar Sandhai),STABLE,STABLE,81.91
2026-07-06,Mecheri(Uzhavar Sandhai),STABLE,STABLE,62.61
2026-07-07,Mecheri(Uzhavar Sandhai),STABLE,STABLE,73.89
2026-07-08,Mecheri(Uzhavar Sandhai),INCREASING,STABLE,81.16
2026-07-09,Mecheri(Uzhavar Sandhai),STABLE,STABLE,80.64
2026-07-10,Mecheri(Uzhavar Sandhai),DECREASING,STABLE,79.86
2026-07-11,Mecheri(Uzhavar Sandhai),STABLE,STABLE,80.45
2026-07-12,Mecheri(Uzhavar Sandhai),STABLE,STABLE,83.02
2026-07-13,Mecheri(Uzhavar Sandhai),STABLE,STABLE,62.25
2026-07-14,Mecheri(Uzhavar Sandhai),DECREASING,STABLE,73.13
2026-07-16,Mecheri(Uzhavar Sandhai),STABLE,STABLE,59.2
2026-07-17,Mecheri(Uzhavar Sandhai),DECREASING,STABLE,58.06
2026-07-18,Mecheri(Uzhavar Sandhai),STABLE,STABLE,59.04
2026-07-19,Mecheri(Uzhavar Sandhai),STABLE,STABLE,59.62
2026-07-20,Mecheri(Uzhavar Sandhai),STABLE,INCREASING,49.24
2026-07-21,Mecheri(Uzhavar Sandhai),STABLE,STABLE,60.02
2026-07-22,Mecheri(Uzhavar Sandhai),STABLE,STABLE,58.23
2026-07-23,Mecheri(Uzhavar Sandhai),STABLE,STABLE,55.15
2026-07-24,Mecheri(Uzhavar Sandhai),STABLE,STABLE,55.65
2026-07-25,Mecheri(Uzhavar Sandhai),DECREASING,STABLE,55.25
2026-07-26,Mecheri(Uzhavar Sandhai),STABLE,STABLE,54.43
2026-07-27,Mecheri(Uzhavar Sandhai),STABLE,INCREASING,48.44
2026-07-28,Mecheri(Uzhavar Sandhai),INCREASING,STABLE,59.2
2026-07-29,Mecheri(Uzhavar Sandhai),DECREASING,STABLE,56.05
2026-07-30,Mecheri(Uzhavar Sandhai),STABLE,STABLE,57.52
2026-07-31,Mecheri(Uzhavar Sandhai),STABLE,STABLE,55.94
2026-08-01,Mecheri(Uzhavar Sandhai),STABLE,STABLE,58.44
2026-08-02,Mecheri(Uzhavar Sandhai),DECREASING,STABLE,55.89
2026-08-03,Mecheri(Uzhavar Sandhai),DECREASING,INCREASING,45.87
2026-08-04,Mecheri(Uzhavar Sandhai),INCREASING,STABLE,56.22
2026-08-05,Mecheri(Uzhavar Sandhai),DECREASING,STABLE,58.44
2026-08-06,Mecheri(Uzhavar Sandhai),INCREASING,STABLE,58.9
2026-08-07,Mecheri(Uzhavar Sandhai),DECREASING,STABLE,59.63
2026-08-08,Mecheri(Uzhavar Sandhai),STABLE,STABLE,59.05
2026-08-09,Mecheri(Uzhavar Sandhai),DECREASING,STABLE,58.43
2026-08-10,Mecheri(Uzhavar Sandhai),STABLE,INCREASING,55.77
2026-08-11,Mecheri(Uzhavar Sandhai),INCREASING,STABLE,53.72
2026-08-12,Mecheri(Uzhavar Sandhai),DECREASING,STABLE,55.81
2026-08-13,Mecheri(Uzhavar Sandhai),INCREASING,STABLE,55.57
2026-08-14,Mecheri(Uzhavar Sandhai),DECREASING,STABLE,59.37
2026-08-15,Mecheri(Uzhavar Sandhai),STABLE,STABLE,56.09
2026-08-16,Mecheri(Uzhavar Sandhai),DECREASING,STABLE,58.19
2026-08-17,Mecheri(Uzhavar Sandhai),STABLE,INCREASING,46.67
2026-08-18,Mecheri(Uzhavar Sandhai),INCREASING,STABLE,60.77
2026-08-20,Mecheri(Uzhavar Sandhai),DECREASING,STABLE,55.95
2026-08-21,Mecheri(Uzhavar Sandhai),STABLE,STABLE,57.81
2026-08-22,Mecheri(Uzhavar Sandhai),STABLE,STABLE,55.81
2026-08-23,Mecheri(Uzhavar Sandhai),STABLE,STABLE,55.54
2026-06-29,Medavakkam(Uzhavar Sandhai ),INCREASING,STABLE,76.57
2026-06-30,Medavakkam(Uzhavar Sandhai ),INCREASING,STABLE,77.78
2026-07-01,Medavakkam(Uzhavar Sandhai ),STABLE,STABLE,74.89
2026-07-02,Medavakkam(Uzhavar Sandhai ),DECREASING,STABLE,74.39
2026-07-03,Medavakkam(Uzhavar Sandhai ),DECREASING,STABLE,76.95
2026-07-06,Medavakkam(Uzhavar Sandhai ),INCREASING,STABLE,80.4
2026-07-07,Medavakkam(Uzhavar Sandhai ),STABLE,STABLE,78.46
2026-07-08,Medavakkam(Uzhavar Sandhai ),STABLE,STABLE,78.46
2026-07-09,Medavakkam(Uzhavar Sandhai ),STABLE,STABLE,79.47
2026-07-10,Medavakkam(Uzhavar Sandhai ),STABLE,STABLE,78.66
2026-07-11,Medavakkam(Uzhavar Sandhai ),STABLE,STABLE,79.41
2026-07-12,Medavakkam(Uzhavar Sandhai ),STABLE,STABLE,79.29
2026-07-13,Medavakkam(Uzhavar Sandhai ),STABLE,STABLE,80.24
2026-07-14,Medavakkam(Uzhavar Sandhai ),STABLE,STABLE,78.9
2026-07-15,Medavakkam(Uzhavar Sandhai ),STABLE,STABLE,78.78
2026-07-16,Medavakkam(Uzhavar Sandhai ),STABLE,STABLE,79.04
2026-07-17,Medavakkam(Uzhavar Sandhai ),DECREASING,STABLE,78.19
2026-07-18,Medavakkam(Uzhavar Sandhai ),INCREASING,STABLE,78.26
2026-07-19,Medavakkam(Uzhavar Sandhai ),STABLE,STABLE,78.97
2026-07-20,Medavakkam(Uzhavar Sandhai ),STABLE,STABLE,80.07
2026-07-21,Medavakkam(Uzhavar Sandhai ),STABLE,STABLE,78.14
2026-07-22,Medavakkam(Uzhavar Sandhai ),STABLE,STABLE,77.81
2026-07-23,Medavakkam(Uzhavar Sandhai ),STABLE,STABLE,78.62
2026-07-24,Medavakkam(Uzhavar Sandhai ),STABLE,STABLE,78.62
2026-07-25,Medavakkam(Uzhavar Sandhai ),STABLE,STABLE,77.61
2026-07-26,Medavakkam(Uzhavar Sandhai ),STABLE,STABLE,78.94
2026-07-27,Medavakkam(Uzhavar Sandhai ),STABLE,STABLE,79.99
2026-07-28,Medavakkam(Uzhavar Sandhai ),STABLE,STABLE,79.71
2026-07-29,Medavakkam(Uzhavar Sandhai ),STABLE,STABLE,79.57
2026-07-30,Medavakkam(Uzhavar Sandhai ),STABLE,STABLE,78.58
2026-07-31,Medavakkam(Uzhavar Sandhai ),STABLE,STABLE,76.84
2026-08-01,Medavakkam(Uzhavar Sandhai ),STABLE,STABLE,79.5
2026-08-02,Medavakkam(Uzhavar Sandhai ),STABLE,STABLE,79.53
2026-08-03,Medavakkam(Uzhavar Sandhai ),STABLE,STABLE,80.2
2026-08-04,Medavakkam(Uzhavar Sandhai ),INCREASING,STABLE,79.77
2026-08-05,Medavakkam(Uzhavar Sandhai ),STABLE,STABLE,79.76
2026-08-06,Medavakkam(Uzhavar Sandhai ),STABLE,STABLE,79.21
2026-08-07,Medavakkam(Uzhavar Sandhai ),STABLE,STABLE,79.28
2026-08-08,Medavakkam(Uzhavar Sandhai ),STABLE,STABLE,79.53
2026-08-09,Medavakkam(Uzhavar Sandhai ),STABLE,STABLE,79.69
2026-08-10,Medavakkam(Uzhavar Sandhai ),STABLE,STABLE,80.24
2026-08-11,Medavakkam(Uzhavar Sandhai ),STABLE,STABLE,80.35
2026-08-12,Medavakkam(Uzhavar Sandhai ),STABLE,STABLE,80.06
2026-08-13,Medavakkam(Uzhavar Sandhai ),STABLE,STABLE,79.18
2026-08-14,Medavakkam(Uzhavar Sandhai ),INCREASING,STABLE,78.62
2026-08-15,Medavakkam(Uzhavar Sandhai ),STABLE,STABLE,79.19
2026-08-16,Medavakkam(Uzhavar Sandhai ),STABLE,STABLE,79.29
2026-08-17,Medavakkam(Uzhavar Sandhai ),STABLE,STABLE,78.28
2026-08-18,Medavakkam(Uzhavar Sandhai ),STABLE,STABLE,79.82
2026-08-19,Medavakkam(Uzhavar Sandhai ),STABLE,STABLE,79.35
2026-08-20,Medavakkam(Uzhavar Sandhai ),STABLE,STABLE,78.7
2026-08-21,Medavakkam(Uzhavar Sandhai ),STABLE,STABLE,78.66
2026-08-22,Medavakkam(Uzhavar Sandhai ),STABLE,STABLE,76.07
2026-08-23,Medavakkam(Uzhavar Sandhai ),INCREASING,STABLE,78.88
2026-06-29,Melapalayam(Uzhavar Sandhai ),STABLE,STABLE,73.2
2026-06-30,Melapalayam(Uzhavar Sandhai ),DECREASING,STABLE,71.88
2026-07-01,Melapalayam(Uzhavar Sandhai ),STABLE,STABLE,77.97
2026-07-02,Melapalayam(Uzhavar Sandhai ),INCREASING,STABLE,76.93
2026-07-03,Melapalayam(Uzhavar Sandhai ),STABLE,STABLE,76.48
2026-07-04,Melapalayam(Uzhavar Sandhai ),STABLE,STABLE,75.57
2026-07-05,Melapalayam(Uzhavar Sandhai ),INCREASING,STABLE,77.21
2026-07-06,Melapalayam(Uzhavar Sandhai ),STABLE,STABLE,73.69
2026-07-07,Melapalayam(Uzhavar Sandhai ),DECREASING,STABLE,73.33
2026-07-08,Melapalayam(Uzhavar Sandhai ),INCREASING,STABLE,78.3
2026-07-09,Melapalayam(Uzhavar Sandhai ),STABLE,STABLE,77.86
2026-07-10,Melapalayam(Uzhavar Sandhai ),STABLE,STABLE,76.79
2026-07-11,Melapalayam(Uzhavar Sandhai ),STABLE,STABLE,76.88
2026-07-12,Melapalayam(Uzhavar Sandhai ),INCREASING,STABLE,77.6
2026-07-13,Melapalayam(Uzhavar Sandhai ),STABLE,STABLE,74.75
2026-07-14,Melapalayam(Uzhavar Sandhai ),STABLE,STABLE,72.55
2026-07-16,Melapalayam(Uzhavar Sandhai ),STABLE,STABLE,72.07
2026-07-17,Melapalayam(Uzhavar Sandhai ),DECREASING,STABLE,72.31
2026-07-18,Melapalayam(Uzhavar Sandhai ),INCREASING,STABLE,75.27
2026-07-19,Melapalayam(Uzhavar Sandhai ),STABLE,STABLE,66.28
2026-07-20,Melapalayam(Uzhavar Sandhai ),STABLE,STABLE,73.25
2026-07-21,Melapalayam(Uzhavar Sandhai ),STABLE,STABLE,71.75
2026-07-22,Melapalayam(Uzhavar Sandhai ),STABLE,STABLE,70.52
2026-07-23,Melapalayam(Uzhavar Sandhai ),STABLE,STABLE,71.39
2026-07-24,Melapalayam(Uzhavar Sandhai ),STABLE,STABLE,72.61
2026-07-25,Melapalayam(Uzhavar Sandhai ),STABLE,STABLE,72.35
2026-07-26,Melapalayam(Uzhavar Sandhai ),STABLE,STABLE,60.33
2026-07-27,Melapalayam(Uzhavar Sandhai ),STABLE,STABLE,72.71
2026-07-28,Melapalayam(Uzhavar Sandhai ),STABLE,STABLE,72.39
2026-07-29,Melapalayam(Uzhavar Sandhai ),STABLE,STABLE,71.99
2026-07-30,Melapalayam(Uzhavar Sandhai ),STABLE,STABLE,71.6
2026-07-31,Melapalayam(Uzhavar Sandhai ),STABLE,STABLE,68.29
2026-08-01,Melapalayam(Uzhavar Sandhai ),STABLE,STABLE,72.94
2026-08-02,Melapalayam(Uzhavar Sandhai ),STABLE,STABLE,66.89
2026-08-03,Melapalayam(Uzhavar Sandhai ),STABLE,STABLE,74.56
2026-08-04,Melapalayam(Uzhavar Sandhai ),STABLE,STABLE,73.27
2026-08-05,Melapalayam(Uzhavar Sandhai ),STABLE,STABLE,73.66
2026-08-06,Melapalayam(Uzhavar Sandhai ),STABLE,STABLE,72.95
2026-08-07,Melapalayam(Uzhavar Sandhai ),STABLE,STABLE,73.69
2026-08-08,Melapalayam(Uzhavar Sandhai ),STABLE,STABLE,73.16
2026-08-09,Melapalayam(Uzhavar Sandhai ),STABLE,STABLE,66.92
2026-08-10,Melapalayam(Uzhavar Sandhai ),STABLE,STABLE,74.78
2026-08-11,Melapalayam(Uzhavar Sandhai ),DECREASING,STABLE,72.44
2026-08-12,Melapalayam(Uzhavar Sandhai ),INCREASING,STABLE,77.53
2026-08-13,Melapalayam(Uzhavar Sandhai ),STABLE,STABLE,72.68
2026-08-14,Melapalayam(Uzhavar Sandhai ),STABLE,STABLE,71.69
2026-08-15,Melapalayam(Uzhavar Sandhai ),DECREASING,STABLE,72.56
2026-08-16,Melapalayam(Uzhavar Sandhai ),INCREASING,STABLE,76.99
2026-08-17,Melapalayam(Uzhavar Sandhai ),STABLE,STABLE,73.82
2026-08-18,Melapalayam(Uzhavar Sandhai ),DECREASING,STABLE,71.3
2026-08-19,Melapalayam(Uzhavar Sandhai ),STABLE,STABLE,77.61
2026-08-20,Melapalayam(Uzhavar Sandhai ),INCREASING,STABLE,76.91
2026-08-21,Melapalayam(Uzhavar Sandhai ),DECREASING,STABLE,72.9
2026-08-22,Melapalayam(Uzhavar Sandhai ),INCREASING,STABLE,75.59
2026-08-23,Melapalayam(Uzhavar Sandhai ),STABLE,STABLE,59.49
2026-06-29,Melur(Uzhavar Sandhai ),DECREASING,STABLE,76.57
2026-06-30,Melur(Uzhavar Sandhai ),STABLE,STABLE,72.24
2026-07-01,Melur(Uzhavar Sandhai ),STABLE,STABLE,70.56
2026-07-02,Melur(Uzhavar Sandhai ),STABLE,STABLE,69.89
2026-07-03,Melur(Uzhavar Sandhai ),STABLE,STABLE,70.06
2026-07-04,Melur(Uzhavar Sandhai ),STABLE,STABLE,70.5
2026-07-05,Melur(Uzhavar Sandhai ),STABLE,STABLE,68.92
2026-07-08,Melur(Uzhavar Sandhai ),STABLE,STABLE,70.4
2026-07-09,Melur(Uzhavar Sandhai ),INCREASING,STABLE,64.98
2026-07-15,Melur(Uzhavar Sandhai ),STABLE,STABLE,69.8
2026-07-16,Melur(Uzhavar Sandhai ),STABLE,STABLE,66.11
2026-07-17,Melur(Uzhavar Sandhai ),STABLE,STABLE,69.26
2026-07-18,Melur(Uzhavar Sandhai ),STABLE,STABLE,70.53
2026-07-19,Melur(Uzhavar Sandhai ),STABLE,STABLE,68.5
2026-07-20,Melur(Uzhavar Sandhai ),STABLE,STABLE,74.18
2026-07-21,Melur(Uzhavar Sandhai ),DECREASING,STABLE,73.62
2026-07-22,Melur(Uzhavar Sandhai ),STABLE,STABLE,69.68
2026-07-23,Melur(Uzhavar Sandhai ),STABLE,STABLE,64.67
2026-07-24,Melur(Uzhavar Sandhai ),INCREASING,STABLE,65.91
2026-07-25,Melur(Uzhavar Sandhai ),STABLE,STABLE,71.2
2026-07-26,Melur(Uzhavar Sandhai ),STABLE,STABLE,67.29
2026-07-27,Melur(Uzhavar Sandhai ),STABLE,STABLE,74.72
2026-07-28,Melur(Uzhavar Sandhai ),STABLE,STABLE,72.47
2026-07-29,Melur(Uzhavar Sandhai ),STABLE,STABLE,67.04
2026-07-30,Melur(Uzhavar Sandhai ),STABLE,STABLE,68.54
2026-07-31,Melur(Uzhavar Sandhai ),STABLE,STABLE,66.78
2026-08-01,Melur(Uzhavar Sandhai ),INCREASING,STABLE,71.99
2026-08-02,Melur(Uzhavar Sandhai ),DECREASING,STABLE,72.34
2026-08-03,Melur(Uzhavar Sandhai ),STABLE,STABLE,73.48
2026-08-04,Melur(Uzhavar Sandhai ),STABLE,STABLE,71.71
2026-08-05,Melur(Uzhavar Sandhai ),INCREASING,STABLE,70.35
2026-08-06,Melur(Uzhavar Sandhai ),DECREASING,STABLE,72.63
2026-08-07,Melur(Uzhavar Sandhai ),STABLE,STABLE,69.23
2026-08-08,Melur(Uzhavar Sandhai ),STABLE,STABLE,70.43
2026-08-09,Melur(Uzhavar Sandhai ),INCREASING,STABLE,69.96
2026-08-10,Melur(Uzhavar Sandhai ),STABLE,STABLE,76.83
2026-08-11,Melur(Uzhavar Sandhai ),DECREASING,STABLE,77.63
2026-08-12,Melur(Uzhavar Sandhai ),INCREASING,STABLE,67.64
2026-08-13,Melur(Uzhavar Sandhai ),STABLE,STABLE,74.05
2026-08-14,Melur(Uzhavar Sandhai ),DECREASING,STABLE,71.71
2026-08-15,Melur(Uzhavar Sandhai ),STABLE,STABLE,70.23
2026-08-16,Melur(Uzhavar Sandhai ),STABLE,STABLE,69.54
2026-08-17,Melur(Uzhavar Sandhai ),STABLE,STABLE,73.23
2026-08-18,Melur(Uzhavar Sandhai ),INCREASING,STABLE,68.58
2026-08-19,Melur(Uzhavar Sandhai ),STABLE,STABLE,72.75
2026-08-20,Melur(Uzhavar Sandhai ),DECREASING,STABLE,72.18
2026-08-21,Melur(Uzhavar Sandhai ),STABLE,STABLE,68.8
2026-08-22,Melur(Uzhavar Sandhai ),STABLE,STABLE,67.14
2026-08-23,Melur(Uzhavar Sandhai ),STABLE,STABLE,66.82
2026-06-29,Mettupalayam(Uzhavar Sandhai ),STABLE,STABLE,85.35
2026-06-30,Mettupalayam(Uzhavar Sandhai ),STABLE,STABLE,84.29
2026-07-01,Mettupalayam(Uzhavar Sandhai ),STABLE,STABLE,84.74
2026-07-02,Mettupalayam(Uzhavar Sandhai ),STABLE,STABLE,84.43
2026-07-03,Mettupalayam(Uzhavar Sandhai ),STABLE,STABLE,83.65
2026-07-04,Mettupalayam(Uzhavar Sandhai ),STABLE,STABLE,83.23
2026-07-05,Mettupalayam(Uzhavar Sandhai ),STABLE,STABLE,70.45
2026-07-06,Mettupalayam(Uzhavar Sandhai ),STABLE,STABLE,85.74
2026-07-07,Mettupalayam(Uzhavar Sandhai ),STABLE,STABLE,77.76
2026-07-08,Mettupalayam(Uzhavar Sandhai ),STABLE,STABLE,85.17
2026-07-09,Mettupalayam(Uzhavar Sandhai ),STABLE,STABLE,84.56
2026-07-10,Mettupalayam(Uzhavar Sandhai ),STABLE,STABLE,83.71
2026-07-11,Mettupalayam(Uzhavar Sandhai ),STABLE,STABLE,78.14
2026-07-12,Mettupalayam(Uzhavar Sandhai ),STABLE,STABLE,71.59
2026-07-13,Mettupalayam(Uzhavar Sandhai ),STABLE,STABLE,80.14
2026-07-14,Mettupalayam(Uzhavar Sandhai ),DECREASING,STABLE,76.72
2026-07-15,Mettupalayam(Uzhavar Sandhai ),STABLE,STABLE,84.54
2026-07-16,Mettupalayam(Uzhavar Sandhai ),STABLE,STABLE,84.09
2026-07-17,Mettupalayam(Uzhavar Sandhai ),STABLE,STABLE,83.73
2026-07-18,Mettupalayam(Uzhavar Sandhai ),STABLE,STABLE,83.35
2026-07-19,Mettupalayam(Uzhavar Sandhai ),STABLE,STABLE,71.74
2026-07-20,Mettupalayam(Uzhavar Sandhai ),STABLE,STABLE,77.18
2026-07-21,Mettupalayam(Uzhavar Sandhai ),STABLE,STABLE,75.14
2026-07-22,Mettupalayam(Uzhavar Sandhai ),STABLE,STABLE,83.55
2026-07-23,Mettupalayam(Uzhavar Sandhai ),STABLE,STABLE,76.85
2026-07-24,Mettupalayam(Uzhavar Sandhai ),STABLE,STABLE,76.88
2026-07-25,Mettupalayam(Uzhavar Sandhai ),STABLE,STABLE,77.13
2026-07-26,Mettupalayam(Uzhavar Sandhai ),STABLE,STABLE,71.65
2026-07-27,Mettupalayam(Uzhavar Sandhai ),STABLE,STABLE,85.37
2026-07-28,Mettupalayam(Uzhavar Sandhai ),STABLE,STABLE,84.73
2026-07-29,Mettupalayam(Uzhavar Sandhai ),STABLE,STABLE,84.21
2026-07-30,Mettupalayam(Uzhavar Sandhai ),STABLE,STABLE,83.73
2026-07-31,Mettupalayam(Uzhavar Sandhai ),STABLE,STABLE,82.58
2026-08-01,Mettupalayam(Uzhavar Sandhai ),STABLE,STABLE,83.56
2026-08-02,Mettupalayam(Uzhavar Sandhai ),STABLE,STABLE,72.19
2026-08-03,Mettupalayam(Uzhavar Sandhai ),STABLE,STABLE,85.72
2026-08-04,Mettupalayam(Uzhavar Sandhai ),STABLE,STABLE,84.73
2026-08-05,Mettupalayam(Uzhavar Sandhai ),STABLE,STABLE,84.86
2026-08-06,Mettupalayam(Uzhavar Sandhai ),STABLE,STABLE,83.79
2026-08-07,Mettupalayam(Uzhavar Sandhai ),STABLE,STABLE,83.33
2026-08-08,Mettupalayam(Uzhavar Sandhai ),STABLE,STABLE,82.84
2026-08-09,Mettupalayam(Uzhavar Sandhai ),STABLE,STABLE,73.04
2026-08-10,Mettupalayam(Uzhavar Sandhai ),STABLE,STABLE,85.75
2026-08-11,Mettupalayam(Uzhavar Sandhai ),STABLE,STABLE,78.38
2026-08-12,Mettupalayam(Uzhavar Sandhai ),DECREASING,STABLE,77.32
2026-08-13,Mettupalayam(Uzhavar Sandhai ),STABLE,STABLE,81.5
2026-08-14,Mettupalayam(Uzhavar Sandhai ),STABLE,STABLE,80.79
2026-08-15,Mettupalayam(Uzhavar Sandhai ),STABLE,STABLE,82.97
2026-08-16,Mettupalayam(Uzhavar Sandhai ),STABLE,STABLE,78.86
2026-08-17,Mettupalayam(Uzhavar Sandhai ),STABLE,STABLE,76.96
2026-08-18,Mettupalayam(Uzhavar Sandhai ),STABLE,STABLE,75.31
2026-08-19,Mettupalayam(Uzhavar Sandhai ),STABLE,STABLE,84.25
2026-08-20,Mettupalayam(Uzhavar Sandhai ),STABLE,STABLE,82.96
2026-08-21,Mettupalayam(Uzhavar Sandhai ),INCREASING,STABLE,82.69
2026-08-22,Mettupalayam(Uzhavar Sandhai ),STABLE,STABLE,76.97
2026-08-23,Mettupalayam(Uzhavar Sandhai ),STABLE,STABLE,77.88
2026-06-29,Mettur(Uzhavar Sandhai ),STABLE,STABLE,46.88
2026-06-30,Mettur(Uzhavar Sandhai ),STABLE,STABLE,53.39
2026-07-01,Mettur(Uzhavar Sandhai ),STABLE,STABLE,58.33
2026-07-02,Mettur(Uzhavar Sandhai ),INCREASING,STABLE,58.03
2026-07-03,Mettur(Uzhavar Sandhai ),STABLE,STABLE,69.44
2026-07-04,Mettur(Uzhavar Sandhai ),STABLE,STABLE,60.86
2026-07-05,Mettur(Uzhavar Sandhai ),DECREASING,DECREASING,63.2
2026-07-06,Mettur(Uzhavar Sandhai ),INCREASING,STABLE,59.68
2026-07-07,Mettur(Uzhavar Sandhai ),STABLE,STABLE,70.98
2026-07-08,Mettur(Uzhavar Sandhai ),STABLE,STABLE,60.37
2026-07-09,Mettur(Uzhavar Sandhai ),INCREASING,STABLE,61.27
2026-07-10,Mettur(Uzhavar Sandhai ),DECREASING,STABLE,69.82
2026-07-11,Mettur(Uzhavar Sandhai ),DECREASING,STABLE,61.03
2026-07-12,Mettur(Uzhavar Sandhai ),STABLE,DECREASING,59.01
2026-07-13,Mettur(Uzhavar Sandhai ),INCREASING,STABLE,61.57
2026-07-14,Mettur(Uzhavar Sandhai ),STABLE,STABLE,69.29
2026-07-15,Mettur(Uzhavar Sandhai ),STABLE,STABLE,69.56
2026-07-16,Mettur(Uzhavar Sandhai ),INCREASING,STABLE,59.56
2026-07-17,Mettur(Uzhavar Sandhai ),STABLE,STABLE,63.57
2026-07-18,Mettur(Uzhavar Sandhai ),INCREASING,STABLE,55.29
2026-07-19,Mettur(Uzhavar Sandhai ),DECREASING,DECREASING,64.54
2026-07-20,Mettur(Uzhavar Sandhai ),INCREASING,STABLE,52.58
2026-07-21,Mettur(Uzhavar Sandhai ),DECREASING,STABLE,67.4
2026-07-22,Mettur(Uzhavar Sandhai ),STABLE,STABLE,48.27
2026-07-23,Mettur(Uzhavar Sandhai ),INCREASING,STABLE,46.11
2026-07-24,Mettur(Uzhavar Sandhai ),STABLE,STABLE,64.58
2026-07-25,Mettur(Uzhavar Sandhai ),INCREASING,STABLE,58.82
2026-07-26,Mettur(Uzhavar Sandhai ),DECREASING,DECREASING,57.99
2026-07-27,Mettur(Uzhavar Sandhai ),STABLE,STABLE,45.39
2026-07-28,Mettur(Uzhavar Sandhai ),STABLE,STABLE,48.12
2026-07-29,Mettur(Uzhavar Sandhai ),DECREASING,STABLE,47.99
2026-07-30,Mettur(Uzhavar Sandhai ),INCREASING,STABLE,57.9
2026-07-31,Mettur(Uzhavar Sandhai ),STABLE,STABLE,48.55
2026-08-01,Mettur(Uzhavar Sandhai ),INCREASING,INCREASING,46.67
2026-08-02,Mettur(Uzhavar Sandhai ),DECREASING,DECREASING,63.6
2026-08-03,Mettur(Uzhavar Sandhai ),STABLE,STABLE,57.26
2026-08-04,Mettur(Uzhavar Sandhai ),STABLE,STABLE,71.49
2026-08-05,Mettur(Uzhavar Sandhai ),DECREASING,STABLE,65.23
2026-08-06,Mettur(Uzhavar Sandhai ),INCREASING,STABLE,61.6
2026-08-07,Mettur(Uzhavar Sandhai ),INCREASING,STABLE,55.24
2026-08-08,Mettur(Uzhavar Sandhai ),INCREASING,STABLE,60.41
2026-08-09,Mettur(Uzhavar Sandhai ),DECREASING,DECREASING,63.61
2026-08-10,Mettur(Uzhavar Sandhai ),STABLE,STABLE,58.3
2026-08-11,Mettur(Uzhavar Sandhai ),STABLE,STABLE,56.79
2026-08-12,Mettur(Uzhavar Sandhai ),DECREASING,STABLE,56.63
2026-08-13,Mettur(Uzhavar Sandhai ),INCREASING,STABLE,53.47
2026-08-14,Mettur(Uzhavar Sandhai ),STABLE,STABLE,51.03
2026-08-15,Mettur(Uzhavar Sandhai ),INCREASING,INCREASING,56.77
2026-08-16,Mettur(Uzhavar Sandhai ),DECREASING,DECREASING,65.32
2026-08-17,Mettur(Uzhavar Sandhai ),STABLE,INCREASING,44.51
2026-08-18,Mettur(Uzhavar Sandhai ),STABLE,STABLE,47.32
2026-08-19,Mettur(Uzhavar Sandhai ),DECREASING,STABLE,48.05
2026-08-20,Mettur(Uzhavar Sandhai ),INCREASING,STABLE,56.51
2026-08-21,Mettur(Uzhavar Sandhai ),STABLE,STABLE,66.31
2026-08-22,Mettur(Uzhavar Sandhai ),STABLE,STABLE,56.27
2026-08-23,Mettur(Uzhavar Sandhai ),DECREASING,DECREASING,66.83
2026-06-29,Mohanur(Uzhavar Sandhai ),STABLE,STABLE,76.86
2026-06-30,Mohanur(Uzhavar Sandhai ),STABLE,STABLE,76.69
2026-07-01,Mohanur(Uzhavar Sandhai ),DECREASING,STABLE,76.23
2026-07-02,Mohanur(Uzhavar Sandhai ),STABLE,STABLE,41.51
2026-07-03,Mohanur(Uzhavar Sandhai ),INCREASING,STABLE,43.31
2026-07-04,Mohanur(Uzhavar Sandhai ),STABLE,STABLE,77.38
2026-07-05,Mohanur(Uzhavar Sandhai ),STABLE,STABLE,79.15
2026-07-06,Mohanur(Uzhavar Sandhai ),STABLE,STABLE,77.3
2026-07-07,Mohanur(Uzhavar Sandhai ),STABLE,STABLE,75.89
2026-07-08,Mohanur(Uzhavar Sandhai ),DECREASING,STABLE,73.74
2026-07-09,Mohanur(Uzhavar Sandhai ),STABLE,STABLE,45.64
2026-07-10,Mohanur(Uzhavar Sandhai ),INCREASING,STABLE,43.4
2026-07-11,Mohanur(Uzhavar Sandhai ),STABLE,STABLE,77.35
2026-07-12,Mohanur(Uzhavar Sandhai ),STABLE,STABLE,79.08
2026-07-13,Mohanur(Uzhavar Sandhai ),STABLE,STABLE,77.3
2026-07-14,Mohanur(Uzhavar Sandhai ),STABLE,STABLE,69.49
2026-07-15,Mohanur(Uzhavar Sandhai ),DECREASING,STABLE,75.8
2026-07-16,Mohanur(Uzhavar Sandhai ),STABLE,STABLE,40.88
2026-07-17,Mohanur(Uzhavar Sandhai ),INCREASING,STABLE,40.09
2026-07-18,Mohanur(Uzhavar Sandhai ),STABLE,STABLE,76.94
2026-07-19,Mohanur(Uzhavar Sandhai ),STABLE,STABLE,78.45
2026-07-20,Mohanur(Uzhavar Sandhai ),DECREASING,STABLE,78.58
2026-07-21,Mohanur(Uzhavar Sandhai ),STABLE,STABLE,66.18
2026-07-22,Mohanur(Uzhavar Sandhai ),INCREASING,STABLE,50.69
2026-07-24,Mohanur(Uzhavar Sandhai ),DECREASING,STABLE,73.02
2026-07-25,Mohanur(Uzhavar Sandhai ),INCREASING,STABLE,51.02
2026-07-26,Mohanur(Uzhavar Sandhai ),STABLE,STABLE,75.53
2026-07-27,Mohanur(Uzhavar Sandhai ),STABLE,STABLE,77.44
2026-07-28,Mohanur(Uzhavar Sandhai ),STABLE,STABLE,77.5
2026-07-29,Mohanur(Uzhavar Sandhai ),DECREASING,STABLE,76.08
2026-07-30,Mohanur(Uzhavar Sandhai ),INCREASING,STABLE,48.97
2026-07-31,Mohanur(Uzhavar Sandhai ),DECREASING,STABLE,70.94
2026-08-01,Mohanur(Uzhavar Sandhai ),INCREASING,STABLE,50.74
2026-08-02,Mohanur(Uzhavar Sandhai ),STABLE,STABLE,79.15
2026-08-03,Mohanur(Uzhavar Sandhai ),STABLE,STABLE,78.17
2026-08-04,Mohanur(Uzhavar Sandhai ),STABLE,STABLE,77.08
2026-08-05,Mohanur(Uzhavar Sandhai ),STABLE,STABLE,75.78
2026-08-06,Mohanur(Uzhavar Sandhai ),STABLE,STABLE,73.51
2026-08-07,Mohanur(Uzhavar Sandhai ),DECREASING,STABLE,73.1
2026-08-08,Mohanur(Uzhavar Sandhai ),STABLE,STABLE,48.41
2026-08-09,Mohanur(Uzhavar Sandhai ),INCREASING,STABLE,48.01
2026-08-10,Mohanur(Uzhavar Sandhai ),STABLE,STABLE,77.15
2026-08-11,Mohanur(Uzhavar Sandhai ),STABLE,STABLE,76.28
2026-08-12,Mohanur(Uzhavar Sandhai ),STABLE,STABLE,75.68
2026-08-13,Mohanur(Uzhavar Sandhai ),STABLE,STABLE,75.06
2026-08-14,Mohanur(Uzhavar Sandhai ),DECREASING,STABLE,74.13
2026-08-15,Mohanur(Uzhavar Sandhai ),STABLE,STABLE,48.75
2026-08-16,Mohanur(Uzhavar Sandhai ),INCREASING,STABLE,62.56
2026-08-17,Mohanur(Uzhavar Sandhai ),STABLE,STABLE,77.34
2026-08-18,Mohanur(Uzhavar Sandhai ),STABLE,STABLE,75.82
2026-08-19,Mohanur(Uzhavar Sandhai ),STABLE,STABLE,74.7
2026-08-20,Mohanur(Uzhavar Sandhai ),STABLE,STABLE,73.54
2026-08-21,Mohanur(Uzhavar Sandhai ),DECREASING,STABLE,71.26
2026-08-22,Mohanur(Uzhavar Sandhai ),INCREASING,STABLE,47.3
2026-08-23,Mohanur(Uzhavar Sandhai ),INCREASING,STABLE,63.58
2026-06-29,Musiri(Uzhavar Sandhai ),STABLE,STABLE,92.78
2026-06-30,Musiri(Uzhavar Sandhai ),STABLE,STABLE,92.24
2026-07-02,Musiri(Uzhavar Sandhai ),STABLE,STABLE,91.67
2026-07-03,Musiri(Uzhavar Sandhai ),STABLE,STABLE,92.26
2026-07-04,Musiri(Uzhavar Sandhai ),STABLE,STABLE,92.02
2026-07-05,Musiri(Uzhavar Sandhai ),STABLE,STABLE,87.49
2026-07-06,Musiri(Uzhavar Sandhai ),STABLE,STABLE,93.25
2026-07-07,Musiri(Uzhavar Sandhai ),STABLE,STABLE,92.95
2026-07-08,Musiri(Uzhavar Sandhai ),STABLE,STABLE,92.49
2026-07-09,Musiri(Uzhavar Sandhai ),STABLE,STABLE,92.24
2026-07-10,Musiri(Uzhavar Sandhai ),INCREASING,STABLE,92.33
2026-07-11,Musiri(Uzhavar Sandhai ),STABLE,STABLE,91.84
2026-07-12,Musiri(Uzhavar Sandhai ),STABLE,STABLE,87.16
2026-07-13,Musiri(Uzhavar Sandhai ),STABLE,STABLE,93.04
2026-07-14,Musiri(Uzhavar Sandhai ),STABLE,STABLE,92.39
2026-07-15,Musiri(Uzhavar Sandhai ),STABLE,STABLE,92.1
2026-07-16,Musiri(Uzhavar Sandhai ),STABLE,STABLE,91.24
2026-07-17,Musiri(Uzhavar Sandhai ),STABLE,STABLE,91.56
2026-07-18,Musiri(Uzhavar Sandhai ),STABLE,STABLE,91.53
2026-07-19,Musiri(Uzhavar Sandhai ),STABLE,STABLE,86.3
2026-07-20,Musiri(Uzhavar Sandhai ),STABLE,STABLE,92.74
2026-07-21,Musiri(Uzhavar Sandhai ),STABLE,STABLE,92.39
2026-07-22,Musiri(Uzhavar Sandhai ),STABLE,STABLE,91.06
2026-07-23,Musiri(Uzhavar Sandhai ),STABLE,STABLE,91.41
2026-07-24,Musiri(Uzhavar Sandhai ),STABLE,STABLE,91.59
2026-07-25,Musiri(Uzhavar Sandhai ),STABLE,STABLE,91.4
2026-07-26,Musiri(Uzhavar Sandhai ),STABLE,STABLE,86.06
2026-07-27,Musiri(Uzhavar Sandhai ),STABLE,STABLE,92.72
2026-07-28,Musiri(Uzhavar Sandhai ),STABLE,STABLE,91.69
2026-07-29,Musiri(Uzhavar Sandhai ),STABLE,STABLE,92.34
2026-07-30,Musiri(Uzhavar Sandhai ),STABLE,STABLE,90.91
2026-07-31,Musiri(Uzhavar Sandhai ),STABLE,STABLE,90.63
2026-08-01,Musiri(Uzhavar Sandhai ),STABLE,STABLE,91.82
2026-08-02,Musiri(Uzhavar Sandhai ),STABLE,STABLE,87.06
2026-08-03,Musiri(Uzhavar Sandhai ),STABLE,STABLE,93.07
2026-08-04,Musiri(Uzhavar Sandhai ),STABLE,STABLE,92.91
2026-08-05,Musiri(Uzhavar Sandhai ),STABLE,STABLE,92.18
2026-08-06,Musiri(Uzhavar Sandhai ),STABLE,STABLE,92.19
2026-08-07,Musiri(Uzhavar Sandhai ),STABLE,STABLE,92.31
2026-08-08,Musiri(Uzhavar Sandhai ),STABLE,STABLE,92.02
2026-08-09,Musiri(Uzhavar Sandhai ),STABLE,STABLE,87.43
2026-08-10,Musiri(Uzhavar Sandhai ),STABLE,STABLE,93.22
2026-08-11,Musiri(Uzhavar Sandhai ),STABLE,STABLE,92.82
2026-08-12,Musiri(Uzhavar Sandhai ),STABLE,STABLE,92.37
2026-08-13,Musiri(Uzhavar Sandhai ),STABLE,STABLE,91.92
2026-08-14,Musiri(Uzhavar Sandhai ),STABLE,STABLE,91.71
2026-08-15,Musiri(Uzhavar Sandhai ),STABLE,STABLE,91.29
2026-08-16,Musiri(Uzhavar Sandhai ),STABLE,STABLE,85.74
2026-08-17,Musiri(Uzhavar Sandhai ),STABLE,STABLE,92.77
2026-08-18,Musiri(Uzhavar Sandhai ),STABLE,STABLE,92.41
2026-08-19,Musiri(Uzhavar Sandhai ),STABLE,STABLE,91.63
2026-08-20,Musiri(Uzhavar Sandhai ),STABLE,STABLE,91.12
2026-08-21,Musiri(Uzhavar Sandhai ),STABLE,STABLE,91.82
2026-08-22,Musiri(Uzhavar Sandhai ),STABLE,STABLE,91.21
2026-08-23,Musiri(Uzhavar Sandhai ),STABLE,STABLE,85.83
2026-06-29,Muthupettai(Uzhavar Sandhai ),STABLE,STABLE,54.15
2026-06-30,Muthupettai(Uzhavar Sandhai ),DECREASING,STABLE,52.27
2026-07-01,Muthupettai(Uzhavar Sandhai ),INCREASING,STABLE,58.66
2026-07-02,Muthupettai(Uzhavar Sandhai ),STABLE,STABLE,55.14
2026-07-03,Muthupettai(Uzhavar Sandhai ),STABLE,STABLE,56.04
2026-07-04,Muthupettai(Uzhavar Sandhai ),STABLE,STABLE,56.28
2026-07-05,Muthupettai(Uzhavar Sandhai ),STABLE,STABLE,54.34
2026-07-06,Muthupettai(Uzhavar Sandhai ),STABLE,STABLE,54.97
2026-07-07,Muthupettai(Uzhavar Sandhai ),DECREASING,STABLE,53.22
2026-07-08,Muthupettai(Uzhavar Sandhai ),STABLE,STABLE,63.47
2026-07-09,Muthupettai(Uzhavar Sandhai ),INCREASING,STABLE,62.35
2026-07-10,Muthupettai(Uzhavar Sandhai ),DECREASING,STABLE,53.02
2026-07-11,Muthupettai(Uzhavar Sandhai ),INCREASING,STABLE,62.2
2026-07-12,Muthupettai(Uzhavar Sandhai ),STABLE,STABLE,53.12
2026-07-13,Muthupettai(Uzhavar Sandhai ),STABLE,STABLE,53.88
2026-07-14,Muthupettai(Uzhavar Sandhai ),STABLE,STABLE,51.28
2026-07-15,Muthupettai(Uzhavar Sandhai ),STABLE,STABLE,52.11
2026-07-16,Muthupettai(Uzhavar Sandhai ),STABLE,STABLE,52.71
2026-07-17,Muthupettai(Uzhavar Sandhai ),STABLE,STABLE,52.81
2026-07-18,Muthupettai(Uzhavar Sandhai ),STABLE,STABLE,53.22
2026-07-19,Muthupettai(Uzhavar Sandhai ),STABLE,STABLE,51.98
2026-07-20,Muthupettai(Uzhavar Sandhai ),STABLE,STABLE,52.82
2026-07-21,Muthupettai(Uzhavar Sandhai ),STABLE,STABLE,51.27
2026-07-22,Muthupettai(Uzhavar Sandhai ),STABLE,STABLE,51.65
2026-07-23,Muthupettai(Uzhavar Sandhai ),STABLE,STABLE,52.74
2026-07-24,Muthupettai(Uzhavar Sandhai ),STABLE,STABLE,53.5
2026-07-25,Muthupettai(Uzhavar Sandhai ),STABLE,STABLE,54.45
2026-07-26,Muthupettai(Uzhavar Sandhai ),STABLE,STABLE,53.16
2026-07-27,Muthupettai(Uzhavar Sandhai ),STABLE,STABLE,54.59
2026-07-28,Muthupettai(Uzhavar Sandhai ),STABLE,STABLE,52.48
2026-07-29,Muthupettai(Uzhavar Sandhai ),STABLE,STABLE,52.93
2026-07-30,Muthupettai(Uzhavar Sandhai ),STABLE,STABLE,52.49
2026-07-31,Muthupettai(Uzhavar Sandhai ),STABLE,STABLE,48.26
2026-08-01,Muthupettai(Uzhavar Sandhai ),STABLE,STABLE,53.58
2026-08-02,Muthupettai(Uzhavar Sandhai ),STABLE,STABLE,53.1
2026-08-03,Muthupettai(Uzhavar Sandhai ),STABLE,STABLE,53.3
2026-08-04,Muthupettai(Uzhavar Sandhai ),STABLE,STABLE,51.54
2026-08-05,Muthupettai(Uzhavar Sandhai ),STABLE,STABLE,52.56
2026-08-06,Muthupettai(Uzhavar Sandhai ),STABLE,STABLE,53.2
2026-08-07,Muthupettai(Uzhavar Sandhai ),STABLE,STABLE,52.85
2026-08-08,Muthupettai(Uzhavar Sandhai ),STABLE,STABLE,53.38
2026-08-09,Muthupettai(Uzhavar Sandhai ),STABLE,STABLE,52.52
2026-08-10,Muthupettai(Uzhavar Sandhai ),STABLE,STABLE,54.1
2026-08-11,Muthupettai(Uzhavar Sandhai ),STABLE,STABLE,51.54
2026-08-12,Muthupettai(Uzhavar Sandhai ),STABLE,STABLE,52.69
2026-08-13,Muthupettai(Uzhavar Sandhai ),STABLE,STABLE,53.63
2026-08-14,Muthupettai(Uzhavar Sandhai ),STABLE,STABLE,54.34
2026-08-15,Muthupettai(Uzhavar Sandhai ),STABLE,STABLE,54.92
2026-08-16,Muthupettai(Uzhavar Sandhai ),INCREASING,STABLE,53.88
2026-08-17,Muthupettai(Uzhavar Sandhai ),DECREASING,STABLE,49.19
2026-08-18,Muthupettai(Uzhavar Sandhai ),STABLE,STABLE,52.61
2026-08-19,Muthupettai(Uzhavar Sandhai ),STABLE,STABLE,53.03
2026-08-20,Muthupettai(Uzhavar Sandhai ),STABLE,STABLE,53.99
2026-08-21,Muthupettai(Uzhavar Sandhai ),STABLE,STABLE,54.8
2026-08-22,Muthupettai(Uzhavar Sandhai ),STABLE,STABLE,54.23
2026-08-23,Muthupettai(Uzhavar Sandhai ),STABLE,STABLE,53.38
2026-06-30,Myladi(Uzhavar Sandhai ),INCREASING,INCREASING,54.97
2026-07-01,Myladi(Uzhavar Sandhai ),DECREASING,DECREASING,69.44
2026-07-02,Myladi(Uzhavar Sandhai ),STABLE,INCREASING,46.86
2026-07-03,Myladi(Uzhavar Sandhai ),INCREASING,INCREASING,50.42
2026-07-04,Myladi(Uzhavar Sandhai ),DECREASING,DECREASING,71.31
2026-07-05,Myladi(Uzhavar Sandhai ),STABLE,STABLE,40.03
2026-07-06,Myladi(Uzhavar Sandhai ),STABLE,STABLE,45.15
2026-07-07,Myladi(Uzhavar Sandhai ),INCREASING,INCREASING,52.4
2026-07-08,Myladi(Uzhavar Sandhai ),DECREASING,DECREASING,69.0
2026-07-09,Myladi(Uzhavar Sandhai ),DECREASING,INCREASING,46.66
2026-07-10,Myladi(Uzhavar Sandhai ),INCREASING,INCREASING,53.37
2026-07-11,Myladi(Uzhavar Sandhai ),DECREASING,DECREASING,71.63
2026-07-12,Myladi(Uzhavar Sandhai ),STABLE,STABLE,39.01
2026-07-13,Myladi(Uzhavar Sandhai ),STABLE,STABLE,43.62
2026-07-14,Myladi(Uzhavar Sandhai ),INCREASING,INCREASING,52.76
2026-07-15,Myladi(Uzhavar Sandhai ),DECREASING,DECREASING,68.77
2026-07-16,Myladi(Uzhavar Sandhai ),STABLE,INCREASING,49.08
2026-07-17,Myladi(Uzhavar Sandhai ),INCREASING,INCREASING,52.93
2026-07-18,Myladi(Uzhavar Sandhai ),DECREASING,DECREASING,71.31
2026-07-19,Myladi(Uzhavar Sandhai ),STABLE,STABLE,40.84
2026-07-20,Myladi(Uzhavar Sandhai ),DECREASING,STABLE,44.42
2026-07-21,Myladi(Uzhavar Sandhai ),INCREASING,INCREASING,45.98
2026-07-22,Myladi(Uzhavar Sandhai ),DECREASING,INCREASING,46.59
2026-07-23,Myladi(Uzhavar Sandhai ),STABLE,STABLE,42.83
2026-07-24,Myladi(Uzhavar Sandhai ),INCREASING,INCREASING,44.28
2026-07-25,Myladi(Uzhavar Sandhai ),STABLE,INCREASING,44.49
2026-07-26,Myladi(Uzhavar Sandhai ),STABLE,INCREASING,43.42
2026-07-27,Myladi(Uzhavar Sandhai ),STABLE,STABLE,48.08
2026-07-28,Myladi(Uzhavar Sandhai ),STABLE,INCREASING,53.97
2026-07-29,Myladi(Uzhavar Sandhai ),STABLE,INCREASING,46.7
2026-07-30,Myladi(Uzhavar Sandhai ),DECREASING,INCREASING,48.95
2026-07-31,Myladi(Uzhavar Sandhai ),INCREASING,INCREASING,41.58
2026-08-01,Myladi(Uzhavar Sandhai ),DECREASING,INCREASING,44.33
2026-08-02,Myladi(Uzhavar Sandhai ),STABLE,STABLE,43.39
2026-08-03,Myladi(Uzhavar Sandhai ),STABLE,STABLE,53.51
2026-08-04,Myladi(Uzhavar Sandhai ),INCREASING,INCREASING,45.67
2026-08-05,Myladi(Uzhavar Sandhai ),DECREASING,INCREASING,47.22
2026-08-06,Myladi(Uzhavar Sandhai ),STABLE,STABLE,43.52
2026-08-07,Myladi(Uzhavar Sandhai ),INCREASING,INCREASING,44.16
2026-08-08,Myladi(Uzhavar Sandhai ),DECREASING,INCREASING,44.81
2026-08-09,Myladi(Uzhavar Sandhai ),STABLE,STABLE,43.53
2026-08-10,Myladi(Uzhavar Sandhai ),STABLE,STABLE,53.59
2026-08-11,Myladi(Uzhavar Sandhai ),INCREASING,INCREASING,45.83
2026-08-12,Myladi(Uzhavar Sandhai ),DECREASING,INCREASING,47.26
2026-08-13,Myladi(Uzhavar Sandhai ),INCREASING,STABLE,43.29
2026-08-14,Myladi(Uzhavar Sandhai ),STABLE,INCREASING,53.17
2026-08-15,Myladi(Uzhavar Sandhai ),DECREASING,INCREASING,44.88
2026-08-16,Myladi(Uzhavar Sandhai ),STABLE,STABLE,43.38
2026-08-17,Myladi(Uzhavar Sandhai ),STABLE,STABLE,53.28
2026-08-18,Myladi(Uzhavar Sandhai ),INCREASING,INCREASING,46.05
2026-08-19,Myladi(Uzhavar Sandhai ),DECREASING,INCREASING,46.86
2026-08-20,Myladi(Uzhavar Sandhai ),STABLE,STABLE,42.99
2026-08-21,Myladi(Uzhavar Sandhai ),INCREASING,INCREASING,44.44
2026-08-22,Myladi(Uzhavar Sandhai ),DECREASING,INCREASING,43.69
2026-08-23,Myladi(Uzhavar Sandhai ),STABLE,STABLE,42.97
2026-06-29,NGO Colony(Uzhavar Sandhai ),INCREASING,STABLE,75.99
2026-06-30,NGO Colony(Uzhavar Sandhai ),DECREASING,STABLE,76.83
2026-07-01,NGO Colony(Uzhavar Sandhai ),INCREASING,STABLE,76.46
2026-07-02,NGO Colony(Uzhavar Sandhai ),STABLE,STABLE,76.38
2026-07-03,NGO Colony(Uzhavar Sandhai ),STABLE,STABLE,75.76
2026-07-04,NGO Colony(Uzhavar Sandhai ),STABLE,STABLE,76.03
2026-07-05,NGO Colony(Uzhavar Sandhai ),DECREASING,STABLE,76.98
2026-07-06,NGO Colony(Uzhavar Sandhai ),STABLE,STABLE,75.12
2026-07-07,NGO Colony(Uzhavar Sandhai ),INCREASING,STABLE,74.15
2026-07-08,NGO Colony(Uzhavar Sandhai ),DECREASING,STABLE,76.36
2026-07-09,NGO Colony(Uzhavar Sandhai ),STABLE,STABLE,73.55
2026-07-10,NGO Colony(Uzhavar Sandhai ),INCREASING,STABLE,71.94
2026-07-11,NGO Colony(Uzhavar Sandhai ),STABLE,STABLE,74.57
2026-07-12,NGO Colony(Uzhavar Sandhai ),DECREASING,STABLE,75.8
2026-07-13,NGO Colony(Uzhavar Sandhai ),DECREASING,STABLE,73.94
2026-07-14,NGO Colony(Uzhavar Sandhai ),STABLE,STABLE,70.71
2026-07-15,NGO Colony(Uzhavar Sandhai ),INCREASING,STABLE,70.34
2026-07-16,NGO Colony(Uzhavar Sandhai ),INCREASING,STABLE,74.39
2026-07-17,NGO Colony(Uzhavar Sandhai ),STABLE,STABLE,73.18
2026-07-18,NGO Colony(Uzhavar Sandhai ),STABLE,STABLE,72.23
2026-07-19,NGO Colony(Uzhavar Sandhai ),STABLE,STABLE,72.7
2026-07-20,NGO Colony(Uzhavar Sandhai ),DECREASING,STABLE,74.48
2026-07-21,NGO Colony(Uzhavar Sandhai ),STABLE,STABLE,76.92
2026-07-22,NGO Colony(Uzhavar Sandhai ),STABLE,STABLE,73.36
2026-07-23,NGO Colony(Uzhavar Sandhai ),STABLE,STABLE,74.49
2026-07-24,NGO Colony(Uzhavar Sandhai ),INCREASING,STABLE,73.89
2026-07-25,NGO Colony(Uzhavar Sandhai ),STABLE,STABLE,75.05
2026-07-26,NGO Colony(Uzhavar Sandhai ),STABLE,STABLE,74.77
2026-07-27,NGO Colony(Uzhavar Sandhai ),INCREASING,STABLE,74.98
2026-07-28,NGO Colony(Uzhavar Sandhai ),DECREASING,STABLE,75.51
2026-07-29,NGO Colony(Uzhavar Sandhai ),STABLE,STABLE,74.87
2026-07-30,NGO Colony(Uzhavar Sandhai ),INCREASING,STABLE,73.9
2026-07-31,NGO Colony(Uzhavar Sandhai ),STABLE,STABLE,71.21
2026-08-01,NGO Colony(Uzhavar Sandhai ),STABLE,STABLE,75.95
2026-08-02,NGO Colony(Uzhavar Sandhai ),DECREASING,STABLE,76.92
2026-08-03,NGO Colony(Uzhavar Sandhai ),STABLE,STABLE,77.32
2026-08-04,NGO Colony(Uzhavar Sandhai ),STABLE,STABLE,76.78
2026-08-05,NGO Colony(Uzhavar Sandhai ),STABLE,STABLE,75.44
2026-08-06,NGO Colony(Uzhavar Sandhai ),INCREASING,STABLE,73.97
2026-08-07,NGO Colony(Uzhavar Sandhai ),DECREASING,STABLE,75.67
2026-08-08,NGO Colony(Uzhavar Sandhai ),INCREASING,STABLE,74.57
2026-08-09,NGO Colony(Uzhavar Sandhai ),DECREASING,STABLE,76.32
2026-08-10,NGO Colony(Uzhavar Sandhai ),STABLE,STABLE,77.11
2026-08-11,NGO Colony(Uzhavar Sandhai ),DECREASING,STABLE,75.1
2026-08-12,NGO Colony(Uzhavar Sandhai ),INCREASING,STABLE,72.81
2026-08-13,NGO Colony(Uzhavar Sandhai ),STABLE,STABLE,75.31
2026-08-14,NGO Colony(Uzhavar Sandhai ),STABLE,STABLE,73.41
2026-08-15,NGO Colony(Uzhavar Sandhai ),STABLE,STABLE,75.05
2026-08-16,NGO Colony(Uzhavar Sandhai ),STABLE,STABLE,76.24
2026-08-17,NGO Colony(Uzhavar Sandhai ),DECREASING,STABLE,77.73
2026-08-18,NGO Colony(Uzhavar Sandhai ),DECREASING,STABLE,72.25
2026-08-19,NGO Colony(Uzhavar Sandhai ),INCREASING,STABLE,69.77
2026-08-20,NGO Colony(Uzhavar Sandhai ),STABLE,STABLE,72.22
2026-08-21,NGO Colony(Uzhavar Sandhai ),STABLE,STABLE,72.39
2026-08-22,NGO Colony(Uzhavar Sandhai ),STABLE,STABLE,71.38
2026-08-23,NGO Colony(Uzhavar Sandhai ),STABLE,STABLE,73.74
2026-06-29,Nagapattinam(Uzhavar Sandhai ),DECREASING,STABLE,57.58
2026-06-30,Nagapattinam(Uzhavar Sandhai ),INCREASING,STABLE,56.73
2026-07-02,Nagapattinam(Uzhavar Sandhai ),INCREASING,STABLE,52.32
2026-07-03,Nagapattinam(Uzhavar Sandhai ),STABLE,STABLE,50.51
2026-07-04,Nagapattinam(Uzhavar Sandhai ),DECREASING,STABLE,51.4
2026-07-08,Nagapattinam(Uzhavar Sandhai ),STABLE,STABLE,56.63
2026-07-12,Nagapattinam(Uzhavar Sandhai ),INCREASING,STABLE,56.9
2026-07-13,Nagapattinam(Uzhavar Sandhai ),DECREASING,STABLE,50.42
2026-07-14,Nagapattinam(Uzhavar Sandhai ),DECREASING,STABLE,51.97
2026-07-15,Nagapattinam(Uzhavar Sandhai ),INCREASING,STABLE,55.87
2026-07-16,Nagapattinam(Uzhavar Sandhai ),STABLE,STABLE,52.16
2026-07-17,Nagapattinam(Uzhavar Sandhai ),INCREASING,STABLE,56.06
2026-07-18,Nagapattinam(Uzhavar Sandhai ),STABLE,STABLE,50.79
2026-07-19,Nagapattinam(Uzhavar Sandhai ),STABLE,STABLE,53.45
2026-07-20,Nagapattinam(Uzhavar Sandhai ),STABLE,STABLE,56.25
2026-07-21,Nagapattinam(Uzhavar Sandhai ),STABLE,STABLE,54.56
2026-07-22,Nagapattinam(Uzhavar Sandhai ),INCREASING,STABLE,58.73
2026-07-23,Nagapattinam(Uzhavar Sandhai ),STABLE,STABLE,49.83
2026-07-24,Nagapattinam(Uzhavar Sandhai ),DECREASING,STABLE,46.31
2026-07-25,Nagapattinam(Uzhavar Sandhai ),STABLE,STABLE,49.57
2026-07-26,Nagapattinam(Uzhavar Sandhai ),STABLE,STABLE,52.53
2026-07-27,Nagapattinam(Uzhavar Sandhai ),DECREASING,STABLE,51.01
2026-07-28,Nagapattinam(Uzhavar Sandhai ),STABLE,STABLE,51.14
2026-07-29,Nagapattinam(Uzhavar Sandhai ),INCREASING,STABLE,49.07
2026-07-30,Nagapattinam(Uzhavar Sandhai ),DECREASING,STABLE,47.44
2026-07-31,Nagapattinam(Uzhavar Sandhai ),INCREASING,STABLE,46.05
2026-08-01,Nagapattinam(Uzhavar Sandhai ),STABLE,STABLE,49.02
2026-08-02,Nagapattinam(Uzhavar Sandhai ),STABLE,STABLE,59.27
2026-08-03,Nagapattinam(Uzhavar Sandhai ),INCREASING,STABLE,53.01
2026-08-04,Nagapattinam(Uzhavar Sandhai ),STABLE,STABLE,51.03
2026-08-05,Nagapattinam(Uzhavar Sandhai ),STABLE,STABLE,54.77
2026-08-06,Nagapattinam(Uzhavar Sandhai ),INCREASING,STABLE,54.36
2026-08-07,Nagapattinam(Uzhavar Sandhai ),INCREASING,STABLE,57.6
2026-08-08,Nagapattinam(Uzhavar Sandhai ),STABLE,STABLE,63.5
2026-08-09,Nagapattinam(Uzhavar Sandhai ),DECREASING,STABLE,69.03
2026-08-10,Nagapattinam(Uzhavar Sandhai ),INCREASING,STABLE,64.23
2026-08-11,Nagapattinam(Uzhavar Sandhai ),INCREASING,STABLE,61.16
2026-08-12,Nagapattinam(Uzhavar Sandhai ),DECREASING,STABLE,58.94
2026-08-13,Nagapattinam(Uzhavar Sandhai ),STABLE,STABLE,63.03
2026-08-14,Nagapattinam(Uzhavar Sandhai ),STABLE,STABLE,63.09
2026-08-15,Nagapattinam(Uzhavar Sandhai ),STABLE,STABLE,65.23
2026-08-16,Nagapattinam(Uzhavar Sandhai ),INCREASING,STABLE,65.92
2026-08-17,Nagapattinam(Uzhavar Sandhai ),DECREASING,STABLE,54.83
2026-08-18,Nagapattinam(Uzhavar Sandhai ),INCREASING,STABLE,60.65
2026-08-19,Nagapattinam(Uzhavar Sandhai ),DECREASING,STABLE,55.51
2026-08-20,Nagapattinam(Uzhavar Sandhai ),INCREASING,STABLE,47.45
2026-08-21,Nagapattinam(Uzhavar Sandhai ),DECREASING,STABLE,54.9
2026-08-22,Nagapattinam(Uzhavar Sandhai ),INCREASING,STABLE,58.2
2026-08-23,Nagapattinam(Uzhavar Sandhai ),STABLE,STABLE,54.69
2026-06-29,Nanganallur(Uzhavar Sandhai ),STABLE,STABLE,70.45
2026-06-30,Nanganallur(Uzhavar Sandhai ),STABLE,STABLE,70.1
2026-07-01,Nanganallur(Uzhavar Sandhai ),STABLE,STABLE,68.21
2026-07-02,Nanganallur(Uzhavar Sandhai ),STABLE,STABLE,69.25
2026-07-03,Nanganallur(Uzhavar Sandhai ),STABLE,STABLE,68.54
2026-07-04,Nanganallur(Uzhavar Sandhai ),STABLE,STABLE,66.94
2026-07-05,Nanganallur(Uzhavar Sandhai ),STABLE,STABLE,67.36
2026-07-06,Nanganallur(Uzhavar Sandhai ),STABLE,STABLE,68.56
2026-07-07,Nanganallur(Uzhavar Sandhai ),INCREASING,STABLE,67.84
2026-07-08,Nanganallur(Uzhavar Sandhai ),STABLE,STABLE,70.17
2026-07-09,Nanganallur(Uzhavar Sandhai ),STABLE,STABLE,69.21
2026-07-10,Nanganallur(Uzhavar Sandhai ),STABLE,STABLE,68.82
2026-07-11,Nanganallur(Uzhavar Sandhai ),STABLE,STABLE,68.94
2026-07-12,Nanganallur(Uzhavar Sandhai ),STABLE,STABLE,69.14
2026-07-13,Nanganallur(Uzhavar Sandhai ),STABLE,STABLE,70.64
2026-07-14,Nanganallur(Uzhavar Sandhai ),STABLE,STABLE,69.33
2026-07-15,Nanganallur(Uzhavar Sandhai ),STABLE,STABLE,70.15
2026-07-16,Nanganallur(Uzhavar Sandhai ),DECREASING,STABLE,69.56
2026-07-17,Nanganallur(Uzhavar Sandhai ),DECREASING,STABLE,67.25
2026-07-18,Nanganallur(Uzhavar Sandhai ),STABLE,STABLE,60.12
2026-07-19,Nanganallur(Uzhavar Sandhai ),STABLE,STABLE,61.3
2026-07-20,Nanganallur(Uzhavar Sandhai ),INCREASING,STABLE,61.59
2026-07-21,Nanganallur(Uzhavar Sandhai ),DECREASING,STABLE,70.01
2026-07-22,Nanganallur(Uzhavar Sandhai ),STABLE,STABLE,62.15
2026-07-23,Nanganallur(Uzhavar Sandhai ),STABLE,STABLE,61.5
2026-07-24,Nanganallur(Uzhavar Sandhai ),STABLE,STABLE,60.13
2026-07-25,Nanganallur(Uzhavar Sandhai ),STABLE,STABLE,61.72
2026-07-26,Nanganallur(Uzhavar Sandhai ),STABLE,STABLE,62.69
2026-07-27,Nanganallur(Uzhavar Sandhai ),STABLE,STABLE,62.77
2026-07-28,Nanganallur(Uzhavar Sandhai ),STABLE,STABLE,63.14
2026-07-29,Nanganallur(Uzhavar Sandhai ),STABLE,STABLE,62.92
2026-07-30,Nanganallur(Uzhavar Sandhai ),STABLE,STABLE,61.4
2026-07-31,Nanganallur(Uzhavar Sandhai ),STABLE,STABLE,59.8
2026-08-01,Nanganallur(Uzhavar Sandhai ),STABLE,STABLE,66.79
2026-08-02,Nanganallur(Uzhavar Sandhai ),STABLE,STABLE,61.68
2026-08-03,Nanganallur(Uzhavar Sandhai ),STABLE,STABLE,62.41
2026-08-04,Nanganallur(Uzhavar Sandhai ),STABLE,STABLE,68.28
2026-08-05,Nanganallur(Uzhavar Sandhai ),INCREASING,STABLE,68.2
2026-08-06,Nanganallur(Uzhavar Sandhai ),DECREASING,STABLE,68.75
2026-08-07,Nanganallur(Uzhavar Sandhai ),STABLE,STABLE,66.77
2026-08-08,Nanganallur(Uzhavar Sandhai ),STABLE,STABLE,60.91
2026-08-09,Nanganallur(Uzhavar Sandhai ),DECREASING,STABLE,67.49
2026-08-10,Nanganallur(Uzhavar Sandhai ),INCREASING,STABLE,62.2
2026-08-11,Nanganallur(Uzhavar Sandhai ),STABLE,STABLE,69.87
2026-08-12,Nanganallur(Uzhavar Sandhai ),STABLE,STABLE,69.72
2026-08-13,Nanganallur(Uzhavar Sandhai ),STABLE,STABLE,67.03
2026-08-14,Nanganallur(Uzhavar Sandhai ),STABLE,STABLE,68.03
2026-08-15,Nanganallur(Uzhavar Sandhai ),STABLE,STABLE,67.45
2026-08-16,Nanganallur(Uzhavar Sandhai ),STABLE,STABLE,69.41
2026-08-17,Nanganallur(Uzhavar Sandhai ),STABLE,STABLE,70.55
2026-08-18,Nanganallur(Uzhavar Sandhai ),STABLE,STABLE,68.64
2026-08-19,Nanganallur(Uzhavar Sandhai ),DECREASING,STABLE,68.43
2026-08-20,Nanganallur(Uzhavar Sandhai ),STABLE,STABLE,61.4
2026-08-21,Nanganallur(Uzhavar Sandhai ),STABLE,STABLE,60.99
2026-08-22,Nanganallur(Uzhavar Sandhai ),STABLE,STABLE,61.15
2026-08-23,Nanganallur(Uzhavar Sandhai ),STABLE,STABLE,62.46
2026-06-29,Naravarikuppam(Uzhavar Sandhai ),INCREASING,STABLE,72.85
2026-06-30,Naravarikuppam(Uzhavar Sandhai ),STABLE,STABLE,75.15
2026-07-01,Naravarikuppam(Uzhavar Sandhai ),STABLE,STABLE,75.93
2026-07-03,Naravarikuppam(Uzhavar Sandhai ),INCREASING,STABLE,72.34
2026-07-04,Naravarikuppam(Uzhavar Sandhai ),DECREASING,STABLE,75.64
2026-07-07,Naravarikuppam(Uzhavar Sandhai ),INCREASING,STABLE,73.86
2026-07-10,Naravarikuppam(Uzhavar Sandhai ),STABLE,STABLE,75.65
2026-07-11,Naravarikuppam(Uzhavar Sandhai ),STABLE,STABLE,77.61
2026-07-13,Naravarikuppam(Uzhavar Sandhai ),DECREASING,STABLE,79.21
2026-07-14,Naravarikuppam(Uzhavar Sandhai ),DECREASING,STABLE,75.64
2026-07-15,Naravarikuppam(Uzhavar Sandhai ),STABLE,STABLE,72.7
2026-07-16,Naravarikuppam(Uzhavar Sandhai ),STABLE,STABLE,71.86
2026-07-17,Naravarikuppam(Uzhavar Sandhai ),STABLE,STABLE,73.92
2026-07-18,Naravarikuppam(Uzhavar Sandhai ),STABLE,STABLE,75.65
2026-07-19,Naravarikuppam(Uzhavar Sandhai ),STABLE,STABLE,69.45
2026-07-20,Naravarikuppam(Uzhavar Sandhai ),STABLE,STABLE,74.15
2026-07-21,Naravarikuppam(Uzhavar Sandhai ),STABLE,STABLE,76.06
2026-07-22,Naravarikuppam(Uzhavar Sandhai ),STABLE,STABLE,75.68
2026-07-23,Naravarikuppam(Uzhavar Sandhai ),DECREASING,STABLE,75.17
2026-07-24,Naravarikuppam(Uzhavar Sandhai ),STABLE,STABLE,75.04
2026-07-25,Naravarikuppam(Uzhavar Sandhai ),INCREASING,STABLE,71.65
2026-07-26,Naravarikuppam(Uzhavar Sandhai ),STABLE,STABLE,72.46
2026-07-30,Naravarikuppam(Uzhavar Sandhai ),STABLE,STABLE,73.81
2026-07-31,Naravarikuppam(Uzhavar Sandhai ),INCREASING,STABLE,70.09
2026-08-01,Naravarikuppam(Uzhavar Sandhai ),STABLE,STABLE,75.86
2026-08-02,Naravarikuppam(Uzhavar Sandhai ),STABLE,STABLE,72.75
2026-08-03,Naravarikuppam(Uzhavar Sandhai ),STABLE,STABLE,77.63
2026-08-04,Naravarikuppam(Uzhavar Sandhai ),STABLE,STABLE,76.14
2026-08-05,Naravarikuppam(Uzhavar Sandhai ),STABLE,STABLE,76.27
2026-08-06,Naravarikuppam(Uzhavar Sandhai ),STABLE,STABLE,75.95
2026-08-07,Naravarikuppam(Uzhavar Sandhai ),STABLE,STABLE,75.84
2026-08-08,Naravarikuppam(Uzhavar Sandhai ),INCREASING,STABLE,75.96
2026-08-09,Naravarikuppam(Uzhavar Sandhai ),STABLE,STABLE,74.65
2026-08-10,Naravarikuppam(Uzhavar Sandhai ),STABLE,STABLE,77.72
2026-08-11,Naravarikuppam(Uzhavar Sandhai ),STABLE,STABLE,76.55
2026-08-12,Naravarikuppam(Uzhavar Sandhai ),STABLE,STABLE,76.01
2026-08-13,Naravarikuppam(Uzhavar Sandhai ),STABLE,STABLE,75.58
2026-08-14,Naravarikuppam(Uzhavar Sandhai ),STABLE,STABLE,75.22
2026-08-15,Naravarikuppam(Uzhavar Sandhai ),STABLE,STABLE,75.54
2026-08-16,Naravarikuppam(Uzhavar Sandhai ),DECREASING,STABLE,72.01
2026-08-17,Naravarikuppam(Uzhavar Sandhai ),STABLE,STABLE,75.68
2026-08-18,Naravarikuppam(Uzhavar Sandhai ),STABLE,STABLE,75.88
2026-08-19,Naravarikuppam(Uzhavar Sandhai ),INCREASING,STABLE,72.61
2026-08-20,Naravarikuppam(Uzhavar Sandhai ),STABLE,STABLE,75.13
2026-08-21,Naravarikuppam(Uzhavar Sandhai ),DECREASING,STABLE,75.28
2026-08-22,Naravarikuppam(Uzhavar Sandhai ),STABLE,STABLE,71.84
2026-08-23,Naravarikuppam(Uzhavar Sandhai ),STABLE,STABLE,70.7
2026-06-29,Natrampalli(Uzhavar Sandhai ),STABLE,STABLE,94.17
2026-07-01,Natrampalli(Uzhavar Sandhai ),STABLE,STABLE,94.56
2026-07-02,Natrampalli(Uzhavar Sandhai ),STABLE,STABLE,94.4
2026-07-03,Natrampalli(Uzhavar Sandhai ),STABLE,STABLE,94.31
2026-07-04,Natrampalli(Uzhavar Sandhai ),STABLE,STABLE,94.25
2026-07-06,Natrampalli(Uzhavar Sandhai ),STABLE,STABLE,94.28
2026-07-07,Natrampalli(Uzhavar Sandhai ),STABLE,STABLE,94.76
2026-07-08,Natrampalli(Uzhavar Sandhai ),STABLE,STABLE,94.78
2026-07-09,Natrampalli(Uzhavar Sandhai ),STABLE,STABLE,94.6
2026-07-10,Natrampalli(Uzhavar Sandhai ),STABLE,STABLE,94.45
2026-07-11,Natrampalli(Uzhavar Sandhai ),STABLE,STABLE,94.4
2026-07-12,Natrampalli(Uzhavar Sandhai ),STABLE,STABLE,93.9
2026-07-13,Natrampalli(Uzhavar Sandhai ),STABLE,STABLE,94.31
2026-07-14,Natrampalli(Uzhavar Sandhai ),STABLE,STABLE,94.91
2026-07-16,Natrampalli(Uzhavar Sandhai ),STABLE,STABLE,94.32
2026-07-17,Natrampalli(Uzhavar Sandhai ),STABLE,STABLE,94.5
2026-07-18,Natrampalli(Uzhavar Sandhai ),STABLE,STABLE,94.23
2026-07-19,Natrampalli(Uzhavar Sandhai ),STABLE,STABLE,93.7
2026-07-20,Natrampalli(Uzhavar Sandhai ),STABLE,STABLE,94.29
2026-07-21,Natrampalli(Uzhavar Sandhai ),STABLE,STABLE,94.79
2026-07-22,Natrampalli(Uzhavar Sandhai ),STABLE,STABLE,94.66
2026-07-23,Natrampalli(Uzhavar Sandhai ),STABLE,STABLE,94.4
2026-07-24,Natrampalli(Uzhavar Sandhai ),STABLE,STABLE,94.28
2026-07-25,Natrampalli(Uzhavar Sandhai ),STABLE,STABLE,94.19
2026-07-26,Natrampalli(Uzhavar Sandhai ),STABLE,STABLE,93.66
2026-07-27,Natrampalli(Uzhavar Sandhai ),STABLE,STABLE,94.1
2026-07-28,Natrampalli(Uzhavar Sandhai ),STABLE,STABLE,94.78
2026-07-29,Natrampalli(Uzhavar Sandhai ),STABLE,STABLE,94.74
2026-07-30,Natrampalli(Uzhavar Sandhai ),STABLE,STABLE,94.54
2026-07-31,Natrampalli(Uzhavar Sandhai ),STABLE,STABLE,94.02
2026-08-01,Natrampalli(Uzhavar Sandhai ),STABLE,STABLE,94.17
2026-08-02,Natrampalli(Uzhavar Sandhai ),STABLE,STABLE,93.84
2026-08-03,Natrampalli(Uzhavar Sandhai ),DECREASING,STABLE,94.38
2026-08-04,Natrampalli(Uzhavar Sandhai ),STABLE,STABLE,94.28
2026-08-05,Natrampalli(Uzhavar Sandhai ),STABLE,STABLE,94.91
2026-08-06,Natrampalli(Uzhavar Sandhai ),STABLE,STABLE,94.61
2026-08-07,Natrampalli(Uzhavar Sandhai ),STABLE,STABLE,94.5
2026-08-08,Natrampalli(Uzhavar Sandhai ),STABLE,STABLE,94.35
2026-08-09,Natrampalli(Uzhavar Sandhai ),STABLE,STABLE,94.07
2026-08-10,Natrampalli(Uzhavar Sandhai ),STABLE,STABLE,94.44
2026-08-11,Natrampalli(Uzhavar Sandhai ),STABLE,STABLE,94.93
2026-08-12,Natrampalli(Uzhavar Sandhai ),STABLE,STABLE,94.92
2026-08-13,Natrampalli(Uzhavar Sandhai ),STABLE,STABLE,94.66
2026-08-14,Natrampalli(Uzhavar Sandhai ),STABLE,STABLE,94.41
2026-08-15,Natrampalli(Uzhavar Sandhai ),STABLE,STABLE,94.35
2026-08-16,Natrampalli(Uzhavar Sandhai ),STABLE,STABLE,93.91
2026-08-17,Natrampalli(Uzhavar Sandhai ),STABLE,STABLE,94.31
2026-08-18,Natrampalli(Uzhavar Sandhai ),STABLE,STABLE,94.83
2026-08-19,Natrampalli(Uzhavar Sandhai ),STABLE,STABLE,94.78
2026-08-20,Natrampalli(Uzhavar Sandhai ),STABLE,STABLE,94.56
2026-08-21,Natrampalli(Uzhavar Sandhai ),STABLE,STABLE,94.39
2026-08-22,Natrampalli(Uzhavar Sandhai ),STABLE,STABLE,94.29
2026-08-23,Natrampalli(Uzhavar Sandhai ),STABLE,STABLE,93.76
2026-06-29,Needamangalam(Uzhavar Sandhai ),STABLE,STABLE,45.32
2026-06-30,Needamangalam(Uzhavar Sandhai ),STABLE,STABLE,44.03
2026-07-01,Needamangalam(Uzhavar Sandhai ),STABLE,STABLE,47.34
2026-07-02,Needamangalam(Uzhavar Sandhai ),DECREASING,STABLE,49.06
2026-07-03,Needamangalam(Uzhavar Sandhai ),INCREASING,STABLE,51.22
2026-07-04,Needamangalam(Uzhavar Sandhai ),STABLE,STABLE,48.53
2026-07-05,Needamangalam(Uzhavar Sandhai ),STABLE,STABLE,48.93
2026-07-06,Needamangalam(Uzhavar Sandhai ),STABLE,STABLE,44.29
2026-07-07,Needamangalam(Uzhavar Sandhai ),STABLE,STABLE,44.03
2026-07-08,Needamangalam(Uzhavar Sandhai ),STABLE,STABLE,46.77
2026-07-09,Needamangalam(Uzhavar Sandhai ),DECREASING,STABLE,46.58
2026-07-10,Needamangalam(Uzhavar Sandhai ),INCREASING,STABLE,48.87
2026-07-11,Needamangalam(Uzhavar Sandhai ),STABLE,STABLE,47.56
2026-07-12,Needamangalam(Uzhavar Sandhai ),STABLE,STABLE,47.43
2026-07-13,Needamangalam(Uzhavar Sandhai ),STABLE,STABLE,42.72
2026-07-14,Needamangalam(Uzhavar Sandhai ),STABLE,STABLE,42.09
2026-07-15,Needamangalam(Uzhavar Sandhai ),STABLE,STABLE,45.65
2026-07-16,Needamangalam(Uzhavar Sandhai ),DECREASING,STABLE,46.9
2026-07-17,Needamangalam(Uzhavar Sandhai ),INCREASING,STABLE,48.62
2026-07-18,Needamangalam(Uzhavar Sandhai ),STABLE,STABLE,46.86
2026-07-19,Needamangalam(Uzhavar Sandhai ),STABLE,STABLE,47.7
2026-07-20,Needamangalam(Uzhavar Sandhai ),STABLE,STABLE,43.44
2026-07-21,Needamangalam(Uzhavar Sandhai ),STABLE,STABLE,42.49
2026-07-22,Needamangalam(Uzhavar Sandhai ),STABLE,STABLE,45.1
2026-07-23,Needamangalam(Uzhavar Sandhai ),STABLE,STABLE,46.38
2026-07-24,Needamangalam(Uzhavar Sandhai ),STABLE,STABLE,47.29
2026-07-25,Needamangalam(Uzhavar Sandhai ),STABLE,STABLE,46.36
2026-07-26,Needamangalam(Uzhavar Sandhai ),STABLE,STABLE,48.28
2026-07-27,Needamangalam(Uzhavar Sandhai ),STABLE,STABLE,43.4
2026-07-28,Needamangalam(Uzhavar Sandhai ),STABLE,STABLE,42.84
2026-07-29,Needamangalam(Uzhavar Sandhai ),STABLE,STABLE,44.94
2026-07-30,Needamangalam(Uzhavar Sandhai ),STABLE,STABLE,45.82
2026-07-31,Needamangalam(Uzhavar Sandhai ),STABLE,STABLE,42.64
2026-08-01,Needamangalam(Uzhavar Sandhai ),STABLE,STABLE,46.9
2026-08-02,Needamangalam(Uzhavar Sandhai ),STABLE,STABLE,48.64
2026-08-03,Needamangalam(Uzhavar Sandhai ),STABLE,STABLE,43.9
2026-08-04,Needamangalam(Uzhavar Sandhai ),STABLE,STABLE,42.98
2026-08-05,Needamangalam(Uzhavar Sandhai ),STABLE,STABLE,45.75
2026-08-06,Needamangalam(Uzhavar Sandhai ),STABLE,STABLE,46.41
2026-08-07,Needamangalam(Uzhavar Sandhai ),STABLE,STABLE,45.47
2026-08-08,Needamangalam(Uzhavar Sandhai ),STABLE,STABLE,45.78
2026-08-09,Needamangalam(Uzhavar Sandhai ),STABLE,STABLE,48.17
2026-08-10,Needamangalam(Uzhavar Sandhai ),STABLE,STABLE,43.61
2026-08-11,Needamangalam(Uzhavar Sandhai ),STABLE,STABLE,42.45
2026-08-12,Needamangalam(Uzhavar Sandhai ),STABLE,STABLE,45.15
2026-08-13,Needamangalam(Uzhavar Sandhai ),STABLE,STABLE,46.33
2026-08-14,Needamangalam(Uzhavar Sandhai ),STABLE,STABLE,47.51
2026-08-15,Needamangalam(Uzhavar Sandhai ),STABLE,STABLE,47.67
2026-08-16,Needamangalam(Uzhavar Sandhai ),STABLE,STABLE,49.09
2026-08-17,Needamangalam(Uzhavar Sandhai ),STABLE,STABLE,44.61
2026-08-18,Needamangalam(Uzhavar Sandhai ),STABLE,STABLE,43.96
2026-08-19,Needamangalam(Uzhavar Sandhai ),STABLE,STABLE,46.84
2026-08-20,Needamangalam(Uzhavar Sandhai ),STABLE,STABLE,47.76
2026-08-21,Needamangalam(Uzhavar Sandhai ),STABLE,STABLE,48.93
2026-08-22,Needamangalam(Uzhavar Sandhai ),STABLE,STABLE,48.63
2026-08-23,Needamangalam(Uzhavar Sandhai ),STABLE,STABLE,49.64
2026-06-29,Padappai(Uzhavar Sandhai ),STABLE,STABLE,74.58
2026-06-30,Padappai(Uzhavar Sandhai ),STABLE,STABLE,73.66
2026-07-01,Padappai(Uzhavar Sandhai ),STABLE,STABLE,72.88
2026-07-02,Padappai(Uzhavar Sandhai ),STABLE,STABLE,72.38
2026-07-03,Padappai(Uzhavar Sandhai ),STABLE,STABLE,72.4
2026-07-04,Padappai(Uzhavar Sandhai ),STABLE,STABLE,71.22
2026-07-05,Padappai(Uzhavar Sandhai ),DECREASING,STABLE,72.14
2026-07-06,Padappai(Uzhavar Sandhai ),INCREASING,STABLE,72.8
2026-07-07,Padappai(Uzhavar Sandhai ),STABLE,STABLE,71.89
2026-07-08,Padappai(Uzhavar Sandhai ),STABLE,STABLE,72.12
2026-07-09,Padappai(Uzhavar Sandhai ),STABLE,STABLE,73.87
2026-07-10,Padappai(Uzhavar Sandhai ),INCREASING,STABLE,70.94
2026-07-11,Padappai(Uzhavar Sandhai ),STABLE,STABLE,67.39
2026-07-12,Padappai(Uzhavar Sandhai ),STABLE,STABLE,58.63
2026-07-13,Padappai(Uzhavar Sandhai ),STABLE,STABLE,71.04
2026-07-14,Padappai(Uzhavar Sandhai ),STABLE,STABLE,67.85
2026-07-15,Padappai(Uzhavar Sandhai ),DECREASING,STABLE,67.8
2026-07-16,Padappai(Uzhavar Sandhai ),STABLE,STABLE,72.31
2026-07-17,Padappai(Uzhavar Sandhai ),STABLE,STABLE,71.51
2026-07-18,Padappai(Uzhavar Sandhai ),STABLE,STABLE,71.99
2026-07-19,Padappai(Uzhavar Sandhai ),INCREASING,STABLE,73.65
2026-07-20,Padappai(Uzhavar Sandhai ),DECREASING,STABLE,72.0
2026-07-21,Padappai(Uzhavar Sandhai ),STABLE,STABLE,73.48
2026-07-22,Padappai(Uzhavar Sandhai ),STABLE,STABLE,72.32
2026-07-23,Padappai(Uzhavar Sandhai ),STABLE,STABLE,72.33
2026-07-24,Padappai(Uzhavar Sandhai ),STABLE,STABLE,71.56
2026-07-25,Padappai(Uzhavar Sandhai ),STABLE,STABLE,72.11
2026-07-26,Padappai(Uzhavar Sandhai ),INCREASING,STABLE,73.9
2026-07-27,Padappai(Uzhavar Sandhai ),DECREASING,STABLE,71.89
2026-07-28,Padappai(Uzhavar Sandhai ),STABLE,STABLE,73.91
2026-07-29,Padappai(Uzhavar Sandhai ),STABLE,STABLE,73.34
2026-07-30,Padappai(Uzhavar Sandhai ),STABLE,STABLE,72.45
2026-07-31,Padappai(Uzhavar Sandhai ),STABLE,STABLE,69.74
2026-08-01,Padappai(Uzhavar Sandhai ),STABLE,STABLE,71.8
2026-08-02,Padappai(Uzhavar Sandhai ),STABLE,STABLE,73.33
2026-08-03,Padappai(Uzhavar Sandhai ),STABLE,STABLE,73.71
2026-08-04,Padappai(Uzhavar Sandhai ),STABLE,STABLE,72.31
2026-08-05,Padappai(Uzhavar Sandhai ),STABLE,STABLE,72.04
2026-08-06,Padappai(Uzhavar Sandhai ),STABLE,STABLE,72.72
2026-08-07,Padappai(Uzhavar Sandhai ),STABLE,STABLE,70.7
2026-08-08,Padappai(Uzhavar Sandhai ),STABLE,STABLE,72.52
2026-08-09,Padappai(Uzhavar Sandhai ),STABLE,STABLE,68.44
2026-08-10,Padappai(Uzhavar Sandhai ),STABLE,STABLE,73.51
2026-08-11,Padappai(Uzhavar Sandhai ),STABLE,STABLE,73.85
2026-08-12,Padappai(Uzhavar Sandhai ),STABLE,STABLE,72.47
2026-08-13,Padappai(Uzhavar Sandhai ),STABLE,STABLE,72.1
2026-08-14,Padappai(Uzhavar Sandhai ),DECREASING,STABLE,71.09
2026-08-15,Padappai(Uzhavar Sandhai ),INCREASING,STABLE,71.81
2026-08-16,Padappai(Uzhavar Sandhai ),STABLE,STABLE,73.24
2026-08-17,Padappai(Uzhavar Sandhai ),DECREASING,STABLE,74.35
2026-08-18,Padappai(Uzhavar Sandhai ),INCREASING,STABLE,73.82
2026-08-19,Padappai(Uzhavar Sandhai ),DECREASING,STABLE,68.28
2026-08-21,Padappai(Uzhavar Sandhai ),STABLE,STABLE,71.64
2026-08-22,Padappai(Uzhavar Sandhai ),STABLE,STABLE,71.34
2026-08-23,Padappai(Uzhavar Sandhai ),STABLE,STABLE,73.52
2026-06-29,Palacode(Uzhavar Sandhai ),DECREASING,STABLE,59.13
2026-06-30,Palacode(Uzhavar Sandhai ),STABLE,STABLE,55.12
2026-07-01,Palacode(Uzhavar Sandhai ),STABLE,STABLE,54.88
2026-07-02,Palacode(Uzhavar Sandhai ),DECREASING,STABLE,55.96
2026-07-03,Palacode(Uzhavar Sandhai ),STABLE,STABLE,48.49
2026-07-04,Palacode(Uzhavar Sandhai ),INCREASING,STABLE,48.48
2026-07-05,Palacode(Uzhavar Sandhai ),DECREASING,STABLE,45.22
2026-07-06,Palacode(Uzhavar Sandhai ),DECREASING,STABLE,55.83
2026-07-07,Palacode(Uzhavar Sandhai ),STABLE,STABLE,45.65
2026-07-08,Palacode(Uzhavar Sandhai ),INCREASING,STABLE,55.32
2026-07-09,Palacode(Uzhavar Sandhai ),STABLE,STABLE,41.65
2026-07-10,Palacode(Uzhavar Sandhai ),INCREASING,INCREASING,44.12
2026-07-11,Palacode(Uzhavar Sandhai ),STABLE,STABLE,47.68
2026-07-12,Palacode(Uzhavar Sandhai ),INCREASING,STABLE,39.66
2026-07-13,Palacode(Uzhavar Sandhai ),DECREASING,STABLE,57.38
2026-07-14,Palacode(Uzhavar Sandhai ),STABLE,STABLE,46.52
2026-07-15,Palacode(Uzhavar Sandhai ),DECREASING,STABLE,54.32
2026-07-16,Palacode(Uzhavar Sandhai ),STABLE,STABLE,55.03
2026-07-17,Palacode(Uzhavar Sandhai ),DECREASING,INCREASING,40.68
2026-07-18,Palacode(Uzhavar Sandhai ),INCREASING,STABLE,50.29
2026-07-19,Palacode(Uzhavar Sandhai ),DECREASING,STABLE,39.28
2026-07-20,Palacode(Uzhavar Sandhai ),STABLE,STABLE,50.85
2026-07-21,Palacode(Uzhavar Sandhai ),STABLE,STABLE,36.87
2026-07-22,Palacode(Uzhavar Sandhai ),INCREASING,INCREASING,38.78
2026-07-23,Palacode(Uzhavar Sandhai ),INCREASING,STABLE,46.75
2026-07-24,Palacode(Uzhavar Sandhai ),STABLE,STABLE,55.89
2026-07-25,Palacode(Uzhavar Sandhai ),DECREASING,STABLE,54.04
2026-07-26,Palacode(Uzhavar Sandhai ),DECREASING,STABLE,44.26
2026-07-27,Palacode(Uzhavar Sandhai ),STABLE,STABLE,40.5
2026-07-28,Palacode(Uzhavar Sandhai ),STABLE,STABLE,41.56
2026-07-29,Palacode(Uzhavar Sandhai ),DECREASING,STABLE,40.03
2026-07-30,Palacode(Uzhavar Sandhai ),INCREASING,STABLE,55.53
2026-07-31,Palacode(Uzhavar Sandhai ),INCREASING,STABLE,43.68
2026-08-01,Palacode(Uzhavar Sandhai ),INCREASING,STABLE,42.36
2026-08-02,Palacode(Uzhavar Sandhai ),STABLE,STABLE,49.5
2026-08-03,Palacode(Uzhavar Sandhai ),DECREASING,STABLE,62.26
2026-08-04,Palacode(Uzhavar Sandhai ),STABLE,STABLE,58.05
2026-08-05,Palacode(Uzhavar Sandhai ),DECREASING,STABLE,54.97
2026-08-06,Palacode(Uzhavar Sandhai ),STABLE,STABLE,42.47
2026-08-07,Palacode(Uzhavar Sandhai ),INCREASING,STABLE,49.8
2026-08-08,Palacode(Uzhavar Sandhai ),INCREASING,STABLE,52.68
2026-08-09,Palacode(Uzhavar Sandhai ),DECREASING,STABLE,47.44
2026-08-10,Palacode(Uzhavar Sandhai ),STABLE,STABLE,56.1
2026-08-11,Palacode(Uzhavar Sandhai ),DECREASING,STABLE,54.64
2026-08-12,Palacode(Uzhavar Sandhai ),DECREASING,STABLE,46.81
2026-08-13,Palacode(Uzhavar Sandhai ),STABLE,STABLE,55.17
2026-08-14,Palacode(Uzhavar Sandhai ),INCREASING,STABLE,54.91
2026-08-15,Palacode(Uzhavar Sandhai ),DECREASING,STABLE,53.29
2026-08-16,Palacode(Uzhavar Sandhai ),STABLE,INCREASING,38.14
2026-08-17,Palacode(Uzhavar Sandhai ),STABLE,STABLE,50.88
2026-08-18,Palacode(Uzhavar Sandhai ),INCREASING,STABLE,38.36
2026-08-19,Palacode(Uzhavar Sandhai ),STABLE,STABLE,39.16
2026-08-20,Palacode(Uzhavar Sandhai ),DECREASING,STABLE,42.81
2026-08-21,Palacode(Uzhavar Sandhai ),INCREASING,INCREASING,44.0
2026-08-22,Palacode(Uzhavar Sandhai ),INCREASING,STABLE,39.47
2026-08-23,Palacode(Uzhavar Sandhai ),DECREASING,STABLE,42.41
2026-06-29,Palanganatham(Uzhavar Sandhai ),STABLE,STABLE,93.86
2026-06-30,Palanganatham(Uzhavar Sandhai ),STABLE,STABLE,93.35
2026-07-01,Palanganatham(Uzhavar Sandhai ),STABLE,STABLE,93.52
2026-07-02,Palanganatham(Uzhavar Sandhai ),STABLE,STABLE,93.45
2026-07-03,Palanganatham(Uzhavar Sandhai ),STABLE,STABLE,93.25
2026-07-04,Palanganatham(Uzhavar Sandhai ),STABLE,STABLE,93.31
2026-07-05,Palanganatham(Uzhavar Sandhai ),STABLE,STABLE,90.19
2026-07-06,Palanganatham(Uzhavar Sandhai ),STABLE,STABLE,93.92
2026-07-07,Palanganatham(Uzhavar Sandhai ),STABLE,STABLE,93.59
2026-07-08,Palanganatham(Uzhavar Sandhai ),STABLE,STABLE,93.59
2026-07-09,Palanganatham(Uzhavar Sandhai ),STABLE,STABLE,93.37
2026-07-10,Palanganatham(Uzhavar Sandhai ),STABLE,STABLE,93.17
2026-07-11,Palanganatham(Uzhavar Sandhai ),STABLE,STABLE,93.28
2026-07-12,Palanganatham(Uzhavar Sandhai ),STABLE,STABLE,90.13
2026-07-13,Palanganatham(Uzhavar Sandhai ),STABLE,STABLE,94.09
2026-07-14,Palanganatham(Uzhavar Sandhai ),STABLE,STABLE,93.62
2026-07-15,Palanganatham(Uzhavar Sandhai ),STABLE,STABLE,93.55
2026-07-16,Palanganatham(Uzhavar Sandhai ),STABLE,STABLE,93.29
2026-07-17,Palanganatham(Uzhavar Sandhai ),STABLE,STABLE,93.04
2026-07-18,Palanganatham(Uzhavar Sandhai ),STABLE,STABLE,93.23
2026-07-19,Palanganatham(Uzhavar Sandhai ),STABLE,STABLE,90.51
2026-07-20,Palanganatham(Uzhavar Sandhai ),STABLE,STABLE,93.88
2026-07-21,Palanganatham(Uzhavar Sandhai ),STABLE,STABLE,93.39
2026-07-22,Palanganatham(Uzhavar Sandhai ),STABLE,STABLE,93.08
2026-07-23,Palanganatham(Uzhavar Sandhai ),STABLE,STABLE,93.11
2026-07-24,Palanganatham(Uzhavar Sandhai ),STABLE,STABLE,92.87
2026-07-25,Palanganatham(Uzhavar Sandhai ),STABLE,STABLE,93.08
2026-07-26,Palanganatham(Uzhavar Sandhai ),STABLE,STABLE,89.93
2026-07-27,Palanganatham(Uzhavar Sandhai ),STABLE,STABLE,93.82
2026-07-28,Palanganatham(Uzhavar Sandhai ),STABLE,STABLE,93.47
2026-07-29,Palanganatham(Uzhavar Sandhai ),STABLE,STABLE,93.35
2026-07-30,Palanganatham(Uzhavar Sandhai ),STABLE,STABLE,93.06
2026-07-31,Palanganatham(Uzhavar Sandhai ),STABLE,STABLE,92.16
2026-08-01,Palanganatham(Uzhavar Sandhai ),STABLE,STABLE,93.22
2026-08-02,Palanganatham(Uzhavar Sandhai ),STABLE,STABLE,90.06
2026-08-03,Palanganatham(Uzhavar Sandhai ),STABLE,STABLE,93.9
2026-08-04,Palanganatham(Uzhavar Sandhai ),STABLE,STABLE,93.57
2026-08-05,Palanganatham(Uzhavar Sandhai ),STABLE,STABLE,93.54
2026-08-06,Palanganatham(Uzhavar Sandhai ),STABLE,STABLE,93.35
2026-08-07,Palanganatham(Uzhavar Sandhai ),STABLE,STABLE,93.17
2026-08-08,Palanganatham(Uzhavar Sandhai ),STABLE,STABLE,93.24
2026-08-09,Palanganatham(Uzhavar Sandhai ),STABLE,STABLE,90.15
2026-08-10,Palanganatham(Uzhavar Sandhai ),STABLE,STABLE,94.08
2026-08-11,Palanganatham(Uzhavar Sandhai ),STABLE,STABLE,93.6
2026-08-12,Palanganatham(Uzhavar Sandhai ),STABLE,STABLE,93.56
2026-08-13,Palanganatham(Uzhavar Sandhai ),STABLE,STABLE,93.4
2026-08-14,Palanganatham(Uzhavar Sandhai ),STABLE,STABLE,93.02
2026-08-15,Palanganatham(Uzhavar Sandhai ),STABLE,STABLE,93.14
2026-08-16,Palanganatham(Uzhavar Sandhai ),STABLE,STABLE,89.82
2026-08-17,Palanganatham(Uzhavar Sandhai ),STABLE,STABLE,93.88
2026-08-18,Palanganatham(Uzhavar Sandhai ),STABLE,STABLE,93.47
2026-08-19,Palanganatham(Uzhavar Sandhai ),STABLE,STABLE,93.35
2026-08-20,Palanganatham(Uzhavar Sandhai ),STABLE,STABLE,93.2
2026-08-21,Palanganatham(Uzhavar Sandhai ),STABLE,STABLE,93.01
2026-08-22,Palanganatham(Uzhavar Sandhai ),STABLE,STABLE,92.88
2026-08-23,Palanganatham(Uzhavar Sandhai ),STABLE,STABLE,89.64
2026-06-29,Palani(Uzhavar Sandhai ),STABLE,STABLE,81.56
2026-06-30,Palani(Uzhavar Sandhai ),STABLE,STABLE,78.3
2026-07-01,Palani(Uzhavar Sandhai ),STABLE,STABLE,78.79
2026-07-02,Palani(Uzhavar Sandhai ),STABLE,STABLE,78.53
2026-07-03,Palani(Uzhavar Sandhai ),STABLE,STABLE,80.26
2026-07-04,Palani(Uzhavar Sandhai ),STABLE,STABLE,79.88
2026-07-06,Palani(Uzhavar Sandhai ),STABLE,STABLE,82.05
2026-07-07,Palani(Uzhavar Sandhai ),STABLE,STABLE,80.57
2026-07-08,Palani(Uzhavar Sandhai ),STABLE,STABLE,81.09
2026-07-09,Palani(Uzhavar Sandhai ),STABLE,STABLE,80.44
2026-07-10,Palani(Uzhavar Sandhai ),STABLE,STABLE,79.64
2026-07-11,Palani(Uzhavar Sandhai ),STABLE,STABLE,79.69
2026-07-12,Palani(Uzhavar Sandhai ),STABLE,STABLE,72.41
2026-07-13,Palani(Uzhavar Sandhai ),STABLE,STABLE,82.04
2026-07-14,Palani(Uzhavar Sandhai ),STABLE,STABLE,80.76
2026-07-15,Palani(Uzhavar Sandhai ),STABLE,STABLE,78.69
2026-07-16,Palani(Uzhavar Sandhai ),STABLE,STABLE,80.21
2026-07-17,Palani(Uzhavar Sandhai ),STABLE,STABLE,77.29
2026-07-18,Palani(Uzhavar Sandhai ),INCREASING,STABLE,77.17
2026-07-19,Palani(Uzhavar Sandhai ),STABLE,STABLE,72.28
2026-07-20,Palani(Uzhavar Sandhai ),STABLE,STABLE,80.04
2026-07-21,Palani(Uzhavar Sandhai ),STABLE,STABLE,78.71
2026-07-22,Palani(Uzhavar Sandhai ),STABLE,STABLE,80.1
2026-07-23,Palani(Uzhavar Sandhai ),STABLE,STABLE,79.28
2026-07-24,Palani(Uzhavar Sandhai ),STABLE,STABLE,78.71
2026-07-25,Palani(Uzhavar Sandhai ),STABLE,STABLE,78.79
2026-07-26,Palani(Uzhavar Sandhai ),DECREASING,STABLE,72.01
2026-07-27,Palani(Uzhavar Sandhai ),STABLE,STABLE,79.68
2026-07-28,Palani(Uzhavar Sandhai ),STABLE,STABLE,80.52
2026-07-29,Palani(Uzhavar Sandhai ),STABLE,STABLE,79.79
2026-07-30,Palani(Uzhavar Sandhai ),STABLE,STABLE,79.7
2026-07-31,Palani(Uzhavar Sandhai ),STABLE,STABLE,79.22
2026-08-01,Palani(Uzhavar Sandhai ),STABLE,STABLE,79.82
2026-08-02,Palani(Uzhavar Sandhai ),STABLE,STABLE,72.87
2026-08-03,Palani(Uzhavar Sandhai ),DECREASING,STABLE,81.95
2026-08-04,Palani(Uzhavar Sandhai ),INCREASING,STABLE,78.95
2026-08-05,Palani(Uzhavar Sandhai ),STABLE,STABLE,80.99
2026-08-06,Palani(Uzhavar Sandhai ),STABLE,STABLE,80.54
2026-08-07,Palani(Uzhavar Sandhai ),STABLE,STABLE,77.35
2026-08-08,Palani(Uzhavar Sandhai ),STABLE,STABLE,80.34
2026-08-09,Palani(Uzhavar Sandhai ),STABLE,STABLE,73.13
2026-08-10,Palani(Uzhavar Sandhai ),STABLE,STABLE,82.59
2026-08-11,Palani(Uzhavar Sandhai ),STABLE,STABLE,80.97
2026-08-12,Palani(Uzhavar Sandhai ),STABLE,STABLE,80.7
2026-08-13,Palani(Uzhavar Sandhai ),STABLE,STABLE,80.59
2026-08-14,Palani(Uzhavar Sandhai ),STABLE,STABLE,80.31
2026-08-15,Palani(Uzhavar Sandhai ),STABLE,STABLE,79.61
2026-08-16,Palani(Uzhavar Sandhai ),STABLE,STABLE,70.95
2026-08-17,Palani(Uzhavar Sandhai ),STABLE,STABLE,82.14
2026-08-18,Palani(Uzhavar Sandhai ),STABLE,STABLE,80.96
2026-08-19,Palani(Uzhavar Sandhai ),STABLE,STABLE,80.29
2026-08-20,Palani(Uzhavar Sandhai ),INCREASING,STABLE,79.57
2026-08-21,Palani(Uzhavar Sandhai ),STABLE,STABLE,78.91
2026-08-22,Palani(Uzhavar Sandhai ),DECREASING,STABLE,78.49
2026-08-23,Palani(Uzhavar Sandhai ),INCREASING,STABLE,69.01
2026-06-29,Palayamkottai(Uzhavar Sandhai ),STABLE,STABLE,84.05
2026-06-30,Palayamkottai(Uzhavar Sandhai ),STABLE,STABLE,83.42
2026-07-01,Palayamkottai(Uzhavar Sandhai ),STABLE,STABLE,81.97
2026-07-02,Palayamkottai(Uzhavar Sandhai ),STABLE,STABLE,83.25
2026-07-03,Palayamkottai(Uzhavar Sandhai ),STABLE,STABLE,82.93
2026-07-04,Palayamkottai(Uzhavar Sandhai ),STABLE,STABLE,81.79
2026-07-05,Palayamkottai(Uzhavar Sandhai ),STABLE,STABLE,75.14
2026-07-06,Palayamkottai(Uzhavar Sandhai ),STABLE,STABLE,84.36
2026-07-07,Palayamkottai(Uzhavar Sandhai ),STABLE,STABLE,83.45
2026-07-08,Palayamkottai(Uzhavar Sandhai ),STABLE,STABLE,82.83
2026-07-09,Palayamkottai(Uzhavar Sandhai ),STABLE,STABLE,82.59
2026-07-10,Palayamkottai(Uzhavar Sandhai ),STABLE,STABLE,82.21
2026-07-11,Palayamkottai(Uzhavar Sandhai ),STABLE,STABLE,81.71
2026-07-12,Palayamkottai(Uzhavar Sandhai ),STABLE,STABLE,74.68
2026-07-13,Palayamkottai(Uzhavar Sandhai ),STABLE,STABLE,83.55
2026-07-14,Palayamkottai(Uzhavar Sandhai ),STABLE,STABLE,82.77
2026-07-15,Palayamkottai(Uzhavar Sandhai ),STABLE,STABLE,82.17
2026-07-16,Palayamkottai(Uzhavar Sandhai ),STABLE,STABLE,81.75
2026-07-17,Palayamkottai(Uzhavar Sandhai ),STABLE,STABLE,81.54
2026-07-18,Palayamkottai(Uzhavar Sandhai ),STABLE,STABLE,80.15
2026-07-19,Palayamkottai(Uzhavar Sandhai ),STABLE,STABLE,72.71
2026-07-20,Palayamkottai(Uzhavar Sandhai ),STABLE,STABLE,82.68
2026-07-21,Palayamkottai(Uzhavar Sandhai ),STABLE,STABLE,80.83
2026-07-22,Palayamkottai(Uzhavar Sandhai ),STABLE,STABLE,79.83
2026-07-23,Palayamkottai(Uzhavar Sandhai ),STABLE,STABLE,80.0
2026-07-24,Palayamkottai(Uzhavar Sandhai ),STABLE,STABLE,79.19
2026-07-25,Palayamkottai(Uzhavar Sandhai ),STABLE,STABLE,79.14
2026-07-26,Palayamkottai(Uzhavar Sandhai ),STABLE,STABLE,70.98
2026-07-27,Palayamkottai(Uzhavar Sandhai ),STABLE,STABLE,82.04
2026-07-28,Palayamkottai(Uzhavar Sandhai ),STABLE,STABLE,80.61
2026-07-29,Palayamkottai(Uzhavar Sandhai ),STABLE,STABLE,81.34
2026-07-30,Palayamkottai(Uzhavar Sandhai ),STABLE,STABLE,81.11
2026-07-31,Palayamkottai(Uzhavar Sandhai ),STABLE,STABLE,78.12
2026-08-01,Palayamkottai(Uzhavar Sandhai ),STABLE,STABLE,81.27
2026-08-02,Palayamkottai(Uzhavar Sandhai ),STABLE,STABLE,74.91
2026-08-03,Palayamkottai(Uzhavar Sandhai ),STABLE,STABLE,83.48
2026-08-04,Palayamkottai(Uzhavar Sandhai ),STABLE,STABLE,82.51
2026-08-05,Palayamkottai(Uzhavar Sandhai ),STABLE,STABLE,82.36
2026-08-06,Palayamkottai(Uzhavar Sandhai ),STABLE,STABLE,81.39
2026-08-07,Palayamkottai(Uzhavar Sandhai ),INCREASING,STABLE,79.76
2026-08-08,Palayamkottai(Uzhavar Sandhai ),STABLE,STABLE,79.98
2026-08-09,Palayamkottai(Uzhavar Sandhai ),STABLE,STABLE,72.35
2026-08-10,Palayamkottai(Uzhavar Sandhai ),STABLE,STABLE,82.65
2026-08-11,Palayamkottai(Uzhavar Sandhai ),STABLE,STABLE,82.18
2026-08-12,Palayamkottai(Uzhavar Sandhai ),STABLE,STABLE,81.93
2026-08-13,Palayamkottai(Uzhavar Sandhai ),STABLE,STABLE,80.85
2026-08-14,Palayamkottai(Uzhavar Sandhai ),STABLE,STABLE,79.81
2026-08-15,Palayamkottai(Uzhavar Sandhai ),STABLE,STABLE,79.42
2026-08-16,Palayamkottai(Uzhavar Sandhai ),STABLE,STABLE,71.36
2026-08-17,Palayamkottai(Uzhavar Sandhai ),STABLE,STABLE,82.11
2026-08-18,Palayamkottai(Uzhavar Sandhai ),STABLE,STABLE,80.77
2026-08-19,Palayamkottai(Uzhavar Sandhai ),STABLE,STABLE,80.55
2026-08-20,Palayamkottai(Uzhavar Sandhai ),STABLE,STABLE,79.91
2026-08-21,Palayamkottai(Uzhavar Sandhai ),STABLE,STABLE,79.26
2026-08-22,Palayamkottai(Uzhavar Sandhai ),DECREASING,STABLE,78.42
2026-08-23,Palayamkottai(Uzhavar Sandhai ),STABLE,STABLE,74.49
2026-06-29,Palladam(Uzhavar Sandhai ),STABLE,STABLE,42.46
2026-06-30,Palladam(Uzhavar Sandhai ),STABLE,STABLE,52.38
2026-07-01,Palladam(Uzhavar Sandhai ),STABLE,STABLE,48.94
2026-07-02,Palladam(Uzhavar Sandhai ),STABLE,STABLE,45.28
2026-07-03,Palladam(Uzhavar Sandhai ),INCREASING,INCREASING,44.12
2026-07-04,Palladam(Uzhavar Sandhai ),INCREASING,STABLE,49.69
2026-07-05,Palladam(Uzhavar Sandhai ),DECREASING,DECREASING,48.96
2026-07-06,Palladam(Uzhavar Sandhai ),STABLE,STABLE,49.1
2026-07-07,Palladam(Uzhavar Sandhai ),STABLE,STABLE,51.06
2026-07-08,Palladam(Uzhavar Sandhai ),STABLE,STABLE,50.67
2026-07-09,Palladam(Uzhavar Sandhai ),DECREASING,STABLE,51.66
2026-07-10,Palladam(Uzhavar Sandhai ),STABLE,INCREASING,43.09
2026-07-11,Palladam(Uzhavar Sandhai ),INCREASING,STABLE,49.56
2026-07-12,Palladam(Uzhavar Sandhai ),DECREASING,DECREASING,49.71
2026-07-13,Palladam(Uzhavar Sandhai ),STABLE,STABLE,42.16
2026-07-14,Palladam(Uzhavar Sandhai ),STABLE,STABLE,51.89
2026-07-15,Palladam(Uzhavar Sandhai ),DECREASING,STABLE,45.24
2026-07-16,Palladam(Uzhavar Sandhai ),INCREASING,INCREASING,44.64
2026-07-17,Palladam(Uzhavar Sandhai ),STABLE,STABLE,45.8
2026-07-18,Palladam(Uzhavar Sandhai ),INCREASING,INCREASING,47.64
2026-07-19,Palladam(Uzhavar Sandhai ),DECREASING,DECREASING,51.04
2026-07-20,Palladam(Uzhavar Sandhai ),STABLE,STABLE,49.46
2026-07-21,Palladam(Uzhavar Sandhai ),INCREASING,STABLE,52.44
2026-07-22,Palladam(Uzhavar Sandhai ),DECREASING,STABLE,51.64
2026-07-23,Palladam(Uzhavar Sandhai ),INCREASING,INCREASING,44.31
2026-07-24,Palladam(Uzhavar Sandhai ),STABLE,STABLE,54.95
2026-07-25,Palladam(Uzhavar Sandhai ),STABLE,STABLE,48.62
2026-07-26,Palladam(Uzhavar Sandhai ),STABLE,DECREASING,50.62
2026-07-27,Palladam(Uzhavar Sandhai ),DECREASING,STABLE,57.22
2026-07-28,Palladam(Uzhavar Sandhai ),INCREASING,STABLE,54.12
2026-07-29,Palladam(Uzhavar Sandhai ),STABLE,STABLE,56.77
2026-07-30,Palladam(Uzhavar Sandhai ),DECREASING,STABLE,51.32
2026-07-31,Palladam(Uzhavar Sandhai ),INCREASING,STABLE,50.56
2026-08-01,Palladam(Uzhavar Sandhai ),INCREASING,STABLE,56.5
2026-08-02,Palladam(Uzhavar Sandhai ),DECREASING,DECREASING,46.35
2026-08-03,Palladam(Uzhavar Sandhai ),DECREASING,STABLE,53.35
2026-08-04,Palladam(Uzhavar Sandhai ),INCREASING,STABLE,53.97
2026-08-05,Palladam(Uzhavar Sandhai ),STABLE,STABLE,58.44
2026-08-06,Palladam(Uzhavar Sandhai ),STABLE,STABLE,55.12
2026-08-07,Palladam(Uzhavar Sandhai ),INCREASING,STABLE,56.38
2026-08-08,Palladam(Uzhavar Sandhai ),STABLE,STABLE,52.04
2026-08-09,Palladam(Uzhavar Sandhai ),INCREASING,DECREASING,47.11
2026-08-10,Palladam(Uzhavar Sandhai ),DECREASING,STABLE,52.55
2026-08-11,Palladam(Uzhavar Sandhai ),STABLE,STABLE,54.15
2026-08-12,Palladam(Uzhavar Sandhai ),INCREASING,STABLE,50.42
2026-08-13,Palladam(Uzhavar Sandhai ),DECREASING,STABLE,54.66
2026-08-14,Palladam(Uzhavar Sandhai ),STABLE,STABLE,55.43
2026-08-15,Palladam(Uzhavar Sandhai ),INCREASING,STABLE,48.92
2026-08-16,Palladam(Uzhavar Sandhai ),STABLE,DECREASING,47.85
2026-08-17,Palladam(Uzhavar Sandhai ),DECREASING,STABLE,54.85
2026-08-18,Palladam(Uzhavar Sandhai ),STABLE,STABLE,58.11
2026-08-19,Palladam(Uzhavar Sandhai ),INCREASING,STABLE,54.31
2026-08-20,Palladam(Uzhavar Sandhai ),STABLE,STABLE,51.38
2026-08-21,Palladam(Uzhavar Sandhai ),DECREASING,STABLE,56.05
2026-08-22,Palladam(Uzhavar Sandhai ),STABLE,STABLE,51.34
2026-08-23,Palladam(Uzhavar Sandhai ),STABLE,STABLE,48.16
2026-06-29,Pallapatti (Uzhavar Sandhai ),INCREASING,INCREASING,48.14
2026-06-30,Pallapatti (Uzhavar Sandhai ),STABLE,INCREASING,49.04
2026-07-01,Pallapatti (Uzhavar Sandhai ),STABLE,STABLE,76.94
2026-07-02,Pallapatti (Uzhavar Sandhai ),STABLE,STABLE,78.87
2026-07-03,Pallapatti (Uzhavar Sandhai ),STABLE,STABLE,78.63
2026-07-04,Pallapatti (Uzhavar Sandhai ),STABLE,STABLE,78.82
2026-07-05,Pallapatti (Uzhavar Sandhai ),DECREASING,DECREASING,72.86
2026-07-06,Pallapatti (Uzhavar Sandhai ),INCREASING,INCREASING,48.15
2026-07-07,Pallapatti (Uzhavar Sandhai ),STABLE,STABLE,72.29
2026-07-08,Pallapatti (Uzhavar Sandhai ),STABLE,STABLE,78.8
2026-07-09,Pallapatti (Uzhavar Sandhai ),STABLE,STABLE,78.83
2026-07-10,Pallapatti (Uzhavar Sandhai ),STABLE,STABLE,78.55
2026-07-11,Pallapatti (Uzhavar Sandhai ),STABLE,STABLE,78.64
2026-07-12,Pallapatti (Uzhavar Sandhai ),DECREASING,DECREASING,74.56
2026-07-13,Pallapatti (Uzhavar Sandhai ),STABLE,INCREASING,49.04
2026-07-14,Pallapatti (Uzhavar Sandhai ),STABLE,INCREASING,50.23
2026-07-15,Pallapatti (Uzhavar Sandhai ),STABLE,STABLE,52.56
2026-07-16,Pallapatti (Uzhavar Sandhai ),STABLE,STABLE,76.58
2026-07-17,Pallapatti (Uzhavar Sandhai ),STABLE,STABLE,78.33
2026-07-18,Pallapatti (Uzhavar Sandhai ),STABLE,STABLE,78.49
2026-07-19,Pallapatti (Uzhavar Sandhai ),DECREASING,DECREASING,74.1
2026-07-20,Pallapatti (Uzhavar Sandhai ),INCREASING,INCREASING,50.38
2026-07-21,Pallapatti (Uzhavar Sandhai ),INCREASING,INCREASING,50.54
2026-07-22,Pallapatti (Uzhavar Sandhai ),STABLE,STABLE,77.22
2026-07-23,Pallapatti (Uzhavar Sandhai ),STABLE,STABLE,77.75
2026-07-24,Pallapatti (Uzhavar Sandhai ),STABLE,STABLE,77.59
2026-07-25,Pallapatti (Uzhavar Sandhai ),DECREASING,STABLE,78.27
2026-07-26,Pallapatti (Uzhavar Sandhai ),DECREASING,DECREASING,74.62
2026-07-27,Pallapatti (Uzhavar Sandhai ),INCREASING,INCREASING,49.7
2026-07-28,Pallapatti (Uzhavar Sandhai ),STABLE,INCREASING,48.35
2026-07-29,Pallapatti (Uzhavar Sandhai ),INCREASING,STABLE,53.92
2026-07-30,Pallapatti (Uzhavar Sandhai ),STABLE,STABLE,77.82
2026-07-31,Pallapatti (Uzhavar Sandhai ),STABLE,STABLE,75.44
2026-08-01,Pallapatti (Uzhavar Sandhai ),STABLE,STABLE,78.56
2026-08-02,Pallapatti (Uzhavar Sandhai ),DECREASING,DECREASING,73.7
2026-08-03,Pallapatti (Uzhavar Sandhai ),INCREASING,INCREASING,48.78
2026-08-04,Pallapatti (Uzhavar Sandhai ),INCREASING,INCREASING,49.61
2026-08-05,Pallapatti (Uzhavar Sandhai ),STABLE,STABLE,78.71
2026-08-06,Pallapatti (Uzhavar Sandhai ),STABLE,STABLE,78.64
2026-08-07,Pallapatti (Uzhavar Sandhai ),STABLE,STABLE,78.5
2026-08-08,Pallapatti (Uzhavar Sandhai ),STABLE,STABLE,78.81
2026-08-09,Pallapatti (Uzhavar Sandhai ),DECREASING,DECREASING,74.46
2026-08-10,Pallapatti (Uzhavar Sandhai ),STABLE,INCREASING,46.54
2026-08-11,Pallapatti (Uzhavar Sandhai ),STABLE,INCREASING,50.23
2026-08-12,Pallapatti (Uzhavar Sandhai ),DECREASING,STABLE,77.04
2026-08-13,Pallapatti (Uzhavar Sandhai ),INCREASING,STABLE,54.66
2026-08-14,Pallapatti (Uzhavar Sandhai ),STABLE,STABLE,76.17
2026-08-15,Pallapatti (Uzhavar Sandhai ),STABLE,STABLE,78.59
2026-08-16,Pallapatti (Uzhavar Sandhai ),DECREASING,DECREASING,73.98
2026-08-17,Pallapatti (Uzhavar Sandhai ),INCREASING,INCREASING,49.91
2026-08-18,Pallapatti (Uzhavar Sandhai ),INCREASING,INCREASING,50.85
2026-08-19,Pallapatti (Uzhavar Sandhai ),STABLE,STABLE,78.09
2026-08-20,Pallapatti (Uzhavar Sandhai ),STABLE,STABLE,78.1
2026-08-21,Pallapatti (Uzhavar Sandhai ),STABLE,STABLE,77.75
2026-08-22,Pallapatti (Uzhavar Sandhai ),STABLE,STABLE,77.37
2026-08-23,Pallapatti (Uzhavar Sandhai ),DECREASING,DECREASING,75.44
2026-06-29,Pallavaram(Uzhavar Sandhai ),STABLE,STABLE,81.46
2026-06-30,Pallavaram(Uzhavar Sandhai ),STABLE,STABLE,81.28
2026-07-01,Pallavaram(Uzhavar Sandhai ),STABLE,STABLE,81.24
2026-07-02,Pallavaram(Uzhavar Sandhai ),STABLE,STABLE,80.72
2026-07-03,Pallavaram(Uzhavar Sandhai ),STABLE,STABLE,80.03
2026-07-04,Pallavaram(Uzhavar Sandhai ),STABLE,STABLE,81.25
2026-07-07,Pallavaram(Uzhavar Sandhai ),INCREASING,STABLE,81.59
2026-07-08,Pallavaram(Uzhavar Sandhai ),STABLE,STABLE,81.44
2026-07-09,Pallavaram(Uzhavar Sandhai ),STABLE,STABLE,80.58
2026-07-10,Pallavaram(Uzhavar Sandhai ),DECREASING,STABLE,80.87
2026-07-11,Pallavaram(Uzhavar Sandhai ),STABLE,STABLE,81.15
2026-07-12,Pallavaram(Uzhavar Sandhai ),STABLE,STABLE,74.29
2026-07-13,Pallavaram(Uzhavar Sandhai ),STABLE,STABLE,81.92
2026-07-14,Pallavaram(Uzhavar Sandhai ),STABLE,STABLE,81.06
2026-07-15,Pallavaram(Uzhavar Sandhai ),STABLE,STABLE,81.35
2026-07-16,Pallavaram(Uzhavar Sandhai ),STABLE,STABLE,80.88
2026-07-17,Pallavaram(Uzhavar Sandhai ),STABLE,STABLE,80.23
2026-07-18,Pallavaram(Uzhavar Sandhai ),STABLE,STABLE,80.69
2026-07-19,Pallavaram(Uzhavar Sandhai ),INCREASING,STABLE,72.97
2026-07-20,Pallavaram(Uzhavar Sandhai ),STABLE,STABLE,81.13
2026-07-21,Pallavaram(Uzhavar Sandhai ),STABLE,STABLE,81.27
2026-07-22,Pallavaram(Uzhavar Sandhai ),STABLE,STABLE,80.99
2026-07-23,Pallavaram(Uzhavar Sandhai ),STABLE,STABLE,80.54
2026-07-24,Pallavaram(Uzhavar Sandhai ),STABLE,STABLE,80.6
2026-07-25,Pallavaram(Uzhavar Sandhai ),STABLE,STABLE,80.32
2026-07-26,Pallavaram(Uzhavar Sandhai ),STABLE,STABLE,73.85
2026-07-27,Pallavaram(Uzhavar Sandhai ),STABLE,STABLE,81.2
2026-07-28,Pallavaram(Uzhavar Sandhai ),STABLE,STABLE,81.12
2026-07-29,Pallavaram(Uzhavar Sandhai ),STABLE,STABLE,81.12
2026-07-30,Pallavaram(Uzhavar Sandhai ),STABLE,STABLE,80.47
2026-07-31,Pallavaram(Uzhavar Sandhai ),STABLE,STABLE,79.27
2026-08-01,Pallavaram(Uzhavar Sandhai ),STABLE,STABLE,81.05
2026-08-02,Pallavaram(Uzhavar Sandhai ),STABLE,STABLE,74.84
2026-08-03,Pallavaram(Uzhavar Sandhai ),STABLE,STABLE,81.85
2026-08-04,Pallavaram(Uzhavar Sandhai ),STABLE,STABLE,81.64
2026-08-05,Pallavaram(Uzhavar Sandhai ),STABLE,STABLE,81.88
2026-08-06,Pallavaram(Uzhavar Sandhai ),STABLE,STABLE,81.4
2026-08-07,Pallavaram(Uzhavar Sandhai ),STABLE,STABLE,81.13
2026-08-08,Pallavaram(Uzhavar Sandhai ),STABLE,STABLE,81.19
2026-08-09,Pallavaram(Uzhavar Sandhai ),STABLE,STABLE,74.9
2026-08-10,Pallavaram(Uzhavar Sandhai ),STABLE,STABLE,82.15
2026-08-11,Pallavaram(Uzhavar Sandhai ),STABLE,STABLE,81.83
2026-08-12,Pallavaram(Uzhavar Sandhai ),STABLE,STABLE,81.58
2026-08-13,Pallavaram(Uzhavar Sandhai ),STABLE,STABLE,81.18
2026-08-14,Pallavaram(Uzhavar Sandhai ),STABLE,STABLE,80.58
2026-08-15,Pallavaram(Uzhavar Sandhai ),STABLE,STABLE,80.72
2026-08-16,Pallavaram(Uzhavar Sandhai ),STABLE,STABLE,74.18
2026-08-17,Pallavaram(Uzhavar Sandhai ),STABLE,STABLE,81.33
2026-08-18,Pallavaram(Uzhavar Sandhai ),STABLE,STABLE,81.04
2026-08-19,Pallavaram(Uzhavar Sandhai ),STABLE,STABLE,81.17
2026-08-20,Pallavaram(Uzhavar Sandhai ),STABLE,STABLE,80.8
2026-08-21,Pallavaram(Uzhavar Sandhai ),STABLE,STABLE,80.42
2026-08-22,Pallavaram(Uzhavar Sandhai ),STABLE,STABLE,80.21
2026-08-23,Pallavaram(Uzhavar Sandhai ),STABLE,STABLE,73.59
2026-07-01,Pallikonda(Uzhavar Sandhai),INCREASING,STABLE,51.96
2026-07-02,Pallikonda(Uzhavar Sandhai),DECREASING,STABLE,57.47
2026-07-03,Pallikonda(Uzhavar Sandhai),STABLE,STABLE,47.88
2026-07-04,Pallikonda(Uzhavar Sandhai),STABLE,STABLE,57.94
2026-07-05,Pallikonda(Uzhavar Sandhai),STABLE,STABLE,46.12
2026-07-06,Pallikonda(Uzhavar Sandhai),STABLE,STABLE,53.36
2026-07-07,Pallikonda(Uzhavar Sandhai),INCREASING,STABLE,67.99
2026-07-08,Pallikonda(Uzhavar Sandhai),STABLE,STABLE,66.04
2026-07-09,Pallikonda(Uzhavar Sandhai),DECREASING,STABLE,55.41
2026-07-10,Pallikonda(Uzhavar Sandhai),DECREASING,STABLE,56.92
2026-07-11,Pallikonda(Uzhavar Sandhai),INCREASING,STABLE,47.97
2026-07-12,Pallikonda(Uzhavar Sandhai),STABLE,STABLE,54.84
2026-07-13,Pallikonda(Uzhavar Sandhai),STABLE,STABLE,63.14
2026-07-14,Pallikonda(Uzhavar Sandhai),DECREASING,STABLE,65.67
2026-07-15,Pallikonda(Uzhavar Sandhai),INCREASING,STABLE,52.35
2026-07-16,Pallikonda(Uzhavar Sandhai),STABLE,STABLE,57.71
2026-07-17,Pallikonda(Uzhavar Sandhai),INCREASING,STABLE,56.13
2026-07-18,Pallikonda(Uzhavar Sandhai),STABLE,STABLE,48.88
2026-07-19,Pallikonda(Uzhavar Sandhai),DECREASING,STABLE,49.73
2026-07-20,Pallikonda(Uzhavar Sandhai),STABLE,STABLE,64.38
2026-07-21,Pallikonda(Uzhavar Sandhai),STABLE,STABLE,66.53
2026-07-22,Pallikonda(Uzhavar Sandhai),STABLE,STABLE,65.47
2026-07-23,Pallikonda(Uzhavar Sandhai),DECREASING,STABLE,54.76
2026-07-24,Pallikonda(Uzhavar Sandhai),STABLE,STABLE,55.47
2026-07-25,Pallikonda(Uzhavar Sandhai),STABLE,STABLE,54.98
2026-07-26,Pallikonda(Uzhavar Sandhai),STABLE,STABLE,55.63
2026-07-27,Pallikonda(Uzhavar Sandhai),STABLE,STABLE,52.61
2026-07-28,Pallikonda(Uzhavar Sandhai),STABLE,STABLE,55.98
2026-07-29,Pallikonda(Uzhavar Sandhai),INCREASING,STABLE,53.69
2026-07-30,Pallikonda(Uzhavar Sandhai),STABLE,STABLE,54.77
2026-07-31,Pallikonda(Uzhavar Sandhai),INCREASING,STABLE,53.02
2026-08-01,Pallikonda(Uzhavar Sandhai),INCREASING,STABLE,50.42
2026-08-02,Pallikonda(Uzhavar Sandhai),DECREASING,STABLE,56.03
2026-08-03,Pallikonda(Uzhavar Sandhai),STABLE,STABLE,52.32
2026-08-04,Pallikonda(Uzhavar Sandhai),STABLE,STABLE,67.83
2026-08-05,Pallikonda(Uzhavar Sandhai),STABLE,STABLE,65.31
2026-08-06,Pallikonda(Uzhavar Sandhai),DECREASING,STABLE,56.68
2026-08-07,Pallikonda(Uzhavar Sandhai),STABLE,STABLE,46.97
2026-08-08,Pallikonda(Uzhavar Sandhai),STABLE,STABLE,56.96
2026-08-09,Pallikonda(Uzhavar Sandhai),DECREASING,STABLE,47.1
2026-08-10,Pallikonda(Uzhavar Sandhai),INCREASING,STABLE,53.47
2026-08-11,Pallikonda(Uzhavar Sandhai),STABLE,STABLE,68.62
2026-08-12,Pallikonda(Uzhavar Sandhai),STABLE,STABLE,65.93
2026-08-13,Pallikonda(Uzhavar Sandhai),STABLE,STABLE,56.64
2026-08-14,Pallikonda(Uzhavar Sandhai),INCREASING,STABLE,55.95
2026-08-15,Pallikonda(Uzhavar Sandhai),DECREASING,STABLE,55.96
2026-08-16,Pallikonda(Uzhavar Sandhai),STABLE,STABLE,55.37
2026-08-17,Pallikonda(Uzhavar Sandhai),STABLE,STABLE,54.2
2026-08-18,Pallikonda(Uzhavar Sandhai),STABLE,STABLE,65.66
2026-08-19,Pallikonda(Uzhavar Sandhai),STABLE,STABLE,51.95
2026-08-20,Pallikonda(Uzhavar Sandhai),DECREASING,STABLE,55.97
2026-08-21,Pallikonda(Uzhavar Sandhai),INCREASING,STABLE,46.12
2026-08-22,Pallikonda(Uzhavar Sandhai),DECREASING,STABLE,54.35
2026-08-23,Pallikonda(Uzhavar Sandhai),DECREASING,STABLE,54.27
2026-06-29,Panruti(Uzhavar Sandhai ),INCREASING,STABLE,43.14
2026-06-30,Panruti(Uzhavar Sandhai ),STABLE,STABLE,36.86
2026-07-01,Panruti(Uzhavar Sandhai ),STABLE,DECREASING,36.79
2026-07-02,Panruti(Uzhavar Sandhai ),STABLE,STABLE,37.78
2026-07-03,Panruti(Uzhavar Sandhai ),DECREASING,STABLE,37.73
2026-07-04,Panruti(Uzhavar Sandhai ),INCREASING,STABLE,42.76
2026-07-05,Panruti(Uzhavar Sandhai ),DECREASING,STABLE,39.66
2026-07-06,Panruti(Uzhavar Sandhai ),INCREASING,STABLE,44.39
2026-07-07,Panruti(Uzhavar Sandhai ),STABLE,STABLE,38.62
2026-07-08,Panruti(Uzhavar Sandhai ),DECREASING,STABLE,38.32
2026-07-09,Panruti(Uzhavar Sandhai ),STABLE,STABLE,41.5
2026-07-10,Panruti(Uzhavar Sandhai ),STABLE,STABLE,40.8
2026-07-11,Panruti(Uzhavar Sandhai ),STABLE,STABLE,41.79
2026-07-12,Panruti(Uzhavar Sandhai ),INCREASING,STABLE,40.64
2026-07-13,Panruti(Uzhavar Sandhai ),DECREASING,STABLE,40.55
2026-07-14,Panruti(Uzhavar Sandhai ),STABLE,DECREASING,41.2
2026-07-15,Panruti(Uzhavar Sandhai ),INCREASING,DECREASING,40.84
2026-07-16,Panruti(Uzhavar Sandhai ),STABLE,DECREASING,38.77
2026-07-17,Panruti(Uzhavar Sandhai ),STABLE,DECREASING,38.21
2026-07-18,Panruti(Uzhavar Sandhai ),DECREASING,DECREASING,38.68
2026-07-19,Panruti(Uzhavar Sandhai ),STABLE,DECREASING,43.26
2026-07-20,Panruti(Uzhavar Sandhai ),INCREASING,STABLE,40.67
2026-07-21,Panruti(Uzhavar Sandhai ),STABLE,DECREASING,38.71
2026-07-22,Panruti(Uzhavar Sandhai ),STABLE,DECREASING,39.93
2026-07-23,Panruti(Uzhavar Sandhai ),INCREASING,DECREASING,38.21
2026-07-24,Panruti(Uzhavar Sandhai ),DECREASING,DECREASING,37.14
2026-07-25,Panruti(Uzhavar Sandhai ),STABLE,STABLE,36.6
2026-07-26,Panruti(Uzhavar Sandhai ),STABLE,STABLE,39.17
2026-07-27,Panruti(Uzhavar Sandhai ),STABLE,STABLE,40.55
2026-07-28,Panruti(Uzhavar Sandhai ),STABLE,STABLE,38.12
2026-07-29,Panruti(Uzhavar Sandhai ),INCREASING,STABLE,38.34
2026-07-30,Panruti(Uzhavar Sandhai ),DECREASING,STABLE,37.39
2026-07-31,Panruti(Uzhavar Sandhai ),STABLE,DECREASING,39.37
2026-08-01,Panruti(Uzhavar Sandhai ),STABLE,STABLE,38.99
2026-08-02,Panruti(Uzhavar Sandhai ),DECREASING,STABLE,40.16
2026-08-03,Panruti(Uzhavar Sandhai ),INCREASING,STABLE,47.55
2026-08-04,Panruti(Uzhavar Sandhai ),DECREASING,STABLE,40.43
2026-08-05,Panruti(Uzhavar Sandhai ),INCREASING,STABLE,44.03
2026-08-06,Panruti(Uzhavar Sandhai ),DECREASING,STABLE,37.43
2026-08-07,Panruti(Uzhavar Sandhai ),STABLE,STABLE,41.2
2026-08-08,Panruti(Uzhavar Sandhai ),INCREASING,STABLE,42.69
2026-08-09,Panruti(Uzhavar Sandhai ),STABLE,STABLE,39.7
2026-08-10,Panruti(Uzhavar Sandhai ),DECREASING,STABLE,40.15
2026-08-11,Panruti(Uzhavar Sandhai ),INCREASING,STABLE,41.36
2026-08-12,Panruti(Uzhavar Sandhai ),STABLE,STABLE,36.45
2026-08-13,Panruti(Uzhavar Sandhai ),STABLE,STABLE,36.23
2026-08-14,Panruti(Uzhavar Sandhai ),STABLE,DECREASING,37.48
2026-08-15,Panruti(Uzhavar Sandhai ),INCREASING,DECREASING,37.36
2026-08-16,Panruti(Uzhavar Sandhai ),DECREASING,DECREASING,41.88
2026-08-17,Panruti(Uzhavar Sandhai ),STABLE,STABLE,37.62
2026-08-18,Panruti(Uzhavar Sandhai ),STABLE,DECREASING,38.79
2026-08-19,Panruti(Uzhavar Sandhai ),STABLE,DECREASING,37.52
2026-08-20,Panruti(Uzhavar Sandhai ),INCREASING,DECREASING,38.66
2026-08-21,Panruti(Uzhavar Sandhai ),DECREASING,DECREASING,39.33
2026-08-22,Panruti(Uzhavar Sandhai ),STABLE,DECREASING,40.7
2026-08-23,Panruti(Uzhavar Sandhai ),STABLE,DECREASING,42.16
2026-06-30,Papanasam(Uzhavar Sandhai ),STABLE,STABLE,56.44
2026-07-01,Papanasam(Uzhavar Sandhai ),DECREASING,STABLE,53.36
2026-07-02,Papanasam(Uzhavar Sandhai ),DECREASING,STABLE,44.74
2026-07-03,Papanasam(Uzhavar Sandhai ),INCREASING,INCREASING,54.2
2026-07-04,Papanasam(Uzhavar Sandhai ),INCREASING,STABLE,51.03
2026-07-06,Papanasam(Uzhavar Sandhai ),STABLE,STABLE,60.11
2026-07-07,Papanasam(Uzhavar Sandhai ),STABLE,STABLE,52.6
2026-07-08,Papanasam(Uzhavar Sandhai ),INCREASING,STABLE,52.81
2026-07-09,Papanasam(Uzhavar Sandhai ),STABLE,STABLE,57.16
2026-07-10,Papanasam(Uzhavar Sandhai ),INCREASING,STABLE,52.08
2026-07-11,Papanasam(Uzhavar Sandhai ),STABLE,STABLE,57.32
2026-07-12,Papanasam(Uzhavar Sandhai ),INCREASING,STABLE,54.23
2026-07-13,Papanasam(Uzhavar Sandhai ),STABLE,STABLE,64.66
2026-07-14,Papanasam(Uzhavar Sandhai ),STABLE,STABLE,54.74
2026-07-15,Papanasam(Uzhavar Sandhai ),DECREASING,STABLE,54.62
2026-07-16,Papanasam(Uzhavar Sandhai ),INCREASING,INCREASING,50.94
2026-07-17,Papanasam(Uzhavar Sandhai ),STABLE,STABLE,54.56
2026-07-18,Papanasam(Uzhavar Sandhai ),STABLE,STABLE,55.17
2026-07-19,Papanasam(Uzhavar Sandhai ),STABLE,STABLE,55.65
2026-07-20,Papanasam(Uzhavar Sandhai ),STABLE,STABLE,60.73
2026-07-21,Papanasam(Uzhavar Sandhai ),STABLE,STABLE,54.89
2026-07-22,Papanasam(Uzhavar Sandhai ),DECREASING,STABLE,53.61
2026-07-23,Papanasam(Uzhavar Sandhai ),INCREASING,INCREASING,50.74
2026-07-24,Papanasam(Uzhavar Sandhai ),STABLE,STABLE,55.77
2026-07-25,Papanasam(Uzhavar Sandhai ),STABLE,STABLE,58.44
2026-07-26,Papanasam(Uzhavar Sandhai ),STABLE,STABLE,61.61
2026-07-27,Papanasam(Uzhavar Sandhai ),INCREASING,STABLE,63.63
2026-07-28,Papanasam(Uzhavar Sandhai ),STABLE,STABLE,64.54
2026-07-29,Papanasam(Uzhavar Sandhai ),DECREASING,STABLE,59.57
2026-07-30,Papanasam(Uzhavar Sandhai ),STABLE,STABLE,54.74
2026-07-31,Papanasam(Uzhavar Sandhai ),STABLE,STABLE,53.89
2026-08-01,Papanasam(Uzhavar Sandhai ),STABLE,STABLE,55.57
2026-08-02,Papanasam(Uzhavar Sandhai ),STABLE,STABLE,55.56
2026-08-03,Papanasam(Uzhavar Sandhai ),STABLE,STABLE,60.24
2026-08-04,Papanasam(Uzhavar Sandhai ),STABLE,STABLE,55.98
2026-08-05,Papanasam(Uzhavar Sandhai ),STABLE,STABLE,57.14
2026-08-07,Papanasam(Uzhavar Sandhai ),STABLE,STABLE,54.23
2026-08-08,Papanasam(Uzhavar Sandhai ),INCREASING,STABLE,55.41
2026-08-09,Papanasam(Uzhavar Sandhai ),DECREASING,STABLE,66.32
2026-08-10,Papanasam(Uzhavar Sandhai ),STABLE,STABLE,62.78
2026-08-11,Papanasam(Uzhavar Sandhai ),STABLE,STABLE,55.21
2026-08-12,Papanasam(Uzhavar Sandhai ),DECREASING,STABLE,59.35
2026-08-13,Papanasam(Uzhavar Sandhai ),STABLE,STABLE,53.57
2026-08-14,Papanasam(Uzhavar Sandhai ),STABLE,STABLE,53.0
2026-08-15,Papanasam(Uzhavar Sandhai ),STABLE,STABLE,54.41
2026-08-16,Papanasam(Uzhavar Sandhai ),INCREASING,STABLE,55.07
2026-08-17,Papanasam(Uzhavar Sandhai ),STABLE,STABLE,64.47
2026-08-18,Papanasam(Uzhavar Sandhai ),INCREASING,STABLE,55.08
2026-08-19,Papanasam(Uzhavar Sandhai ),DECREASING,STABLE,57.05
2026-08-20,Papanasam(Uzhavar Sandhai ),INCREASING,STABLE,51.75
2026-08-21,Papanasam(Uzhavar Sandhai ),STABLE,STABLE,57.62
2026-08-22,Papanasam(Uzhavar Sandhai ),STABLE,STABLE,53.71
2026-08-23,Papanasam(Uzhavar Sandhai ),STABLE,STABLE,55.36
2026-06-29,Paramakudi(Uzhavar Sandhai ),INCREASING,STABLE,59.68
2026-06-30,Paramakudi(Uzhavar Sandhai ),STABLE,STABLE,69.27
2026-07-01,Paramakudi(Uzhavar Sandhai ),INCREASING,STABLE,65.33
2026-07-02,Paramakudi(Uzhavar Sandhai ),DECREASING,STABLE,76.66
2026-07-03,Paramakudi(Uzhavar Sandhai ),STABLE,STABLE,65.06
2026-07-04,Paramakudi(Uzhavar Sandhai ),DECREASING,STABLE,68.5
2026-07-05,Paramakudi(Uzhavar Sandhai ),INCREASING,STABLE,49.08
2026-07-06,Paramakudi(Uzhavar Sandhai ),INCREASING,STABLE,66.57
2026-07-07,Paramakudi(Uzhavar Sandhai ),STABLE,STABLE,78.16
2026-07-08,Paramakudi(Uzhavar Sandhai ),DECREASING,STABLE,78.17
2026-07-09,Paramakudi(Uzhavar Sandhai ),STABLE,STABLE,65.57
2026-07-10,Paramakudi(Uzhavar Sandhai ),INCREASING,STABLE,60.89
2026-07-11,Paramakudi(Uzhavar Sandhai ),INCREASING,STABLE,68.4
2026-07-12,Paramakudi(Uzhavar Sandhai ),DECREASING,STABLE,69.43
2026-07-13,Paramakudi(Uzhavar Sandhai ),STABLE,STABLE,69.71
2026-07-14,Paramakudi(Uzhavar Sandhai ),STABLE,STABLE,69.49
2026-07-15,Paramakudi(Uzhavar Sandhai ),STABLE,STABLE,69.92
2026-07-16,Paramakudi(Uzhavar Sandhai ),INCREASING,STABLE,63.62
2026-07-17,Paramakudi(Uzhavar Sandhai ),DECREASING,STABLE,78.17
2026-07-18,Paramakudi(Uzhavar Sandhai ),DECREASING,STABLE,68.14
2026-07-19,Paramakudi(Uzhavar Sandhai ),STABLE,STABLE,56.33
2026-07-20,Paramakudi(Uzhavar Sandhai ),STABLE,STABLE,69.7
2026-07-21,Paramakudi(Uzhavar Sandhai ),STABLE,STABLE,64.51
2026-07-22,Paramakudi(Uzhavar Sandhai ),INCREASING,STABLE,63.65
2026-07-23,Paramakudi(Uzhavar Sandhai ),STABLE,STABLE,68.21
2026-07-24,Paramakudi(Uzhavar Sandhai ),STABLE,STABLE,61.2
2026-07-25,Paramakudi(Uzhavar Sandhai ),INCREASING,STABLE,61.65
2026-07-26,Paramakudi(Uzhavar Sandhai ),STABLE,STABLE,67.83
2026-07-27,Paramakudi(Uzhavar Sandhai ),STABLE,STABLE,77.42
2026-07-28,Paramakudi(Uzhavar Sandhai ),STABLE,STABLE,69.82
2026-07-29,Paramakudi(Uzhavar Sandhai ),STABLE,STABLE,69.85
2026-07-30,Paramakudi(Uzhavar Sandhai ),STABLE,STABLE,68.31
2026-07-31,Paramakudi(Uzhavar Sandhai ),STABLE,STABLE,64.58
2026-08-01,Paramakudi(Uzhavar Sandhai ),STABLE,STABLE,77.18
2026-08-02,Paramakudi(Uzhavar Sandhai ),DECREASING,STABLE,68.68
2026-08-03,Paramakudi(Uzhavar Sandhai ),STABLE,STABLE,63.52
2026-08-04,Paramakudi(Uzhavar Sandhai ),STABLE,STABLE,63.95
2026-08-05,Paramakudi(Uzhavar Sandhai ),STABLE,STABLE,68.44
2026-08-06,Paramakudi(Uzhavar Sandhai ),INCREASING,STABLE,67.86
2026-08-07,Paramakudi(Uzhavar Sandhai ),STABLE,STABLE,78.05
2026-08-08,Paramakudi(Uzhavar Sandhai ),STABLE,STABLE,77.2
2026-08-09,Paramakudi(Uzhavar Sandhai ),STABLE,STABLE,61.35
2026-08-10,Paramakudi(Uzhavar Sandhai ),DECREASING,STABLE,70.26
2026-08-11,Paramakudi(Uzhavar Sandhai ),INCREASING,STABLE,62.27
2026-08-12,Paramakudi(Uzhavar Sandhai ),STABLE,STABLE,70.32
2026-08-13,Paramakudi(Uzhavar Sandhai ),STABLE,STABLE,69.42
2026-08-14,Paramakudi(Uzhavar Sandhai ),STABLE,STABLE,67.5
2026-08-15,Paramakudi(Uzhavar Sandhai ),STABLE,STABLE,76.8
2026-08-16,Paramakudi(Uzhavar Sandhai ),STABLE,STABLE,61.57
2026-08-17,Paramakudi(Uzhavar Sandhai ),STABLE,STABLE,70.25
2026-08-18,Paramakudi(Uzhavar Sandhai ),STABLE,STABLE,69.27
2026-08-19,Paramakudi(Uzhavar Sandhai ),STABLE,STABLE,69.35
2026-08-20,Paramakudi(Uzhavar Sandhai ),STABLE,STABLE,68.2
2026-08-21,Paramakudi(Uzhavar Sandhai ),STABLE,STABLE,67.54
2026-08-22,Paramakudi(Uzhavar Sandhai ),STABLE,STABLE,67.21
2026-08-23,Paramakudi(Uzhavar Sandhai ),STABLE,STABLE,66.01
2026-06-29,Paramathivelur(Uzhavar Sandhai ),STABLE,STABLE,48.8
2026-06-30,Paramathivelur(Uzhavar Sandhai ),DECREASING,STABLE,51.3
2026-07-01,Paramathivelur(Uzhavar Sandhai ),STABLE,STABLE,42.57
2026-07-02,Paramathivelur(Uzhavar Sandhai ),STABLE,STABLE,41.72
2026-07-04,Paramathivelur(Uzhavar Sandhai ),INCREASING,INCREASING,42.19
2026-07-07,Paramathivelur(Uzhavar Sandhai ),STABLE,STABLE,49.93
2026-07-08,Paramathivelur(Uzhavar Sandhai ),STABLE,STABLE,53.77
2026-07-09,Paramathivelur(Uzhavar Sandhai ),STABLE,STABLE,51.18
2026-07-10,Paramathivelur(Uzhavar Sandhai ),STABLE,STABLE,51.36
2026-07-11,Paramathivelur(Uzhavar Sandhai ),INCREASING,STABLE,51.71
2026-07-12,Paramathivelur(Uzhavar Sandhai ),DECREASING,DECREASING,42.27
2026-07-13,Paramathivelur(Uzhavar Sandhai ),INCREASING,STABLE,44.67
2026-07-14,Paramathivelur(Uzhavar Sandhai ),DECREASING,STABLE,52.31
2026-07-15,Paramathivelur(Uzhavar Sandhai ),STABLE,STABLE,49.2
2026-07-16,Paramathivelur(Uzhavar Sandhai ),INCREASING,STABLE,47.94
2026-07-17,Paramathivelur(Uzhavar Sandhai ),DECREASING,STABLE,50.42
2026-07-18,Paramathivelur(Uzhavar Sandhai ),INCREASING,STABLE,46.62
2026-07-19,Paramathivelur(Uzhavar Sandhai ),DECREASING,STABLE,43.64
2026-07-20,Paramathivelur(Uzhavar Sandhai ),INCREASING,STABLE,46.86
2026-07-21,Paramathivelur(Uzhavar Sandhai ),DECREASING,STABLE,49.34
2026-07-22,Paramathivelur(Uzhavar Sandhai ),STABLE,STABLE,47.7
2026-07-23,Paramathivelur(Uzhavar Sandhai ),INCREASING,STABLE,44.06
2026-07-24,Paramathivelur(Uzhavar Sandhai ),STABLE,STABLE,47.81
2026-07-25,Paramathivelur(Uzhavar Sandhai ),INCREASING,STABLE,48.77
2026-07-26,Paramathivelur(Uzhavar Sandhai ),DECREASING,DECREASING,42.21
2026-07-27,Paramathivelur(Uzhavar Sandhai ),INCREASING,STABLE,46.38
2026-07-28,Paramathivelur(Uzhavar Sandhai ),DECREASING,STABLE,51.34
2026-07-29,Paramathivelur(Uzhavar Sandhai ),DECREASING,STABLE,48.76
2026-07-30,Paramathivelur(Uzhavar Sandhai ),INCREASING,INCREASING,43.5
2026-07-31,Paramathivelur(Uzhavar Sandhai ),DECREASING,INCREASING,43.91
2026-08-01,Paramathivelur(Uzhavar Sandhai ),INCREASING,INCREASING,46.35
2026-08-02,Paramathivelur(Uzhavar Sandhai ),DECREASING,DECREASING,42.96
2026-08-03,Paramathivelur(Uzhavar Sandhai ),INCREASING,INCREASING,42.7
2026-08-04,Paramathivelur(Uzhavar Sandhai ),DECREASING,STABLE,50.01
2026-08-05,Paramathivelur(Uzhavar Sandhai ),STABLE,STABLE,43.8
2026-08-06,Paramathivelur(Uzhavar Sandhai ),STABLE,STABLE,41.34
2026-08-07,Paramathivelur(Uzhavar Sandhai ),STABLE,INCREASING,43.54
2026-08-08,Paramathivelur(Uzhavar Sandhai ),INCREASING,INCREASING,45.47
2026-08-09,Paramathivelur(Uzhavar Sandhai ),DECREASING,DECREASING,42.02
2026-08-10,Paramathivelur(Uzhavar Sandhai ),INCREASING,INCREASING,42.97
2026-08-11,Paramathivelur(Uzhavar Sandhai ),DECREASING,STABLE,50.36
2026-08-12,Paramathivelur(Uzhavar Sandhai ),DECREASING,STABLE,44.9
2026-08-13,Paramathivelur(Uzhavar Sandhai ),INCREASING,INCREASING,43.13
2026-08-14,Paramathivelur(Uzhavar Sandhai ),INCREASING,INCREASING,45.16
2026-08-15,Paramathivelur(Uzhavar Sandhai ),INCREASING,INCREASING,44.81
2026-08-16,Paramathivelur(Uzhavar Sandhai ),DECREASING,DECREASING,41.14
2026-08-17,Paramathivelur(Uzhavar Sandhai ),INCREASING,INCREASING,44.19
2026-08-18,Paramathivelur(Uzhavar Sandhai ),DECREASING,STABLE,50.53
2026-08-19,Paramathivelur(Uzhavar Sandhai ),STABLE,STABLE,42.37
2026-08-20,Paramathivelur(Uzhavar Sandhai ),STABLE,INCREASING,42.17
2026-08-21,Paramathivelur(Uzhavar Sandhai ),INCREASING,INCREASING,46.13
2026-08-22,Paramathivelur(Uzhavar Sandhai ),INCREASING,INCREASING,45.55
2026-08-23,Paramathivelur(Uzhavar Sandhai ),DECREASING,DECREASING,42.67
2026-06-29,Paruthipattu(Uzhavar Sandhai ),DECREASING,STABLE,72.29
2026-06-30,Paruthipattu(Uzhavar Sandhai ),INCREASING,STABLE,68.69
2026-07-01,Paruthipattu(Uzhavar Sandhai ),STABLE,STABLE,75.22
2026-07-02,Paruthipattu(Uzhavar Sandhai ),STABLE,STABLE,70.98
2026-07-03,Paruthipattu(Uzhavar Sandhai ),STABLE,STABLE,68.6
2026-07-04,Paruthipattu(Uzhavar Sandhai ),INCREASING,STABLE,66.13
2026-07-05,Paruthipattu(Uzhavar Sandhai ),DECREASING,STABLE,72.99
2026-07-06,Paruthipattu(Uzhavar Sandhai ),INCREASING,STABLE,70.27
2026-07-07,Paruthipattu(Uzhavar Sandhai ),DECREASING,STABLE,74.6
2026-07-08,Paruthipattu(Uzhavar Sandhai ),STABLE,STABLE,69.86
2026-07-09,Paruthipattu(Uzhavar Sandhai ),STABLE,STABLE,69.36
2026-07-10,Paruthipattu(Uzhavar Sandhai ),STABLE,STABLE,70.78
2026-07-11,Paruthipattu(Uzhavar Sandhai ),STABLE,STABLE,71.07
2026-07-12,Paruthipattu(Uzhavar Sandhai ),STABLE,STABLE,68.6
2026-07-13,Paruthipattu(Uzhavar Sandhai ),INCREASING,STABLE,72.38
2026-07-14,Paruthipattu(Uzhavar Sandhai ),DECREASING,STABLE,76.55
2026-07-15,Paruthipattu(Uzhavar Sandhai ),STABLE,STABLE,75.58
2026-07-16,Paruthipattu(Uzhavar Sandhai ),STABLE,STABLE,70.84
2026-07-17,Paruthipattu(Uzhavar Sandhai ),INCREASING,STABLE,70.24
2026-07-18,Paruthipattu(Uzhavar Sandhai ),STABLE,STABLE,72.49
2026-07-19,Paruthipattu(Uzhavar Sandhai ),DECREASING,STABLE,72.91
2026-07-20,Paruthipattu(Uzhavar Sandhai ),INCREASING,STABLE,68.17
2026-07-21,Paruthipattu(Uzhavar Sandhai ),STABLE,STABLE,69.19
2026-07-22,Paruthipattu(Uzhavar Sandhai ),STABLE,STABLE,71.26
2026-07-23,Paruthipattu(Uzhavar Sandhai ),STABLE,STABLE,68.36
2026-07-24,Paruthipattu(Uzhavar Sandhai ),INCREASING,STABLE,67.94
2026-07-25,Paruthipattu(Uzhavar Sandhai ),STABLE,STABLE,71.92
2026-07-26,Paruthipattu(Uzhavar Sandhai ),STABLE,STABLE,73.62
2026-07-27,Paruthipattu(Uzhavar Sandhai ),DECREASING,STABLE,73.86
2026-07-28,Paruthipattu(Uzhavar Sandhai ),STABLE,STABLE,67.88
2026-07-29,Paruthipattu(Uzhavar Sandhai ),STABLE,STABLE,67.57
2026-07-30,Paruthipattu(Uzhavar Sandhai ),INCREASING,STABLE,66.21
2026-07-31,Paruthipattu(Uzhavar Sandhai ),STABLE,STABLE,66.52
2026-08-01,Paruthipattu(Uzhavar Sandhai ),STABLE,STABLE,70.85
2026-08-02,Paruthipattu(Uzhavar Sandhai ),INCREASING,STABLE,70.8
2026-08-03,Paruthipattu(Uzhavar Sandhai ),STABLE,STABLE,74.29
2026-08-04,Paruthipattu(Uzhavar Sandhai ),INCREASING,STABLE,75.7
2026-08-05,Paruthipattu(Uzhavar Sandhai ),DECREASING,STABLE,76.87
2026-08-06,Paruthipattu(Uzhavar Sandhai ),STABLE,STABLE,72.92
2026-08-07,Paruthipattu(Uzhavar Sandhai ),STABLE,STABLE,72.68
2026-08-08,Paruthipattu(Uzhavar Sandhai ),STABLE,STABLE,74.94
2026-08-09,Paruthipattu(Uzhavar Sandhai ),INCREASING,STABLE,70.56
2026-08-10,Paruthipattu(Uzhavar Sandhai ),STABLE,STABLE,74.32
2026-08-11,Paruthipattu(Uzhavar Sandhai ),STABLE,STABLE,74.58
2026-08-12,Paruthipattu(Uzhavar Sandhai ),STABLE,STABLE,73.89
2026-08-13,Paruthipattu(Uzhavar Sandhai ),STABLE,STABLE,70.84
2026-08-14,Paruthipattu(Uzhavar Sandhai ),DECREASING,STABLE,74.59
2026-08-15,Paruthipattu(Uzhavar Sandhai ),STABLE,STABLE,68.44
2026-08-16,Paruthipattu(Uzhavar Sandhai ),STABLE,STABLE,70.07
2026-08-17,Paruthipattu(Uzhavar Sandhai ),STABLE,STABLE,69.7
2026-08-18,Paruthipattu(Uzhavar Sandhai ),INCREASING,STABLE,71.31
2026-08-19,Paruthipattu(Uzhavar Sandhai ),STABLE,STABLE,73.18
2026-08-20,Paruthipattu(Uzhavar Sandhai ),DECREASING,STABLE,74.19
2026-08-21,Paruthipattu(Uzhavar Sandhai ),STABLE,STABLE,68.21
2026-08-22,Paruthipattu(Uzhavar Sandhai ),STABLE,STABLE,72.72
2026-08-23,Paruthipattu(Uzhavar Sandhai ),STABLE,STABLE,72.89
2026-06-29,Pattukottai(Uzhavar Sandhai ),STABLE,STABLE,90.62
2026-06-30,Pattukottai(Uzhavar Sandhai ),STABLE,STABLE,90.05
2026-07-01,Pattukottai(Uzhavar Sandhai ),STABLE,STABLE,91.44
2026-07-02,Pattukottai(Uzhavar Sandhai ),STABLE,STABLE,91.3
2026-07-03,Pattukottai(Uzhavar Sandhai ),STABLE,STABLE,91.31
2026-07-04,Pattukottai(Uzhavar Sandhai ),STABLE,STABLE,91.37
2026-07-05,Pattukottai(Uzhavar Sandhai ),STABLE,STABLE,92.29
2026-07-06,Pattukottai(Uzhavar Sandhai ),STABLE,STABLE,91.99
2026-07-07,Pattukottai(Uzhavar Sandhai ),STABLE,STABLE,91.67
2026-07-08,Pattukottai(Uzhavar Sandhai ),STABLE,STABLE,91.72
2026-07-09,Pattukottai(Uzhavar Sandhai ),STABLE,STABLE,91.51
2026-07-10,Pattukottai(Uzhavar Sandhai ),STABLE,STABLE,91.77
2026-07-11,Pattukottai(Uzhavar Sandhai ),STABLE,STABLE,91.82
2026-07-12,Pattukottai(Uzhavar Sandhai ),STABLE,STABLE,92.54
2026-07-13,Pattukottai(Uzhavar Sandhai ),STABLE,STABLE,92.23
2026-07-14,Pattukottai(Uzhavar Sandhai ),STABLE,STABLE,91.62
2026-07-15,Pattukottai(Uzhavar Sandhai ),STABLE,STABLE,91.47
2026-07-16,Pattukottai(Uzhavar Sandhai ),STABLE,STABLE,91.08
2026-07-17,Pattukottai(Uzhavar Sandhai ),STABLE,STABLE,91.14
2026-07-18,Pattukottai(Uzhavar Sandhai ),STABLE,STABLE,91.66
2026-07-19,Pattukottai(Uzhavar Sandhai ),STABLE,STABLE,92.41
2026-07-20,Pattukottai(Uzhavar Sandhai ),STABLE,STABLE,91.89
2026-07-21,Pattukottai(Uzhavar Sandhai ),STABLE,STABLE,91.42
2026-07-22,Pattukottai(Uzhavar Sandhai ),STABLE,STABLE,91.11
2026-07-23,Pattukottai(Uzhavar Sandhai ),STABLE,STABLE,91.09
2026-07-24,Pattukottai(Uzhavar Sandhai ),STABLE,STABLE,91.12
2026-07-25,Pattukottai(Uzhavar Sandhai ),STABLE,STABLE,91.38
2026-07-26,Pattukottai(Uzhavar Sandhai ),STABLE,STABLE,91.25
2026-07-27,Pattukottai(Uzhavar Sandhai ),STABLE,STABLE,91.6
2026-07-28,Pattukottai(Uzhavar Sandhai ),STABLE,STABLE,90.14
2026-07-29,Pattukottai(Uzhavar Sandhai ),STABLE,STABLE,90.25
2026-07-30,Pattukottai(Uzhavar Sandhai ),STABLE,STABLE,89.66
2026-07-31,Pattukottai(Uzhavar Sandhai ),STABLE,STABLE,88.31
2026-08-01,Pattukottai(Uzhavar Sandhai ),STABLE,STABLE,91.52
2026-08-02,Pattukottai(Uzhavar Sandhai ),STABLE,STABLE,92.36
2026-08-03,Pattukottai(Uzhavar Sandhai ),STABLE,STABLE,91.89
2026-08-04,Pattukottai(Uzhavar Sandhai ),STABLE,STABLE,91.55
2026-08-05,Pattukottai(Uzhavar Sandhai ),STABLE,STABLE,91.65
2026-08-06,Pattukottai(Uzhavar Sandhai ),STABLE,STABLE,91.55
2026-08-07,Pattukottai(Uzhavar Sandhai ),STABLE,STABLE,91.4
2026-08-08,Pattukottai(Uzhavar Sandhai ),STABLE,STABLE,91.74
2026-08-09,Pattukottai(Uzhavar Sandhai ),STABLE,STABLE,92.52
2026-08-10,Pattukottai(Uzhavar Sandhai ),STABLE,STABLE,92.3
2026-08-11,Pattukottai(Uzhavar Sandhai ),STABLE,STABLE,91.69
2026-08-12,Pattukottai(Uzhavar Sandhai ),STABLE,STABLE,91.67
2026-08-13,Pattukottai(Uzhavar Sandhai ),STABLE,STABLE,91.53
2026-08-14,Pattukottai(Uzhavar Sandhai ),STABLE,STABLE,91.35
2026-08-15,Pattukottai(Uzhavar Sandhai ),STABLE,STABLE,91.5
2026-08-16,Pattukottai(Uzhavar Sandhai ),STABLE,STABLE,92.38
2026-08-17,Pattukottai(Uzhavar Sandhai ),STABLE,STABLE,91.87
2026-08-18,Pattukottai(Uzhavar Sandhai ),STABLE,STABLE,91.58
2026-08-19,Pattukottai(Uzhavar Sandhai ),STABLE,STABLE,91.57
2026-08-20,Pattukottai(Uzhavar Sandhai ),STABLE,STABLE,91.27
2026-08-21,Pattukottai(Uzhavar Sandhai ),STABLE,STABLE,91.31
2026-08-22,Pattukottai(Uzhavar Sandhai ),STABLE,STABLE,91.19
2026-08-23,Pattukottai(Uzhavar Sandhai ),STABLE,STABLE,92.18
2026-06-29,Pennagaram(Uzhavar Sandhai ),STABLE,STABLE,86.3
2026-06-30,Pennagaram(Uzhavar Sandhai ),STABLE,STABLE,85.76
2026-07-01,Pennagaram(Uzhavar Sandhai ),STABLE,STABLE,85.09
2026-07-02,Pennagaram(Uzhavar Sandhai ),STABLE,STABLE,84.97
2026-07-03,Pennagaram(Uzhavar Sandhai ),STABLE,STABLE,84.46
2026-07-04,Pennagaram(Uzhavar Sandhai ),STABLE,STABLE,84.4
2026-07-05,Pennagaram(Uzhavar Sandhai ),STABLE,STABLE,81.46
2026-07-06,Pennagaram(Uzhavar Sandhai ),STABLE,STABLE,86.16
2026-07-07,Pennagaram(Uzhavar Sandhai ),STABLE,STABLE,84.38
2026-07-08,Pennagaram(Uzhavar Sandhai ),STABLE,STABLE,83.6
2026-07-09,Pennagaram(Uzhavar Sandhai ),STABLE,STABLE,83.97
2026-07-10,Pennagaram(Uzhavar Sandhai ),STABLE,STABLE,84.1
2026-07-11,Pennagaram(Uzhavar Sandhai ),STABLE,STABLE,83.7
2026-07-12,Pennagaram(Uzhavar Sandhai ),STABLE,STABLE,79.61
2026-07-13,Pennagaram(Uzhavar Sandhai ),STABLE,STABLE,84.11
2026-07-14,Pennagaram(Uzhavar Sandhai ),STABLE,STABLE,83.44
2026-07-15,Pennagaram(Uzhavar Sandhai ),STABLE,STABLE,83.2
2026-07-16,Pennagaram(Uzhavar Sandhai ),STABLE,STABLE,83.68
2026-07-17,Pennagaram(Uzhavar Sandhai ),STABLE,STABLE,83.06
2026-07-18,Pennagaram(Uzhavar Sandhai ),STABLE,STABLE,80.64
2026-07-19,Pennagaram(Uzhavar Sandhai ),STABLE,STABLE,70.05
2026-07-20,Pennagaram(Uzhavar Sandhai ),STABLE,STABLE,80.77
2026-07-21,Pennagaram(Uzhavar Sandhai ),STABLE,STABLE,82.39
2026-07-22,Pennagaram(Uzhavar Sandhai ),STABLE,STABLE,82.89
2026-07-23,Pennagaram(Uzhavar Sandhai ),STABLE,STABLE,83.99
2026-07-24,Pennagaram(Uzhavar Sandhai ),STABLE,STABLE,82.56
2026-07-25,Pennagaram(Uzhavar Sandhai ),STABLE,STABLE,82.67
2026-07-26,Pennagaram(Uzhavar Sandhai ),STABLE,STABLE,77.81
2026-07-27,Pennagaram(Uzhavar Sandhai ),STABLE,STABLE,86.12
2026-07-28,Pennagaram(Uzhavar Sandhai ),STABLE,STABLE,85.89
2026-07-29,Pennagaram(Uzhavar Sandhai ),STABLE,STABLE,85.88
2026-07-30,Pennagaram(Uzhavar Sandhai ),STABLE,STABLE,85.19
2026-07-31,Pennagaram(Uzhavar Sandhai ),STABLE,STABLE,82.52
2026-08-01,Pennagaram(Uzhavar Sandhai ),STABLE,STABLE,84.43
2026-08-02,Pennagaram(Uzhavar Sandhai ),STABLE,STABLE,78.58
2026-08-03,Pennagaram(Uzhavar Sandhai ),STABLE,STABLE,85.4
2026-08-04,Pennagaram(Uzhavar Sandhai ),STABLE,STABLE,84.28
2026-08-05,Pennagaram(Uzhavar Sandhai ),STABLE,STABLE,83.56
2026-08-06,Pennagaram(Uzhavar Sandhai ),STABLE,STABLE,83.99
2026-08-07,Pennagaram(Uzhavar Sandhai ),STABLE,STABLE,84.16
2026-08-08,Pennagaram(Uzhavar Sandhai ),STABLE,STABLE,83.49
2026-08-09,Pennagaram(Uzhavar Sandhai ),STABLE,STABLE,78.24
2026-08-10,Pennagaram(Uzhavar Sandhai ),STABLE,STABLE,85.12
2026-08-11,Pennagaram(Uzhavar Sandhai ),STABLE,STABLE,85.32
2026-08-12,Pennagaram(Uzhavar Sandhai ),STABLE,STABLE,84.38
2026-08-13,Pennagaram(Uzhavar Sandhai ),STABLE,STABLE,82.34
2026-08-14,Pennagaram(Uzhavar Sandhai ),STABLE,STABLE,80.25
2026-08-15,Pennagaram(Uzhavar Sandhai ),STABLE,STABLE,80.05
2026-08-16,Pennagaram(Uzhavar Sandhai ),STABLE,STABLE,71.84
2026-08-17,Pennagaram(Uzhavar Sandhai ),STABLE,STABLE,81.65
2026-08-18,Pennagaram(Uzhavar Sandhai ),STABLE,STABLE,81.65
2026-08-19,Pennagaram(Uzhavar Sandhai ),STABLE,STABLE,80.26
2026-08-20,Pennagaram(Uzhavar Sandhai ),STABLE,STABLE,79.88
2026-08-21,Pennagaram(Uzhavar Sandhai ),STABLE,STABLE,80.83
2026-08-22,Pennagaram(Uzhavar Sandhai ),STABLE,STABLE,80.38
2026-08-23,Pennagaram(Uzhavar Sandhai ),STABLE,STABLE,75.77
2026-06-29,Perambakkam(Uzhavar Sandhai ),STABLE,INCREASING,39.72
2026-06-30,Perambakkam(Uzhavar Sandhai ),INCREASING,INCREASING,38.38
2026-07-01,Perambakkam(Uzhavar Sandhai ),STABLE,STABLE,58.11
2026-07-02,Perambakkam(Uzhavar Sandhai ),STABLE,STABLE,57.49
2026-07-05,Perambakkam(Uzhavar Sandhai ),INCREASING,STABLE,42.33
2026-07-07,Perambakkam(Uzhavar Sandhai ),DECREASING,STABLE,58.75
2026-07-08,Perambakkam(Uzhavar Sandhai ),STABLE,STABLE,55.8
2026-07-09,Perambakkam(Uzhavar Sandhai ),STABLE,STABLE,55.51
2026-07-10,Perambakkam(Uzhavar Sandhai ),STABLE,STABLE,55.42
2026-07-11,Perambakkam(Uzhavar Sandhai ),STABLE,STABLE,55.85
2026-07-12,Perambakkam(Uzhavar Sandhai ),STABLE,STABLE,55.66
2026-07-13,Perambakkam(Uzhavar Sandhai ),STABLE,STABLE,57.01
2026-07-14,Perambakkam(Uzhavar Sandhai ),STABLE,STABLE,55.1
2026-07-15,Perambakkam(Uzhavar Sandhai ),STABLE,STABLE,55.01
2026-07-16,Perambakkam(Uzhavar Sandhai ),STABLE,STABLE,57.37
2026-07-17,Perambakkam(Uzhavar Sandhai ),DECREASING,STABLE,56.72
2026-07-18,Perambakkam(Uzhavar Sandhai ),INCREASING,STABLE,66.5
2026-07-19,Perambakkam(Uzhavar Sandhai ),STABLE,STABLE,56.56
2026-07-20,Perambakkam(Uzhavar Sandhai ),STABLE,STABLE,57.63
2026-07-21,Perambakkam(Uzhavar Sandhai ),STABLE,STABLE,56.78
2026-07-22,Perambakkam(Uzhavar Sandhai ),STABLE,STABLE,56.0
2026-07-23,Perambakkam(Uzhavar Sandhai ),DECREASING,STABLE,55.68
2026-07-24,Perambakkam(Uzhavar Sandhai ),INCREASING,STABLE,65.98
2026-07-25,Perambakkam(Uzhavar Sandhai ),DECREASING,STABLE,56.3
2026-07-26,Perambakkam(Uzhavar Sandhai ),STABLE,STABLE,65.74
2026-07-27,Perambakkam(Uzhavar Sandhai ),INCREASING,STABLE,66.3
2026-07-28,Perambakkam(Uzhavar Sandhai ),DECREASING,STABLE,56.24
2026-07-29,Perambakkam(Uzhavar Sandhai ),STABLE,STABLE,66.12
2026-07-30,Perambakkam(Uzhavar Sandhai ),INCREASING,STABLE,65.3
2026-07-31,Perambakkam(Uzhavar Sandhai ),DECREASING,INCREASING,38.1
2026-08-01,Perambakkam(Uzhavar Sandhai ),DECREASING,STABLE,58.22
2026-08-02,Perambakkam(Uzhavar Sandhai ),INCREASING,STABLE,67.62
2026-08-03,Perambakkam(Uzhavar Sandhai ),STABLE,STABLE,60.21
2026-08-04,Perambakkam(Uzhavar Sandhai ),STABLE,STABLE,59.68
2026-08-05,Perambakkam(Uzhavar Sandhai ),DECREASING,STABLE,59.35
2026-08-06,Perambakkam(Uzhavar Sandhai ),INCREASING,STABLE,69.28
2026-08-07,Perambakkam(Uzhavar Sandhai ),DECREASING,STABLE,58.85
2026-08-08,Perambakkam(Uzhavar Sandhai ),STABLE,STABLE,68.65
2026-08-09,Perambakkam(Uzhavar Sandhai ),STABLE,STABLE,68.3
2026-08-10,Perambakkam(Uzhavar Sandhai ),INCREASING,STABLE,68.73
2026-08-11,Perambakkam(Uzhavar Sandhai ),DECREASING,STABLE,58.99
2026-08-12,Perambakkam(Uzhavar Sandhai ),STABLE,STABLE,69.43
2026-08-13,Perambakkam(Uzhavar Sandhai ),INCREASING,STABLE,68.36
2026-08-14,Perambakkam(Uzhavar Sandhai ),DECREASING,STABLE,57.99
2026-08-15,Perambakkam(Uzhavar Sandhai ),STABLE,STABLE,67.85
2026-08-16,Perambakkam(Uzhavar Sandhai ),INCREASING,STABLE,67.27
2026-08-17,Perambakkam(Uzhavar Sandhai ),DECREASING,INCREASING,39.87
2026-08-18,Perambakkam(Uzhavar Sandhai ),STABLE,STABLE,57.49
2026-08-19,Perambakkam(Uzhavar Sandhai ),DECREASING,STABLE,57.51
2026-08-20,Perambakkam(Uzhavar Sandhai ),STABLE,STABLE,66.69
2026-08-21,Perambakkam(Uzhavar Sandhai ),STABLE,STABLE,66.53
2026-08-22,Perambakkam(Uzhavar Sandhai ),INCREASING,STABLE,66.55
2026-08-23,Perambakkam(Uzhavar Sandhai ),DECREASING,STABLE,56.73
2026-06-29,Perambalur(Uzhavar Sandhai ),STABLE,INCREASING,48.57
2026-06-30,Perambalur(Uzhavar Sandhai ),STABLE,INCREASING,50.57
2026-07-01,Perambalur(Uzhavar Sandhai ),INCREASING,INCREASING,46.94
2026-07-02,Perambalur(Uzhavar Sandhai ),STABLE,INCREASING,42.05
2026-07-03,Perambalur(Uzhavar Sandhai ),INCREASING,INCREASING,59.45
2026-07-04,Perambalur(Uzhavar Sandhai ),DECREASING,INCREASING,41.97
2026-07-06,Perambalur(Uzhavar Sandhai ),STABLE,INCREASING,42.42
2026-07-07,Perambalur(Uzhavar Sandhai ),INCREASING,INCREASING,46.57
2026-07-08,Perambalur(Uzhavar Sandhai ),STABLE,INCREASING,36.2
2026-07-09,Perambalur(Uzhavar Sandhai ),DECREASING,INCREASING,40.1
2026-07-10,Perambalur(Uzhavar Sandhai ),INCREASING,INCREASING,50.79
2026-07-11,Perambalur(Uzhavar Sandhai ),INCREASING,INCREASING,41.39
2026-07-12,Perambalur(Uzhavar Sandhai ),DECREASING,DECREASING,56.11
2026-07-13,Perambalur(Uzhavar Sandhai ),INCREASING,STABLE,47.03
2026-07-14,Perambalur(Uzhavar Sandhai ),DECREASING,STABLE,41.74
2026-07-15,Perambalur(Uzhavar Sandhai ),DECREASING,STABLE,37.41
2026-07-16,Perambalur(Uzhavar Sandhai ),STABLE,INCREASING,37.83
2026-07-17,Perambalur(Uzhavar Sandhai ),INCREASING,INCREASING,48.89
2026-07-18,Perambalur(Uzhavar Sandhai ),STABLE,STABLE,40.43
2026-07-19,Perambalur(Uzhavar Sandhai ),DECREASING,DECREASING,57.03
2026-07-20,Perambalur(Uzhavar Sandhai ),INCREASING,INCREASING,42.77
2026-07-21,Perambalur(Uzhavar Sandhai ),STABLE,INCREASING,37.59
2026-07-22,Perambalur(Uzhavar Sandhai ),STABLE,INCREASING,36.67
2026-07-23,Perambalur(Uzhavar Sandhai ),INCREASING,INCREASING,43.18
2026-07-24,Perambalur(Uzhavar Sandhai ),STABLE,INCREASING,49.01
2026-07-25,Perambalur(Uzhavar Sandhai ),STABLE,INCREASING,42.99
2026-07-26,Perambalur(Uzhavar Sandhai ),DECREASING,DECREASING,59.55
2026-07-27,Perambalur(Uzhavar Sandhai ),DECREASING,INCREASING,38.65
2026-07-28,Perambalur(Uzhavar Sandhai ),INCREASING,INCREASING,49.03
2026-07-29,Perambalur(Uzhavar Sandhai ),STABLE,INCREASING,35.97
2026-07-30,Perambalur(Uzhavar Sandhai ),STABLE,INCREASING,41.75
2026-07-31,Perambalur(Uzhavar Sandhai ),INCREASING,INCREASING,47.7
2026-08-01,Perambalur(Uzhavar Sandhai ),STABLE,STABLE,39.9
2026-08-02,Perambalur(Uzhavar Sandhai ),DECREASING,DECREASING,57.12
2026-08-03,Perambalur(Uzhavar Sandhai ),DECREASING,STABLE,44.45
2026-08-04,Perambalur(Uzhavar Sandhai ),INCREASING,INCREASING,37.81
2026-08-05,Perambalur(Uzhavar Sandhai ),DECREASING,STABLE,35.7
2026-08-06,Perambalur(Uzhavar Sandhai ),INCREASING,INCREASING,39.92
2026-08-07,Perambalur(Uzhavar Sandhai ),STABLE,INCREASING,45.17
2026-08-08,Perambalur(Uzhavar Sandhai ),STABLE,STABLE,39.54
2026-08-09,Perambalur(Uzhavar Sandhai ),DECREASING,DECREASING,57.11
2026-08-10,Perambalur(Uzhavar Sandhai ),INCREASING,STABLE,40.9
2026-08-11,Perambalur(Uzhavar Sandhai ),INCREASING,STABLE,40.17
2026-08-12,Perambalur(Uzhavar Sandhai ),DECREASING,STABLE,48.32
2026-08-13,Perambalur(Uzhavar Sandhai ),STABLE,STABLE,37.83
2026-08-14,Perambalur(Uzhavar Sandhai ),INCREASING,INCREASING,48.83
2026-08-15,Perambalur(Uzhavar Sandhai ),INCREASING,INCREASING,40.14
2026-08-16,Perambalur(Uzhavar Sandhai ),DECREASING,DECREASING,57.02
2026-08-17,Perambalur(Uzhavar Sandhai ),DECREASING,STABLE,41.9
2026-08-18,Perambalur(Uzhavar Sandhai ),INCREASING,INCREASING,43.2
2026-08-19,Perambalur(Uzhavar Sandhai ),STABLE,INCREASING,34.83
2026-08-20,Perambalur(Uzhavar Sandhai ),INCREASING,INCREASING,39.75
2026-08-21,Perambalur(Uzhavar Sandhai ),INCREASING,INCREASING,48.73
2026-08-22,Perambalur(Uzhavar Sandhai ),DECREASING,STABLE,39.48
2026-08-23,Perambalur(Uzhavar Sandhai ),DECREASING,DECREASING,58.69
2026-07-06,Perampet(Uzhavar Sandhai),STABLE,STABLE,71.18
2026-07-07,Perampet(Uzhavar Sandhai),STABLE,STABLE,64.01
2026-07-09,Perampet(Uzhavar Sandhai),STABLE,STABLE,63.22
2026-07-10,Perampet(Uzhavar Sandhai),STABLE,STABLE,64.43
2026-07-11,Perampet(Uzhavar Sandhai),STABLE,STABLE,71.0
2026-07-12,Perampet(Uzhavar Sandhai),STABLE,STABLE,65.76
2026-07-13,Perampet(Uzhavar Sandhai),STABLE,STABLE,71.19
2026-07-14,Perampet(Uzhavar Sandhai),STABLE,STABLE,66.3
2026-07-15,Perampet(Uzhavar Sandhai),STABLE,STABLE,69.48
2026-07-17,Perampet(Uzhavar Sandhai),STABLE,STABLE,63.95
2026-07-18,Perampet(Uzhavar Sandhai),STABLE,STABLE,70.96
2026-07-19,Perampet(Uzhavar Sandhai),STABLE,STABLE,66.1
2026-07-20,Perampet(Uzhavar Sandhai),STABLE,STABLE,66.47
2026-07-21,Perampet(Uzhavar Sandhai),STABLE,STABLE,65.72
2026-07-22,Perampet(Uzhavar Sandhai),INCREASING,STABLE,65.0
2026-07-23,Perampet(Uzhavar Sandhai),STABLE,STABLE,70.18
2026-07-24,Perampet(Uzhavar Sandhai),STABLE,STABLE,68.91
2026-07-25,Perampet(Uzhavar Sandhai),STABLE,STABLE,72.36
2026-07-28,Perampet(Uzhavar Sandhai),STABLE,STABLE,70.26
2026-07-29,Perampet(Uzhavar Sandhai),STABLE,STABLE,70.1
2026-07-30,Perampet(Uzhavar Sandhai),STABLE,STABLE,68.6
2026-07-31,Perampet(Uzhavar Sandhai),STABLE,STABLE,68.4
2026-08-01,Perampet(Uzhavar Sandhai),STABLE,STABLE,70.46
2026-08-02,Perampet(Uzhavar Sandhai),STABLE,STABLE,69.2
2026-08-03,Perampet(Uzhavar Sandhai),STABLE,STABLE,70.91
2026-08-04,Perampet(Uzhavar Sandhai),STABLE,STABLE,70.32
2026-08-05,Perampet(Uzhavar Sandhai),STABLE,STABLE,70.29
2026-08-06,Perampet(Uzhavar Sandhai),STABLE,STABLE,63.31
2026-08-07,Perampet(Uzhavar Sandhai),STABLE,STABLE,68.65
2026-08-08,Perampet(Uzhavar Sandhai),STABLE,STABLE,66.15
2026-08-09,Perampet(Uzhavar Sandhai),STABLE,STABLE,66.73
2026-08-10,Perampet(Uzhavar Sandhai),STABLE,STABLE,66.16
2026-08-11,Perampet(Uzhavar Sandhai),STABLE,STABLE,71.32
2026-08-12,Perampet(Uzhavar Sandhai),STABLE,STABLE,66.08
2026-08-13,Perampet(Uzhavar Sandhai),STABLE,STABLE,65.15
2026-08-14,Perampet(Uzhavar Sandhai),STABLE,STABLE,63.48
2026-08-15,Perampet(Uzhavar Sandhai),STABLE,STABLE,64.83
2026-08-16,Perampet(Uzhavar Sandhai),STABLE,STABLE,70.43
2026-08-17,Perampet(Uzhavar Sandhai),STABLE,STABLE,67.21
2026-08-18,Perampet(Uzhavar Sandhai),DECREASING,STABLE,71.0
2026-08-19,Perampet(Uzhavar Sandhai),STABLE,STABLE,65.88
2026-08-20,Perampet(Uzhavar Sandhai),STABLE,STABLE,63.5
2026-08-21,Perampet(Uzhavar Sandhai),INCREASING,STABLE,50.18
2026-08-22,Perampet(Uzhavar Sandhai),STABLE,STABLE,65.89
2026-08-23,Perampet(Uzhavar Sandhai),INCREASING,STABLE,53.98
2026-06-29,Peravurani(Uzhavar Sandhai),STABLE,STABLE,69.69
2026-06-30,Peravurani(Uzhavar Sandhai),DECREASING,STABLE,68.2
2026-07-01,Peravurani(Uzhavar Sandhai),INCREASING,STABLE,46.03
2026-07-02,Peravurani(Uzhavar Sandhai),STABLE,STABLE,67.78
2026-07-03,Peravurani(Uzhavar Sandhai),STABLE,STABLE,67.7
2026-07-04,Peravurani(Uzhavar Sandhai),STABLE,STABLE,65.94
2026-07-05,Peravurani(Uzhavar Sandhai),STABLE,STABLE,65.44
2026-07-06,Peravurani(Uzhavar Sandhai),STABLE,STABLE,68.05
2026-07-07,Peravurani(Uzhavar Sandhai),STABLE,STABLE,67.09
2026-07-08,Peravurani(Uzhavar Sandhai),INCREASING,STABLE,67.14
2026-07-09,Peravurani(Uzhavar Sandhai),STABLE,STABLE,68.19
2026-07-10,Peravurani(Uzhavar Sandhai),STABLE,STABLE,67.74
2026-07-11,Peravurani(Uzhavar Sandhai),STABLE,STABLE,67.77
2026-07-13,Peravurani(Uzhavar Sandhai),STABLE,STABLE,67.74
2026-07-14,Peravurani(Uzhavar Sandhai),STABLE,STABLE,68.07
2026-07-15,Peravurani(Uzhavar Sandhai),STABLE,STABLE,68.06
2026-07-16,Peravurani(Uzhavar Sandhai),STABLE,STABLE,67.0
2026-07-17,Peravurani(Uzhavar Sandhai),STABLE,STABLE,67.14
2026-07-18,Peravurani(Uzhavar Sandhai),STABLE,STABLE,67.44
2026-07-19,Peravurani(Uzhavar Sandhai),STABLE,STABLE,67.16
2026-07-20,Peravurani(Uzhavar Sandhai),STABLE,STABLE,69.04
2026-07-21,Peravurani(Uzhavar Sandhai),STABLE,STABLE,68.24
2026-07-22,Peravurani(Uzhavar Sandhai),STABLE,STABLE,68.39
2026-07-23,Peravurani(Uzhavar Sandhai),STABLE,STABLE,66.85
2026-07-24,Peravurani(Uzhavar Sandhai),STABLE,STABLE,66.62
2026-07-25,Peravurani(Uzhavar Sandhai),STABLE,STABLE,67.01
2026-07-26,Peravurani(Uzhavar Sandhai),STABLE,STABLE,66.86
2026-07-27,Peravurani(Uzhavar Sandhai),STABLE,STABLE,69.31
2026-07-28,Peravurani(Uzhavar Sandhai),STABLE,STABLE,68.2
2026-07-29,Peravurani(Uzhavar Sandhai),DECREASING,STABLE,67.97
2026-07-31,Peravurani(Uzhavar Sandhai),INCREASING,STABLE,41.9
2026-08-03,Peravurani(Uzhavar Sandhai),STABLE,STABLE,70.0
2026-08-04,Peravurani(Uzhavar Sandhai),STABLE,STABLE,68.53
2026-08-05,Peravurani(Uzhavar Sandhai),STABLE,STABLE,68.44
2026-08-06,Peravurani(Uzhavar Sandhai),DECREASING,STABLE,67.81
2026-08-07,Peravurani(Uzhavar Sandhai),STABLE,STABLE,40.75
2026-08-08,Peravurani(Uzhavar Sandhai),STABLE,STABLE,40.95
2026-08-09,Peravurani(Uzhavar Sandhai),DECREASING,STABLE,41.48
2026-08-10,Peravurani(Uzhavar Sandhai),DECREASING,STABLE,42.31
2026-08-11,Peravurani(Uzhavar Sandhai),INCREASING,INCREASING,43.31
2026-08-12,Peravurani(Uzhavar Sandhai),STABLE,STABLE,41.66
2026-08-13,Peravurani(Uzhavar Sandhai),STABLE,STABLE,40.51
2026-08-14,Peravurani(Uzhavar Sandhai),DECREASING,STABLE,40.23
2026-08-15,Peravurani(Uzhavar Sandhai),STABLE,STABLE,39.12
2026-08-16,Peravurani(Uzhavar Sandhai),STABLE,STABLE,39.84
2026-08-17,Peravurani(Uzhavar Sandhai),INCREASING,STABLE,42.34
2026-08-18,Peravurani(Uzhavar Sandhai),STABLE,STABLE,43.2
2026-08-19,Peravurani(Uzhavar Sandhai),DECREASING,STABLE,41.38
2026-08-20,Peravurani(Uzhavar Sandhai),INCREASING,STABLE,38.75
2026-08-21,Peravurani(Uzhavar Sandhai),INCREASING,STABLE,40.34
2026-08-22,Peravurani(Uzhavar Sandhai),STABLE,STABLE,43.13
2026-06-29,Periyakulam(Uzhavar Sandhai ),STABLE,STABLE,82.01
2026-06-30,Periyakulam(Uzhavar Sandhai ),STABLE,STABLE,81.51
2026-07-01,Periyakulam(Uzhavar Sandhai ),STABLE,STABLE,83.64
2026-07-02,Periyakulam(Uzhavar Sandhai ),STABLE,STABLE,82.69
2026-07-03,Periyakulam(Uzhavar Sandhai ),STABLE,STABLE,82.11
2026-07-04,Periyakulam(Uzhavar Sandhai ),STABLE,STABLE,82.73
2026-07-05,Periyakulam(Uzhavar Sandhai ),STABLE,STABLE,82.19
2026-07-06,Periyakulam(Uzhavar Sandhai ),STABLE,STABLE,82.94
2026-07-07,Periyakulam(Uzhavar Sandhai ),STABLE,STABLE,83.51
2026-07-08,Periyakulam(Uzhavar Sandhai ),STABLE,STABLE,83.86
2026-07-09,Periyakulam(Uzhavar Sandhai ),STABLE,STABLE,82.07
2026-07-10,Periyakulam(Uzhavar Sandhai ),STABLE,STABLE,81.19
2026-07-11,Periyakulam(Uzhavar Sandhai ),STABLE,STABLE,82.19
2026-07-12,Periyakulam(Uzhavar Sandhai ),STABLE,STABLE,81.81
2026-07-13,Periyakulam(Uzhavar Sandhai ),STABLE,STABLE,83.74
2026-07-14,Periyakulam(Uzhavar Sandhai ),STABLE,STABLE,83.28
2026-07-15,Periyakulam(Uzhavar Sandhai ),STABLE,STABLE,82.81
2026-07-16,Periyakulam(Uzhavar Sandhai ),STABLE,STABLE,81.1
2026-07-17,Periyakulam(Uzhavar Sandhai ),STABLE,STABLE,81.49
2026-07-18,Periyakulam(Uzhavar Sandhai ),STABLE,STABLE,81.9
2026-07-19,Periyakulam(Uzhavar Sandhai ),STABLE,STABLE,83.42
2026-07-20,Periyakulam(Uzhavar Sandhai ),DECREASING,STABLE,82.27
2026-07-21,Periyakulam(Uzhavar Sandhai ),STABLE,STABLE,82.96
2026-07-22,Periyakulam(Uzhavar Sandhai ),STABLE,STABLE,82.06
2026-07-23,Periyakulam(Uzhavar Sandhai ),STABLE,STABLE,80.46
2026-07-24,Periyakulam(Uzhavar Sandhai ),STABLE,STABLE,80.63
2026-07-25,Periyakulam(Uzhavar Sandhai ),STABLE,STABLE,81.4
2026-07-26,Periyakulam(Uzhavar Sandhai ),STABLE,STABLE,82.63
2026-07-27,Periyakulam(Uzhavar Sandhai ),STABLE,STABLE,82.0
2026-07-28,Periyakulam(Uzhavar Sandhai ),INCREASING,STABLE,82.46
2026-07-29,Periyakulam(Uzhavar Sandhai ),STABLE,STABLE,82.39
2026-07-30,Periyakulam(Uzhavar Sandhai ),DECREASING,STABLE,81.32
2026-07-31,Periyakulam(Uzhavar Sandhai ),STABLE,STABLE,79.56
2026-08-01,Periyakulam(Uzhavar Sandhai ),STABLE,STABLE,82.93
2026-08-02,Periyakulam(Uzhavar Sandhai ),STABLE,STABLE,83.61
2026-08-03,Periyakulam(Uzhavar Sandhai ),STABLE,STABLE,83.45
2026-08-04,Periyakulam(Uzhavar Sandhai ),STABLE,STABLE,83.44
2026-08-05,Periyakulam(Uzhavar Sandhai ),STABLE,STABLE,83.45
2026-08-06,Periyakulam(Uzhavar Sandhai ),STABLE,STABLE,82.36
2026-08-07,Periyakulam(Uzhavar Sandhai ),STABLE,STABLE,82.05
2026-08-08,Periyakulam(Uzhavar Sandhai ),INCREASING,STABLE,82.11
2026-08-09,Periyakulam(Uzhavar Sandhai ),STABLE,STABLE,81.6
2026-08-10,Periyakulam(Uzhavar Sandhai ),STABLE,STABLE,82.74
2026-08-11,Periyakulam(Uzhavar Sandhai ),DECREASING,STABLE,83.51
2026-08-12,Periyakulam(Uzhavar Sandhai ),STABLE,STABLE,83.4
2026-08-13,Periyakulam(Uzhavar Sandhai ),INCREASING,STABLE,82.21
2026-08-14,Periyakulam(Uzhavar Sandhai ),STABLE,STABLE,81.06
2026-08-15,Periyakulam(Uzhavar Sandhai ),STABLE,STABLE,80.93
2026-08-16,Periyakulam(Uzhavar Sandhai ),STABLE,STABLE,81.35
2026-08-17,Periyakulam(Uzhavar Sandhai ),STABLE,STABLE,82.54
2026-08-18,Periyakulam(Uzhavar Sandhai ),STABLE,STABLE,83.41
2026-08-19,Periyakulam(Uzhavar Sandhai ),STABLE,STABLE,82.3
2026-08-20,Periyakulam(Uzhavar Sandhai ),STABLE,STABLE,81.05
2026-08-21,Periyakulam(Uzhavar Sandhai ),STABLE,STABLE,81.66
2026-08-22,Periyakulam(Uzhavar Sandhai ),STABLE,STABLE,81.29
2026-08-23,Periyakulam(Uzhavar Sandhai ),STABLE,STABLE,80.7
2026-06-29,Periyar Nagar(Uzhavar Sandhai ),STABLE,STABLE,73.93
2026-06-30,Periyar Nagar(Uzhavar Sandhai ),STABLE,STABLE,75.32
2026-07-01,Periyar Nagar(Uzhavar Sandhai ),STABLE,STABLE,73.14
2026-07-02,Periyar Nagar(Uzhavar Sandhai ),STABLE,STABLE,74.14
2026-07-03,Periyar Nagar(Uzhavar Sandhai ),DECREASING,STABLE,74.5
2026-07-04,Periyar Nagar(Uzhavar Sandhai ),STABLE,STABLE,69.9
2026-07-05,Periyar Nagar(Uzhavar Sandhai ),DECREASING,STABLE,74.11
2026-07-06,Periyar Nagar(Uzhavar Sandhai ),INCREASING,STABLE,70.81
2026-07-07,Periyar Nagar(Uzhavar Sandhai ),STABLE,STABLE,74.09
2026-07-08,Periyar Nagar(Uzhavar Sandhai ),STABLE,STABLE,75.02
2026-07-09,Periyar Nagar(Uzhavar Sandhai ),STABLE,STABLE,73.56
2026-07-10,Periyar Nagar(Uzhavar Sandhai ),STABLE,STABLE,73.45
2026-07-11,Periyar Nagar(Uzhavar Sandhai ),STABLE,STABLE,70.61
2026-07-12,Periyar Nagar(Uzhavar Sandhai ),STABLE,STABLE,75.28
2026-07-13,Periyar Nagar(Uzhavar Sandhai ),DECREASING,STABLE,75.81
2026-07-14,Periyar Nagar(Uzhavar Sandhai ),INCREASING,STABLE,70.6
2026-07-15,Periyar Nagar(Uzhavar Sandhai ),STABLE,STABLE,74.23
2026-07-16,Periyar Nagar(Uzhavar Sandhai ),STABLE,STABLE,73.79
2026-07-17,Periyar Nagar(Uzhavar Sandhai ),STABLE,STABLE,73.73
2026-07-18,Periyar Nagar(Uzhavar Sandhai ),STABLE,STABLE,73.98
2026-07-19,Periyar Nagar(Uzhavar Sandhai ),STABLE,STABLE,70.23
2026-07-20,Periyar Nagar(Uzhavar Sandhai ),DECREASING,STABLE,74.8
2026-07-21,Periyar Nagar(Uzhavar Sandhai ),INCREASING,STABLE,63.07
2026-07-22,Periyar Nagar(Uzhavar Sandhai ),INCREASING,STABLE,72.85
2026-07-23,Periyar Nagar(Uzhavar Sandhai ),STABLE,STABLE,72.45
2026-07-24,Periyar Nagar(Uzhavar Sandhai ),DECREASING,STABLE,71.63
2026-07-25,Periyar Nagar(Uzhavar Sandhai ),STABLE,STABLE,73.6
2026-07-26,Periyar Nagar(Uzhavar Sandhai ),STABLE,STABLE,74.2
2026-07-27,Periyar Nagar(Uzhavar Sandhai ),STABLE,STABLE,73.53
2026-07-28,Periyar Nagar(Uzhavar Sandhai ),STABLE,STABLE,72.92
2026-07-29,Periyar Nagar(Uzhavar Sandhai ),STABLE,STABLE,75.26
2026-07-30,Periyar Nagar(Uzhavar Sandhai ),STABLE,STABLE,74.6
2026-07-31,Periyar Nagar(Uzhavar Sandhai ),STABLE,STABLE,74.34
2026-08-01,Periyar Nagar(Uzhavar Sandhai ),INCREASING,STABLE,73.98
2026-08-02,Periyar Nagar(Uzhavar Sandhai ),DECREASING,STABLE,71.71
2026-08-03,Periyar Nagar(Uzhavar Sandhai ),STABLE,STABLE,75.75
2026-08-04,Periyar Nagar(Uzhavar Sandhai ),STABLE,STABLE,75.39
2026-08-05,Periyar Nagar(Uzhavar Sandhai ),INCREASING,STABLE,75.96
2026-08-06,Periyar Nagar(Uzhavar Sandhai ),DECREASING,STABLE,71.87
2026-08-07,Periyar Nagar(Uzhavar Sandhai ),STABLE,STABLE,71.95
2026-08-08,Periyar Nagar(Uzhavar Sandhai ),STABLE,STABLE,74.36
2026-08-09,Periyar Nagar(Uzhavar Sandhai ),STABLE,STABLE,75.36
2026-08-10,Periyar Nagar(Uzhavar Sandhai ),STABLE,STABLE,74.65
2026-08-11,Periyar Nagar(Uzhavar Sandhai ),INCREASING,STABLE,74.54
2026-08-12,Periyar Nagar(Uzhavar Sandhai ),DECREASING,STABLE,70.39
2026-08-13,Periyar Nagar(Uzhavar Sandhai ),STABLE,STABLE,74.14
2026-08-14,Periyar Nagar(Uzhavar Sandhai ),STABLE,STABLE,68.56
2026-08-15,Periyar Nagar(Uzhavar Sandhai ),STABLE,STABLE,73.13
2026-08-16,Periyar Nagar(Uzhavar Sandhai ),STABLE,STABLE,72.78
2026-08-17,Periyar Nagar(Uzhavar Sandhai ),INCREASING,STABLE,71.95
2026-08-18,Periyar Nagar(Uzhavar Sandhai ),STABLE,STABLE,70.21
2026-08-19,Periyar Nagar(Uzhavar Sandhai ),DECREASING,STABLE,68.27
2026-08-20,Periyar Nagar(Uzhavar Sandhai ),STABLE,STABLE,70.43
2026-08-21,Periyar Nagar(Uzhavar Sandhai ),STABLE,STABLE,72.66
2026-08-22,Periyar Nagar(Uzhavar Sandhai ),STABLE,STABLE,73.44
2026-08-23,Periyar Nagar(Uzhavar Sandhai ),STABLE,STABLE,74.1
2026-07-01,Perundurai(Uzhavar Sandhai ),DECREASING,STABLE,79.79
2026-07-03,Perundurai(Uzhavar Sandhai ),DECREASING,STABLE,77.98
2026-07-04,Perundurai(Uzhavar Sandhai ),STABLE,STABLE,76.81
2026-07-05,Perundurai(Uzhavar Sandhai ),STABLE,STABLE,72.21
2026-07-07,Perundurai(Uzhavar Sandhai ),STABLE,STABLE,78.56
2026-07-08,Perundurai(Uzhavar Sandhai ),STABLE,STABLE,79.31
2026-07-09,Perundurai(Uzhavar Sandhai ),STABLE,STABLE,77.02
2026-07-10,Perundurai(Uzhavar Sandhai ),STABLE,STABLE,77.69
2026-07-11,Perundurai(Uzhavar Sandhai ),STABLE,STABLE,76.86
2026-07-12,Perundurai(Uzhavar Sandhai ),STABLE,STABLE,72.76
2026-07-13,Perundurai(Uzhavar Sandhai ),STABLE,STABLE,78.69
2026-07-14,Perundurai(Uzhavar Sandhai ),STABLE,STABLE,77.22
2026-07-15,Perundurai(Uzhavar Sandhai ),STABLE,STABLE,78.14
2026-07-16,Perundurai(Uzhavar Sandhai ),STABLE,STABLE,76.51
2026-07-17,Perundurai(Uzhavar Sandhai ),STABLE,STABLE,76.37
2026-07-18,Perundurai(Uzhavar Sandhai ),STABLE,STABLE,77.36
2026-07-19,Perundurai(Uzhavar Sandhai ),STABLE,STABLE,71.45
2026-07-20,Perundurai(Uzhavar Sandhai ),STABLE,STABLE,77.8
2026-07-21,Perundurai(Uzhavar Sandhai ),STABLE,STABLE,77.44
2026-07-22,Perundurai(Uzhavar Sandhai ),STABLE,STABLE,76.85
2026-07-23,Perundurai(Uzhavar Sandhai ),INCREASING,STABLE,75.68
2026-07-24,Perundurai(Uzhavar Sandhai ),DECREASING,STABLE,76.47
2026-07-25,Perundurai(Uzhavar Sandhai ),STABLE,STABLE,74.19
2026-07-26,Perundurai(Uzhavar Sandhai ),STABLE,STABLE,70.94
2026-07-27,Perundurai(Uzhavar Sandhai ),STABLE,STABLE,78.57
2026-07-28,Perundurai(Uzhavar Sandhai ),STABLE,STABLE,77.64
2026-07-29,Perundurai(Uzhavar Sandhai ),STABLE,STABLE,77.5
2026-07-30,Perundurai(Uzhavar Sandhai ),INCREASING,STABLE,75.65
2026-07-31,Perundurai(Uzhavar Sandhai ),DECREASING,STABLE,77.85
2026-08-01,Perundurai(Uzhavar Sandhai ),STABLE,STABLE,77.26
2026-08-02,Perundurai(Uzhavar Sandhai ),STABLE,STABLE,71.74
2026-08-03,Perundurai(Uzhavar Sandhai ),STABLE,STABLE,78.56
2026-08-04,Perundurai(Uzhavar Sandhai ),STABLE,STABLE,78.16
2026-08-05,Perundurai(Uzhavar Sandhai ),STABLE,STABLE,78.92
2026-08-06,Perundurai(Uzhavar Sandhai ),INCREASING,STABLE,77.55
2026-08-07,Perundurai(Uzhavar Sandhai ),DECREASING,STABLE,78.21
2026-08-08,Perundurai(Uzhavar Sandhai ),STABLE,STABLE,77.53
2026-08-09,Perundurai(Uzhavar Sandhai ),STABLE,STABLE,72.63
2026-08-10,Perundurai(Uzhavar Sandhai ),STABLE,STABLE,79.88
2026-08-11,Perundurai(Uzhavar Sandhai ),STABLE,STABLE,79.17
2026-08-12,Perundurai(Uzhavar Sandhai ),STABLE,STABLE,79.1
2026-08-13,Perundurai(Uzhavar Sandhai ),INCREASING,STABLE,74.99
2026-08-14,Perundurai(Uzhavar Sandhai ),STABLE,STABLE,75.97
2026-08-15,Perundurai(Uzhavar Sandhai ),STABLE,STABLE,76.27
2026-08-16,Perundurai(Uzhavar Sandhai ),STABLE,STABLE,70.97
2026-08-17,Perundurai(Uzhavar Sandhai ),STABLE,STABLE,78.65
2026-08-18,Perundurai(Uzhavar Sandhai ),STABLE,STABLE,78.21
2026-08-19,Perundurai(Uzhavar Sandhai ),STABLE,STABLE,77.12
2026-08-20,Perundurai(Uzhavar Sandhai ),INCREASING,STABLE,75.88
2026-08-21,Perundurai(Uzhavar Sandhai ),STABLE,STABLE,77.22
2026-08-22,Perundurai(Uzhavar Sandhai ),STABLE,STABLE,76.81
2026-08-23,Perundurai(Uzhavar Sandhai ),STABLE,STABLE,70.88
2026-06-29,Pollachi(Uzhavar Sandhai ),INCREASING,STABLE,83.18
2026-06-30,Pollachi(Uzhavar Sandhai ),STABLE,STABLE,83.49
2026-07-01,Pollachi(Uzhavar Sandhai ),STABLE,STABLE,81.95
2026-07-02,Pollachi(Uzhavar Sandhai ),STABLE,STABLE,83.34
2026-07-03,Pollachi(Uzhavar Sandhai ),STABLE,STABLE,83.52
2026-07-04,Pollachi(Uzhavar Sandhai ),STABLE,STABLE,84.02
2026-07-05,Pollachi(Uzhavar Sandhai ),DECREASING,STABLE,81.45
2026-07-06,Pollachi(Uzhavar Sandhai ),INCREASING,STABLE,78.47
2026-07-07,Pollachi(Uzhavar Sandhai ),STABLE,STABLE,83.43
2026-07-08,Pollachi(Uzhavar Sandhai ),STABLE,STABLE,84.25
2026-07-09,Pollachi(Uzhavar Sandhai ),STABLE,STABLE,83.69
2026-07-10,Pollachi(Uzhavar Sandhai ),STABLE,STABLE,83.54
2026-07-11,Pollachi(Uzhavar Sandhai ),STABLE,STABLE,83.88
2026-07-12,Pollachi(Uzhavar Sandhai ),DECREASING,STABLE,79.98
2026-07-13,Pollachi(Uzhavar Sandhai ),STABLE,STABLE,84.98
2026-07-14,Pollachi(Uzhavar Sandhai ),STABLE,STABLE,84.41
2026-07-15,Pollachi(Uzhavar Sandhai ),STABLE,STABLE,84.15
2026-07-16,Pollachi(Uzhavar Sandhai ),STABLE,STABLE,83.64
2026-07-17,Pollachi(Uzhavar Sandhai ),STABLE,STABLE,82.29
2026-07-18,Pollachi(Uzhavar Sandhai ),STABLE,STABLE,83.83
2026-07-19,Pollachi(Uzhavar Sandhai ),DECREASING,STABLE,79.03
2026-07-20,Pollachi(Uzhavar Sandhai ),INCREASING,STABLE,78.19
2026-07-21,Pollachi(Uzhavar Sandhai ),STABLE,STABLE,83.39
2026-07-22,Pollachi(Uzhavar Sandhai ),STABLE,STABLE,82.48
2026-07-23,Pollachi(Uzhavar Sandhai ),STABLE,STABLE,82.52
2026-07-24,Pollachi(Uzhavar Sandhai ),DECREASING,STABLE,82.51
2026-07-25,Pollachi(Uzhavar Sandhai ),STABLE,STABLE,82.98
2026-07-26,Pollachi(Uzhavar Sandhai ),STABLE,STABLE,77.66
2026-07-27,Pollachi(Uzhavar Sandhai ),STABLE,STABLE,84.0
2026-07-28,Pollachi(Uzhavar Sandhai ),STABLE,STABLE,82.72
2026-07-29,Pollachi(Uzhavar Sandhai ),STABLE,STABLE,82.5
2026-07-30,Pollachi(Uzhavar Sandhai ),STABLE,STABLE,82.1
2026-07-31,Pollachi(Uzhavar Sandhai ),STABLE,STABLE,82.95
2026-08-01,Pollachi(Uzhavar Sandhai ),STABLE,STABLE,82.43
2026-08-02,Pollachi(Uzhavar Sandhai ),STABLE,STABLE,78.52
2026-08-03,Pollachi(Uzhavar Sandhai ),STABLE,STABLE,84.29
2026-08-04,Pollachi(Uzhavar Sandhai ),DECREASING,STABLE,84.44
2026-08-05,Pollachi(Uzhavar Sandhai ),STABLE,STABLE,84.24
2026-08-06,Pollachi(Uzhavar Sandhai ),STABLE,STABLE,83.77
2026-08-07,Pollachi(Uzhavar Sandhai ),INCREASING,STABLE,79.17
2026-08-08,Pollachi(Uzhavar Sandhai ),STABLE,STABLE,83.99
2026-08-09,Pollachi(Uzhavar Sandhai ),DECREASING,STABLE,79.31
2026-08-10,Pollachi(Uzhavar Sandhai ),STABLE,STABLE,81.02
2026-08-11,Pollachi(Uzhavar Sandhai ),STABLE,STABLE,84.44
2026-08-12,Pollachi(Uzhavar Sandhai ),STABLE,STABLE,80.58
2026-08-13,Pollachi(Uzhavar Sandhai ),STABLE,STABLE,82.67
2026-08-14,Pollachi(Uzhavar Sandhai ),STABLE,STABLE,83.83
2026-08-15,Pollachi(Uzhavar Sandhai ),STABLE,STABLE,84.15
2026-08-16,Pollachi(Uzhavar Sandhai ),DECREASING,STABLE,81.78
2026-08-17,Pollachi(Uzhavar Sandhai ),STABLE,STABLE,78.33
2026-08-18,Pollachi(Uzhavar Sandhai ),STABLE,STABLE,77.68
2026-08-19,Pollachi(Uzhavar Sandhai ),STABLE,STABLE,76.84
2026-08-20,Pollachi(Uzhavar Sandhai ),DECREASING,STABLE,77.91
2026-08-21,Pollachi(Uzhavar Sandhai ),INCREASING,STABLE,75.46
2026-08-22,Pollachi(Uzhavar Sandhai ),STABLE,STABLE,78.29
2026-08-23,Pollachi(Uzhavar Sandhai ),STABLE,STABLE,77.09
2026-06-29,Polur(Uzhavar Sandhai ),STABLE,STABLE,73.47
2026-06-30,Polur(Uzhavar Sandhai ),INCREASING,STABLE,72.09
2026-07-01,Polur(Uzhavar Sandhai ),STABLE,STABLE,75.58
2026-07-02,Polur(Uzhavar Sandhai ),STABLE,STABLE,74.68
2026-07-03,Polur(Uzhavar Sandhai ),STABLE,STABLE,73.99
2026-07-04,Polur(Uzhavar Sandhai ),STABLE,STABLE,73.37
2026-07-05,Polur(Uzhavar Sandhai ),STABLE,STABLE,72.19
2026-07-06,Polur(Uzhavar Sandhai ),STABLE,STABLE,75.12
2026-07-07,Polur(Uzhavar Sandhai ),STABLE,STABLE,74.04
2026-07-08,Polur(Uzhavar Sandhai ),STABLE,STABLE,74.18
2026-07-09,Polur(Uzhavar Sandhai ),STABLE,STABLE,74.64
2026-07-10,Polur(Uzhavar Sandhai ),STABLE,STABLE,74.74
2026-07-11,Polur(Uzhavar Sandhai ),STABLE,STABLE,73.87
2026-07-12,Polur(Uzhavar Sandhai ),STABLE,STABLE,75.97
2026-07-13,Polur(Uzhavar Sandhai ),STABLE,STABLE,78.59
2026-07-14,Polur(Uzhavar Sandhai ),STABLE,STABLE,77.55
2026-07-15,Polur(Uzhavar Sandhai ),DECREASING,STABLE,78.02
2026-07-16,Polur(Uzhavar Sandhai ),INCREASING,STABLE,73.94
2026-07-17,Polur(Uzhavar Sandhai ),STABLE,STABLE,76.92
2026-07-18,Polur(Uzhavar Sandhai ),STABLE,STABLE,72.93
2026-07-19,Polur(Uzhavar Sandhai ),STABLE,STABLE,75.18
2026-07-20,Polur(Uzhavar Sandhai ),STABLE,STABLE,77.89
2026-07-21,Polur(Uzhavar Sandhai ),STABLE,STABLE,76.25
2026-07-22,Polur(Uzhavar Sandhai ),STABLE,STABLE,77.54
2026-07-23,Polur(Uzhavar Sandhai ),STABLE,STABLE,74.49
2026-07-24,Polur(Uzhavar Sandhai ),STABLE,STABLE,75.68
2026-07-25,Polur(Uzhavar Sandhai ),STABLE,STABLE,74.45
2026-07-26,Polur(Uzhavar Sandhai ),STABLE,STABLE,74.81
2026-07-27,Polur(Uzhavar Sandhai ),STABLE,STABLE,73.79
2026-07-28,Polur(Uzhavar Sandhai ),INCREASING,STABLE,73.65
2026-07-29,Polur(Uzhavar Sandhai ),DECREASING,STABLE,76.26
2026-07-30,Polur(Uzhavar Sandhai ),STABLE,STABLE,72.41
2026-07-31,Polur(Uzhavar Sandhai ),STABLE,STABLE,70.77
2026-08-01,Polur(Uzhavar Sandhai ),STABLE,STABLE,74.46
2026-08-02,Polur(Uzhavar Sandhai ),INCREASING,STABLE,73.12
2026-08-03,Polur(Uzhavar Sandhai ),INCREASING,STABLE,78.68
2026-08-04,Polur(Uzhavar Sandhai ),DECREASING,STABLE,78.71
2026-08-05,Polur(Uzhavar Sandhai ),INCREASING,STABLE,74.9
2026-08-06,Polur(Uzhavar Sandhai ),DECREASING,STABLE,77.56
2026-08-07,Polur(Uzhavar Sandhai ),STABLE,STABLE,75.0
2026-08-08,Polur(Uzhavar Sandhai ),STABLE,STABLE,74.33
2026-08-09,Polur(Uzhavar Sandhai ),STABLE,STABLE,72.82
2026-08-10,Polur(Uzhavar Sandhai ),STABLE,STABLE,75.26
2026-08-11,Polur(Uzhavar Sandhai ),STABLE,STABLE,74.85
2026-08-12,Polur(Uzhavar Sandhai ),STABLE,STABLE,74.19
2026-08-13,Polur(Uzhavar Sandhai ),STABLE,STABLE,73.99
2026-08-14,Polur(Uzhavar Sandhai ),INCREASING,STABLE,73.33
2026-08-15,Polur(Uzhavar Sandhai ),STABLE,STABLE,73.96
2026-08-16,Polur(Uzhavar Sandhai ),STABLE,STABLE,73.1
2026-08-17,Polur(Uzhavar Sandhai ),STABLE,STABLE,74.86
2026-08-18,Polur(Uzhavar Sandhai ),STABLE,STABLE,73.68
2026-08-19,Polur(Uzhavar Sandhai ),STABLE,STABLE,73.67
2026-08-20,Polur(Uzhavar Sandhai ),STABLE,STABLE,72.26
2026-08-21,Polur(Uzhavar Sandhai ),STABLE,STABLE,73.52
2026-08-22,Polur(Uzhavar Sandhai ),INCREASING,STABLE,72.53
2026-08-23,Polur(Uzhavar Sandhai ),STABLE,STABLE,71.68
2026-06-29,Ponnamaravathi(Uzhavar Sandhai),STABLE,STABLE,66.12
2026-06-30,Ponnamaravathi(Uzhavar Sandhai),STABLE,STABLE,63.18
2026-07-01,Ponnamaravathi(Uzhavar Sandhai),INCREASING,STABLE,52.56
2026-07-02,Ponnamaravathi(Uzhavar Sandhai),DECREASING,STABLE,56.54
2026-07-03,Ponnamaravathi(Uzhavar Sandhai),INCREASING,STABLE,51.39
2026-07-04,Ponnamaravathi(Uzhavar Sandhai),DECREASING,STABLE,57.73
2026-07-05,Ponnamaravathi(Uzhavar Sandhai),INCREASING,INCREASING,42.52
2026-07-06,Ponnamaravathi(Uzhavar Sandhai),DECREASING,STABLE,63.06
2026-07-07,Ponnamaravathi(Uzhavar Sandhai),DECREASING,STABLE,59.99
2026-07-08,Ponnamaravathi(Uzhavar Sandhai),STABLE,STABLE,44.77
2026-07-09,Ponnamaravathi(Uzhavar Sandhai),STABLE,INCREASING,45.18
2026-07-10,Ponnamaravathi(Uzhavar Sandhai),INCREASING,INCREASING,45.06
2026-07-11,Ponnamaravathi(Uzhavar Sandhai),DECREASING,STABLE,58.31
2026-07-12,Ponnamaravathi(Uzhavar Sandhai),STABLE,STABLE,51.26
2026-07-13,Ponnamaravathi(Uzhavar Sandhai),DECREASING,STABLE,58.6
2026-07-14,Ponnamaravathi(Uzhavar Sandhai),DECREASING,STABLE,48.32
2026-07-15,Ponnamaravathi(Uzhavar Sandhai),INCREASING,INCREASING,42.11
2026-07-16,Ponnamaravathi(Uzhavar Sandhai),STABLE,INCREASING,45.67
2026-07-17,Ponnamaravathi(Uzhavar Sandhai),STABLE,INCREASING,46.15
2026-07-18,Ponnamaravathi(Uzhavar Sandhai),STABLE,INCREASING,44.8
2026-07-19,Ponnamaravathi(Uzhavar Sandhai),STABLE,INCREASING,42.71
2026-07-20,Ponnamaravathi(Uzhavar Sandhai),INCREASING,STABLE,46.69
2026-07-21,Ponnamaravathi(Uzhavar Sandhai),STABLE,STABLE,47.69
2026-07-22,Ponnamaravathi(Uzhavar Sandhai),STABLE,STABLE,43.49
2026-07-23,Ponnamaravathi(Uzhavar Sandhai),INCREASING,INCREASING,41.03
2026-07-24,Ponnamaravathi(Uzhavar Sandhai),STABLE,STABLE,59.0
2026-07-25,Ponnamaravathi(Uzhavar Sandhai),DECREASING,STABLE,59.41
2026-07-26,Ponnamaravathi(Uzhavar Sandhai),DECREASING,STABLE,55.46
2026-07-27,Ponnamaravathi(Uzhavar Sandhai),STABLE,STABLE,58.41
2026-07-28,Ponnamaravathi(Uzhavar Sandhai),DECREASING,STABLE,54.72
2026-07-29,Ponnamaravathi(Uzhavar Sandhai),INCREASING,STABLE,47.01
2026-07-30,Ponnamaravathi(Uzhavar Sandhai),STABLE,STABLE,50.11
2026-07-31,Ponnamaravathi(Uzhavar Sandhai),STABLE,STABLE,56.27
2026-08-01,Ponnamaravathi(Uzhavar Sandhai),DECREASING,STABLE,58.33
2026-08-02,Ponnamaravathi(Uzhavar Sandhai),STABLE,STABLE,52.3
2026-08-03,Ponnamaravathi(Uzhavar Sandhai),STABLE,STABLE,60.63
2026-08-04,Ponnamaravathi(Uzhavar Sandhai),STABLE,STABLE,51.36
2026-08-05,Ponnamaravathi(Uzhavar Sandhai),INCREASING,STABLE,44.8
2026-08-06,Ponnamaravathi(Uzhavar Sandhai),STABLE,STABLE,56.96
2026-08-07,Ponnamaravathi(Uzhavar Sandhai),DECREASING,STABLE,49.58
2026-08-08,Ponnamaravathi(Uzhavar Sandhai),DECREASING,STABLE,54.39
2026-08-09,Ponnamaravathi(Uzhavar Sandhai),INCREASING,INCREASING,42.45
2026-08-10,Ponnamaravathi(Uzhavar Sandhai),STABLE,STABLE,59.86
2026-08-11,Ponnamaravathi(Uzhavar Sandhai),INCREASING,STABLE,60.18
2026-08-12,Ponnamaravathi(Uzhavar Sandhai),DECREASING,STABLE,59.12
2026-08-13,Ponnamaravathi(Uzhavar Sandhai),STABLE,STABLE,43.89
2026-08-14,Ponnamaravathi(Uzhavar Sandhai),INCREASING,STABLE,42.02
2026-08-15,Ponnamaravathi(Uzhavar Sandhai),DECREASING,STABLE,50.94
2026-08-16,Ponnamaravathi(Uzhavar Sandhai),STABLE,INCREASING,43.62
2026-08-17,Ponnamaravathi(Uzhavar Sandhai),STABLE,STABLE,47.6
2026-08-18,Ponnamaravathi(Uzhavar Sandhai),INCREASING,STABLE,49.6
2026-08-19,Ponnamaravathi(Uzhavar Sandhai),DECREASING,STABLE,53.06
2026-08-20,Ponnamaravathi(Uzhavar Sandhai),STABLE,INCREASING,43.37
2026-08-21,Ponnamaravathi(Uzhavar Sandhai),STABLE,INCREASING,43.7
2026-08-22,Ponnamaravathi(Uzhavar Sandhai),STABLE,STABLE,48.66
2026-08-23,Ponnamaravathi(Uzhavar Sandhai),DECREASING,STABLE,51.84
2026-06-29,Pudukottai(Uzhavar Sandhai ),INCREASING,STABLE,76.38
2026-07-01,Pudukottai(Uzhavar Sandhai ),STABLE,STABLE,77.86
2026-07-03,Pudukottai(Uzhavar Sandhai ),STABLE,STABLE,77.56
2026-07-04,Pudukottai(Uzhavar Sandhai ),STABLE,STABLE,76.31
2026-07-05,Pudukottai(Uzhavar Sandhai ),STABLE,STABLE,66.1
2026-07-06,Pudukottai(Uzhavar Sandhai ),INCREASING,STABLE,79.05
2026-07-07,Pudukottai(Uzhavar Sandhai ),STABLE,STABLE,78.93
2026-07-08,Pudukottai(Uzhavar Sandhai ),STABLE,STABLE,79.33
2026-07-11,Pudukottai(Uzhavar Sandhai ),STABLE,STABLE,78.49
2026-07-15,Pudukottai(Uzhavar Sandhai ),DECREASING,STABLE,78.25
2026-07-16,Pudukottai(Uzhavar Sandhai ),STABLE,STABLE,74.68
2026-07-17,Pudukottai(Uzhavar Sandhai ),INCREASING,STABLE,74.55
2026-07-18,Pudukottai(Uzhavar Sandhai ),STABLE,STABLE,78.8
2026-07-19,Pudukottai(Uzhavar Sandhai ),STABLE,STABLE,68.36
2026-07-20,Pudukottai(Uzhavar Sandhai ),INCREASING,STABLE,78.26
2026-07-21,Pudukottai(Uzhavar Sandhai ),INCREASING,STABLE,77.66
2026-07-22,Pudukottai(Uzhavar Sandhai ),DECREASING,STABLE,77.79
2026-07-23,Pudukottai(Uzhavar Sandhai ),INCREASING,STABLE,75.25
2026-07-24,Pudukottai(Uzhavar Sandhai ),DECREASING,STABLE,77.83
2026-07-25,Pudukottai(Uzhavar Sandhai ),STABLE,STABLE,77.46
2026-07-26,Pudukottai(Uzhavar Sandhai ),STABLE,STABLE,67.76
2026-07-27,Pudukottai(Uzhavar Sandhai ),INCREASING,STABLE,79.21
2026-07-28,Pudukottai(Uzhavar Sandhai ),STABLE,STABLE,78.74
2026-07-29,Pudukottai(Uzhavar Sandhai ),DECREASING,STABLE,79.03
2026-07-30,Pudukottai(Uzhavar Sandhai ),DECREASING,STABLE,75.57
2026-07-31,Pudukottai(Uzhavar Sandhai ),INCREASING,STABLE,72.53
2026-08-01,Pudukottai(Uzhavar Sandhai ),STABLE,STABLE,78.7
2026-08-02,Pudukottai(Uzhavar Sandhai ),DECREASING,STABLE,67.44
2026-08-03,Pudukottai(Uzhavar Sandhai ),INCREASING,STABLE,76.57
2026-08-04,Pudukottai(Uzhavar Sandhai ),STABLE,STABLE,78.27
2026-08-05,Pudukottai(Uzhavar Sandhai ),STABLE,STABLE,78.18
2026-08-06,Pudukottai(Uzhavar Sandhai ),STABLE,STABLE,77.74
2026-08-07,Pudukottai(Uzhavar Sandhai ),STABLE,STABLE,77.65
2026-08-08,Pudukottai(Uzhavar Sandhai ),STABLE,STABLE,78.03
2026-08-09,Pudukottai(Uzhavar Sandhai ),STABLE,STABLE,67.44
2026-08-10,Pudukottai(Uzhavar Sandhai ),INCREASING,STABLE,78.88
2026-08-11,Pudukottai(Uzhavar Sandhai ),STABLE,STABLE,79.08
2026-08-12,Pudukottai(Uzhavar Sandhai ),STABLE,STABLE,79.49
2026-08-13,Pudukottai(Uzhavar Sandhai ),DECREASING,STABLE,78.92
2026-08-14,Pudukottai(Uzhavar Sandhai ),STABLE,STABLE,77.37
2026-08-15,Pudukottai(Uzhavar Sandhai ),STABLE,STABLE,76.61
2026-08-16,Pudukottai(Uzhavar Sandhai ),STABLE,STABLE,67.59
2026-08-17,Pudukottai(Uzhavar Sandhai ),INCREASING,STABLE,76.99
2026-08-18,Pudukottai(Uzhavar Sandhai ),DECREASING,STABLE,79.09
2026-08-19,Pudukottai(Uzhavar Sandhai ),STABLE,STABLE,77.46
2026-08-20,Pudukottai(Uzhavar Sandhai ),STABLE,STABLE,77.11
2026-08-21,Pudukottai(Uzhavar Sandhai ),INCREASING,STABLE,74.41
2026-08-22,Pudukottai(Uzhavar Sandhai ),STABLE,STABLE,76.59
2026-08-23,Pudukottai(Uzhavar Sandhai ),STABLE,STABLE,66.42
2026-06-29,RSPuram(Uzhavar Sandhai ),STABLE,STABLE,77.01
2026-06-30,RSPuram(Uzhavar Sandhai ),STABLE,STABLE,78.29
2026-07-01,RSPuram(Uzhavar Sandhai ),STABLE,STABLE,76.63
2026-07-02,RSPuram(Uzhavar Sandhai ),STABLE,STABLE,75.65
2026-07-03,RSPuram(Uzhavar Sandhai ),STABLE,STABLE,74.82
2026-07-04,RSPuram(Uzhavar Sandhai ),STABLE,STABLE,75.83
2026-07-05,RSPuram(Uzhavar Sandhai ),STABLE,STABLE,70.35
2026-07-06,RSPuram(Uzhavar Sandhai ),STABLE,STABLE,80.43
2026-07-07,RSPuram(Uzhavar Sandhai ),STABLE,STABLE,79.33
2026-07-08,RSPuram(Uzhavar Sandhai ),STABLE,STABLE,79.52
2026-07-09,RSPuram(Uzhavar Sandhai ),STABLE,STABLE,77.8
2026-07-10,RSPuram(Uzhavar Sandhai ),INCREASING,STABLE,77.42
2026-07-11,RSPuram(Uzhavar Sandhai ),DECREASING,STABLE,79.61
2026-07-12,RSPuram(Uzhavar Sandhai ),STABLE,STABLE,71.14
2026-07-13,RSPuram(Uzhavar Sandhai ),STABLE,STABLE,80.42
2026-07-14,RSPuram(Uzhavar Sandhai ),STABLE,STABLE,79.64
2026-07-15,RSPuram(Uzhavar Sandhai ),STABLE,STABLE,79.28
2026-07-16,RSPuram(Uzhavar Sandhai ),STABLE,STABLE,77.67
2026-07-17,RSPuram(Uzhavar Sandhai ),STABLE,STABLE,74.44
2026-07-18,RSPuram(Uzhavar Sandhai ),STABLE,STABLE,78.55
2026-07-19,RSPuram(Uzhavar Sandhai ),STABLE,STABLE,70.77
2026-07-20,RSPuram(Uzhavar Sandhai ),STABLE,STABLE,80.06
2026-07-21,RSPuram(Uzhavar Sandhai ),STABLE,STABLE,78.5
2026-07-22,RSPuram(Uzhavar Sandhai ),STABLE,STABLE,78.21
2026-07-23,RSPuram(Uzhavar Sandhai ),STABLE,STABLE,76.06
2026-07-24,RSPuram(Uzhavar Sandhai ),STABLE,STABLE,75.83
2026-07-25,RSPuram(Uzhavar Sandhai ),STABLE,STABLE,78.05
2026-07-26,RSPuram(Uzhavar Sandhai ),STABLE,STABLE,70.12
2026-07-27,RSPuram(Uzhavar Sandhai ),STABLE,STABLE,80.0
2026-07-28,RSPuram(Uzhavar Sandhai ),STABLE,STABLE,79.25
2026-07-29,RSPuram(Uzhavar Sandhai ),STABLE,STABLE,79.03
2026-07-30,RSPuram(Uzhavar Sandhai ),STABLE,STABLE,76.83
2026-07-31,RSPuram(Uzhavar Sandhai ),STABLE,STABLE,75.53
2026-08-01,RSPuram(Uzhavar Sandhai ),STABLE,STABLE,79.27
2026-08-02,RSPuram(Uzhavar Sandhai ),STABLE,STABLE,71.47
2026-08-03,RSPuram(Uzhavar Sandhai ),STABLE,STABLE,78.72
2026-08-04,RSPuram(Uzhavar Sandhai ),STABLE,STABLE,79.47
2026-08-05,RSPuram(Uzhavar Sandhai ),STABLE,STABLE,79.34
2026-08-06,RSPuram(Uzhavar Sandhai ),STABLE,STABLE,78.0
2026-08-07,RSPuram(Uzhavar Sandhai ),STABLE,STABLE,77.44
2026-08-08,RSPuram(Uzhavar Sandhai ),STABLE,STABLE,79.09
2026-08-09,RSPuram(Uzhavar Sandhai ),STABLE,STABLE,71.49
2026-08-10,RSPuram(Uzhavar Sandhai ),STABLE,STABLE,80.86
2026-08-11,RSPuram(Uzhavar Sandhai ),STABLE,STABLE,80.08
2026-08-12,RSPuram(Uzhavar Sandhai ),DECREASING,STABLE,79.48
2026-08-13,RSPuram(Uzhavar Sandhai ),INCREASING,STABLE,73.69
2026-08-14,RSPuram(Uzhavar Sandhai ),STABLE,STABLE,74.0
2026-08-15,RSPuram(Uzhavar Sandhai ),STABLE,STABLE,75.34
2026-08-16,RSPuram(Uzhavar Sandhai ),STABLE,STABLE,68.36
2026-08-17,RSPuram(Uzhavar Sandhai ),STABLE,STABLE,76.92
2026-08-18,RSPuram(Uzhavar Sandhai ),STABLE,STABLE,76.05
2026-08-19,RSPuram(Uzhavar Sandhai ),STABLE,STABLE,75.73
2026-08-20,RSPuram(Uzhavar Sandhai ),INCREASING,STABLE,74.31
2026-08-21,RSPuram(Uzhavar Sandhai ),STABLE,STABLE,72.52
2026-08-22,RSPuram(Uzhavar Sandhai ),STABLE,STABLE,73.2
2026-08-23,RSPuram(Uzhavar Sandhai ),STABLE,STABLE,68.32
2026-07-01,Rajapalayam(Uzhavar Sandhai ),STABLE,STABLE,92.25
2026-07-02,Rajapalayam(Uzhavar Sandhai ),STABLE,STABLE,92.26
2026-07-03,Rajapalayam(Uzhavar Sandhai ),STABLE,STABLE,93.5
2026-07-04,Rajapalayam(Uzhavar Sandhai ),STABLE,STABLE,92.28
2026-07-05,Rajapalayam(Uzhavar Sandhai ),STABLE,STABLE,86.69
2026-07-06,Rajapalayam(Uzhavar Sandhai ),STABLE,STABLE,93.13
2026-07-07,Rajapalayam(Uzhavar Sandhai ),STABLE,STABLE,94.03
2026-07-08,Rajapalayam(Uzhavar Sandhai ),STABLE,STABLE,94.02
2026-07-09,Rajapalayam(Uzhavar Sandhai ),STABLE,STABLE,92.03
2026-07-10,Rajapalayam(Uzhavar Sandhai ),STABLE,STABLE,93.23
2026-07-11,Rajapalayam(Uzhavar Sandhai ),STABLE,STABLE,92.17
2026-07-12,Rajapalayam(Uzhavar Sandhai ),STABLE,STABLE,86.74
2026-07-13,Rajapalayam(Uzhavar Sandhai ),STABLE,STABLE,93.61
2026-07-14,Rajapalayam(Uzhavar Sandhai ),STABLE,STABLE,92.32
2026-07-15,Rajapalayam(Uzhavar Sandhai ),STABLE,STABLE,93.33
2026-07-16,Rajapalayam(Uzhavar Sandhai ),STABLE,STABLE,93.39
2026-07-17,Rajapalayam(Uzhavar Sandhai ),STABLE,STABLE,92.32
2026-07-18,Rajapalayam(Uzhavar Sandhai ),STABLE,STABLE,92.32
2026-07-19,Rajapalayam(Uzhavar Sandhai ),DECREASING,STABLE,86.77
2026-07-20,Rajapalayam(Uzhavar Sandhai ),STABLE,STABLE,93.67
2026-07-21,Rajapalayam(Uzhavar Sandhai ),STABLE,STABLE,92.42
2026-07-22,Rajapalayam(Uzhavar Sandhai ),STABLE,STABLE,92.37
2026-07-23,Rajapalayam(Uzhavar Sandhai ),STABLE,STABLE,93.05
2026-07-24,Rajapalayam(Uzhavar Sandhai ),STABLE,STABLE,91.95
2026-07-25,Rajapalayam(Uzhavar Sandhai ),STABLE,STABLE,91.59
2026-07-26,Rajapalayam(Uzhavar Sandhai ),STABLE,STABLE,86.58
2026-07-27,Rajapalayam(Uzhavar Sandhai ),STABLE,STABLE,92.92
2026-07-28,Rajapalayam(Uzhavar Sandhai ),STABLE,STABLE,92.1
2026-07-29,Rajapalayam(Uzhavar Sandhai ),STABLE,STABLE,93.7
2026-07-30,Rajapalayam(Uzhavar Sandhai ),STABLE,STABLE,93.06
2026-07-31,Rajapalayam(Uzhavar Sandhai ),STABLE,STABLE,91.67
2026-08-01,Rajapalayam(Uzhavar Sandhai ),STABLE,STABLE,91.83
2026-08-02,Rajapalayam(Uzhavar Sandhai ),STABLE,STABLE,85.98
2026-08-03,Rajapalayam(Uzhavar Sandhai ),STABLE,STABLE,93.87
2026-08-04,Rajapalayam(Uzhavar Sandhai ),STABLE,STABLE,93.79
2026-08-05,Rajapalayam(Uzhavar Sandhai ),STABLE,STABLE,93.74
2026-08-06,Rajapalayam(Uzhavar Sandhai ),STABLE,STABLE,93.7
2026-08-07,Rajapalayam(Uzhavar Sandhai ),STABLE,STABLE,93.05
2026-08-08,Rajapalayam(Uzhavar Sandhai ),STABLE,STABLE,91.86
2026-08-09,Rajapalayam(Uzhavar Sandhai ),DECREASING,STABLE,86.39
2026-08-10,Rajapalayam(Uzhavar Sandhai ),STABLE,STABLE,94.12
2026-08-11,Rajapalayam(Uzhavar Sandhai ),STABLE,STABLE,94.16
2026-08-12,Rajapalayam(Uzhavar Sandhai ),STABLE,STABLE,94.19
2026-08-13,Rajapalayam(Uzhavar Sandhai ),STABLE,STABLE,93.44
2026-08-14,Rajapalayam(Uzhavar Sandhai ),STABLE,STABLE,93.26
2026-08-15,Rajapalayam(Uzhavar Sandhai ),STABLE,STABLE,93.12
2026-08-16,Rajapalayam(Uzhavar Sandhai ),STABLE,STABLE,90.79
2026-08-17,Rajapalayam(Uzhavar Sandhai ),STABLE,STABLE,94.24
2026-08-18,Rajapalayam(Uzhavar Sandhai ),STABLE,STABLE,93.95
2026-08-19,Rajapalayam(Uzhavar Sandhai ),STABLE,STABLE,93.57
2026-08-20,Rajapalayam(Uzhavar Sandhai ),INCREASING,STABLE,92.15
2026-08-21,Rajapalayam(Uzhavar Sandhai ),STABLE,STABLE,91.85
2026-08-22,Rajapalayam(Uzhavar Sandhai ),INCREASING,STABLE,91.71
2026-08-23,Rajapalayam(Uzhavar Sandhai ),DECREASING,STABLE,85.86
2026-06-29,Ramanathapuram(Uzhavar Sandhai ),STABLE,STABLE,71.03
2026-06-30,Ramanathapuram(Uzhavar Sandhai ),INCREASING,STABLE,70.3
2026-07-01,Ramanathapuram(Uzhavar Sandhai ),DECREASING,STABLE,66.87
2026-07-02,Ramanathapuram(Uzhavar Sandhai ),STABLE,STABLE,69.63
2026-07-03,Ramanathapuram(Uzhavar Sandhai ),STABLE,STABLE,66.72
2026-07-04,Ramanathapuram(Uzhavar Sandhai ),STABLE,STABLE,69.86
2026-07-06,Ramanathapuram(Uzhavar Sandhai ),STABLE,STABLE,67.61
2026-07-07,Ramanathapuram(Uzhavar Sandhai ),STABLE,STABLE,66.66
2026-07-08,Ramanathapuram(Uzhavar Sandhai ),STABLE,STABLE,66.93
2026-07-09,Ramanathapuram(Uzhavar Sandhai ),STABLE,STABLE,67.32
2026-07-10,Ramanathapuram(Uzhavar Sandhai ),STABLE,STABLE,69.97
2026-07-11,Ramanathapuram(Uzhavar Sandhai ),STABLE,STABLE,69.61
2026-07-12,Ramanathapuram(Uzhavar Sandhai ),STABLE,STABLE,70.18
2026-07-13,Ramanathapuram(Uzhavar Sandhai ),STABLE,STABLE,71.1
2026-07-14,Ramanathapuram(Uzhavar Sandhai ),STABLE,STABLE,69.9
2026-07-15,Ramanathapuram(Uzhavar Sandhai ),STABLE,STABLE,70.08
2026-07-16,Ramanathapuram(Uzhavar Sandhai ),STABLE,STABLE,70.76
2026-07-17,Ramanathapuram(Uzhavar Sandhai ),STABLE,STABLE,68.95
2026-07-18,Ramanathapuram(Uzhavar Sandhai ),STABLE,STABLE,68.1
2026-07-19,Ramanathapuram(Uzhavar Sandhai ),DECREASING,STABLE,69.18
2026-07-20,Ramanathapuram(Uzhavar Sandhai ),STABLE,STABLE,70.32
2026-07-21,Ramanathapuram(Uzhavar Sandhai ),STABLE,STABLE,70.07
2026-07-22,Ramanathapuram(Uzhavar Sandhai ),STABLE,STABLE,69.04
2026-07-23,Ramanathapuram(Uzhavar Sandhai ),STABLE,STABLE,68.33
2026-07-24,Ramanathapuram(Uzhavar Sandhai ),STABLE,STABLE,69.32
2026-07-25,Ramanathapuram(Uzhavar Sandhai ),STABLE,STABLE,66.61
2026-07-26,Ramanathapuram(Uzhavar Sandhai ),STABLE,STABLE,70.06
2026-07-27,Ramanathapuram(Uzhavar Sandhai ),STABLE,STABLE,69.91
2026-07-28,Ramanathapuram(Uzhavar Sandhai ),STABLE,STABLE,69.85
2026-07-29,Ramanathapuram(Uzhavar Sandhai ),STABLE,STABLE,70.23
2026-07-30,Ramanathapuram(Uzhavar Sandhai ),STABLE,STABLE,70.45
2026-07-31,Ramanathapuram(Uzhavar Sandhai ),STABLE,STABLE,66.58
2026-08-01,Ramanathapuram(Uzhavar Sandhai ),STABLE,STABLE,68.72
2026-08-02,Ramanathapuram(Uzhavar Sandhai ),STABLE,STABLE,70.36
2026-08-03,Ramanathapuram(Uzhavar Sandhai ),STABLE,STABLE,67.52
2026-08-04,Ramanathapuram(Uzhavar Sandhai ),STABLE,STABLE,70.3
2026-08-05,Ramanathapuram(Uzhavar Sandhai ),STABLE,STABLE,69.72
2026-08-06,Ramanathapuram(Uzhavar Sandhai ),STABLE,STABLE,69.91
2026-08-07,Ramanathapuram(Uzhavar Sandhai ),STABLE,STABLE,70.19
2026-08-08,Ramanathapuram(Uzhavar Sandhai ),STABLE,STABLE,69.71
2026-08-09,Ramanathapuram(Uzhavar Sandhai ),STABLE,STABLE,68.62
2026-08-10,Ramanathapuram(Uzhavar Sandhai ),STABLE,STABLE,69.85
2026-08-11,Ramanathapuram(Uzhavar Sandhai ),STABLE,STABLE,69.63
2026-08-12,Ramanathapuram(Uzhavar Sandhai ),STABLE,STABLE,70.03
2026-08-13,Ramanathapuram(Uzhavar Sandhai ),STABLE,STABLE,69.28
2026-08-14,Ramanathapuram(Uzhavar Sandhai ),STABLE,STABLE,68.39
2026-08-15,Ramanathapuram(Uzhavar Sandhai ),STABLE,STABLE,68.64
2026-08-16,Ramanathapuram(Uzhavar Sandhai ),STABLE,STABLE,70.1
2026-08-17,Ramanathapuram(Uzhavar Sandhai ),STABLE,STABLE,70.48
2026-08-18,Ramanathapuram(Uzhavar Sandhai ),STABLE,STABLE,69.7
2026-08-19,Ramanathapuram(Uzhavar Sandhai ),STABLE,STABLE,69.79
2026-08-20,Ramanathapuram(Uzhavar Sandhai ),STABLE,STABLE,70.07
2026-08-21,Ramanathapuram(Uzhavar Sandhai ),STABLE,STABLE,68.31
2026-08-22,Ramanathapuram(Uzhavar Sandhai ),INCREASING,STABLE,67.49
2026-08-23,Ramanathapuram(Uzhavar Sandhai ),DECREASING,STABLE,66.15
2026-06-29,Ranipettai(Uzhavar Sandhai ),STABLE,STABLE,59.55
2026-06-30,Ranipettai(Uzhavar Sandhai ),STABLE,STABLE,63.49
2026-07-01,Ranipettai(Uzhavar Sandhai ),STABLE,STABLE,57.6
2026-07-02,Ranipettai(Uzhavar Sandhai ),STABLE,STABLE,51.31
2026-07-03,Ranipettai(Uzhavar Sandhai ),STABLE,STABLE,56.19
2026-07-04,Ranipettai(Uzhavar Sandhai ),DECREASING,STABLE,59.51
2026-07-05,Ranipettai(Uzhavar Sandhai ),INCREASING,INCREASING,49.24
2026-07-05,Ranipettai(Uzhavar Sandhai ),INCREASING,STABLE,44.07
2026-07-06,Ranipettai(Uzhavar Sandhai ),STABLE,STABLE,64.69
2026-07-07,Ranipettai(Uzhavar Sandhai ),STABLE,STABLE,62.69
2026-07-08,Ranipettai(Uzhavar Sandhai ),STABLE,STABLE,62.87
2026-07-09,Ranipettai(Uzhavar Sandhai ),STABLE,STABLE,62.68
2026-07-10,Ranipettai(Uzhavar Sandhai ),STABLE,STABLE,58.76
2026-07-11,Ranipettai(Uzhavar Sandhai ),STABLE,STABLE,60.7
2026-07-12,Ranipettai(Uzhavar Sandhai ),STABLE,STABLE,43.58
2026-07-13,Ranipettai(Uzhavar Sandhai ),INCREASING,STABLE,56.66
2026-07-14,Ranipettai(Uzhavar Sandhai ),DECREASING,STABLE,59.02
2026-07-15,Ranipettai(Uzhavar Sandhai ),STABLE,STABLE,57.38
2026-07-16,Ranipettai(Uzhavar Sandhai ),STABLE,STABLE,54.83
2026-07-17,Ranipettai(Uzhavar Sandhai ),STABLE,STABLE,53.62
2026-07-18,Ranipettai(Uzhavar Sandhai ),STABLE,STABLE,60.53
2026-07-19,Ranipettai(Uzhavar Sandhai ),INCREASING,DECREASING,42.21
2026-07-20,Ranipettai(Uzhavar Sandhai ),DECREASING,STABLE,59.51
2026-07-21,Ranipettai(Uzhavar Sandhai ),INCREASING,STABLE,66.64
2026-07-22,Ranipettai(Uzhavar Sandhai ),STABLE,STABLE,57.26
2026-07-23,Ranipettai(Uzhavar Sandhai ),INCREASING,STABLE,67.04
2026-07-24,Ranipettai(Uzhavar Sandhai ),STABLE,STABLE,64.2
2026-07-25,Ranipettai(Uzhavar Sandhai ),STABLE,STABLE,61.9
2026-07-26,Ranipettai(Uzhavar Sandhai ),DECREASING,STABLE,52.11
2026-07-27,Ranipettai(Uzhavar Sandhai ),INCREASING,STABLE,56.62
2026-07-28,Ranipettai(Uzhavar Sandhai ),STABLE,STABLE,62.82
2026-07-29,Ranipettai(Uzhavar Sandhai ),INCREASING,STABLE,64.49
2026-07-30,Ranipettai(Uzhavar Sandhai ),STABLE,STABLE,55.69
2026-07-31,Ranipettai(Uzhavar Sandhai ),STABLE,STABLE,50.73
2026-08-01,Ranipettai(Uzhavar Sandhai ),STABLE,STABLE,61.46
2026-08-02,Ranipettai(Uzhavar Sandhai ),DECREASING,STABLE,48.7
2026-08-03,Ranipettai(Uzhavar Sandhai ),INCREASING,STABLE,56.21
2026-08-04,Ranipettai(Uzhavar Sandhai ),STABLE,STABLE,64.49
2026-08-05,Ranipettai(Uzhavar Sandhai ),STABLE,STABLE,64.36
2026-08-06,Ranipettai(Uzhavar Sandhai ),DECREASING,STABLE,66.35
2026-08-07,Ranipettai(Uzhavar Sandhai ),STABLE,STABLE,55.93
2026-08-08,Ranipettai(Uzhavar Sandhai ),DECREASING,STABLE,53.33
2026-08-09,Ranipettai(Uzhavar Sandhai ),STABLE,DECREASING,42.16
2026-08-10,Ranipettai(Uzhavar Sandhai ),INCREASING,STABLE,64.59
2026-08-11,Ranipettai(Uzhavar Sandhai ),STABLE,STABLE,62.43
2026-08-12,Ranipettai(Uzhavar Sandhai ),DECREASING,STABLE,64.35
2026-08-13,Ranipettai(Uzhavar Sandhai ),STABLE,STABLE,61.85
2026-08-14,Ranipettai(Uzhavar Sandhai ),INCREASING,STABLE,54.57
2026-08-15,Ranipettai(Uzhavar Sandhai ),STABLE,STABLE,54.76
2026-08-16,Ranipettai(Uzhavar Sandhai ),DECREASING,DECREASING,44.29
2026-08-17,Ranipettai(Uzhavar Sandhai ),INCREASING,STABLE,46.48
2026-08-18,Ranipettai(Uzhavar Sandhai ),STABLE,STABLE,60.7
2026-08-19,Ranipettai(Uzhavar Sandhai ),INCREASING,STABLE,62.81
2026-08-20,Ranipettai(Uzhavar Sandhai ),STABLE,STABLE,63.98
2026-08-21,Ranipettai(Uzhavar Sandhai ),STABLE,STABLE,54.6
2026-08-22,Ranipettai(Uzhavar Sandhai ),DECREASING,STABLE,62.86
2026-08-23,Ranipettai(Uzhavar Sandhai ),STABLE,STABLE,50.21
2026-06-29,Rasipuram(Uzhavar Sandhai ),STABLE,STABLE,51.11
2026-06-30,Rasipuram(Uzhavar Sandhai ),INCREASING,STABLE,48.68
2026-07-01,Rasipuram(Uzhavar Sandhai ),DECREASING,STABLE,55.8
2026-07-02,Rasipuram(Uzhavar Sandhai ),INCREASING,STABLE,44.98
2026-07-03,Rasipuram(Uzhavar Sandhai ),STABLE,STABLE,45.93
2026-07-04,Rasipuram(Uzhavar Sandhai ),INCREASING,STABLE,46.7
2026-07-05,Rasipuram(Uzhavar Sandhai ),DECREASING,DECREASING,54.02
2026-07-06,Rasipuram(Uzhavar Sandhai ),INCREASING,STABLE,54.12
2026-07-07,Rasipuram(Uzhavar Sandhai ),DECREASING,STABLE,53.67
2026-07-08,Rasipuram(Uzhavar Sandhai ),INCREASING,STABLE,50.91
2026-07-09,Rasipuram(Uzhavar Sandhai ),INCREASING,STABLE,46.61
2026-07-10,Rasipuram(Uzhavar Sandhai ),DECREASING,STABLE,48.54
2026-07-11,Rasipuram(Uzhavar Sandhai ),INCREASING,STABLE,41.12
2026-07-12,Rasipuram(Uzhavar Sandhai ),DECREASING,DECREASING,53.9
2026-07-13,Rasipuram(Uzhavar Sandhai ),STABLE,STABLE,53.73
2026-07-14,Rasipuram(Uzhavar Sandhai ),DECREASING,STABLE,51.45
2026-07-15,Rasipuram(Uzhavar Sandhai ),INCREASING,STABLE,49.54
2026-07-16,Rasipuram(Uzhavar Sandhai ),STABLE,STABLE,44.93
2026-07-17,Rasipuram(Uzhavar Sandhai ),DECREASING,STABLE,44.51
2026-07-18,Rasipuram(Uzhavar Sandhai ),INCREASING,STABLE,41.48
2026-07-19,Rasipuram(Uzhavar Sandhai ),DECREASING,DECREASING,54.98
2026-07-20,Rasipuram(Uzhavar Sandhai ),DECREASING,STABLE,61.23
2026-07-21,Rasipuram(Uzhavar Sandhai ),STABLE,STABLE,55.33
2026-07-22,Rasipuram(Uzhavar Sandhai ),STABLE,STABLE,57.1
2026-07-23,Rasipuram(Uzhavar Sandhai ),INCREASING,STABLE,51.93
2026-07-24,Rasipuram(Uzhavar Sandhai ),DECREASING,STABLE,48.16
2026-07-25,Rasipuram(Uzhavar Sandhai ),INCREASING,STABLE,45.07
2026-07-26,Rasipuram(Uzhavar Sandhai ),DECREASING,DECREASING,53.91
2026-07-27,Rasipuram(Uzhavar Sandhai ),INCREASING,STABLE,56.74
2026-07-28,Rasipuram(Uzhavar Sandhai ),STABLE,STABLE,56.53
2026-07-29,Rasipuram(Uzhavar Sandhai ),INCREASING,STABLE,55.31
2026-07-30,Rasipuram(Uzhavar Sandhai ),STABLE,STABLE,52.02
2026-07-31,Rasipuram(Uzhavar Sandhai ),STABLE,STABLE,47.22
2026-08-01,Rasipuram(Uzhavar Sandhai ),INCREASING,STABLE,48.14
2026-08-02,Rasipuram(Uzhavar Sandhai ),DECREASING,DECREASING,50.13
2026-08-03,Rasipuram(Uzhavar Sandhai ),DECREASING,STABLE,62.9
2026-08-04,Rasipuram(Uzhavar Sandhai ),INCREASING,STABLE,60.9
2026-08-05,Rasipuram(Uzhavar Sandhai ),INCREASING,STABLE,59.71
2026-08-06,Rasipuram(Uzhavar Sandhai ),STABLE,STABLE,51.87
2026-08-07,Rasipuram(Uzhavar Sandhai ),STABLE,STABLE,50.54
2026-08-08,Rasipuram(Uzhavar Sandhai ),STABLE,STABLE,52.66
2026-08-09,Rasipuram(Uzhavar Sandhai ),STABLE,DECREASING,50.7
2026-08-10,Rasipuram(Uzhavar Sandhai ),DECREASING,STABLE,62.24
2026-08-11,Rasipuram(Uzhavar Sandhai ),STABLE,STABLE,58.98
2026-08-12,Rasipuram(Uzhavar Sandhai ),STABLE,STABLE,60.77
2026-08-13,Rasipuram(Uzhavar Sandhai ),STABLE,STABLE,54.72
2026-08-14,Rasipuram(Uzhavar Sandhai ),INCREASING,STABLE,49.56
2026-08-15,Rasipuram(Uzhavar Sandhai ),STABLE,STABLE,49.26
2026-08-16,Rasipuram(Uzhavar Sandhai ),DECREASING,DECREASING,50.81
2026-08-17,Rasipuram(Uzhavar Sandhai ),INCREASING,STABLE,59.06
2026-08-18,Rasipuram(Uzhavar Sandhai ),DECREASING,STABLE,59.61
2026-08-19,Rasipuram(Uzhavar Sandhai ),INCREASING,STABLE,56.53
2026-08-20,Rasipuram(Uzhavar Sandhai ),DECREASING,STABLE,51.53
2026-08-21,Rasipuram(Uzhavar Sandhai ),INCREASING,STABLE,48.84
2026-08-22,Rasipuram(Uzhavar Sandhai ),DECREASING,STABLE,42.95
2026-08-23,Rasipuram(Uzhavar Sandhai ),DECREASING,DECREASING,55.18
2026-06-29,Sampath Nagar(Uzhavar Sandhai ),STABLE,STABLE,49.82
2026-06-30,Sampath Nagar(Uzhavar Sandhai ),STABLE,STABLE,46.3
2026-07-01,Sampath Nagar(Uzhavar Sandhai ),STABLE,INCREASING,39.53
2026-07-02,Sampath Nagar(Uzhavar Sandhai ),INCREASING,STABLE,44.2
2026-07-03,Sampath Nagar(Uzhavar Sandhai ),STABLE,STABLE,56.69
2026-07-04,Sampath Nagar(Uzhavar Sandhai ),STABLE,INCREASING,57.85
2026-07-06,Sampath Nagar(Uzhavar Sandhai ),STABLE,STABLE,56.89
2026-07-07,Sampath Nagar(Uzhavar Sandhai ),STABLE,STABLE,53.61
2026-07-08,Sampath Nagar(Uzhavar Sandhai ),STABLE,STABLE,42.16
2026-07-09,Sampath Nagar(Uzhavar Sandhai ),STABLE,STABLE,58.62
2026-07-10,Sampath Nagar(Uzhavar Sandhai ),STABLE,STABLE,58.76
2026-07-11,Sampath Nagar(Uzhavar Sandhai ),INCREASING,INCREASING,57.49
2026-07-12,Sampath Nagar(Uzhavar Sandhai ),DECREASING,DECREASING,68.37
2026-07-13,Sampath Nagar(Uzhavar Sandhai ),STABLE,STABLE,44.03
2026-07-14,Sampath Nagar(Uzhavar Sandhai ),STABLE,STABLE,51.84
2026-07-15,Sampath Nagar(Uzhavar Sandhai ),STABLE,STABLE,43.65
2026-07-16,Sampath Nagar(Uzhavar Sandhai ),STABLE,STABLE,57.19
2026-07-17,Sampath Nagar(Uzhavar Sandhai ),STABLE,STABLE,45.91
2026-07-18,Sampath Nagar(Uzhavar Sandhai ),INCREASING,INCREASING,44.14
2026-07-19,Sampath Nagar(Uzhavar Sandhai ),DECREASING,DECREASING,69.66
2026-07-20,Sampath Nagar(Uzhavar Sandhai ),INCREASING,INCREASING,42.48
2026-07-21,Sampath Nagar(Uzhavar Sandhai ),STABLE,STABLE,51.26
2026-07-22,Sampath Nagar(Uzhavar Sandhai ),INCREASING,STABLE,50.69
2026-07-23,Sampath Nagar(Uzhavar Sandhai ),STABLE,STABLE,64.14
2026-07-24,Sampath Nagar(Uzhavar Sandhai ),DECREASING,STABLE,59.7
2026-07-25,Sampath Nagar(Uzhavar Sandhai ),INCREASING,INCREASING,51.03
2026-07-26,Sampath Nagar(Uzhavar Sandhai ),DECREASING,DECREASING,72.11
2026-07-27,Sampath Nagar(Uzhavar Sandhai ),STABLE,STABLE,45.22
2026-07-28,Sampath Nagar(Uzhavar Sandhai ),STABLE,STABLE,57.35
2026-07-29,Sampath Nagar(Uzhavar Sandhai ),STABLE,STABLE,59.64
2026-07-30,Sampath Nagar(Uzhavar Sandhai ),INCREASING,STABLE,49.26
2026-07-31,Sampath Nagar(Uzhavar Sandhai ),STABLE,STABLE,60.53
2026-08-01,Sampath Nagar(Uzhavar Sandhai ),INCREASING,INCREASING,44.54
2026-08-02,Sampath Nagar(Uzhavar Sandhai ),DECREASING,DECREASING,68.96
2026-08-03,Sampath Nagar(Uzhavar Sandhai ),STABLE,STABLE,43.39
2026-08-04,Sampath Nagar(Uzhavar Sandhai ),DECREASING,STABLE,44.73
2026-08-05,Sampath Nagar(Uzhavar Sandhai ),DECREASING,INCREASING,43.06
2026-08-06,Sampath Nagar(Uzhavar Sandhai ),INCREASING,INCREASING,48.57
2026-08-07,Sampath Nagar(Uzhavar Sandhai ),STABLE,STABLE,50.74
2026-08-08,Sampath Nagar(Uzhavar Sandhai ),INCREASING,INCREASING,62.08
2026-08-09,Sampath Nagar(Uzhavar Sandhai ),DECREASING,DECREASING,67.56
2026-08-10,Sampath Nagar(Uzhavar Sandhai ),INCREASING,INCREASING,44.46
2026-08-11,Sampath Nagar(Uzhavar Sandhai ),DECREASING,STABLE,56.94
2026-08-12,Sampath Nagar(Uzhavar Sandhai ),STABLE,INCREASING,49.94
2026-08-13,Sampath Nagar(Uzhavar Sandhai ),INCREASING,INCREASING,51.34
2026-08-14,Sampath Nagar(Uzhavar Sandhai ),DECREASING,STABLE,44.94
2026-08-15,Sampath Nagar(Uzhavar Sandhai ),INCREASING,INCREASING,64.62
2026-08-16,Sampath Nagar(Uzhavar Sandhai ),DECREASING,DECREASING,72.34
2026-08-17,Sampath Nagar(Uzhavar Sandhai ),INCREASING,INCREASING,50.3
2026-08-18,Sampath Nagar(Uzhavar Sandhai ),DECREASING,STABLE,48.82
2026-08-19,Sampath Nagar(Uzhavar Sandhai ),STABLE,INCREASING,47.39
2026-08-20,Sampath Nagar(Uzhavar Sandhai ),INCREASING,STABLE,41.01
2026-08-21,Sampath Nagar(Uzhavar Sandhai ),DECREASING,STABLE,58.12
2026-08-22,Sampath Nagar(Uzhavar Sandhai ),INCREASING,INCREASING,57.77
2026-08-23,Sampath Nagar(Uzhavar Sandhai ),STABLE,DECREASING,73.46
2026-06-29,Sankarankoil(Uzhavar Sandhai ),STABLE,STABLE,80.11
2026-06-30,Sankarankoil(Uzhavar Sandhai ),STABLE,STABLE,78.5
2026-07-01,Sankarankoil(Uzhavar Sandhai ),DECREASING,STABLE,80.09
2026-07-02,Sankarankoil(Uzhavar Sandhai ),STABLE,STABLE,80.54
2026-07-03,Sankarankoil(Uzhavar Sandhai ),INCREASING,STABLE,80.28
2026-07-04,Sankarankoil(Uzhavar Sandhai ),INCREASING,STABLE,79.94
2026-07-05,Sankarankoil(Uzhavar Sandhai ),STABLE,STABLE,66.83
2026-07-06,Sankarankoil(Uzhavar Sandhai ),STABLE,STABLE,78.66
2026-07-07,Sankarankoil(Uzhavar Sandhai ),STABLE,STABLE,80.22
2026-07-08,Sankarankoil(Uzhavar Sandhai ),STABLE,STABLE,81.26
2026-07-09,Sankarankoil(Uzhavar Sandhai ),STABLE,STABLE,79.35
2026-07-10,Sankarankoil(Uzhavar Sandhai ),STABLE,STABLE,76.58
2026-07-11,Sankarankoil(Uzhavar Sandhai ),INCREASING,STABLE,79.69
2026-07-12,Sankarankoil(Uzhavar Sandhai ),DECREASING,STABLE,65.75
2026-07-13,Sankarankoil(Uzhavar Sandhai ),DECREASING,STABLE,81.38
2026-07-14,Sankarankoil(Uzhavar Sandhai ),STABLE,STABLE,81.42
2026-07-15,Sankarankoil(Uzhavar Sandhai ),STABLE,STABLE,80.93
2026-07-16,Sankarankoil(Uzhavar Sandhai ),INCREASING,STABLE,79.97
2026-07-17,Sankarankoil(Uzhavar Sandhai ),STABLE,STABLE,79.35
2026-07-18,Sankarankoil(Uzhavar Sandhai ),STABLE,STABLE,77.27
2026-07-19,Sankarankoil(Uzhavar Sandhai ),STABLE,STABLE,67.78
2026-07-20,Sankarankoil(Uzhavar Sandhai ),STABLE,STABLE,78.91
2026-07-21,Sankarankoil(Uzhavar Sandhai ),STABLE,STABLE,79.5
2026-07-22,Sankarankoil(Uzhavar Sandhai ),DECREASING,STABLE,77.99
2026-07-23,Sankarankoil(Uzhavar Sandhai ),DECREASING,STABLE,80.33
2026-07-24,Sankarankoil(Uzhavar Sandhai ),INCREASING,STABLE,79.19
2026-07-25,Sankarankoil(Uzhavar Sandhai ),INCREASING,STABLE,79.62
2026-07-26,Sankarankoil(Uzhavar Sandhai ),STABLE,STABLE,68.96
2026-07-27,Sankarankoil(Uzhavar Sandhai ),STABLE,STABLE,79.77
2026-07-28,Sankarankoil(Uzhavar Sandhai ),STABLE,STABLE,81.78
2026-07-29,Sankarankoil(Uzhavar Sandhai ),DECREASING,STABLE,81.95
2026-07-30,Sankarankoil(Uzhavar Sandhai ),STABLE,STABLE,80.81
2026-07-31,Sankarankoil(Uzhavar Sandhai ),INCREASING,STABLE,79.03
2026-08-01,Sankarankoil(Uzhavar Sandhai ),STABLE,STABLE,80.09
2026-08-02,Sankarankoil(Uzhavar Sandhai ),STABLE,STABLE,78.2
2026-08-03,Sankarankoil(Uzhavar Sandhai ),STABLE,STABLE,82.61
2026-08-04,Sankarankoil(Uzhavar Sandhai ),INCREASING,STABLE,81.74
2026-08-05,Sankarankoil(Uzhavar Sandhai ),DECREASING,STABLE,81.17
2026-08-06,Sankarankoil(Uzhavar Sandhai ),STABLE,STABLE,80.76
2026-08-07,Sankarankoil(Uzhavar Sandhai ),INCREASING,STABLE,79.96
2026-08-08,Sankarankoil(Uzhavar Sandhai ),STABLE,STABLE,80.06
2026-08-09,Sankarankoil(Uzhavar Sandhai ),STABLE,STABLE,76.65
2026-08-10,Sankarankoil(Uzhavar Sandhai ),STABLE,STABLE,81.93
2026-08-11,Sankarankoil(Uzhavar Sandhai ),INCREASING,STABLE,81.66
2026-08-12,Sankarankoil(Uzhavar Sandhai ),DECREASING,STABLE,77.58
2026-08-13,Sankarankoil(Uzhavar Sandhai ),STABLE,STABLE,80.86
2026-08-14,Sankarankoil(Uzhavar Sandhai ),INCREASING,STABLE,79.98
2026-08-15,Sankarankoil(Uzhavar Sandhai ),STABLE,STABLE,79.85
2026-08-16,Sankarankoil(Uzhavar Sandhai ),STABLE,STABLE,75.81
2026-08-17,Sankarankoil(Uzhavar Sandhai ),STABLE,STABLE,81.8
2026-08-18,Sankarankoil(Uzhavar Sandhai ),STABLE,STABLE,81.47
2026-08-19,Sankarankoil(Uzhavar Sandhai ),INCREASING,STABLE,81.34
2026-08-20,Sankarankoil(Uzhavar Sandhai ),STABLE,STABLE,77.45
2026-08-21,Sankarankoil(Uzhavar Sandhai ),STABLE,STABLE,80.04
2026-08-22,Sankarankoil(Uzhavar Sandhai ),STABLE,STABLE,79.85
2026-08-23,Sankarankoil(Uzhavar Sandhai ),STABLE,STABLE,76.23
2026-06-29,Sankarapuram(Uzhavar Sandhai ),STABLE,STABLE,86.17
2026-06-30,Sankarapuram(Uzhavar Sandhai ),STABLE,STABLE,84.94
2026-07-01,Sankarapuram(Uzhavar Sandhai ),STABLE,STABLE,84.79
2026-07-02,Sankarapuram(Uzhavar Sandhai ),STABLE,STABLE,84.42
2026-07-03,Sankarapuram(Uzhavar Sandhai ),STABLE,STABLE,83.93
2026-07-04,Sankarapuram(Uzhavar Sandhai ),INCREASING,STABLE,84.01
2026-07-05,Sankarapuram(Uzhavar Sandhai ),DECREASING,STABLE,85.22
2026-07-07,Sankarapuram(Uzhavar Sandhai ),STABLE,STABLE,86.27
2026-07-08,Sankarapuram(Uzhavar Sandhai ),STABLE,STABLE,85.27
2026-07-09,Sankarapuram(Uzhavar Sandhai ),STABLE,STABLE,85.76
2026-07-10,Sankarapuram(Uzhavar Sandhai ),STABLE,STABLE,85.91
2026-07-11,Sankarapuram(Uzhavar Sandhai ),STABLE,STABLE,85.92
2026-07-12,Sankarapuram(Uzhavar Sandhai ),STABLE,STABLE,83.11
2026-07-13,Sankarapuram(Uzhavar Sandhai ),INCREASING,STABLE,86.82
2026-07-14,Sankarapuram(Uzhavar Sandhai ),STABLE,STABLE,85.92
2026-07-15,Sankarapuram(Uzhavar Sandhai ),STABLE,STABLE,85.36
2026-07-16,Sankarapuram(Uzhavar Sandhai ),STABLE,STABLE,85.47
2026-07-17,Sankarapuram(Uzhavar Sandhai ),STABLE,STABLE,84.93
2026-07-18,Sankarapuram(Uzhavar Sandhai ),STABLE,STABLE,85.3
2026-07-19,Sankarapuram(Uzhavar Sandhai ),STABLE,STABLE,82.72
2026-07-20,Sankarapuram(Uzhavar Sandhai ),STABLE,STABLE,86.0
2026-07-21,Sankarapuram(Uzhavar Sandhai ),INCREASING,STABLE,85.23
2026-07-22,Sankarapuram(Uzhavar Sandhai ),STABLE,STABLE,84.14
2026-07-23,Sankarapuram(Uzhavar Sandhai ),STABLE,STABLE,83.67
2026-07-24,Sankarapuram(Uzhavar Sandhai ),STABLE,STABLE,84.48
2026-07-25,Sankarapuram(Uzhavar Sandhai ),STABLE,STABLE,84.29
2026-07-26,Sankarapuram(Uzhavar Sandhai ),STABLE,STABLE,81.51
2026-07-27,Sankarapuram(Uzhavar Sandhai ),STABLE,STABLE,85.73
2026-07-28,Sankarapuram(Uzhavar Sandhai ),DECREASING,STABLE,84.32
2026-07-29,Sankarapuram(Uzhavar Sandhai ),STABLE,STABLE,84.88
2026-07-30,Sankarapuram(Uzhavar Sandhai ),STABLE,STABLE,84.01
2026-07-31,Sankarapuram(Uzhavar Sandhai ),STABLE,STABLE,81.07
2026-08-01,Sankarapuram(Uzhavar Sandhai ),STABLE,STABLE,84.49
2026-08-02,Sankarapuram(Uzhavar Sandhai ),STABLE,STABLE,80.78
2026-08-03,Sankarapuram(Uzhavar Sandhai ),STABLE,STABLE,85.46
2026-08-04,Sankarapuram(Uzhavar Sandhai ),STABLE,STABLE,83.56
2026-08-05,Sankarapuram(Uzhavar Sandhai ),DECREASING,STABLE,85.49
2026-08-06,Sankarapuram(Uzhavar Sandhai ),DECREASING,STABLE,85.75
2026-08-07,Sankarapuram(Uzhavar Sandhai ),INCREASING,STABLE,84.89
2026-08-08,Sankarapuram(Uzhavar Sandhai ),STABLE,STABLE,85.83
2026-08-09,Sankarapuram(Uzhavar Sandhai ),STABLE,STABLE,84.87
2026-08-10,Sankarapuram(Uzhavar Sandhai ),STABLE,STABLE,87.22
2026-08-11,Sankarapuram(Uzhavar Sandhai ),STABLE,STABLE,86.1
2026-08-12,Sankarapuram(Uzhavar Sandhai ),STABLE,STABLE,86.13
2026-08-13,Sankarapuram(Uzhavar Sandhai ),STABLE,STABLE,85.62
2026-08-14,Sankarapuram(Uzhavar Sandhai ),STABLE,STABLE,85.45
2026-08-15,Sankarapuram(Uzhavar Sandhai ),DECREASING,STABLE,85.53
2026-08-16,Sankarapuram(Uzhavar Sandhai ),STABLE,STABLE,84.37
2026-08-17,Sankarapuram(Uzhavar Sandhai ),STABLE,STABLE,86.52
2026-08-18,Sankarapuram(Uzhavar Sandhai ),STABLE,STABLE,85.64
2026-08-19,Sankarapuram(Uzhavar Sandhai ),STABLE,STABLE,85.46
2026-08-20,Sankarapuram(Uzhavar Sandhai ),STABLE,STABLE,85.25
2026-08-21,Sankarapuram(Uzhavar Sandhai ),STABLE,STABLE,84.34
2026-08-22,Sankarapuram(Uzhavar Sandhai ),STABLE,STABLE,83.84
2026-08-23,Sankarapuram(Uzhavar Sandhai ),STABLE,STABLE,83.5
2026-06-29,Sathiyamagalam(Uzhavar Sandhai ),STABLE,STABLE,91.68
2026-06-30,Sathiyamagalam(Uzhavar Sandhai ),STABLE,STABLE,91.08
2026-07-01,Sathiyamagalam(Uzhavar Sandhai ),STABLE,STABLE,91.24
2026-07-02,Sathiyamagalam(Uzhavar Sandhai ),STABLE,STABLE,91.03
2026-07-03,Sathiyamagalam(Uzhavar Sandhai ),STABLE,STABLE,91.1
2026-07-04,Sathiyamagalam(Uzhavar Sandhai ),STABLE,STABLE,91.33
2026-07-05,Sathiyamagalam(Uzhavar Sandhai ),STABLE,STABLE,86.96
2026-07-06,Sathiyamagalam(Uzhavar Sandhai ),STABLE,STABLE,92.04
2026-07-07,Sathiyamagalam(Uzhavar Sandhai ),STABLE,STABLE,91.39
2026-07-08,Sathiyamagalam(Uzhavar Sandhai ),STABLE,STABLE,91.64
2026-07-09,Sathiyamagalam(Uzhavar Sandhai ),STABLE,STABLE,90.85
2026-07-10,Sathiyamagalam(Uzhavar Sandhai ),STABLE,STABLE,90.98
2026-07-11,Sathiyamagalam(Uzhavar Sandhai ),STABLE,STABLE,91.07
2026-07-12,Sathiyamagalam(Uzhavar Sandhai ),STABLE,STABLE,86.88
2026-07-13,Sathiyamagalam(Uzhavar Sandhai ),STABLE,STABLE,91.85
2026-07-14,Sathiyamagalam(Uzhavar Sandhai ),STABLE,STABLE,91.23
2026-07-15,Sathiyamagalam(Uzhavar Sandhai ),STABLE,STABLE,91.4
2026-07-16,Sathiyamagalam(Uzhavar Sandhai ),STABLE,STABLE,91.1
2026-07-17,Sathiyamagalam(Uzhavar Sandhai ),STABLE,STABLE,90.93
2026-07-18,Sathiyamagalam(Uzhavar Sandhai ),STABLE,STABLE,90.87
2026-07-19,Sathiyamagalam(Uzhavar Sandhai ),STABLE,STABLE,88.88
2026-07-20,Sathiyamagalam(Uzhavar Sandhai ),STABLE,STABLE,91.3
2026-07-21,Sathiyamagalam(Uzhavar Sandhai ),STABLE,STABLE,90.82
2026-07-22,Sathiyamagalam(Uzhavar Sandhai ),STABLE,STABLE,90.89
2026-07-23,Sathiyamagalam(Uzhavar Sandhai ),STABLE,STABLE,90.42
2026-07-24,Sathiyamagalam(Uzhavar Sandhai ),STABLE,STABLE,90.43
2026-07-25,Sathiyamagalam(Uzhavar Sandhai ),STABLE,STABLE,90.51
2026-07-26,Sathiyamagalam(Uzhavar Sandhai ),STABLE,STABLE,87.22
2026-07-27,Sathiyamagalam(Uzhavar Sandhai ),STABLE,STABLE,91.53
2026-07-28,Sathiyamagalam(Uzhavar Sandhai ),STABLE,STABLE,90.74
2026-07-29,Sathiyamagalam(Uzhavar Sandhai ),STABLE,STABLE,91.28
2026-07-30,Sathiyamagalam(Uzhavar Sandhai ),STABLE,STABLE,90.74
2026-07-31,Sathiyamagalam(Uzhavar Sandhai ),STABLE,STABLE,90.25
2026-08-01,Sathiyamagalam(Uzhavar Sandhai ),STABLE,STABLE,91.19
2026-08-02,Sathiyamagalam(Uzhavar Sandhai ),STABLE,STABLE,87.46
2026-08-03,Sathiyamagalam(Uzhavar Sandhai ),STABLE,STABLE,91.97
2026-08-04,Sathiyamagalam(Uzhavar Sandhai ),STABLE,STABLE,91.45
2026-08-05,Sathiyamagalam(Uzhavar Sandhai ),STABLE,STABLE,91.65
2026-08-06,Sathiyamagalam(Uzhavar Sandhai ),STABLE,STABLE,91.26
2026-08-07,Sathiyamagalam(Uzhavar Sandhai ),STABLE,STABLE,91.23
2026-08-08,Sathiyamagalam(Uzhavar Sandhai ),STABLE,STABLE,91.33
2026-08-09,Sathiyamagalam(Uzhavar Sandhai ),STABLE,STABLE,87.42
2026-08-10,Sathiyamagalam(Uzhavar Sandhai ),STABLE,STABLE,92.08
2026-08-11,Sathiyamagalam(Uzhavar Sandhai ),STABLE,STABLE,91.78
2026-08-12,Sathiyamagalam(Uzhavar Sandhai ),STABLE,STABLE,91.92
2026-08-13,Sathiyamagalam(Uzhavar Sandhai ),STABLE,STABLE,91.49
2026-08-14,Sathiyamagalam(Uzhavar Sandhai ),STABLE,STABLE,91.05
2026-08-15,Sathiyamagalam(Uzhavar Sandhai ),STABLE,STABLE,91.19
2026-08-16,Sathiyamagalam(Uzhavar Sandhai ),STABLE,STABLE,87.2
2026-08-17,Sathiyamagalam(Uzhavar Sandhai ),STABLE,STABLE,91.78
2026-08-18,Sathiyamagalam(Uzhavar Sandhai ),STABLE,STABLE,91.36
2026-08-19,Sathiyamagalam(Uzhavar Sandhai ),STABLE,STABLE,91.52
2026-08-20,Sathiyamagalam(Uzhavar Sandhai ),STABLE,STABLE,91.15
2026-08-21,Sathiyamagalam(Uzhavar Sandhai ),STABLE,STABLE,90.38
2026-08-22,Sathiyamagalam(Uzhavar Sandhai ),STABLE,STABLE,90.79
2026-08-23,Sathiyamagalam(Uzhavar Sandhai ),STABLE,STABLE,85.93
2026-06-29,Sathur(Uzhavar Sandhai ),STABLE,STABLE,41.97
2026-06-30,Sathur(Uzhavar Sandhai ),INCREASING,STABLE,39.95
2026-07-01,Sathur(Uzhavar Sandhai ),DECREASING,STABLE,34.72
2026-07-02,Sathur(Uzhavar Sandhai ),INCREASING,STABLE,39.51
2026-07-04,Sathur(Uzhavar Sandhai ),DECREASING,DECREASING,44.04
2026-07-07,Sathur(Uzhavar Sandhai ),DECREASING,STABLE,40.58
2026-07-08,Sathur(Uzhavar Sandhai ),INCREASING,STABLE,39.29
2026-07-09,Sathur(Uzhavar Sandhai ),STABLE,STABLE,39.3
2026-07-10,Sathur(Uzhavar Sandhai ),INCREASING,INCREASING,39.7
2026-07-11,Sathur(Uzhavar Sandhai ),DECREASING,INCREASING,37.3
2026-07-12,Sathur(Uzhavar Sandhai ),INCREASING,STABLE,40.55
2026-07-13,Sathur(Uzhavar Sandhai ),STABLE,STABLE,41.79
2026-07-14,Sathur(Uzhavar Sandhai ),STABLE,STABLE,40.11
2026-07-15,Sathur(Uzhavar Sandhai ),DECREASING,STABLE,38.99
2026-07-16,Sathur(Uzhavar Sandhai ),INCREASING,STABLE,37.77
2026-07-17,Sathur(Uzhavar Sandhai ),DECREASING,STABLE,37.59
2026-07-18,Sathur(Uzhavar Sandhai ),INCREASING,STABLE,37.63
2026-07-19,Sathur(Uzhavar Sandhai ),DECREASING,STABLE,41.19
2026-07-20,Sathur(Uzhavar Sandhai ),INCREASING,STABLE,40.65
2026-07-21,Sathur(Uzhavar Sandhai ),STABLE,STABLE,39.95
2026-07-22,Sathur(Uzhavar Sandhai ),DECREASING,STABLE,38.89
2026-07-23,Sathur(Uzhavar Sandhai ),INCREASING,STABLE,37.45
2026-07-24,Sathur(Uzhavar Sandhai ),STABLE,STABLE,37.03
2026-07-25,Sathur(Uzhavar Sandhai ),DECREASING,STABLE,38.34
2026-07-26,Sathur(Uzhavar Sandhai ),INCREASING,STABLE,40.26
2026-07-27,Sathur(Uzhavar Sandhai ),STABLE,STABLE,40.92
2026-07-28,Sathur(Uzhavar Sandhai ),INCREASING,STABLE,39.39
2026-07-29,Sathur(Uzhavar Sandhai ),DECREASING,DECREASING,35.51
2026-07-30,Sathur(Uzhavar Sandhai ),DECREASING,STABLE,37.71
2026-07-31,Sathur(Uzhavar Sandhai ),INCREASING,DECREASING,35.18
2026-08-01,Sathur(Uzhavar Sandhai ),DECREASING,DECREASING,36.04
2026-08-02,Sathur(Uzhavar Sandhai ),INCREASING,STABLE,40.68
2026-08-03,Sathur(Uzhavar Sandhai ),STABLE,STABLE,41.3
2026-08-04,Sathur(Uzhavar Sandhai ),INCREASING,STABLE,39.85
2026-08-05,Sathur(Uzhavar Sandhai ),DECREASING,DECREASING,45.71
2026-08-06,Sathur(Uzhavar Sandhai ),STABLE,STABLE,39.04
2026-08-07,Sathur(Uzhavar Sandhai ),STABLE,STABLE,37.46
2026-08-08,Sathur(Uzhavar Sandhai ),DECREASING,STABLE,38.23
2026-08-09,Sathur(Uzhavar Sandhai ),INCREASING,STABLE,40.35
2026-08-10,Sathur(Uzhavar Sandhai ),DECREASING,STABLE,40.9
2026-08-11,Sathur(Uzhavar Sandhai ),INCREASING,STABLE,39.98
2026-08-12,Sathur(Uzhavar Sandhai ),INCREASING,STABLE,38.71
2026-08-13,Sathur(Uzhavar Sandhai ),DECREASING,DECREASING,35.94
2026-08-14,Sathur(Uzhavar Sandhai ),INCREASING,INCREASING,39.23
2026-08-15,Sathur(Uzhavar Sandhai ),DECREASING,DECREASING,35.62
2026-08-16,Sathur(Uzhavar Sandhai ),STABLE,STABLE,39.99
2026-08-17,Sathur(Uzhavar Sandhai ),INCREASING,STABLE,40.56
2026-08-18,Sathur(Uzhavar Sandhai ),STABLE,INCREASING,33.68
2026-08-19,Sathur(Uzhavar Sandhai ),INCREASING,DECREASING,35.55
2026-08-20,Sathur(Uzhavar Sandhai ),DECREASING,DECREASING,48.06
2026-08-21,Sathur(Uzhavar Sandhai ),INCREASING,STABLE,36.99
2026-08-22,Sathur(Uzhavar Sandhai ),DECREASING,DECREASING,37.18
2026-08-23,Sathur(Uzhavar Sandhai ),INCREASING,STABLE,40.11
2026-06-29,Singampunari(Uzhavar Sandhai ),STABLE,STABLE,90.81
2026-06-30,Singampunari(Uzhavar Sandhai ),STABLE,STABLE,90.22
2026-07-01,Singampunari(Uzhavar Sandhai ),STABLE,STABLE,90.18
2026-07-02,Singampunari(Uzhavar Sandhai ),STABLE,STABLE,89.49
2026-07-03,Singampunari(Uzhavar Sandhai ),STABLE,STABLE,89.89
2026-07-04,Singampunari(Uzhavar Sandhai ),STABLE,STABLE,90.49
2026-07-05,Singampunari(Uzhavar Sandhai ),STABLE,STABLE,89.58
2026-07-06,Singampunari(Uzhavar Sandhai ),STABLE,STABLE,91.08
2026-07-07,Singampunari(Uzhavar Sandhai ),STABLE,STABLE,90.57
2026-07-08,Singampunari(Uzhavar Sandhai ),STABLE,STABLE,90.54
2026-07-09,Singampunari(Uzhavar Sandhai ),STABLE,STABLE,90.3
2026-07-10,Singampunari(Uzhavar Sandhai ),STABLE,STABLE,89.79
2026-07-11,Singampunari(Uzhavar Sandhai ),STABLE,STABLE,90.37
2026-07-12,Singampunari(Uzhavar Sandhai ),STABLE,STABLE,89.31
2026-07-13,Singampunari(Uzhavar Sandhai ),STABLE,STABLE,91.06
2026-07-14,Singampunari(Uzhavar Sandhai ),STABLE,STABLE,90.49
2026-07-15,Singampunari(Uzhavar Sandhai ),STABLE,STABLE,90.16
2026-07-16,Singampunari(Uzhavar Sandhai ),STABLE,STABLE,89.83
2026-07-17,Singampunari(Uzhavar Sandhai ),STABLE,STABLE,89.64
2026-07-18,Singampunari(Uzhavar Sandhai ),STABLE,STABLE,89.84
2026-07-19,Singampunari(Uzhavar Sandhai ),STABLE,STABLE,89.28
2026-07-20,Singampunari(Uzhavar Sandhai ),STABLE,STABLE,90.83
2026-07-21,Singampunari(Uzhavar Sandhai ),STABLE,STABLE,90.36
2026-07-22,Singampunari(Uzhavar Sandhai ),STABLE,STABLE,89.77
2026-07-23,Singampunari(Uzhavar Sandhai ),STABLE,STABLE,89.79
2026-07-24,Singampunari(Uzhavar Sandhai ),STABLE,STABLE,89.72
2026-07-25,Singampunari(Uzhavar Sandhai ),STABLE,STABLE,90.07
2026-07-26,Singampunari(Uzhavar Sandhai ),STABLE,STABLE,89.07
2026-07-27,Singampunari(Uzhavar Sandhai ),STABLE,STABLE,90.48
2026-07-28,Singampunari(Uzhavar Sandhai ),STABLE,STABLE,90.09
2026-07-29,Singampunari(Uzhavar Sandhai ),STABLE,STABLE,90.0
2026-07-30,Singampunari(Uzhavar Sandhai ),STABLE,STABLE,89.52
2026-07-31,Singampunari(Uzhavar Sandhai ),STABLE,STABLE,88.85
2026-08-01,Singampunari(Uzhavar Sandhai ),STABLE,STABLE,89.13
2026-08-02,Singampunari(Uzhavar Sandhai ),STABLE,STABLE,88.98
2026-08-03,Singampunari(Uzhavar Sandhai ),STABLE,STABLE,90.94
2026-08-04,Singampunari(Uzhavar Sandhai ),STABLE,STABLE,90.53
2026-08-05,Singampunari(Uzhavar Sandhai ),STABLE,STABLE,90.4
2026-08-06,Singampunari(Uzhavar Sandhai ),STABLE,STABLE,90.06
2026-08-07,Singampunari(Uzhavar Sandhai ),STABLE,STABLE,90.08
2026-08-08,Singampunari(Uzhavar Sandhai ),STABLE,STABLE,90.22
2026-08-09,Singampunari(Uzhavar Sandhai ),DECREASING,STABLE,89.28
2026-08-10,Singampunari(Uzhavar Sandhai ),STABLE,STABLE,90.98
2026-08-11,Singampunari(Uzhavar Sandhai ),STABLE,STABLE,90.52
2026-08-12,Singampunari(Uzhavar Sandhai ),STABLE,STABLE,90.45
2026-08-13,Singampunari(Uzhavar Sandhai ),STABLE,STABLE,88.2
2026-08-14,Singampunari(Uzhavar Sandhai ),STABLE,STABLE,90.12
2026-08-15,Singampunari(Uzhavar Sandhai ),STABLE,STABLE,90.26
2026-08-16,Singampunari(Uzhavar Sandhai ),STABLE,STABLE,89.33
2026-08-17,Singampunari(Uzhavar Sandhai ),STABLE,STABLE,90.89
2026-08-18,Singampunari(Uzhavar Sandhai ),STABLE,STABLE,90.42
2026-08-19,Singampunari(Uzhavar Sandhai ),STABLE,STABLE,90.31
2026-08-20,Singampunari(Uzhavar Sandhai ),STABLE,STABLE,89.92
2026-08-21,Singampunari(Uzhavar Sandhai ),STABLE,STABLE,89.95
2026-08-22,Singampunari(Uzhavar Sandhai ),STABLE,STABLE,89.76
2026-08-23,Singampunari(Uzhavar Sandhai ),STABLE,STABLE,89.33
2026-06-29,Singanallur(Uzhavar Sandhai ),DECREASING,STABLE,69.11
2026-06-30,Singanallur(Uzhavar Sandhai ),STABLE,STABLE,73.15
2026-07-01,Singanallur(Uzhavar Sandhai ),STABLE,STABLE,83.07
2026-07-02,Singanallur(Uzhavar Sandhai ),STABLE,STABLE,82.6
2026-07-03,Singanallur(Uzhavar Sandhai ),STABLE,STABLE,82.43
2026-07-04,Singanallur(Uzhavar Sandhai ),STABLE,STABLE,82.41
2026-07-05,Singanallur(Uzhavar Sandhai ),STABLE,STABLE,78.72
2026-07-06,Singanallur(Uzhavar Sandhai ),STABLE,STABLE,77.48
2026-07-07,Singanallur(Uzhavar Sandhai ),STABLE,STABLE,74.38
2026-07-08,Singanallur(Uzhavar Sandhai ),STABLE,STABLE,76.46
2026-07-09,Singanallur(Uzhavar Sandhai ),STABLE,STABLE,81.57
2026-07-10,Singanallur(Uzhavar Sandhai ),STABLE,STABLE,76.93
2026-07-11,Singanallur(Uzhavar Sandhai ),STABLE,STABLE,74.57
2026-07-12,Singanallur(Uzhavar Sandhai ),STABLE,STABLE,71.24
2026-07-13,Singanallur(Uzhavar Sandhai ),STABLE,STABLE,75.52
2026-07-14,Singanallur(Uzhavar Sandhai ),INCREASING,STABLE,77.29
2026-07-15,Singanallur(Uzhavar Sandhai ),STABLE,STABLE,67.5
2026-07-16,Singanallur(Uzhavar Sandhai ),STABLE,STABLE,68.15
2026-07-17,Singanallur(Uzhavar Sandhai ),STABLE,STABLE,68.1
2026-07-18,Singanallur(Uzhavar Sandhai ),DECREASING,STABLE,68.46
2026-07-19,Singanallur(Uzhavar Sandhai ),STABLE,STABLE,77.94
2026-07-20,Singanallur(Uzhavar Sandhai ),INCREASING,STABLE,81.54
2026-07-21,Singanallur(Uzhavar Sandhai ),INCREASING,STABLE,66.36
2026-07-22,Singanallur(Uzhavar Sandhai ),STABLE,STABLE,63.03
2026-07-23,Singanallur(Uzhavar Sandhai ),STABLE,STABLE,63.46
2026-07-24,Singanallur(Uzhavar Sandhai ),DECREASING,STABLE,63.82
2026-07-25,Singanallur(Uzhavar Sandhai ),STABLE,STABLE,66.57
2026-07-26,Singanallur(Uzhavar Sandhai ),STABLE,STABLE,59.89
2026-07-27,Singanallur(Uzhavar Sandhai ),DECREASING,STABLE,68.45
2026-07-28,Singanallur(Uzhavar Sandhai ),INCREASING,STABLE,65.93
2026-07-29,Singanallur(Uzhavar Sandhai ),STABLE,STABLE,65.07
2026-07-30,Singanallur(Uzhavar Sandhai ),STABLE,STABLE,66.34
2026-07-31,Singanallur(Uzhavar Sandhai ),STABLE,STABLE,62.28
2026-08-01,Singanallur(Uzhavar Sandhai ),STABLE,STABLE,71.32
2026-08-02,Singanallur(Uzhavar Sandhai ),STABLE,STABLE,58.62
2026-08-03,Singanallur(Uzhavar Sandhai ),STABLE,STABLE,70.08
2026-08-04,Singanallur(Uzhavar Sandhai ),STABLE,STABLE,67.52
2026-08-05,Singanallur(Uzhavar Sandhai ),DECREASING,STABLE,65.73
2026-08-07,Singanallur(Uzhavar Sandhai ),STABLE,STABLE,81.68
2026-08-08,Singanallur(Uzhavar Sandhai ),STABLE,STABLE,81.4
2026-08-09,Singanallur(Uzhavar Sandhai ),STABLE,STABLE,70.0
2026-08-10,Singanallur(Uzhavar Sandhai ),INCREASING,STABLE,82.39
2026-08-11,Singanallur(Uzhavar Sandhai ),STABLE,STABLE,65.71
2026-08-12,Singanallur(Uzhavar Sandhai ),STABLE,STABLE,67.23
2026-08-13,Singanallur(Uzhavar Sandhai ),STABLE,STABLE,66.19
2026-08-14,Singanallur(Uzhavar Sandhai ),STABLE,STABLE,67.91
2026-08-15,Singanallur(Uzhavar Sandhai ),STABLE,STABLE,66.8
2026-08-16,Singanallur(Uzhavar Sandhai ),STABLE,STABLE,55.34
2026-08-17,Singanallur(Uzhavar Sandhai ),DECREASING,STABLE,67.07
2026-08-18,Singanallur(Uzhavar Sandhai ),INCREASING,STABLE,65.02
2026-08-19,Singanallur(Uzhavar Sandhai ),STABLE,STABLE,63.81
2026-08-20,Singanallur(Uzhavar Sandhai ),STABLE,STABLE,63.15
2026-08-21,Singanallur(Uzhavar Sandhai ),STABLE,STABLE,67.17
2026-08-22,Singanallur(Uzhavar Sandhai ),STABLE,STABLE,64.58
2026-08-23,Singanallur(Uzhavar Sandhai ),STABLE,STABLE,56.14
2026-06-29,Sirkali(Uzhavar Sandhai ),STABLE,STABLE,80.58
2026-06-30,Sirkali(Uzhavar Sandhai ),STABLE,STABLE,77.19
2026-07-01,Sirkali(Uzhavar Sandhai ),STABLE,STABLE,80.0
2026-07-02,Sirkali(Uzhavar Sandhai ),INCREASING,STABLE,80.2
2026-07-04,Sirkali(Uzhavar Sandhai ),STABLE,STABLE,81.03
2026-07-05,Sirkali(Uzhavar Sandhai ),STABLE,STABLE,82.17
2026-07-06,Sirkali(Uzhavar Sandhai ),STABLE,STABLE,84.69
2026-07-07,Sirkali(Uzhavar Sandhai ),STABLE,STABLE,84.01
2026-07-08,Sirkali(Uzhavar Sandhai ),STABLE,STABLE,84.61
2026-07-09,Sirkali(Uzhavar Sandhai ),STABLE,STABLE,84.12
2026-07-10,Sirkali(Uzhavar Sandhai ),STABLE,STABLE,84.0
2026-07-11,Sirkali(Uzhavar Sandhai ),STABLE,STABLE,84.2
2026-07-12,Sirkali(Uzhavar Sandhai ),STABLE,STABLE,84.21
2026-07-13,Sirkali(Uzhavar Sandhai ),STABLE,STABLE,85.27
2026-07-14,Sirkali(Uzhavar Sandhai ),STABLE,STABLE,84.52
2026-07-15,Sirkali(Uzhavar Sandhai ),STABLE,STABLE,84.72
2026-07-16,Sirkali(Uzhavar Sandhai ),STABLE,STABLE,84.07
2026-07-17,Sirkali(Uzhavar Sandhai ),STABLE,STABLE,83.97
2026-07-18,Sirkali(Uzhavar Sandhai ),STABLE,STABLE,84.2
2026-07-19,Sirkali(Uzhavar Sandhai ),STABLE,STABLE,84.04
2026-07-20,Sirkali(Uzhavar Sandhai ),STABLE,STABLE,85.18
2026-07-21,Sirkali(Uzhavar Sandhai ),STABLE,STABLE,84.45
2026-07-22,Sirkali(Uzhavar Sandhai ),STABLE,STABLE,84.07
2026-07-23,Sirkali(Uzhavar Sandhai ),STABLE,STABLE,83.83
2026-07-24,Sirkali(Uzhavar Sandhai ),STABLE,STABLE,83.78
2026-07-25,Sirkali(Uzhavar Sandhai ),STABLE,STABLE,81.39
2026-07-26,Sirkali(Uzhavar Sandhai ),STABLE,STABLE,80.87
2026-07-27,Sirkali(Uzhavar Sandhai ),STABLE,STABLE,81.81
2026-07-28,Sirkali(Uzhavar Sandhai ),STABLE,STABLE,80.59
2026-07-29,Sirkali(Uzhavar Sandhai ),STABLE,STABLE,80.46
2026-07-30,Sirkali(Uzhavar Sandhai ),STABLE,STABLE,76.69
2026-07-31,Sirkali(Uzhavar Sandhai ),DECREASING,STABLE,73.52
2026-08-01,Sirkali(Uzhavar Sandhai ),STABLE,STABLE,80.84
2026-08-02,Sirkali(Uzhavar Sandhai ),INCREASING,STABLE,80.66
2026-08-03,Sirkali(Uzhavar Sandhai ),STABLE,STABLE,83.11
2026-08-04,Sirkali(Uzhavar Sandhai ),STABLE,STABLE,81.91
2026-08-05,Sirkali(Uzhavar Sandhai ),STABLE,STABLE,82.88
2026-08-06,Sirkali(Uzhavar Sandhai ),STABLE,STABLE,83.0
2026-08-07,Sirkali(Uzhavar Sandhai ),STABLE,STABLE,82.95
2026-08-08,Sirkali(Uzhavar Sandhai ),STABLE,STABLE,83.67
2026-08-09,Sirkali(Uzhavar Sandhai ),STABLE,STABLE,83.62
2026-08-10,Sirkali(Uzhavar Sandhai ),STABLE,STABLE,84.99
2026-08-11,Sirkali(Uzhavar Sandhai ),STABLE,STABLE,84.43
2026-08-12,Sirkali(Uzhavar Sandhai ),STABLE,STABLE,84.85
2026-08-13,Sirkali(Uzhavar Sandhai ),STABLE,STABLE,83.89
2026-08-14,Sirkali(Uzhavar Sandhai ),STABLE,STABLE,84.01
2026-08-15,Sirkali(Uzhavar Sandhai ),STABLE,STABLE,84.17
2026-08-16,Sirkali(Uzhavar Sandhai ),STABLE,STABLE,84.09
2026-08-17,Sirkali(Uzhavar Sandhai ),STABLE,STABLE,85.23
2026-08-18,Sirkali(Uzhavar Sandhai ),STABLE,STABLE,84.54
2026-08-19,Sirkali(Uzhavar Sandhai ),STABLE,STABLE,84.55
2026-08-20,Sirkali(Uzhavar Sandhai ),STABLE,STABLE,83.98
2026-08-21,Sirkali(Uzhavar Sandhai ),STABLE,STABLE,83.89
2026-08-22,Sirkali(Uzhavar Sandhai ),STABLE,STABLE,83.68
2026-08-23,Sirkali(Uzhavar Sandhai ),STABLE,STABLE,83.93
2026-06-29,Sivagangai (Uzhavar Sandhai ),STABLE,STABLE,79.59
2026-06-30,Sivagangai (Uzhavar Sandhai ),STABLE,STABLE,77.75
2026-07-02,Sivagangai (Uzhavar Sandhai ),STABLE,STABLE,73.59
2026-07-03,Sivagangai (Uzhavar Sandhai ),STABLE,STABLE,65.5
2026-07-05,Sivagangai (Uzhavar Sandhai ),STABLE,STABLE,48.58
2026-07-06,Sivagangai (Uzhavar Sandhai ),STABLE,STABLE,67.29
2026-07-07,Sivagangai (Uzhavar Sandhai ),STABLE,STABLE,71.49
2026-07-08,Sivagangai (Uzhavar Sandhai ),INCREASING,STABLE,65.75
2026-07-09,Sivagangai (Uzhavar Sandhai ),STABLE,STABLE,73.39
2026-07-10,Sivagangai (Uzhavar Sandhai ),STABLE,STABLE,65.67
2026-07-11,Sivagangai (Uzhavar Sandhai ),STABLE,STABLE,73.08
2026-07-12,Sivagangai (Uzhavar Sandhai ),STABLE,DECREASING,47.25
2026-07-13,Sivagangai (Uzhavar Sandhai ),STABLE,STABLE,61.19
2026-07-14,Sivagangai (Uzhavar Sandhai ),STABLE,STABLE,60.43
2026-07-15,Sivagangai (Uzhavar Sandhai ),STABLE,STABLE,67.43
2026-07-16,Sivagangai (Uzhavar Sandhai ),STABLE,STABLE,63.23
2026-07-17,Sivagangai (Uzhavar Sandhai ),STABLE,STABLE,62.83
2026-07-18,Sivagangai (Uzhavar Sandhai ),STABLE,STABLE,72.7
2026-07-19,Sivagangai (Uzhavar Sandhai ),STABLE,DECREASING,48.01
2026-07-20,Sivagangai (Uzhavar Sandhai ),STABLE,STABLE,75.1
2026-07-21,Sivagangai (Uzhavar Sandhai ),STABLE,STABLE,71.79
2026-07-22,Sivagangai (Uzhavar Sandhai ),STABLE,STABLE,74.18
2026-07-23,Sivagangai (Uzhavar Sandhai ),INCREASING,STABLE,60.98
2026-07-24,Sivagangai (Uzhavar Sandhai ),STABLE,STABLE,74.28
2026-07-25,Sivagangai (Uzhavar Sandhai ),STABLE,STABLE,77.11
2026-07-26,Sivagangai (Uzhavar Sandhai ),DECREASING,STABLE,51.15
2026-07-27,Sivagangai (Uzhavar Sandhai ),STABLE,STABLE,64.48
2026-07-28,Sivagangai (Uzhavar Sandhai ),DECREASING,STABLE,67.45
2026-07-29,Sivagangai (Uzhavar Sandhai ),INCREASING,STABLE,65.47
2026-07-30,Sivagangai (Uzhavar Sandhai ),INCREASING,STABLE,76.65
2026-07-31,Sivagangai (Uzhavar Sandhai ),INCREASING,STABLE,75.38
2026-08-01,Sivagangai (Uzhavar Sandhai ),STABLE,STABLE,71.19
2026-08-02,Sivagangai (Uzhavar Sandhai ),DECREASING,DECREASING,49.65
2026-08-03,Sivagangai (Uzhavar Sandhai ),STABLE,STABLE,69.22
2026-08-04,Sivagangai (Uzhavar Sandhai ),STABLE,STABLE,67.53
2026-08-05,Sivagangai (Uzhavar Sandhai ),STABLE,STABLE,71.73
2026-08-06,Sivagangai (Uzhavar Sandhai ),INCREASING,STABLE,70.82
2026-08-07,Sivagangai (Uzhavar Sandhai ),STABLE,STABLE,71.98
2026-08-08,Sivagangai (Uzhavar Sandhai ),STABLE,STABLE,70.98
2026-08-09,Sivagangai (Uzhavar Sandhai ),STABLE,DECREASING,50.01
2026-08-10,Sivagangai (Uzhavar Sandhai ),STABLE,STABLE,70.34
2026-08-11,Sivagangai (Uzhavar Sandhai ),STABLE,STABLE,68.1
2026-08-12,Sivagangai (Uzhavar Sandhai ),STABLE,STABLE,72.93
2026-08-13,Sivagangai (Uzhavar Sandhai ),INCREASING,STABLE,70.23
2026-08-14,Sivagangai (Uzhavar Sandhai ),DECREASING,STABLE,72.09
2026-08-15,Sivagangai (Uzhavar Sandhai ),INCREASING,STABLE,71.76
2026-08-16,Sivagangai (Uzhavar Sandhai ),DECREASING,STABLE,49.52
2026-08-17,Sivagangai (Uzhavar Sandhai ),STABLE,STABLE,73.83
2026-08-18,Sivagangai (Uzhavar Sandhai ),STABLE,STABLE,72.03
2026-08-19,Sivagangai (Uzhavar Sandhai ),STABLE,STABLE,75.49
2026-08-20,Sivagangai (Uzhavar Sandhai ),INCREASING,STABLE,61.48
2026-08-21,Sivagangai (Uzhavar Sandhai ),STABLE,STABLE,74.3
2026-08-22,Sivagangai (Uzhavar Sandhai ),STABLE,STABLE,73.25
2026-08-23,Sivagangai (Uzhavar Sandhai ),STABLE,DECREASING,47.58
2026-06-29,Sivakasi(Uzhavar Sandhai ),INCREASING,DECREASING,36.52
2026-06-30,Sivakasi(Uzhavar Sandhai ),DECREASING,DECREASING,40.86
2026-07-01,Sivakasi(Uzhavar Sandhai ),DECREASING,DECREASING,40.59
2026-07-03,Sivakasi(Uzhavar Sandhai ),INCREASING,INCREASING,45.45
2026-07-04,Sivakasi(Uzhavar Sandhai ),STABLE,DECREASING,38.44
2026-07-05,Sivakasi(Uzhavar Sandhai ),DECREASING,STABLE,35.59
2026-07-06,Sivakasi(Uzhavar Sandhai ),INCREASING,INCREASING,45.6
2026-07-07,Sivakasi(Uzhavar Sandhai ),DECREASING,DECREASING,37.85
2026-07-08,Sivakasi(Uzhavar Sandhai ),INCREASING,INCREASING,43.26
2026-07-09,Sivakasi(Uzhavar Sandhai ),STABLE,DECREASING,41.41
2026-07-10,Sivakasi(Uzhavar Sandhai ),STABLE,DECREASING,40.66
2026-07-11,Sivakasi(Uzhavar Sandhai ),STABLE,DECREASING,38.82
2026-07-12,Sivakasi(Uzhavar Sandhai ),STABLE,DECREASING,34.88
2026-07-13,Sivakasi(Uzhavar Sandhai ),DECREASING,DECREASING,36.7
2026-07-14,Sivakasi(Uzhavar Sandhai ),DECREASING,INCREASING,45.16
2026-07-15,Sivakasi(Uzhavar Sandhai ),INCREASING,INCREASING,45.39
2026-07-16,Sivakasi(Uzhavar Sandhai ),STABLE,DECREASING,38.13
2026-07-17,Sivakasi(Uzhavar Sandhai ),DECREASING,DECREASING,37.13
2026-07-18,Sivakasi(Uzhavar Sandhai ),INCREASING,INCREASING,48.87
2026-07-19,Sivakasi(Uzhavar Sandhai ),DECREASING,STABLE,36.14
2026-07-20,Sivakasi(Uzhavar Sandhai ),INCREASING,INCREASING,48.18
2026-07-21,Sivakasi(Uzhavar Sandhai ),DECREASING,DECREASING,39.19
2026-07-22,Sivakasi(Uzhavar Sandhai ),INCREASING,INCREASING,42.36
2026-07-23,Sivakasi(Uzhavar Sandhai ),DECREASING,DECREASING,41.67
2026-07-24,Sivakasi(Uzhavar Sandhai ),DECREASING,INCREASING,44.62
2026-07-25,Sivakasi(Uzhavar Sandhai ),INCREASING,INCREASING,46.32
2026-07-26,Sivakasi(Uzhavar Sandhai ),DECREASING,STABLE,35.47
2026-07-27,Sivakasi(Uzhavar Sandhai ),INCREASING,INCREASING,46.32
2026-07-28,Sivakasi(Uzhavar Sandhai ),STABLE,DECREASING,38.6
2026-07-29,Sivakasi(Uzhavar Sandhai ),DECREASING,DECREASING,40.93
2026-07-30,Sivakasi(Uzhavar Sandhai ),DECREASING,INCREASING,45.31
2026-07-31,Sivakasi(Uzhavar Sandhai ),INCREASING,INCREASING,44.63
2026-08-01,Sivakasi(Uzhavar Sandhai ),INCREASING,DECREASING,37.23
2026-08-02,Sivakasi(Uzhavar Sandhai ),DECREASING,STABLE,37.21
2026-08-03,Sivakasi(Uzhavar Sandhai ),INCREASING,INCREASING,48.24
2026-08-04,Sivakasi(Uzhavar Sandhai ),STABLE,DECREASING,37.43
2026-08-05,Sivakasi(Uzhavar Sandhai ),DECREASING,DECREASING,38.35
2026-08-06,Sivakasi(Uzhavar Sandhai ),INCREASING,INCREASING,46.92
2026-08-07,Sivakasi(Uzhavar Sandhai ),DECREASING,DECREASING,36.27
2026-08-08,Sivakasi(Uzhavar Sandhai ),INCREASING,INCREASING,47.39
2026-08-09,Sivakasi(Uzhavar Sandhai ),DECREASING,STABLE,35.68
2026-08-10,Sivakasi(Uzhavar Sandhai ),STABLE,INCREASING,47.29
2026-08-11,Sivakasi(Uzhavar Sandhai ),INCREASING,INCREASING,45.32
2026-08-12,Sivakasi(Uzhavar Sandhai ),DECREASING,DECREASING,39.13
2026-08-13,Sivakasi(Uzhavar Sandhai ),INCREASING,INCREASING,45.13
2026-08-14,Sivakasi(Uzhavar Sandhai ),STABLE,DECREASING,37.17
2026-08-15,Sivakasi(Uzhavar Sandhai ),DECREASING,DECREASING,36.85
2026-08-16,Sivakasi(Uzhavar Sandhai ),INCREASING,INCREASING,45.39
2026-08-17,Sivakasi(Uzhavar Sandhai ),DECREASING,DECREASING,36.25
2026-08-18,Sivakasi(Uzhavar Sandhai ),INCREASING,INCREASING,47.3
2026-08-19,Sivakasi(Uzhavar Sandhai ),DECREASING,DECREASING,37.8
2026-08-20,Sivakasi(Uzhavar Sandhai ),DECREASING,INCREASING,46.31
2026-08-21,Sivakasi(Uzhavar Sandhai ),INCREASING,INCREASING,46.04
2026-08-22,Sivakasi(Uzhavar Sandhai ),INCREASING,DECREASING,38.37
2026-08-23,Sivakasi(Uzhavar Sandhai ),DECREASING,STABLE,36.53
2026-06-30,Sooramangalam(Uzhavar Sandhai ),INCREASING,STABLE,55.08
2026-07-01,Sooramangalam(Uzhavar Sandhai ),STABLE,STABLE,61.86
2026-07-02,Sooramangalam(Uzhavar Sandhai ),INCREASING,STABLE,66.46
2026-07-03,Sooramangalam(Uzhavar Sandhai ),DECREASING,STABLE,75.83
2026-07-03,Sooramangalam(Uzhavar Sandhai ),INCREASING,STABLE,55.67
2026-07-04,Sooramangalam(Uzhavar Sandhai ),DECREASING,STABLE,75.28
2026-07-04,Sooramangalam(Uzhavar Sandhai ),INCREASING,STABLE,54.35
2026-07-05,Sooramangalam(Uzhavar Sandhai ),DECREASING,STABLE,53.83
2026-07-05,Sooramangalam(Uzhavar Sandhai ),INCREASING,STABLE,55.26
2026-07-08,Sooramangalam(Uzhavar Sandhai ),STABLE,STABLE,75.78
2026-07-09,Sooramangalam(Uzhavar Sandhai ),STABLE,STABLE,73.25
2026-07-10,Sooramangalam(Uzhavar Sandhai ),STABLE,STABLE,74.32
2026-07-11,Sooramangalam(Uzhavar Sandhai ),STABLE,STABLE,74.25
2026-07-12,Sooramangalam(Uzhavar Sandhai ),STABLE,STABLE,54.21
2026-07-13,Sooramangalam(Uzhavar Sandhai ),INCREASING,STABLE,74.63
2026-07-14,Sooramangalam(Uzhavar Sandhai ),DECREASING,DECREASING,54.13
2026-07-15,Sooramangalam(Uzhavar Sandhai ),STABLE,STABLE,74.91
2026-07-16,Sooramangalam(Uzhavar Sandhai ),INCREASING,STABLE,75.15
2026-07-17,Sooramangalam(Uzhavar Sandhai ),DECREASING,DECREASING,48.52
2026-07-18,Sooramangalam(Uzhavar Sandhai ),STABLE,STABLE,74.1
2026-07-19,Sooramangalam(Uzhavar Sandhai ),INCREASING,STABLE,55.05
2026-07-20,Sooramangalam(Uzhavar Sandhai ),DECREASING,DECREASING,51.55
2026-07-21,Sooramangalam(Uzhavar Sandhai ),STABLE,STABLE,69.71
2026-07-22,Sooramangalam(Uzhavar Sandhai ),STABLE,STABLE,70.36
2026-07-23,Sooramangalam(Uzhavar Sandhai ),STABLE,STABLE,71.7
2026-07-24,Sooramangalam(Uzhavar Sandhai ),STABLE,STABLE,73.65
2026-07-25,Sooramangalam(Uzhavar Sandhai ),STABLE,STABLE,74.01
2026-07-26,Sooramangalam(Uzhavar Sandhai ),INCREASING,STABLE,53.13
2026-07-27,Sooramangalam(Uzhavar Sandhai ),DECREASING,DECREASING,50.82
2026-07-28,Sooramangalam(Uzhavar Sandhai ),STABLE,STABLE,72.68
2026-07-29,Sooramangalam(Uzhavar Sandhai ),STABLE,STABLE,74.45
2026-07-30,Sooramangalam(Uzhavar Sandhai ),STABLE,STABLE,74.78
2026-07-31,Sooramangalam(Uzhavar Sandhai ),STABLE,STABLE,72.25
2026-08-01,Sooramangalam(Uzhavar Sandhai ),STABLE,STABLE,75.12
2026-08-02,Sooramangalam(Uzhavar Sandhai ),INCREASING,STABLE,53.97
2026-08-03,Sooramangalam(Uzhavar Sandhai ),STABLE,STABLE,51.12
2026-08-04,Sooramangalam(Uzhavar Sandhai ),STABLE,STABLE,50.68
2026-08-05,Sooramangalam(Uzhavar Sandhai ),STABLE,STABLE,74.66
2026-08-06,Sooramangalam(Uzhavar Sandhai ),STABLE,STABLE,73.35
2026-08-07,Sooramangalam(Uzhavar Sandhai ),STABLE,STABLE,75.87
2026-08-08,Sooramangalam(Uzhavar Sandhai ),INCREASING,STABLE,74.63
2026-08-09,Sooramangalam(Uzhavar Sandhai ),STABLE,DECREASING,49.74
2026-08-10,Sooramangalam(Uzhavar Sandhai ),DECREASING,STABLE,51.3
2026-08-11,Sooramangalam(Uzhavar Sandhai ),STABLE,STABLE,74.28
2026-08-12,Sooramangalam(Uzhavar Sandhai ),STABLE,STABLE,74.49
2026-08-13,Sooramangalam(Uzhavar Sandhai ),STABLE,STABLE,75.37
2026-08-14,Sooramangalam(Uzhavar Sandhai ),STABLE,STABLE,75.32
2026-08-15,Sooramangalam(Uzhavar Sandhai ),STABLE,STABLE,73.36
2026-08-16,Sooramangalam(Uzhavar Sandhai ),STABLE,STABLE,54.52
2026-08-17,Sooramangalam(Uzhavar Sandhai ),DECREASING,STABLE,79.14
2026-08-18,Sooramangalam(Uzhavar Sandhai ),INCREASING,STABLE,69.74
2026-08-19,Sooramangalam(Uzhavar Sandhai ),STABLE,STABLE,71.16
2026-08-20,Sooramangalam(Uzhavar Sandhai ),STABLE,STABLE,71.69
2026-08-21,Sooramangalam(Uzhavar Sandhai ),STABLE,STABLE,74.22
2026-08-22,Sooramangalam(Uzhavar Sandhai ),STABLE,STABLE,69.59
2026-08-23,Sooramangalam(Uzhavar Sandhai ),STABLE,STABLE,48.27
2026-06-29,Srivilliputhur(Uzhavar Sandhai ),STABLE,STABLE,66.99
2026-06-30,Srivilliputhur(Uzhavar Sandhai ),STABLE,STABLE,66.67
2026-07-01,Srivilliputhur(Uzhavar Sandhai ),INCREASING,STABLE,67.18
2026-07-02,Srivilliputhur(Uzhavar Sandhai ),STABLE,STABLE,71.3
2026-07-03,Srivilliputhur(Uzhavar Sandhai ),DECREASING,STABLE,73.56
2026-07-04,Srivilliputhur(Uzhavar Sandhai ),STABLE,STABLE,65.47
2026-07-05,Srivilliputhur(Uzhavar Sandhai ),STABLE,STABLE,68.23
2026-07-06,Srivilliputhur(Uzhavar Sandhai ),STABLE,STABLE,70.83
2026-07-07,Srivilliputhur(Uzhavar Sandhai ),STABLE,STABLE,68.42
2026-07-08,Srivilliputhur(Uzhavar Sandhai ),STABLE,STABLE,68.01
2026-07-09,Srivilliputhur(Uzhavar Sandhai ),INCREASING,STABLE,68.19
2026-07-10,Srivilliputhur(Uzhavar Sandhai ),STABLE,STABLE,74.55
2026-07-11,Srivilliputhur(Uzhavar Sandhai ),STABLE,STABLE,74.01
2026-07-12,Srivilliputhur(Uzhavar Sandhai ),STABLE,STABLE,74.29
2026-07-13,Srivilliputhur(Uzhavar Sandhai ),STABLE,STABLE,75.99
2026-07-14,Srivilliputhur(Uzhavar Sandhai ),STABLE,STABLE,75.4
2026-07-15,Srivilliputhur(Uzhavar Sandhai ),STABLE,STABLE,72.04
2026-07-16,Srivilliputhur(Uzhavar Sandhai ),INCREASING,STABLE,74.09
2026-07-17,Srivilliputhur(Uzhavar Sandhai ),DECREASING,STABLE,74.32
2026-07-18,Srivilliputhur(Uzhavar Sandhai ),STABLE,STABLE,71.25
2026-07-19,Srivilliputhur(Uzhavar Sandhai ),STABLE,STABLE,75.51
2026-07-20,Srivilliputhur(Uzhavar Sandhai ),STABLE,STABLE,76.97
2026-07-21,Srivilliputhur(Uzhavar Sandhai ),INCREASING,STABLE,75.05
2026-07-22,Srivilliputhur(Uzhavar Sandhai ),STABLE,STABLE,74.52
2026-07-23,Srivilliputhur(Uzhavar Sandhai ),STABLE,STABLE,74.49
2026-07-24,Srivilliputhur(Uzhavar Sandhai ),STABLE,STABLE,74.68
2026-07-25,Srivilliputhur(Uzhavar Sandhai ),STABLE,STABLE,75.63
2026-07-26,Srivilliputhur(Uzhavar Sandhai ),STABLE,STABLE,74.62
2026-07-27,Srivilliputhur(Uzhavar Sandhai ),STABLE,STABLE,76.51
2026-07-28,Srivilliputhur(Uzhavar Sandhai ),STABLE,STABLE,75.66
2026-07-29,Srivilliputhur(Uzhavar Sandhai ),STABLE,STABLE,76.15
2026-07-30,Srivilliputhur(Uzhavar Sandhai ),STABLE,STABLE,75.14
2026-07-31,Srivilliputhur(Uzhavar Sandhai ),STABLE,STABLE,74.57
2026-08-01,Srivilliputhur(Uzhavar Sandhai ),STABLE,STABLE,77.54
2026-08-02,Srivilliputhur(Uzhavar Sandhai ),STABLE,STABLE,74.63
2026-08-03,Srivilliputhur(Uzhavar Sandhai ),STABLE,STABLE,76.93
2026-08-04,Srivilliputhur(Uzhavar Sandhai ),STABLE,STABLE,75.98
2026-08-05,Srivilliputhur(Uzhavar Sandhai ),STABLE,STABLE,75.41
2026-08-06,Srivilliputhur(Uzhavar Sandhai ),STABLE,STABLE,75.21
2026-08-07,Srivilliputhur(Uzhavar Sandhai ),STABLE,STABLE,77.22
2026-08-08,Srivilliputhur(Uzhavar Sandhai ),STABLE,STABLE,75.47
2026-08-09,Srivilliputhur(Uzhavar Sandhai ),STABLE,STABLE,74.86
2026-08-10,Srivilliputhur(Uzhavar Sandhai ),STABLE,STABLE,76.89
2026-08-11,Srivilliputhur(Uzhavar Sandhai ),DECREASING,STABLE,75.61
2026-08-12,Srivilliputhur(Uzhavar Sandhai ),STABLE,STABLE,70.8
2026-08-13,Srivilliputhur(Uzhavar Sandhai ),DECREASING,STABLE,67.84
2026-08-14,Srivilliputhur(Uzhavar Sandhai ),STABLE,STABLE,64.91
2026-08-15,Srivilliputhur(Uzhavar Sandhai ),INCREASING,STABLE,64.27
2026-08-16,Srivilliputhur(Uzhavar Sandhai ),STABLE,STABLE,66.39
2026-08-17,Srivilliputhur(Uzhavar Sandhai ),STABLE,STABLE,67.77
2026-08-18,Srivilliputhur(Uzhavar Sandhai ),STABLE,STABLE,65.71
2026-08-19,Srivilliputhur(Uzhavar Sandhai ),STABLE,STABLE,66.58
2026-08-20,Srivilliputhur(Uzhavar Sandhai ),STABLE,STABLE,68.19
2026-08-21,Srivilliputhur(Uzhavar Sandhai ),INCREASING,STABLE,66.15
2026-08-22,Srivilliputhur(Uzhavar Sandhai ),DECREASING,STABLE,68.92
2026-06-29,Sulur(Uzhavar Sandhai ),STABLE,STABLE,72.74
2026-06-30,Sulur(Uzhavar Sandhai ),DECREASING,STABLE,64.92
2026-07-01,Sulur(Uzhavar Sandhai ),STABLE,STABLE,63.77
2026-07-02,Sulur(Uzhavar Sandhai ),DECREASING,STABLE,57.99
2026-07-03,Sulur(Uzhavar Sandhai ),INCREASING,STABLE,62.14
2026-07-04,Sulur(Uzhavar Sandhai ),STABLE,STABLE,73.89
2026-07-05,Sulur(Uzhavar Sandhai ),STABLE,STABLE,70.65
2026-07-06,Sulur(Uzhavar Sandhai ),STABLE,STABLE,72.82
2026-07-07,Sulur(Uzhavar Sandhai ),STABLE,STABLE,67.57
2026-07-08,Sulur(Uzhavar Sandhai ),DECREASING,STABLE,65.02
2026-07-09,Sulur(Uzhavar Sandhai ),DECREASING,INCREASING,45.57
2026-07-10,Sulur(Uzhavar Sandhai ),INCREASING,INCREASING,59.28
2026-07-11,Sulur(Uzhavar Sandhai ),STABLE,STABLE,65.99
2026-07-12,Sulur(Uzhavar Sandhai ),INCREASING,STABLE,76.59
2026-07-13,Sulur(Uzhavar Sandhai ),STABLE,STABLE,74.89
2026-07-14,Sulur(Uzhavar Sandhai ),STABLE,STABLE,71.14
2026-07-15,Sulur(Uzhavar Sandhai ),STABLE,STABLE,71.8
2026-07-16,Sulur(Uzhavar Sandhai ),DECREASING,STABLE,57.33
2026-07-17,Sulur(Uzhavar Sandhai ),INCREASING,INCREASING,59.63
2026-07-18,Sulur(Uzhavar Sandhai ),STABLE,STABLE,73.51
2026-07-19,Sulur(Uzhavar Sandhai ),STABLE,STABLE,77.6
2026-07-20,Sulur(Uzhavar Sandhai ),INCREASING,STABLE,75.53
2026-07-21,Sulur(Uzhavar Sandhai ),DECREASING,STABLE,66.17
2026-07-22,Sulur(Uzhavar Sandhai ),STABLE,STABLE,64.85
2026-07-23,Sulur(Uzhavar Sandhai ),DECREASING,STABLE,56.89
2026-07-24,Sulur(Uzhavar Sandhai ),INCREASING,INCREASING,60.14
2026-07-25,Sulur(Uzhavar Sandhai ),STABLE,STABLE,71.75
2026-07-26,Sulur(Uzhavar Sandhai ),STABLE,STABLE,76.38
2026-07-27,Sulur(Uzhavar Sandhai ),STABLE,STABLE,74.31
2026-07-28,Sulur(Uzhavar Sandhai ),STABLE,STABLE,70.37
2026-07-29,Sulur(Uzhavar Sandhai ),INCREASING,STABLE,71.14
2026-07-30,Sulur(Uzhavar Sandhai ),DECREASING,STABLE,54.81
2026-07-31,Sulur(Uzhavar Sandhai ),INCREASING,INCREASING,60.74
2026-08-01,Sulur(Uzhavar Sandhai ),STABLE,STABLE,73.43
2026-08-02,Sulur(Uzhavar Sandhai ),STABLE,STABLE,77.2
2026-08-03,Sulur(Uzhavar Sandhai ),INCREASING,STABLE,75.41
2026-08-04,Sulur(Uzhavar Sandhai ),STABLE,STABLE,68.37
2026-08-05,Sulur(Uzhavar Sandhai ),STABLE,STABLE,68.97
2026-08-06,Sulur(Uzhavar Sandhai ),DECREASING,STABLE,54.35
2026-08-07,Sulur(Uzhavar Sandhai ),INCREASING,STABLE,62.26
2026-08-08,Sulur(Uzhavar Sandhai ),STABLE,STABLE,73.12
2026-08-09,Sulur(Uzhavar Sandhai ),DECREASING,STABLE,66.99
2026-08-10,Sulur(Uzhavar Sandhai ),STABLE,STABLE,76.66
2026-08-11,Sulur(Uzhavar Sandhai ),STABLE,STABLE,71.97
2026-08-12,Sulur(Uzhavar Sandhai ),STABLE,STABLE,72.44
2026-08-13,Sulur(Uzhavar Sandhai ),DECREASING,STABLE,59.54
2026-08-14,Sulur(Uzhavar Sandhai ),INCREASING,INCREASING,61.39
2026-08-15,Sulur(Uzhavar Sandhai ),INCREASING,STABLE,73.45
2026-08-16,Sulur(Uzhavar Sandhai ),STABLE,STABLE,70.92
2026-08-17,Sulur(Uzhavar Sandhai ),STABLE,STABLE,74.69
2026-08-18,Sulur(Uzhavar Sandhai ),INCREASING,STABLE,72.44
2026-08-19,Sulur(Uzhavar Sandhai ),DECREASING,STABLE,68.85
2026-08-20,Sulur(Uzhavar Sandhai ),DECREASING,STABLE,55.41
2026-08-21,Sulur(Uzhavar Sandhai ),INCREASING,INCREASING,60.23
2026-08-22,Sulur(Uzhavar Sandhai ),INCREASING,STABLE,65.35
2026-08-23,Sulur(Uzhavar Sandhai ),STABLE,STABLE,70.95
2026-06-29,Sundarapuram(Uzhavar Sandhai ),STABLE,STABLE,92.65
2026-06-30,Sundarapuram(Uzhavar Sandhai ),STABLE,STABLE,92.42
2026-07-01,Sundarapuram(Uzhavar Sandhai ),STABLE,STABLE,92.52
2026-07-02,Sundarapuram(Uzhavar Sandhai ),STABLE,STABLE,92.31
2026-07-03,Sundarapuram(Uzhavar Sandhai ),STABLE,STABLE,91.79
2026-07-04,Sundarapuram(Uzhavar Sandhai ),STABLE,STABLE,91.54
2026-07-05,Sundarapuram(Uzhavar Sandhai ),DECREASING,STABLE,90.06
2026-07-06,Sundarapuram(Uzhavar Sandhai ),STABLE,STABLE,92.81
2026-07-07,Sundarapuram(Uzhavar Sandhai ),STABLE,STABLE,92.66
2026-07-08,Sundarapuram(Uzhavar Sandhai ),STABLE,STABLE,92.55
2026-07-09,Sundarapuram(Uzhavar Sandhai ),STABLE,STABLE,92.27
2026-07-10,Sundarapuram(Uzhavar Sandhai ),STABLE,STABLE,91.74
2026-07-11,Sundarapuram(Uzhavar Sandhai ),STABLE,STABLE,91.52
2026-07-12,Sundarapuram(Uzhavar Sandhai ),DECREASING,STABLE,89.93
2026-07-13,Sundarapuram(Uzhavar Sandhai ),STABLE,STABLE,92.7
2026-07-14,Sundarapuram(Uzhavar Sandhai ),STABLE,STABLE,92.43
2026-07-15,Sundarapuram(Uzhavar Sandhai ),STABLE,STABLE,92.36
2026-07-16,Sundarapuram(Uzhavar Sandhai ),STABLE,STABLE,92.15
2026-07-17,Sundarapuram(Uzhavar Sandhai ),STABLE,STABLE,91.67
2026-07-18,Sundarapuram(Uzhavar Sandhai ),STABLE,STABLE,91.53
2026-07-19,Sundarapuram(Uzhavar Sandhai ),STABLE,STABLE,90.43
2026-07-20,Sundarapuram(Uzhavar Sandhai ),STABLE,STABLE,92.9
2026-07-21,Sundarapuram(Uzhavar Sandhai ),STABLE,STABLE,92.41
2026-07-22,Sundarapuram(Uzhavar Sandhai ),STABLE,STABLE,92.36
2026-07-23,Sundarapuram(Uzhavar Sandhai ),STABLE,STABLE,91.86
2026-07-24,Sundarapuram(Uzhavar Sandhai ),STABLE,STABLE,91.19
2026-07-25,Sundarapuram(Uzhavar Sandhai ),STABLE,STABLE,91.3
2026-07-26,Sundarapuram(Uzhavar Sandhai ),STABLE,STABLE,89.86
2026-07-27,Sundarapuram(Uzhavar Sandhai ),STABLE,STABLE,92.63
2026-07-28,Sundarapuram(Uzhavar Sandhai ),STABLE,STABLE,92.64
2026-07-29,Sundarapuram(Uzhavar Sandhai ),STABLE,STABLE,92.57
2026-07-30,Sundarapuram(Uzhavar Sandhai ),STABLE,STABLE,92.1
2026-07-31,Sundarapuram(Uzhavar Sandhai ),STABLE,STABLE,91.24
2026-08-01,Sundarapuram(Uzhavar Sandhai ),STABLE,STABLE,91.68
2026-08-02,Sundarapuram(Uzhavar Sandhai ),STABLE,STABLE,90.46
2026-08-03,Sundarapuram(Uzhavar Sandhai ),STABLE,STABLE,92.69
2026-08-04,Sundarapuram(Uzhavar Sandhai ),STABLE,STABLE,92.56
2026-08-05,Sundarapuram(Uzhavar Sandhai ),STABLE,STABLE,92.4
2026-08-06,Sundarapuram(Uzhavar Sandhai ),STABLE,STABLE,92.0
2026-08-07,Sundarapuram(Uzhavar Sandhai ),STABLE,STABLE,91.44
2026-08-08,Sundarapuram(Uzhavar Sandhai ),STABLE,STABLE,91.24
2026-08-09,Sundarapuram(Uzhavar Sandhai ),DECREASING,STABLE,89.8
2026-08-10,Sundarapuram(Uzhavar Sandhai ),STABLE,STABLE,92.56
2026-08-11,Sundarapuram(Uzhavar Sandhai ),STABLE,STABLE,92.52
2026-08-12,Sundarapuram(Uzhavar Sandhai ),STABLE,STABLE,92.39
2026-08-13,Sundarapuram(Uzhavar Sandhai ),STABLE,STABLE,92.01
2026-08-14,Sundarapuram(Uzhavar Sandhai ),STABLE,STABLE,91.36
2026-08-15,Sundarapuram(Uzhavar Sandhai ),STABLE,STABLE,91.18
2026-08-16,Sundarapuram(Uzhavar Sandhai ),STABLE,STABLE,89.64
2026-08-17,Sundarapuram(Uzhavar Sandhai ),STABLE,STABLE,92.73
2026-08-18,Sundarapuram(Uzhavar Sandhai ),STABLE,STABLE,92.69
2026-08-19,Sundarapuram(Uzhavar Sandhai ),STABLE,STABLE,92.37
2026-08-20,Sundarapuram(Uzhavar Sandhai ),STABLE,STABLE,92.15
2026-08-21,Sundarapuram(Uzhavar Sandhai ),STABLE,STABLE,91.31
2026-08-22,Sundarapuram(Uzhavar Sandhai ),STABLE,STABLE,91.09
2026-08-23,Sundarapuram(Uzhavar Sandhai ),STABLE,STABLE,89.13
2026-06-29,Sunguvarchatram(Uzhavar Sandhai ),STABLE,STABLE,77.77
2026-06-30,Sunguvarchatram(Uzhavar Sandhai ),INCREASING,STABLE,78.03
2026-07-01,Sunguvarchatram(Uzhavar Sandhai ),DECREASING,STABLE,67.84
2026-07-02,Sunguvarchatram(Uzhavar Sandhai ),STABLE,STABLE,77.93
2026-07-03,Sunguvarchatram(Uzhavar Sandhai ),STABLE,STABLE,77.57
2026-07-04,Sunguvarchatram(Uzhavar Sandhai ),STABLE,STABLE,77.69
2026-07-05,Sunguvarchatram(Uzhavar Sandhai ),STABLE,STABLE,71.99
2026-07-06,Sunguvarchatram(Uzhavar Sandhai ),STABLE,STABLE,78.92
2026-07-07,Sunguvarchatram(Uzhavar Sandhai ),INCREASING,STABLE,78.64
2026-07-08,Sunguvarchatram(Uzhavar Sandhai ),DECREASING,STABLE,71.26
2026-07-09,Sunguvarchatram(Uzhavar Sandhai ),STABLE,STABLE,77.12
2026-07-10,Sunguvarchatram(Uzhavar Sandhai ),STABLE,STABLE,77.01
2026-07-11,Sunguvarchatram(Uzhavar Sandhai ),STABLE,STABLE,77.15
2026-07-12,Sunguvarchatram(Uzhavar Sandhai ),STABLE,STABLE,71.82
2026-07-13,Sunguvarchatram(Uzhavar Sandhai ),STABLE,STABLE,78.18
2026-07-14,Sunguvarchatram(Uzhavar Sandhai ),INCREASING,STABLE,77.06
2026-07-15,Sunguvarchatram(Uzhavar Sandhai ),STABLE,STABLE,75.68
2026-07-16,Sunguvarchatram(Uzhavar Sandhai ),STABLE,STABLE,76.82
2026-07-17,Sunguvarchatram(Uzhavar Sandhai ),STABLE,STABLE,76.65
2026-07-18,Sunguvarchatram(Uzhavar Sandhai ),STABLE,STABLE,76.95
2026-07-19,Sunguvarchatram(Uzhavar Sandhai ),STABLE,STABLE,70.42
2026-07-20,Sunguvarchatram(Uzhavar Sandhai ),STABLE,STABLE,77.72
2026-07-21,Sunguvarchatram(Uzhavar Sandhai ),STABLE,STABLE,76.89
2026-07-22,Sunguvarchatram(Uzhavar Sandhai ),STABLE,STABLE,77.32
2026-07-23,Sunguvarchatram(Uzhavar Sandhai ),STABLE,STABLE,76.14
2026-07-24,Sunguvarchatram(Uzhavar Sandhai ),STABLE,STABLE,76.04
2026-07-25,Sunguvarchatram(Uzhavar Sandhai ),STABLE,STABLE,76.55
2026-07-26,Sunguvarchatram(Uzhavar Sandhai ),STABLE,STABLE,70.39
2026-07-27,Sunguvarchatram(Uzhavar Sandhai ),STABLE,STABLE,76.72
2026-07-28,Sunguvarchatram(Uzhavar Sandhai ),INCREASING,STABLE,76.36
2026-07-29,Sunguvarchatram(Uzhavar Sandhai ),DECREASING,STABLE,69.41
2026-07-30,Sunguvarchatram(Uzhavar Sandhai ),STABLE,STABLE,75.68
2026-07-31,Sunguvarchatram(Uzhavar Sandhai ),STABLE,STABLE,73.62
2026-08-01,Sunguvarchatram(Uzhavar Sandhai ),STABLE,STABLE,77.19
2026-08-02,Sunguvarchatram(Uzhavar Sandhai ),STABLE,STABLE,70.89
2026-08-03,Sunguvarchatram(Uzhavar Sandhai ),STABLE,STABLE,77.98
2026-08-04,Sunguvarchatram(Uzhavar Sandhai ),INCREASING,STABLE,77.45
2026-08-05,Sunguvarchatram(Uzhavar Sandhai ),DECREASING,STABLE,70.34
2026-08-06,Sunguvarchatram(Uzhavar Sandhai ),INCREASING,STABLE,70.35
2026-08-07,Sunguvarchatram(Uzhavar Sandhai ),STABLE,STABLE,76.74
2026-08-08,Sunguvarchatram(Uzhavar Sandhai ),STABLE,STABLE,76.97
2026-08-09,Sunguvarchatram(Uzhavar Sandhai ),STABLE,STABLE,70.43
2026-08-10,Sunguvarchatram(Uzhavar Sandhai ),STABLE,STABLE,77.85
2026-08-11,Sunguvarchatram(Uzhavar Sandhai ),INCREASING,STABLE,77.48
2026-08-12,Sunguvarchatram(Uzhavar Sandhai ),STABLE,STABLE,76.04
2026-08-13,Sunguvarchatram(Uzhavar Sandhai ),DECREASING,STABLE,76.93
2026-08-14,Sunguvarchatram(Uzhavar Sandhai ),INCREASING,STABLE,69.78
2026-08-15,Sunguvarchatram(Uzhavar Sandhai ),DECREASING,STABLE,67.86
2026-08-16,Sunguvarchatram(Uzhavar Sandhai ),STABLE,STABLE,70.17
2026-08-17,Sunguvarchatram(Uzhavar Sandhai ),STABLE,STABLE,77.85
2026-08-18,Sunguvarchatram(Uzhavar Sandhai ),INCREASING,STABLE,77.43
2026-08-19,Sunguvarchatram(Uzhavar Sandhai ),DECREASING,STABLE,67.68
2026-08-20,Sunguvarchatram(Uzhavar Sandhai ),STABLE,STABLE,76.43
2026-08-21,Sunguvarchatram(Uzhavar Sandhai ),STABLE,STABLE,75.78
2026-08-22,Sunguvarchatram(Uzhavar Sandhai ),STABLE,STABLE,75.8
2026-08-23,Sunguvarchatram(Uzhavar Sandhai ),STABLE,STABLE,69.56
2026-06-29,Tamarainagar(Uzhavar Sandhai ),STABLE,STABLE,77.92
2026-06-30,Tamarainagar(Uzhavar Sandhai ),STABLE,STABLE,77.76
2026-07-01,Tamarainagar(Uzhavar Sandhai ),STABLE,STABLE,78.09
2026-07-02,Tamarainagar(Uzhavar Sandhai ),STABLE,STABLE,77.57
2026-07-03,Tamarainagar(Uzhavar Sandhai ),STABLE,STABLE,77.03
2026-07-04,Tamarainagar(Uzhavar Sandhai ),STABLE,STABLE,77.03
2026-07-05,Tamarainagar(Uzhavar Sandhai ),STABLE,STABLE,77.33
2026-07-07,Tamarainagar(Uzhavar Sandhai ),STABLE,STABLE,78.17
2026-07-08,Tamarainagar(Uzhavar Sandhai ),STABLE,STABLE,78.77
2026-07-09,Tamarainagar(Uzhavar Sandhai ),STABLE,STABLE,77.5
2026-07-10,Tamarainagar(Uzhavar Sandhai ),STABLE,STABLE,76.92
2026-07-11,Tamarainagar(Uzhavar Sandhai ),STABLE,STABLE,77.69
2026-07-12,Tamarainagar(Uzhavar Sandhai ),STABLE,STABLE,77.68
2026-07-13,Tamarainagar(Uzhavar Sandhai ),STABLE,STABLE,78.52
2026-07-14,Tamarainagar(Uzhavar Sandhai ),STABLE,STABLE,78.55
2026-07-15,Tamarainagar(Uzhavar Sandhai ),STABLE,STABLE,78.25
2026-07-16,Tamarainagar(Uzhavar Sandhai ),STABLE,STABLE,77.69
2026-07-17,Tamarainagar(Uzhavar Sandhai ),STABLE,STABLE,77.13
2026-07-18,Tamarainagar(Uzhavar Sandhai ),STABLE,STABLE,77.22
2026-07-19,Tamarainagar(Uzhavar Sandhai ),STABLE,STABLE,77.41
2026-07-20,Tamarainagar(Uzhavar Sandhai ),STABLE,STABLE,78.64
2026-07-21,Tamarainagar(Uzhavar Sandhai ),STABLE,STABLE,78.41
2026-07-22,Tamarainagar(Uzhavar Sandhai ),STABLE,STABLE,77.94
2026-07-23,Tamarainagar(Uzhavar Sandhai ),STABLE,STABLE,76.76
2026-07-24,Tamarainagar(Uzhavar Sandhai ),STABLE,STABLE,76.63
2026-07-25,Tamarainagar(Uzhavar Sandhai ),STABLE,STABLE,77.12
2026-07-26,Tamarainagar(Uzhavar Sandhai ),STABLE,STABLE,77.6
2026-07-27,Tamarainagar(Uzhavar Sandhai ),DECREASING,STABLE,78.26
2026-07-28,Tamarainagar(Uzhavar Sandhai ),STABLE,STABLE,78.51
2026-07-29,Tamarainagar(Uzhavar Sandhai ),STABLE,STABLE,78.29
2026-07-30,Tamarainagar(Uzhavar Sandhai ),STABLE,STABLE,77.23
2026-07-31,Tamarainagar(Uzhavar Sandhai ),STABLE,STABLE,75.98
2026-08-01,Tamarainagar(Uzhavar Sandhai ),STABLE,STABLE,77.48
2026-08-02,Tamarainagar(Uzhavar Sandhai ),STABLE,STABLE,78.47
2026-08-03,Tamarainagar(Uzhavar Sandhai ),STABLE,STABLE,78.84
2026-08-04,Tamarainagar(Uzhavar Sandhai ),DECREASING,STABLE,78.28
2026-08-05,Tamarainagar(Uzhavar Sandhai ),INCREASING,STABLE,78.65
2026-08-06,Tamarainagar(Uzhavar Sandhai ),STABLE,STABLE,77.89
2026-08-07,Tamarainagar(Uzhavar Sandhai ),STABLE,STABLE,77.26
2026-08-08,Tamarainagar(Uzhavar Sandhai ),STABLE,STABLE,77.48
2026-08-09,Tamarainagar(Uzhavar Sandhai ),STABLE,STABLE,78.42
2026-08-10,Tamarainagar(Uzhavar Sandhai ),DECREASING,STABLE,79.03
2026-08-11,Tamarainagar(Uzhavar Sandhai ),INCREASING,STABLE,79.02
2026-08-12,Tamarainagar(Uzhavar Sandhai ),STABLE,STABLE,78.8
2026-08-13,Tamarainagar(Uzhavar Sandhai ),STABLE,STABLE,77.98
2026-08-14,Tamarainagar(Uzhavar Sandhai ),STABLE,STABLE,76.81
2026-08-15,Tamarainagar(Uzhavar Sandhai ),STABLE,STABLE,76.75
2026-08-16,Tamarainagar(Uzhavar Sandhai ),STABLE,STABLE,76.2
2026-08-17,Tamarainagar(Uzhavar Sandhai ),STABLE,STABLE,77.4
2026-08-18,Tamarainagar(Uzhavar Sandhai ),STABLE,STABLE,77.31
2026-08-19,Tamarainagar(Uzhavar Sandhai ),STABLE,STABLE,77.88
2026-08-20,Tamarainagar(Uzhavar Sandhai ),STABLE,STABLE,76.25
2026-08-21,Tamarainagar(Uzhavar Sandhai ),STABLE,STABLE,75.67
2026-08-22,Tamarainagar(Uzhavar Sandhai ),STABLE,STABLE,76.09
2026-08-23,Tamarainagar(Uzhavar Sandhai ),STABLE,STABLE,76.44
2026-06-29,Tenkasi(Uzhavar Sandhai ),DECREASING,STABLE,67.1
2026-06-30,Tenkasi(Uzhavar Sandhai ),DECREASING,INCREASING,51.81
2026-07-01,Tenkasi(Uzhavar Sandhai ),STABLE,INCREASING,53.42
2026-07-02,Tenkasi(Uzhavar Sandhai ),INCREASING,INCREASING,56.78
2026-07-03,Tenkasi(Uzhavar Sandhai ),DECREASING,STABLE,44.65
2026-07-03,Tenkasi(Uzhavar Sandhai ),INCREASING,INCREASING,58.48
2026-07-04,Tenkasi(Uzhavar Sandhai ),STABLE,INCREASING,49.05
2026-07-04,Tenkasi(Uzhavar Sandhai ),INCREASING,INCREASING,57.42
2026-07-05,Tenkasi(Uzhavar Sandhai ),DECREASING,STABLE,70.48
2026-07-06,Tenkasi(Uzhavar Sandhai ),STABLE,INCREASING,48.75
2026-07-07,Tenkasi(Uzhavar Sandhai ),STABLE,INCREASING,45.31
2026-07-08,Tenkasi(Uzhavar Sandhai ),STABLE,INCREASING,45.45
2026-07-09,Tenkasi(Uzhavar Sandhai ),INCREASING,INCREASING,50.34
2026-07-10,Tenkasi(Uzhavar Sandhai ),DECREASING,STABLE,65.66
2026-07-11,Tenkasi(Uzhavar Sandhai ),DECREASING,STABLE,48.2
2026-07-12,Tenkasi(Uzhavar Sandhai ),STABLE,INCREASING,50.2
2026-07-13,Tenkasi(Uzhavar Sandhai ),STABLE,INCREASING,49.12
2026-07-14,Tenkasi(Uzhavar Sandhai ),INCREASING,INCREASING,46.96
2026-07-15,Tenkasi(Uzhavar Sandhai ),STABLE,INCREASING,49.01
2026-07-16,Tenkasi(Uzhavar Sandhai ),INCREASING,INCREASING,52.53
2026-07-17,Tenkasi(Uzhavar Sandhai ),INCREASING,INCREASING,46.49
2026-07-18,Tenkasi(Uzhavar Sandhai ),DECREASING,STABLE,67.33
2026-07-19,Tenkasi(Uzhavar Sandhai ),INCREASING,STABLE,47.51
2026-07-20,Tenkasi(Uzhavar Sandhai ),STABLE,STABLE,64.81
2026-07-21,Tenkasi(Uzhavar Sandhai ),STABLE,STABLE,69.67
2026-07-22,Tenkasi(Uzhavar Sandhai ),STABLE,STABLE,65.64
2026-07-23,Tenkasi(Uzhavar Sandhai ),STABLE,STABLE,65.5
2026-07-24,Tenkasi(Uzhavar Sandhai ),DECREASING,STABLE,67.41
2026-07-25,Tenkasi(Uzhavar Sandhai ),STABLE,STABLE,62.42
2026-07-26,Tenkasi(Uzhavar Sandhai ),STABLE,STABLE,68.14
2026-07-27,Tenkasi(Uzhavar Sandhai ),STABLE,STABLE,62.28
2026-07-28,Tenkasi(Uzhavar Sandhai ),STABLE,STABLE,69.49
2026-07-29,Tenkasi(Uzhavar Sandhai ),STABLE,STABLE,63.37
2026-07-30,Tenkasi(Uzhavar Sandhai ),STABLE,STABLE,60.64
2026-07-31,Tenkasi(Uzhavar Sandhai ),STABLE,STABLE,60.97
2026-08-01,Tenkasi(Uzhavar Sandhai ),STABLE,STABLE,67.66
2026-08-02,Tenkasi(Uzhavar Sandhai ),STABLE,STABLE,69.7
2026-08-03,Tenkasi(Uzhavar Sandhai ),STABLE,STABLE,68.87
2026-08-04,Tenkasi(Uzhavar Sandhai ),STABLE,STABLE,68.21
2026-08-05,Tenkasi(Uzhavar Sandhai ),DECREASING,STABLE,71.35
2026-08-06,Tenkasi(Uzhavar Sandhai ),INCREASING,STABLE,65.94
2026-08-07,Tenkasi(Uzhavar Sandhai ),STABLE,STABLE,70.45
2026-08-08,Tenkasi(Uzhavar Sandhai ),STABLE,STABLE,70.53
2026-08-09,Tenkasi(Uzhavar Sandhai ),STABLE,STABLE,71.54
2026-08-10,Tenkasi(Uzhavar Sandhai ),STABLE,STABLE,66.81
2026-08-11,Tenkasi(Uzhavar Sandhai ),STABLE,STABLE,70.13
2026-08-12,Tenkasi(Uzhavar Sandhai ),DECREASING,STABLE,71.69
2026-08-13,Tenkasi(Uzhavar Sandhai ),INCREASING,STABLE,64.28
2026-08-14,Tenkasi(Uzhavar Sandhai ),STABLE,STABLE,70.12
2026-08-15,Tenkasi(Uzhavar Sandhai ),STABLE,STABLE,70.24
2026-08-16,Tenkasi(Uzhavar Sandhai ),STABLE,STABLE,67.7
2026-08-17,Tenkasi(Uzhavar Sandhai ),STABLE,STABLE,69.44
2026-08-18,Tenkasi(Uzhavar Sandhai ),STABLE,STABLE,64.66
2026-08-19,Tenkasi(Uzhavar Sandhai ),STABLE,STABLE,61.53
2026-08-20,Tenkasi(Uzhavar Sandhai ),STABLE,STABLE,64.16
2026-08-21,Tenkasi(Uzhavar Sandhai ),STABLE,STABLE,59.63
2026-08-22,Tenkasi(Uzhavar Sandhai ),STABLE,STABLE,66.21
2026-08-23,Tenkasi(Uzhavar Sandhai ),STABLE,STABLE,67.96
2026-06-29,Thalavadi(Uzhavar Sandhai ),STABLE,STABLE,85.91
2026-06-30,Thalavadi(Uzhavar Sandhai ),STABLE,STABLE,84.79
2026-07-01,Thalavadi(Uzhavar Sandhai ),STABLE,STABLE,84.19
2026-07-02,Thalavadi(Uzhavar Sandhai ),STABLE,STABLE,84.55
2026-07-03,Thalavadi(Uzhavar Sandhai ),STABLE,STABLE,84.1
2026-07-04,Thalavadi(Uzhavar Sandhai ),STABLE,STABLE,83.97
2026-07-05,Thalavadi(Uzhavar Sandhai ),STABLE,STABLE,82.58
2026-07-06,Thalavadi(Uzhavar Sandhai ),STABLE,STABLE,83.75
2026-07-07,Thalavadi(Uzhavar Sandhai ),STABLE,STABLE,83.32
2026-07-08,Thalavadi(Uzhavar Sandhai ),STABLE,STABLE,83.17
2026-07-09,Thalavadi(Uzhavar Sandhai ),STABLE,STABLE,83.68
2026-07-10,Thalavadi(Uzhavar Sandhai ),STABLE,STABLE,83.38
2026-07-11,Thalavadi(Uzhavar Sandhai ),STABLE,STABLE,83.66
2026-07-12,Thalavadi(Uzhavar Sandhai ),STABLE,STABLE,83.36
2026-07-13,Thalavadi(Uzhavar Sandhai ),STABLE,STABLE,84.99
2026-07-14,Thalavadi(Uzhavar Sandhai ),STABLE,STABLE,84.25
2026-07-15,Thalavadi(Uzhavar Sandhai ),STABLE,STABLE,84.59
2026-07-16,Thalavadi(Uzhavar Sandhai ),STABLE,STABLE,83.25
2026-07-17,Thalavadi(Uzhavar Sandhai ),STABLE,STABLE,82.97
2026-07-18,Thalavadi(Uzhavar Sandhai ),STABLE,STABLE,83.46
2026-07-19,Thalavadi(Uzhavar Sandhai ),STABLE,STABLE,82.37
2026-07-20,Thalavadi(Uzhavar Sandhai ),STABLE,STABLE,85.22
2026-07-22,Thalavadi(Uzhavar Sandhai ),STABLE,STABLE,83.91
2026-07-23,Thalavadi(Uzhavar Sandhai ),STABLE,STABLE,82.53
2026-07-24,Thalavadi(Uzhavar Sandhai ),STABLE,STABLE,82.61
2026-07-25,Thalavadi(Uzhavar Sandhai ),STABLE,STABLE,83.06
2026-07-26,Thalavadi(Uzhavar Sandhai ),STABLE,STABLE,82.88
2026-07-27,Thalavadi(Uzhavar Sandhai ),STABLE,STABLE,85.13
2026-07-28,Thalavadi(Uzhavar Sandhai ),STABLE,STABLE,84.13
2026-07-29,Thalavadi(Uzhavar Sandhai ),STABLE,STABLE,84.32
2026-07-30,Thalavadi(Uzhavar Sandhai ),STABLE,STABLE,83.16
2026-07-31,Thalavadi(Uzhavar Sandhai ),STABLE,STABLE,82.57
2026-08-01,Thalavadi(Uzhavar Sandhai ),STABLE,STABLE,83.2
2026-08-02,Thalavadi(Uzhavar Sandhai ),STABLE,STABLE,83.07
2026-08-03,Thalavadi(Uzhavar Sandhai ),STABLE,STABLE,84.58
2026-08-04,Thalavadi(Uzhavar Sandhai ),STABLE,STABLE,83.76
2026-08-05,Thalavadi(Uzhavar Sandhai ),STABLE,STABLE,83.28
2026-08-06,Thalavadi(Uzhavar Sandhai ),STABLE,STABLE,82.55
2026-08-07,Thalavadi(Uzhavar Sandhai ),STABLE,STABLE,81.75
2026-08-08,Thalavadi(Uzhavar Sandhai ),STABLE,STABLE,82.43
2026-08-09,Thalavadi(Uzhavar Sandhai ),STABLE,STABLE,84.02
2026-08-10,Thalavadi(Uzhavar Sandhai ),STABLE,STABLE,85.22
2026-08-11,Thalavadi(Uzhavar Sandhai ),STABLE,STABLE,84.62
2026-08-12,Thalavadi(Uzhavar Sandhai ),STABLE,STABLE,84.64
2026-08-13,Thalavadi(Uzhavar Sandhai ),STABLE,STABLE,83.35
2026-08-14,Thalavadi(Uzhavar Sandhai ),STABLE,STABLE,83.33
2026-08-15,Thalavadi(Uzhavar Sandhai ),STABLE,STABLE,83.51
2026-08-16,Thalavadi(Uzhavar Sandhai ),STABLE,STABLE,83.56
2026-08-17,Thalavadi(Uzhavar Sandhai ),STABLE,STABLE,83.93
2026-08-18,Thalavadi(Uzhavar Sandhai ),STABLE,STABLE,84.38
2026-08-19,Thalavadi(Uzhavar Sandhai ),STABLE,STABLE,84.23
2026-08-20,Thalavadi(Uzhavar Sandhai ),STABLE,STABLE,83.82
2026-08-21,Thalavadi(Uzhavar Sandhai ),STABLE,STABLE,82.7
2026-08-22,Thalavadi(Uzhavar Sandhai ),STABLE,STABLE,82.8
2026-08-23,Thalavadi(Uzhavar Sandhai ),STABLE,STABLE,82.55
2026-07-01,Thalavaipuram(Uzhavar Sandhai ),INCREASING,STABLE,39.82
2026-07-04,Thalavaipuram(Uzhavar Sandhai ),STABLE,STABLE,53.59
2026-07-06,Thalavaipuram(Uzhavar Sandhai ),STABLE,STABLE,55.05
2026-07-07,Thalavaipuram(Uzhavar Sandhai ),STABLE,STABLE,57.0
2026-07-08,Thalavaipuram(Uzhavar Sandhai ),DECREASING,STABLE,54.65
2026-07-09,Thalavaipuram(Uzhavar Sandhai ),INCREASING,STABLE,37.72
2026-07-10,Thalavaipuram(Uzhavar Sandhai ),INCREASING,STABLE,38.44
2026-07-11,Thalavaipuram(Uzhavar Sandhai ),INCREASING,STABLE,51.86
2026-07-12,Thalavaipuram(Uzhavar Sandhai ),INCREASING,STABLE,55.92
2026-07-14,Thalavaipuram(Uzhavar Sandhai ),STABLE,STABLE,64.03
2026-07-15,Thalavaipuram(Uzhavar Sandhai ),STABLE,STABLE,65.38
2026-07-16,Thalavaipuram(Uzhavar Sandhai ),STABLE,STABLE,64.1
2026-07-17,Thalavaipuram(Uzhavar Sandhai ),STABLE,STABLE,54.03
2026-07-18,Thalavaipuram(Uzhavar Sandhai ),STABLE,STABLE,54.52
2026-07-19,Thalavaipuram(Uzhavar Sandhai ),INCREASING,STABLE,62.76
2026-07-20,Thalavaipuram(Uzhavar Sandhai ),STABLE,STABLE,66.69
2026-07-21,Thalavaipuram(Uzhavar Sandhai ),DECREASING,STABLE,66.04
2026-07-22,Thalavaipuram(Uzhavar Sandhai ),DECREASING,STABLE,63.73
2026-07-23,Thalavaipuram(Uzhavar Sandhai ),INCREASING,STABLE,56.13
2026-07-24,Thalavaipuram(Uzhavar Sandhai ),DECREASING,STABLE,59.8
2026-07-25,Thalavaipuram(Uzhavar Sandhai ),STABLE,STABLE,54.64
2026-07-26,Thalavaipuram(Uzhavar Sandhai ),STABLE,STABLE,63.32
2026-07-27,Thalavaipuram(Uzhavar Sandhai ),STABLE,STABLE,66.38
2026-07-28,Thalavaipuram(Uzhavar Sandhai ),DECREASING,STABLE,66.81
2026-07-29,Thalavaipuram(Uzhavar Sandhai ),STABLE,STABLE,64.12
2026-07-30,Thalavaipuram(Uzhavar Sandhai ),STABLE,STABLE,54.11
2026-07-31,Thalavaipuram(Uzhavar Sandhai ),STABLE,STABLE,51.04
2026-08-01,Thalavaipuram(Uzhavar Sandhai ),STABLE,STABLE,62.83
2026-08-02,Thalavaipuram(Uzhavar Sandhai ),STABLE,STABLE,54.63
2026-08-03,Thalavaipuram(Uzhavar Sandhai ),STABLE,STABLE,67.17
2026-08-04,Thalavaipuram(Uzhavar Sandhai ),STABLE,STABLE,65.71
2026-08-05,Thalavaipuram(Uzhavar Sandhai ),STABLE,STABLE,65.92
2026-08-06,Thalavaipuram(Uzhavar Sandhai ),INCREASING,STABLE,55.23
2026-08-07,Thalavaipuram(Uzhavar Sandhai ),STABLE,STABLE,61.39
2026-08-08,Thalavaipuram(Uzhavar Sandhai ),STABLE,STABLE,62.43
2026-08-09,Thalavaipuram(Uzhavar Sandhai ),STABLE,STABLE,55.24
2026-08-10,Thalavaipuram(Uzhavar Sandhai ),STABLE,STABLE,59.53
2026-08-11,Thalavaipuram(Uzhavar Sandhai ),STABLE,STABLE,66.26
2026-08-12,Thalavaipuram(Uzhavar Sandhai ),STABLE,STABLE,58.07
2026-08-13,Thalavaipuram(Uzhavar Sandhai ),STABLE,STABLE,54.65
2026-08-14,Thalavaipuram(Uzhavar Sandhai ),STABLE,STABLE,55.75
2026-08-15,Thalavaipuram(Uzhavar Sandhai ),STABLE,STABLE,62.21
2026-08-16,Thalavaipuram(Uzhavar Sandhai ),STABLE,STABLE,55.88
2026-08-17,Thalavaipuram(Uzhavar Sandhai ),STABLE,STABLE,66.52
2026-08-18,Thalavaipuram(Uzhavar Sandhai ),STABLE,STABLE,65.66
2026-08-19,Thalavaipuram(Uzhavar Sandhai ),STABLE,STABLE,56.75
2026-08-20,Thalavaipuram(Uzhavar Sandhai ),STABLE,STABLE,63.28
2026-08-21,Thalavaipuram(Uzhavar Sandhai ),STABLE,STABLE,61.93
2026-08-22,Thalavaipuram(Uzhavar Sandhai ),STABLE,STABLE,60.33
2026-08-23,Thalavaipuram(Uzhavar Sandhai ),STABLE,STABLE,62.35
2026-07-01,Thammampatti (Uzhavar Sandhai ),STABLE,STABLE,65.72
2026-07-03,Thammampatti (Uzhavar Sandhai ),INCREASING,STABLE,65.82
2026-07-05,Thammampatti (Uzhavar Sandhai ),DECREASING,DECREASING,47.72
2026-07-10,Thammampatti (Uzhavar Sandhai ),STABLE,STABLE,65.96
2026-07-11,Thammampatti (Uzhavar Sandhai ),INCREASING,STABLE,65.27
2026-07-14,Thammampatti (Uzhavar Sandhai ),DECREASING,STABLE,68.85
2026-07-15,Thammampatti (Uzhavar Sandhai ),STABLE,STABLE,65.76
2026-07-16,Thammampatti (Uzhavar Sandhai ),STABLE,STABLE,68.24
2026-07-17,Thammampatti (Uzhavar Sandhai ),STABLE,STABLE,66.98
2026-07-18,Thammampatti (Uzhavar Sandhai ),STABLE,STABLE,64.82
2026-07-19,Thammampatti (Uzhavar Sandhai ),DECREASING,DECREASING,47.03
2026-07-20,Thammampatti (Uzhavar Sandhai ),STABLE,STABLE,66.07
2026-07-21,Thammampatti (Uzhavar Sandhai ),STABLE,STABLE,66.51
2026-07-22,Thammampatti (Uzhavar Sandhai ),STABLE,STABLE,68.45
2026-07-23,Thammampatti (Uzhavar Sandhai ),STABLE,STABLE,64.42
2026-07-24,Thammampatti (Uzhavar Sandhai ),STABLE,STABLE,66.05
2026-07-25,Thammampatti (Uzhavar Sandhai ),INCREASING,STABLE,65.67
2026-07-26,Thammampatti (Uzhavar Sandhai ),STABLE,STABLE,49.73
2026-07-27,Thammampatti (Uzhavar Sandhai ),STABLE,STABLE,64.42
2026-07-28,Thammampatti (Uzhavar Sandhai ),STABLE,STABLE,67.47
2026-07-29,Thammampatti (Uzhavar Sandhai ),STABLE,STABLE,65.63
2026-07-30,Thammampatti (Uzhavar Sandhai ),INCREASING,STABLE,65.7
2026-07-31,Thammampatti (Uzhavar Sandhai ),STABLE,STABLE,66.78
2026-08-01,Thammampatti (Uzhavar Sandhai ),STABLE,STABLE,67.63
2026-08-02,Thammampatti (Uzhavar Sandhai ),STABLE,DECREASING,46.85
2026-08-03,Thammampatti (Uzhavar Sandhai ),STABLE,STABLE,70.13
2026-08-04,Thammampatti (Uzhavar Sandhai ),STABLE,STABLE,69.81
2026-08-05,Thammampatti (Uzhavar Sandhai ),DECREASING,STABLE,70.31
2026-08-06,Thammampatti (Uzhavar Sandhai ),STABLE,STABLE,68.04
2026-08-07,Thammampatti (Uzhavar Sandhai ),STABLE,STABLE,68.44
2026-08-08,Thammampatti (Uzhavar Sandhai ),STABLE,STABLE,67.73
2026-08-09,Thammampatti (Uzhavar Sandhai ),DECREASING,DECREASING,47.21
2026-08-10,Thammampatti (Uzhavar Sandhai ),STABLE,STABLE,66.82
2026-08-11,Thammampatti (Uzhavar Sandhai ),STABLE,STABLE,69.73
2026-08-12,Thammampatti (Uzhavar Sandhai ),DECREASING,STABLE,70.12
2026-08-13,Thammampatti (Uzhavar Sandhai ),STABLE,STABLE,66.29
2026-08-14,Thammampatti (Uzhavar Sandhai ),STABLE,STABLE,67.86
2026-08-15,Thammampatti (Uzhavar Sandhai ),STABLE,STABLE,66.22
2026-08-16,Thammampatti (Uzhavar Sandhai ),DECREASING,DECREASING,46.46
2026-08-17,Thammampatti (Uzhavar Sandhai ),STABLE,STABLE,64.7
2026-08-18,Thammampatti (Uzhavar Sandhai ),STABLE,STABLE,68.99
2026-08-19,Thammampatti (Uzhavar Sandhai ),STABLE,STABLE,67.03
2026-08-20,Thammampatti (Uzhavar Sandhai ),STABLE,STABLE,67.19
2026-08-21,Thammampatti (Uzhavar Sandhai ),STABLE,STABLE,66.85
2026-08-22,Thammampatti (Uzhavar Sandhai ),STABLE,STABLE,67.09
2026-08-23,Thammampatti (Uzhavar Sandhai ),STABLE,DECREASING,47.69
2026-06-29,Thanjavur(Uzhavar Sandhai ),STABLE,STABLE,90.13
2026-06-30,Thanjavur(Uzhavar Sandhai ),STABLE,STABLE,88.74
2026-07-01,Thanjavur(Uzhavar Sandhai ),STABLE,STABLE,89.88
2026-07-02,Thanjavur(Uzhavar Sandhai ),STABLE,STABLE,89.27
2026-07-03,Thanjavur(Uzhavar Sandhai ),STABLE,STABLE,89.26
2026-07-04,Thanjavur(Uzhavar Sandhai ),STABLE,STABLE,89.19
2026-07-06,Thanjavur(Uzhavar Sandhai ),STABLE,STABLE,89.82
2026-07-07,Thanjavur(Uzhavar Sandhai ),STABLE,STABLE,89.39
2026-07-08,Thanjavur(Uzhavar Sandhai ),STABLE,STABLE,89.62
2026-07-09,Thanjavur(Uzhavar Sandhai ),STABLE,STABLE,89.02
2026-07-10,Thanjavur(Uzhavar Sandhai ),STABLE,STABLE,88.7
2026-07-11,Thanjavur(Uzhavar Sandhai ),STABLE,STABLE,88.76
2026-07-12,Thanjavur(Uzhavar Sandhai ),STABLE,STABLE,90.3
2026-07-13,Thanjavur(Uzhavar Sandhai ),STABLE,STABLE,89.24
2026-07-14,Thanjavur(Uzhavar Sandhai ),STABLE,STABLE,88.71
2026-07-15,Thanjavur(Uzhavar Sandhai ),STABLE,STABLE,88.83
2026-07-16,Thanjavur(Uzhavar Sandhai ),STABLE,STABLE,89.21
2026-07-17,Thanjavur(Uzhavar Sandhai ),STABLE,STABLE,89.18
2026-07-18,Thanjavur(Uzhavar Sandhai ),STABLE,STABLE,88.72
2026-07-19,Thanjavur(Uzhavar Sandhai ),STABLE,STABLE,89.96
2026-07-20,Thanjavur(Uzhavar Sandhai ),STABLE,STABLE,89.09
2026-07-21,Thanjavur(Uzhavar Sandhai ),STABLE,STABLE,88.38
2026-07-22,Thanjavur(Uzhavar Sandhai ),STABLE,STABLE,88.08
2026-07-23,Thanjavur(Uzhavar Sandhai ),STABLE,STABLE,88.15
2026-07-24,Thanjavur(Uzhavar Sandhai ),STABLE,STABLE,88.28
2026-07-25,Thanjavur(Uzhavar Sandhai ),STABLE,STABLE,88.39
2026-07-26,Thanjavur(Uzhavar Sandhai ),STABLE,STABLE,89.0
2026-07-27,Thanjavur(Uzhavar Sandhai ),STABLE,STABLE,88.57
2026-07-28,Thanjavur(Uzhavar Sandhai ),STABLE,STABLE,88.11
2026-07-29,Thanjavur(Uzhavar Sandhai ),STABLE,STABLE,88.04
2026-07-30,Thanjavur(Uzhavar Sandhai ),STABLE,STABLE,86.62
2026-07-31,Thanjavur(Uzhavar Sandhai ),STABLE,STABLE,87.12
2026-08-01,Thanjavur(Uzhavar Sandhai ),STABLE,STABLE,88.93
2026-08-02,Thanjavur(Uzhavar Sandhai ),STABLE,STABLE,90.25
2026-08-03,Thanjavur(Uzhavar Sandhai ),STABLE,STABLE,89.47
2026-08-04,Thanjavur(Uzhavar Sandhai ),STABLE,STABLE,88.26
2026-08-05,Thanjavur(Uzhavar Sandhai ),STABLE,STABLE,88.9
2026-08-06,Thanjavur(Uzhavar Sandhai ),STABLE,STABLE,88.14
2026-08-07,Thanjavur(Uzhavar Sandhai ),STABLE,STABLE,88.32
2026-08-08,Thanjavur(Uzhavar Sandhai ),STABLE,STABLE,88.47
2026-08-09,Thanjavur(Uzhavar Sandhai ),STABLE,STABLE,89.88
2026-08-10,Thanjavur(Uzhavar Sandhai ),STABLE,STABLE,88.75
2026-08-11,Thanjavur(Uzhavar Sandhai ),STABLE,STABLE,88.62
2026-08-12,Thanjavur(Uzhavar Sandhai ),STABLE,STABLE,88.2
2026-08-13,Thanjavur(Uzhavar Sandhai ),STABLE,STABLE,88.24
2026-08-14,Thanjavur(Uzhavar Sandhai ),STABLE,STABLE,88.61
2026-08-15,Thanjavur(Uzhavar Sandhai ),STABLE,STABLE,88.7
2026-08-16,Thanjavur(Uzhavar Sandhai ),STABLE,STABLE,90.04
2026-08-17,Thanjavur(Uzhavar Sandhai ),DECREASING,STABLE,89.01
2026-08-18,Thanjavur(Uzhavar Sandhai ),STABLE,STABLE,85.99
2026-08-19,Thanjavur(Uzhavar Sandhai ),STABLE,STABLE,86.39
2026-08-20,Thanjavur(Uzhavar Sandhai ),STABLE,STABLE,86.0
2026-08-21,Thanjavur(Uzhavar Sandhai ),STABLE,STABLE,87.2
2026-08-22,Thanjavur(Uzhavar Sandhai ),STABLE,STABLE,86.08
2026-08-23,Thanjavur(Uzhavar Sandhai ),STABLE,STABLE,88.52
2026-06-29,Thathakapatti(Uzhavar Sandhai ),STABLE,STABLE,81.76
2026-06-30,Thathakapatti(Uzhavar Sandhai ),STABLE,STABLE,81.99
2026-07-01,Thathakapatti(Uzhavar Sandhai ),STABLE,STABLE,81.17
2026-07-02,Thathakapatti(Uzhavar Sandhai ),STABLE,STABLE,82.8
2026-07-03,Thathakapatti(Uzhavar Sandhai ),STABLE,STABLE,82.17
2026-07-06,Thathakapatti(Uzhavar Sandhai ),STABLE,STABLE,81.6
2026-07-07,Thathakapatti(Uzhavar Sandhai ),STABLE,STABLE,81.55
2026-07-08,Thathakapatti(Uzhavar Sandhai ),STABLE,STABLE,81.78
2026-07-10,Thathakapatti(Uzhavar Sandhai ),STABLE,STABLE,82.34
2026-07-11,Thathakapatti(Uzhavar Sandhai ),STABLE,STABLE,80.51
2026-07-13,Thathakapatti(Uzhavar Sandhai ),STABLE,STABLE,81.17
2026-07-14,Thathakapatti(Uzhavar Sandhai ),STABLE,STABLE,82.43
2026-07-15,Thathakapatti(Uzhavar Sandhai ),STABLE,STABLE,81.11
2026-07-16,Thathakapatti(Uzhavar Sandhai ),STABLE,STABLE,81.93
2026-07-17,Thathakapatti(Uzhavar Sandhai ),STABLE,STABLE,81.92
2026-07-18,Thathakapatti(Uzhavar Sandhai ),STABLE,STABLE,80.47
2026-07-19,Thathakapatti(Uzhavar Sandhai ),DECREASING,STABLE,67.82
2026-07-20,Thathakapatti(Uzhavar Sandhai ),STABLE,STABLE,80.62
2026-07-21,Thathakapatti(Uzhavar Sandhai ),STABLE,STABLE,80.16
2026-07-22,Thathakapatti(Uzhavar Sandhai ),STABLE,STABLE,79.15
2026-07-23,Thathakapatti(Uzhavar Sandhai ),STABLE,STABLE,80.73
2026-07-24,Thathakapatti(Uzhavar Sandhai ),STABLE,STABLE,80.03
2026-07-25,Thathakapatti(Uzhavar Sandhai ),INCREASING,STABLE,77.74
2026-07-26,Thathakapatti(Uzhavar Sandhai ),STABLE,STABLE,67.09
2026-07-27,Thathakapatti(Uzhavar Sandhai ),STABLE,STABLE,81.42
2026-07-28,Thathakapatti(Uzhavar Sandhai ),STABLE,STABLE,80.92
2026-07-29,Thathakapatti(Uzhavar Sandhai ),STABLE,STABLE,81.78
2026-07-30,Thathakapatti(Uzhavar Sandhai ),STABLE,STABLE,81.18
2026-07-31,Thathakapatti(Uzhavar Sandhai ),STABLE,STABLE,80.45
2026-08-01,Thathakapatti(Uzhavar Sandhai ),INCREASING,STABLE,77.84
2026-08-02,Thathakapatti(Uzhavar Sandhai ),STABLE,STABLE,67.81
2026-08-03,Thathakapatti(Uzhavar Sandhai ),STABLE,STABLE,83.31
2026-08-04,Thathakapatti(Uzhavar Sandhai ),STABLE,STABLE,82.59
2026-08-05,Thathakapatti(Uzhavar Sandhai ),STABLE,STABLE,83.19
2026-08-06,Thathakapatti(Uzhavar Sandhai ),STABLE,STABLE,82.29
2026-08-07,Thathakapatti(Uzhavar Sandhai ),STABLE,STABLE,80.43
2026-08-08,Thathakapatti(Uzhavar Sandhai ),STABLE,STABLE,78.34
2026-08-09,Thathakapatti(Uzhavar Sandhai ),STABLE,STABLE,67.97
2026-08-10,Thathakapatti(Uzhavar Sandhai ),STABLE,STABLE,82.0
2026-08-11,Thathakapatti(Uzhavar Sandhai ),STABLE,STABLE,82.69
2026-08-12,Thathakapatti(Uzhavar Sandhai ),STABLE,STABLE,82.86
2026-08-13,Thathakapatti(Uzhavar Sandhai ),STABLE,STABLE,80.86
2026-08-14,Thathakapatti(Uzhavar Sandhai ),STABLE,STABLE,81.76
2026-08-15,Thathakapatti(Uzhavar Sandhai ),INCREASING,STABLE,76.66
2026-08-16,Thathakapatti(Uzhavar Sandhai ),STABLE,STABLE,68.05
2026-08-17,Thathakapatti(Uzhavar Sandhai ),STABLE,STABLE,81.03
2026-08-18,Thathakapatti(Uzhavar Sandhai ),STABLE,STABLE,81.17
2026-08-19,Thathakapatti(Uzhavar Sandhai ),STABLE,STABLE,80.23
2026-08-20,Thathakapatti(Uzhavar Sandhai ),INCREASING,STABLE,79.79
2026-08-21,Thathakapatti(Uzhavar Sandhai ),STABLE,STABLE,80.82
2026-08-22,Thathakapatti(Uzhavar Sandhai ),STABLE,STABLE,78.99
2026-08-23,Thathakapatti(Uzhavar Sandhai ),DECREASING,STABLE,64.71
2026-06-29,Theni(Uzhavar Sandhai ),DECREASING,STABLE,44.9
2026-06-30,Theni(Uzhavar Sandhai ),INCREASING,STABLE,50.51
2026-07-01,Theni(Uzhavar Sandhai ),DECREASING,STABLE,57.08
2026-07-02,Theni(Uzhavar Sandhai ),STABLE,STABLE,53.72
2026-07-03,Theni(Uzhavar Sandhai ),INCREASING,STABLE,57.22
2026-07-04,Theni(Uzhavar Sandhai ),INCREASING,STABLE,58.99
2026-07-05,Theni(Uzhavar Sandhai ),DECREASING,STABLE,44.21
2026-07-06,Theni(Uzhavar Sandhai ),DECREASING,STABLE,50.5
2026-07-07,Theni(Uzhavar Sandhai ),INCREASING,STABLE,48.86
2026-07-08,Theni(Uzhavar Sandhai ),DECREASING,STABLE,61.54
2026-07-09,Theni(Uzhavar Sandhai ),DECREASING,STABLE,54.39
2026-07-10,Theni(Uzhavar Sandhai ),STABLE,STABLE,56.03
2026-07-11,Theni(Uzhavar Sandhai ),STABLE,STABLE,56.48
2026-07-12,Theni(Uzhavar Sandhai ),DECREASING,INCREASING,45.32
2026-07-13,Theni(Uzhavar Sandhai ),STABLE,STABLE,52.05
2026-07-14,Theni(Uzhavar Sandhai ),STABLE,STABLE,49.47
2026-07-15,Theni(Uzhavar Sandhai ),INCREASING,STABLE,51.47
2026-07-16,Theni(Uzhavar Sandhai ),DECREASING,STABLE,52.01
2026-07-17,Theni(Uzhavar Sandhai ),STABLE,STABLE,50.56
2026-07-18,Theni(Uzhavar Sandhai ),INCREASING,STABLE,50.29
2026-07-19,Theni(Uzhavar Sandhai ),INCREASING,INCREASING,47.84
2026-07-20,Theni(Uzhavar Sandhai ),DECREASING,STABLE,48.2
2026-07-21,Theni(Uzhavar Sandhai ),INCREASING,STABLE,51.15
2026-07-22,Theni(Uzhavar Sandhai ),INCREASING,STABLE,52.17
2026-07-23,Theni(Uzhavar Sandhai ),DECREASING,STABLE,52.7
2026-07-24,Theni(Uzhavar Sandhai ),STABLE,STABLE,52.33
2026-07-25,Theni(Uzhavar Sandhai ),DECREASING,STABLE,52.67
2026-07-26,Theni(Uzhavar Sandhai ),DECREASING,INCREASING,44.56
2026-07-27,Theni(Uzhavar Sandhai ),INCREASING,STABLE,49.07
2026-07-28,Theni(Uzhavar Sandhai ),DECREASING,STABLE,50.47
2026-07-29,Theni(Uzhavar Sandhai ),INCREASING,STABLE,51.85
2026-07-30,Theni(Uzhavar Sandhai ),DECREASING,STABLE,54.32
2026-07-31,Theni(Uzhavar Sandhai ),DECREASING,STABLE,52.46
2026-08-01,Theni(Uzhavar Sandhai ),INCREASING,STABLE,57.43
2026-08-02,Theni(Uzhavar Sandhai ),STABLE,INCREASING,44.16
2026-08-03,Theni(Uzhavar Sandhai ),DECREASING,STABLE,52.24
2026-08-04,Theni(Uzhavar Sandhai ),INCREASING,STABLE,55.87
2026-08-05,Theni(Uzhavar Sandhai ),INCREASING,STABLE,55.53
2026-08-06,Theni(Uzhavar Sandhai ),STABLE,STABLE,70.53
2026-08-07,Theni(Uzhavar Sandhai ),DECREASING,STABLE,70.16
2026-08-08,Theni(Uzhavar Sandhai ),STABLE,STABLE,72.4
2026-08-09,Theni(Uzhavar Sandhai ),STABLE,STABLE,54.54
2026-08-10,Theni(Uzhavar Sandhai ),STABLE,STABLE,57.01
2026-08-11,Theni(Uzhavar Sandhai ),DECREASING,STABLE,57.67
2026-08-12,Theni(Uzhavar Sandhai ),INCREASING,STABLE,52.25
2026-08-13,Theni(Uzhavar Sandhai ),STABLE,STABLE,64.33
2026-08-14,Theni(Uzhavar Sandhai ),STABLE,STABLE,64.55
2026-08-15,Theni(Uzhavar Sandhai ),STABLE,STABLE,58.62
2026-08-16,Theni(Uzhavar Sandhai ),INCREASING,STABLE,47.86
2026-08-17,Theni(Uzhavar Sandhai ),STABLE,STABLE,52.95
2026-08-18,Theni(Uzhavar Sandhai ),STABLE,STABLE,50.91
2026-08-19,Theni(Uzhavar Sandhai ),STABLE,STABLE,57.42
2026-08-20,Theni(Uzhavar Sandhai ),STABLE,STABLE,56.77
2026-08-21,Theni(Uzhavar Sandhai ),STABLE,STABLE,58.62
2026-08-22,Theni(Uzhavar Sandhai ),DECREASING,STABLE,58.97
2026-08-23,Theni(Uzhavar Sandhai ),INCREASING,STABLE,43.39
2026-06-29,Thirukalukundram(Uzhavar Sandhai ),STABLE,STABLE,74.12
2026-06-30,Thirukalukundram(Uzhavar Sandhai ),STABLE,STABLE,74.01
2026-07-01,Thirukalukundram(Uzhavar Sandhai ),STABLE,STABLE,73.41
2026-07-02,Thirukalukundram(Uzhavar Sandhai ),STABLE,STABLE,75.48
2026-07-03,Thirukalukundram(Uzhavar Sandhai ),INCREASING,STABLE,72.88
2026-07-07,Thirukalukundram(Uzhavar Sandhai ),INCREASING,STABLE,77.44
2026-07-09,Thirukalukundram(Uzhavar Sandhai ),DECREASING,STABLE,77.88
2026-07-10,Thirukalukundram(Uzhavar Sandhai ),STABLE,STABLE,77.73
2026-07-11,Thirukalukundram(Uzhavar Sandhai ),DECREASING,STABLE,78.55
2026-07-12,Thirukalukundram(Uzhavar Sandhai ),STABLE,STABLE,74.75
2026-07-14,Thirukalukundram(Uzhavar Sandhai ),STABLE,STABLE,75.54
2026-07-15,Thirukalukundram(Uzhavar Sandhai ),STABLE,STABLE,76.29
2026-07-16,Thirukalukundram(Uzhavar Sandhai ),STABLE,STABLE,73.92
2026-07-17,Thirukalukundram(Uzhavar Sandhai ),INCREASING,STABLE,73.92
2026-07-19,Thirukalukundram(Uzhavar Sandhai ),DECREASING,STABLE,73.8
2026-07-20,Thirukalukundram(Uzhavar Sandhai ),INCREASING,STABLE,70.24
2026-07-21,Thirukalukundram(Uzhavar Sandhai ),STABLE,STABLE,74.55
2026-07-22,Thirukalukundram(Uzhavar Sandhai ),STABLE,STABLE,73.38
2026-07-23,Thirukalukundram(Uzhavar Sandhai ),STABLE,STABLE,72.93
2026-07-24,Thirukalukundram(Uzhavar Sandhai ),STABLE,STABLE,73.77
2026-07-25,Thirukalukundram(Uzhavar Sandhai ),STABLE,STABLE,72.66
2026-07-26,Thirukalukundram(Uzhavar Sandhai ),DECREASING,STABLE,71.95
2026-07-27,Thirukalukundram(Uzhavar Sandhai ),STABLE,STABLE,70.8
2026-07-28,Thirukalukundram(Uzhavar Sandhai ),INCREASING,STABLE,69.87
2026-07-29,Thirukalukundram(Uzhavar Sandhai ),DECREASING,STABLE,74.23
2026-07-30,Thirukalukundram(Uzhavar Sandhai ),STABLE,STABLE,62.35
2026-07-31,Thirukalukundram(Uzhavar Sandhai ),INCREASING,STABLE,61.18
2026-08-01,Thirukalukundram(Uzhavar Sandhai ),DECREASING,STABLE,74.49
2026-08-02,Thirukalukundram(Uzhavar Sandhai ),STABLE,STABLE,69.73
2026-08-03,Thirukalukundram(Uzhavar Sandhai ),STABLE,STABLE,70.79
2026-08-04,Thirukalukundram(Uzhavar Sandhai ),STABLE,STABLE,71.0
2026-08-06,Thirukalukundram(Uzhavar Sandhai ),INCREASING,STABLE,63.27
2026-08-07,Thirukalukundram(Uzhavar Sandhai ),DECREASING,STABLE,73.95
2026-08-08,Thirukalukundram(Uzhavar Sandhai ),INCREASING,STABLE,70.04
2026-08-09,Thirukalukundram(Uzhavar Sandhai ),STABLE,STABLE,73.26
2026-08-10,Thirukalukundram(Uzhavar Sandhai ),DECREASING,STABLE,75.19
2026-08-11,Thirukalukundram(Uzhavar Sandhai ),INCREASING,STABLE,64.21
2026-08-13,Thirukalukundram(Uzhavar Sandhai ),DECREASING,STABLE,74.2
2026-08-14,Thirukalukundram(Uzhavar Sandhai ),STABLE,STABLE,62.68
2026-08-16,Thirukalukundram(Uzhavar Sandhai ),INCREASING,STABLE,62.83
2026-08-17,Thirukalukundram(Uzhavar Sandhai ),DECREASING,STABLE,74.88
2026-08-18,Thirukalukundram(Uzhavar Sandhai ),INCREASING,STABLE,63.44
2026-08-19,Thirukalukundram(Uzhavar Sandhai ),INCREASING,STABLE,64.01
2026-08-20,Thirukalukundram(Uzhavar Sandhai ),DECREASING,STABLE,73.92
2026-08-21,Thirukalukundram(Uzhavar Sandhai ),STABLE,STABLE,62.82
2026-08-22,Thirukalukundram(Uzhavar Sandhai ),STABLE,STABLE,62.58
2026-06-29,Thirumangalam(Uzhavar Sandhai ),STABLE,STABLE,86.86
2026-06-30,Thirumangalam(Uzhavar Sandhai ),STABLE,STABLE,86.33
2026-07-01,Thirumangalam(Uzhavar Sandhai ),STABLE,STABLE,86.68
2026-07-02,Thirumangalam(Uzhavar Sandhai ),STABLE,STABLE,86.48
2026-07-03,Thirumangalam(Uzhavar Sandhai ),STABLE,STABLE,85.99
2026-07-04,Thirumangalam(Uzhavar Sandhai ),STABLE,STABLE,86.09
2026-07-05,Thirumangalam(Uzhavar Sandhai ),STABLE,STABLE,83.08
2026-07-06,Thirumangalam(Uzhavar Sandhai ),STABLE,STABLE,87.16
2026-07-07,Thirumangalam(Uzhavar Sandhai ),STABLE,STABLE,86.92
2026-07-08,Thirumangalam(Uzhavar Sandhai ),STABLE,STABLE,86.98
2026-07-09,Thirumangalam(Uzhavar Sandhai ),STABLE,STABLE,86.45
2026-07-10,Thirumangalam(Uzhavar Sandhai ),STABLE,STABLE,85.91
2026-07-11,Thirumangalam(Uzhavar Sandhai ),STABLE,STABLE,86.08
2026-07-12,Thirumangalam(Uzhavar Sandhai ),STABLE,STABLE,82.94
2026-07-13,Thirumangalam(Uzhavar Sandhai ),STABLE,STABLE,87.19
2026-07-14,Thirumangalam(Uzhavar Sandhai ),STABLE,STABLE,86.92
2026-07-15,Thirumangalam(Uzhavar Sandhai ),STABLE,STABLE,86.97
2026-07-16,Thirumangalam(Uzhavar Sandhai ),STABLE,STABLE,86.52
2026-07-17,Thirumangalam(Uzhavar Sandhai ),STABLE,STABLE,86.05
2026-07-18,Thirumangalam(Uzhavar Sandhai ),STABLE,STABLE,85.77
2026-07-19,Thirumangalam(Uzhavar Sandhai ),STABLE,STABLE,82.73
2026-07-20,Thirumangalam(Uzhavar Sandhai ),STABLE,STABLE,86.77
2026-07-21,Thirumangalam(Uzhavar Sandhai ),STABLE,STABLE,86.51
2026-07-22,Thirumangalam(Uzhavar Sandhai ),STABLE,STABLE,86.07
2026-07-23,Thirumangalam(Uzhavar Sandhai ),STABLE,STABLE,85.84
2026-07-24,Thirumangalam(Uzhavar Sandhai ),STABLE,STABLE,85.32
2026-07-25,Thirumangalam(Uzhavar Sandhai ),STABLE,STABLE,85.63
2026-07-26,Thirumangalam(Uzhavar Sandhai ),STABLE,STABLE,82.65
2026-07-27,Thirumangalam(Uzhavar Sandhai ),STABLE,STABLE,86.85
2026-07-28,Thirumangalam(Uzhavar Sandhai ),STABLE,STABLE,86.6
2026-07-29,Thirumangalam(Uzhavar Sandhai ),STABLE,STABLE,86.77
2026-07-30,Thirumangalam(Uzhavar Sandhai ),STABLE,STABLE,85.89
2026-07-31,Thirumangalam(Uzhavar Sandhai ),STABLE,STABLE,84.9
2026-08-01,Thirumangalam(Uzhavar Sandhai ),STABLE,STABLE,86.1
2026-08-02,Thirumangalam(Uzhavar Sandhai ),STABLE,STABLE,82.91
2026-08-03,Thirumangalam(Uzhavar Sandhai ),STABLE,STABLE,87.14
2026-08-04,Thirumangalam(Uzhavar Sandhai ),STABLE,STABLE,86.94
2026-08-05,Thirumangalam(Uzhavar Sandhai ),STABLE,STABLE,86.9
2026-08-06,Thirumangalam(Uzhavar Sandhai ),STABLE,STABLE,86.3
2026-08-07,Thirumangalam(Uzhavar Sandhai ),STABLE,STABLE,85.89
2026-08-08,Thirumangalam(Uzhavar Sandhai ),STABLE,STABLE,86.02
2026-08-09,Thirumangalam(Uzhavar Sandhai ),STABLE,STABLE,82.95
2026-08-10,Thirumangalam(Uzhavar Sandhai ),STABLE,STABLE,87.46
2026-08-11,Thirumangalam(Uzhavar Sandhai ),STABLE,STABLE,87.1
2026-08-12,Thirumangalam(Uzhavar Sandhai ),STABLE,STABLE,86.85
2026-08-13,Thirumangalam(Uzhavar Sandhai ),STABLE,STABLE,86.27
2026-08-14,Thirumangalam(Uzhavar Sandhai ),STABLE,STABLE,85.69
2026-08-15,Thirumangalam(Uzhavar Sandhai ),STABLE,STABLE,85.72
2026-08-16,Thirumangalam(Uzhavar Sandhai ),STABLE,STABLE,82.26
2026-08-17,Thirumangalam(Uzhavar Sandhai ),STABLE,STABLE,86.82
2026-08-18,Thirumangalam(Uzhavar Sandhai ),STABLE,STABLE,86.51
2026-08-19,Thirumangalam(Uzhavar Sandhai ),STABLE,STABLE,86.4
2026-08-20,Thirumangalam(Uzhavar Sandhai ),STABLE,STABLE,85.94
2026-08-21,Thirumangalam(Uzhavar Sandhai ),STABLE,STABLE,85.5
2026-08-22,Thirumangalam(Uzhavar Sandhai ),STABLE,STABLE,85.33
2026-08-23,Thirumangalam(Uzhavar Sandhai ),STABLE,STABLE,82.22
2026-06-30,Thirupathur APMC,INCREASING,STABLE,81.18
2026-07-01,Thirupathur APMC,STABLE,STABLE,80.73
2026-07-02,Thirupathur APMC,STABLE,STABLE,81.03
2026-07-03,Thirupathur APMC,STABLE,STABLE,81.2
2026-07-04,Thirupathur APMC,INCREASING,STABLE,80.96
2026-07-06,Thirupathur APMC,STABLE,STABLE,82.55
2026-07-17,Thirupathur APMC,STABLE,STABLE,80.87
2026-07-18,Thirupathur APMC,STABLE,STABLE,81.02
2026-07-19,Thirupathur APMC,DECREASING,STABLE,71.26
2026-07-20,Thirupathur APMC,STABLE,STABLE,81.75
2026-07-21,Thirupathur APMC,STABLE,STABLE,80.64
2026-07-22,Thirupathur APMC,INCREASING,STABLE,79.58
2026-07-23,Thirupathur APMC,STABLE,STABLE,80.24
2026-07-24,Thirupathur APMC,STABLE,STABLE,80.36
2026-07-25,Thirupathur APMC,STABLE,STABLE,80.78
2026-07-26,Thirupathur APMC,DECREASING,STABLE,70.57
2026-07-27,Thirupathur APMC,STABLE,STABLE,82.25
2026-07-28,Thirupathur APMC,STABLE,STABLE,81.0
2026-07-29,Thirupathur APMC,STABLE,STABLE,80.76
2026-07-30,Thirupathur APMC,STABLE,STABLE,80.35
2026-07-31,Thirupathur APMC,STABLE,STABLE,77.68
2026-08-01,Thirupathur APMC,STABLE,STABLE,81.04
2026-08-02,Thirupathur APMC,STABLE,STABLE,71.73
2026-08-03,Thirupathur APMC,STABLE,STABLE,82.33
2026-08-04,Thirupathur APMC,STABLE,STABLE,81.43
2026-08-05,Thirupathur APMC,STABLE,STABLE,81.24
2026-08-06,Thirupathur APMC,STABLE,STABLE,81.08
2026-08-07,Thirupathur APMC,STABLE,STABLE,81.2
2026-08-08,Thirupathur APMC,STABLE,STABLE,81.26
2026-08-09,Thirupathur APMC,DECREASING,STABLE,72.1
2026-08-10,Thirupathur APMC,INCREASING,STABLE,82.94
2026-08-11,Thirupathur APMC,INCREASING,STABLE,81.83
2026-08-12,Thirupathur APMC,STABLE,STABLE,81.8
2026-08-13,Thirupathur APMC,STABLE,STABLE,81.52
2026-08-14,Thirupathur APMC,STABLE,STABLE,81.14
2026-08-15,Thirupathur APMC,STABLE,STABLE,84.21
2026-08-16,Thirupathur APMC,STABLE,STABLE,77.23
2026-08-17,Thirupathur APMC,STABLE,STABLE,84.9
2026-08-18,Thirupathur APMC,STABLE,STABLE,81.04
2026-08-19,Thirupathur APMC,STABLE,STABLE,84.21
2026-08-20,Thirupathur APMC,STABLE,STABLE,83.94
2026-08-21,Thirupathur APMC,STABLE,STABLE,83.9
2026-08-22,Thirupathur APMC,STABLE,STABLE,83.2
2026-08-23,Thirupathur APMC,STABLE,STABLE,76.2
2026-06-29,Thiruverumbur(Uzhavar Sandhai ),STABLE,STABLE,87.16
2026-06-30,Thiruverumbur(Uzhavar Sandhai ),STABLE,STABLE,87.4
2026-07-01,Thiruverumbur(Uzhavar Sandhai ),STABLE,STABLE,87.81
2026-07-02,Thiruverumbur(Uzhavar Sandhai ),STABLE,STABLE,87.84
2026-07-03,Thiruverumbur(Uzhavar Sandhai ),STABLE,STABLE,86.84
2026-07-04,Thiruverumbur(Uzhavar Sandhai ),STABLE,STABLE,87.58
2026-07-05,Thiruverumbur(Uzhavar Sandhai ),STABLE,STABLE,79.7
2026-07-06,Thiruverumbur(Uzhavar Sandhai ),STABLE,STABLE,88.78
2026-07-07,Thiruverumbur(Uzhavar Sandhai ),STABLE,STABLE,88.03
2026-07-08,Thiruverumbur(Uzhavar Sandhai ),STABLE,STABLE,88.51
2026-07-09,Thiruverumbur(Uzhavar Sandhai ),STABLE,STABLE,87.57
2026-07-10,Thiruverumbur(Uzhavar Sandhai ),STABLE,STABLE,87.62
2026-07-11,Thiruverumbur(Uzhavar Sandhai ),STABLE,STABLE,86.69
2026-07-12,Thiruverumbur(Uzhavar Sandhai ),STABLE,STABLE,78.29
2026-07-14,Thiruverumbur(Uzhavar Sandhai ),STABLE,STABLE,86.63
2026-07-15,Thiruverumbur(Uzhavar Sandhai ),STABLE,STABLE,87.38
2026-07-16,Thiruverumbur(Uzhavar Sandhai ),STABLE,STABLE,86.5
2026-07-17,Thiruverumbur(Uzhavar Sandhai ),STABLE,STABLE,84.82
2026-07-18,Thiruverumbur(Uzhavar Sandhai ),STABLE,STABLE,86.27
2026-07-19,Thiruverumbur(Uzhavar Sandhai ),STABLE,STABLE,77.18
2026-07-20,Thiruverumbur(Uzhavar Sandhai ),STABLE,STABLE,87.62
2026-07-21,Thiruverumbur(Uzhavar Sandhai ),STABLE,STABLE,87.55
2026-07-22,Thiruverumbur(Uzhavar Sandhai ),STABLE,STABLE,86.92
2026-07-23,Thiruverumbur(Uzhavar Sandhai ),INCREASING,STABLE,86.83
2026-07-24,Thiruverumbur(Uzhavar Sandhai ),STABLE,STABLE,86.15
2026-07-25,Thiruverumbur(Uzhavar Sandhai ),STABLE,STABLE,86.44
2026-07-26,Thiruverumbur(Uzhavar Sandhai ),STABLE,STABLE,77.41
2026-07-27,Thiruverumbur(Uzhavar Sandhai ),STABLE,STABLE,87.64
2026-07-28,Thiruverumbur(Uzhavar Sandhai ),STABLE,STABLE,87.49
2026-07-29,Thiruverumbur(Uzhavar Sandhai ),STABLE,STABLE,87.48
2026-07-30,Thiruverumbur(Uzhavar Sandhai ),INCREASING,STABLE,85.88
2026-07-31,Thiruverumbur(Uzhavar Sandhai ),STABLE,STABLE,85.52
2026-08-01,Thiruverumbur(Uzhavar Sandhai ),STABLE,STABLE,87.22
2026-08-02,Thiruverumbur(Uzhavar Sandhai ),STABLE,STABLE,79.08
2026-08-03,Thiruverumbur(Uzhavar Sandhai ),STABLE,STABLE,88.63
2026-08-04,Thiruverumbur(Uzhavar Sandhai ),STABLE,STABLE,88.47
2026-08-05,Thiruverumbur(Uzhavar Sandhai ),INCREASING,STABLE,87.86
2026-08-06,Thiruverumbur(Uzhavar Sandhai ),STABLE,STABLE,88.08
2026-08-07,Thiruverumbur(Uzhavar Sandhai ),STABLE,STABLE,86.97
2026-08-08,Thiruverumbur(Uzhavar Sandhai ),STABLE,STABLE,87.52
2026-08-09,Thiruverumbur(Uzhavar Sandhai ),STABLE,STABLE,80.21
2026-08-10,Thiruverumbur(Uzhavar Sandhai ),INCREASING,STABLE,88.14
2026-08-11,Thiruverumbur(Uzhavar Sandhai ),STABLE,STABLE,88.26
2026-08-12,Thiruverumbur(Uzhavar Sandhai ),STABLE,STABLE,88.32
2026-08-13,Thiruverumbur(Uzhavar Sandhai ),STABLE,STABLE,87.09
2026-08-14,Thiruverumbur(Uzhavar Sandhai ),STABLE,STABLE,84.48
2026-08-15,Thiruverumbur(Uzhavar Sandhai ),STABLE,STABLE,84.68
2026-08-16,Thiruverumbur(Uzhavar Sandhai ),STABLE,STABLE,75.12
2026-08-17,Thiruverumbur(Uzhavar Sandhai ),STABLE,STABLE,87.79
2026-08-18,Thiruverumbur(Uzhavar Sandhai ),STABLE,STABLE,87.17
2026-08-19,Thiruverumbur(Uzhavar Sandhai ),STABLE,STABLE,87.22
2026-08-20,Thiruverumbur(Uzhavar Sandhai ),STABLE,STABLE,85.84
2026-08-21,Thiruverumbur(Uzhavar Sandhai ),STABLE,STABLE,85.34
2026-08-22,Thiruverumbur(Uzhavar Sandhai ),STABLE,STABLE,86.19
2026-08-23,Thiruverumbur(Uzhavar Sandhai ),STABLE,STABLE,78.1
2026-06-29,Thuraiyur APMC,STABLE,STABLE,82.95
2026-06-30,Thuraiyur APMC,STABLE,STABLE,78.61
2026-07-01,Thuraiyur APMC,STABLE,STABLE,82.41
2026-07-02,Thuraiyur APMC,STABLE,STABLE,82.13
2026-07-03,Thuraiyur APMC,STABLE,STABLE,74.52
2026-07-04,Thuraiyur APMC,STABLE,STABLE,79.53
2026-07-05,Thuraiyur APMC,STABLE,STABLE,57.74
2026-07-06,Thuraiyur APMC,STABLE,STABLE,83.77
2026-07-07,Thuraiyur APMC,STABLE,STABLE,80.85
2026-07-08,Thuraiyur APMC,STABLE,STABLE,72.68
2026-07-09,Thuraiyur APMC,STABLE,STABLE,74.4
2026-07-10,Thuraiyur APMC,STABLE,STABLE,74.55
2026-07-11,Thuraiyur APMC,STABLE,STABLE,75.6
2026-07-12,Thuraiyur APMC,STABLE,STABLE,53.96
2026-07-13,Thuraiyur APMC,STABLE,STABLE,79.29
2026-07-14,Thuraiyur APMC,STABLE,STABLE,70.87
2026-07-15,Thuraiyur APMC,STABLE,STABLE,70.28
2026-07-16,Thuraiyur APMC,STABLE,STABLE,78.32
2026-07-17,Thuraiyur APMC,STABLE,STABLE,69.41
2026-07-18,Thuraiyur APMC,STABLE,STABLE,67.63
2026-07-19,Thuraiyur APMC,STABLE,STABLE,54.28
2026-07-20,Thuraiyur APMC,STABLE,STABLE,79.04
2026-07-21,Thuraiyur APMC,STABLE,STABLE,72.46
2026-07-22,Thuraiyur APMC,STABLE,STABLE,70.63
2026-07-23,Thuraiyur APMC,STABLE,STABLE,73.11
2026-07-24,Thuraiyur APMC,STABLE,STABLE,69.6
2026-07-25,Thuraiyur APMC,STABLE,STABLE,70.51
2026-07-26,Thuraiyur APMC,STABLE,STABLE,55.37
2026-07-27,Thuraiyur APMC,STABLE,STABLE,74.78
2026-07-28,Thuraiyur APMC,STABLE,STABLE,73.23
2026-07-29,Thuraiyur APMC,STABLE,STABLE,79.82
2026-07-30,Thuraiyur APMC,STABLE,STABLE,72.27
2026-07-31,Thuraiyur APMC,STABLE,STABLE,68.23
2026-08-01,Thuraiyur APMC,STABLE,STABLE,72.66
2026-08-02,Thuraiyur APMC,STABLE,STABLE,57.25
2026-08-03,Thuraiyur APMC,STABLE,STABLE,73.72
2026-08-04,Thuraiyur APMC,STABLE,STABLE,79.97
2026-08-05,Thuraiyur APMC,STABLE,STABLE,73.52
2026-08-06,Thuraiyur APMC,STABLE,STABLE,75.06
2026-08-07,Thuraiyur APMC,STABLE,STABLE,77.95
2026-08-08,Thuraiyur APMC,STABLE,STABLE,78.74
2026-08-09,Thuraiyur APMC,STABLE,STABLE,57.09
2026-08-10,Thuraiyur APMC,STABLE,STABLE,77.77
2026-08-11,Thuraiyur APMC,INCREASING,STABLE,79.89
2026-08-12,Thuraiyur APMC,STABLE,STABLE,71.94
2026-08-13,Thuraiyur APMC,STABLE,STABLE,69.85
2026-08-14,Thuraiyur APMC,STABLE,STABLE,74.14
2026-08-15,Thuraiyur APMC,STABLE,STABLE,76.21
2026-08-16,Thuraiyur APMC,STABLE,STABLE,57.07
2026-08-17,Thuraiyur APMC,STABLE,STABLE,80.96
2026-08-18,Thuraiyur APMC,STABLE,STABLE,78.04
2026-08-19,Thuraiyur APMC,STABLE,STABLE,77.45
2026-08-20,Thuraiyur APMC,STABLE,STABLE,78.66
2026-08-21,Thuraiyur APMC,STABLE,STABLE,67.77
2026-08-22,Thuraiyur APMC,STABLE,STABLE,70.54
2026-08-23,Thuraiyur APMC,STABLE,STABLE,51.83
2026-06-29,Tindivanam APMC,INCREASING,STABLE,68.99
2026-06-30,Tindivanam APMC,STABLE,STABLE,61.62
2026-07-01,Tindivanam APMC,STABLE,STABLE,71.15
2026-07-02,Tindivanam APMC,INCREASING,STABLE,71.28
2026-07-03,Tindivanam APMC,STABLE,STABLE,71.03
2026-07-04,Tindivanam APMC,INCREASING,STABLE,71.42
2026-07-06,Tindivanam APMC,STABLE,STABLE,59.04
2026-07-07,Tindivanam APMC,DECREASING,STABLE,53.83
2026-07-08,Tindivanam APMC,STABLE,STABLE,70.31
2026-07-09,Tindivanam APMC,INCREASING,STABLE,59.27
2026-07-10,Tindivanam APMC,STABLE,STABLE,73.73
2026-07-11,Tindivanam APMC,STABLE,STABLE,69.55
2026-07-12,Tindivanam APMC,DECREASING,STABLE,58.63
2026-07-13,Tindivanam APMC,INCREASING,STABLE,67.7
2026-07-14,Tindivanam APMC,STABLE,STABLE,62.93
2026-07-15,Tindivanam APMC,DECREASING,STABLE,68.49
2026-07-16,Tindivanam APMC,INCREASING,STABLE,58.85
2026-07-17,Tindivanam APMC,STABLE,STABLE,69.76
2026-07-18,Tindivanam APMC,INCREASING,STABLE,70.33
2026-07-19,Tindivanam APMC,DECREASING,STABLE,52.39
2026-07-20,Tindivanam APMC,DECREASING,STABLE,63.28
2026-07-21,Tindivanam APMC,STABLE,STABLE,67.26
2026-07-22,Tindivanam APMC,STABLE,STABLE,67.12
2026-07-23,Tindivanam APMC,INCREASING,STABLE,68.96
2026-07-24,Tindivanam APMC,STABLE,STABLE,54.54
2026-07-25,Tindivanam APMC,STABLE,STABLE,55.22
2026-07-26,Tindivanam APMC,DECREASING,STABLE,48.98
2026-07-27,Tindivanam APMC,STABLE,STABLE,68.54
2026-07-28,Tindivanam APMC,INCREASING,STABLE,67.49
2026-07-29,Tindivanam APMC,STABLE,STABLE,63.57
2026-07-30,Tindivanam APMC,STABLE,STABLE,67.37
2026-07-31,Tindivanam APMC,DECREASING,STABLE,64.31
2026-08-01,Tindivanam APMC,DECREASING,STABLE,74.93
2026-08-02,Tindivanam APMC,INCREASING,STABLE,68.34
2026-08-03,Tindivanam APMC,STABLE,STABLE,60.17
2026-08-04,Tindivanam APMC,STABLE,STABLE,55.21
2026-08-05,Tindivanam APMC,STABLE,STABLE,65.58
2026-08-06,Tindivanam APMC,STABLE,STABLE,66.25
2026-08-07,Tindivanam APMC,STABLE,STABLE,73.07
2026-08-08,Tindivanam APMC,INCREASING,STABLE,72.72
2026-08-09,Tindivanam APMC,DECREASING,STABLE,54.75
2026-08-10,Tindivanam APMC,STABLE,STABLE,69.63
2026-08-11,Tindivanam APMC,INCREASING,STABLE,70.58
2026-08-12,Tindivanam APMC,STABLE,STABLE,66.38
2026-08-13,Tindivanam APMC,STABLE,STABLE,69.86
2026-08-14,Tindivanam APMC,STABLE,STABLE,69.21
2026-08-15,Tindivanam APMC,STABLE,STABLE,60.73
2026-08-16,Tindivanam APMC,DECREASING,STABLE,53.35
2026-08-17,Tindivanam APMC,STABLE,STABLE,71.68
2026-08-18,Tindivanam APMC,STABLE,STABLE,66.66
2026-08-19,Tindivanam APMC,STABLE,STABLE,63.01
2026-08-20,Tindivanam APMC,STABLE,STABLE,63.58
2026-08-21,Tindivanam APMC,INCREASING,STABLE,71.97
2026-08-22,Tindivanam APMC,STABLE,STABLE,56.59
2026-08-23,Tindivanam APMC,DECREASING,STABLE,51.12
2026-06-29,Tiruchengode APMC,INCREASING,INCREASING,70.5
2026-06-30,Tiruchengode APMC,DECREASING,DECREASING,81.41
2026-07-01,Tiruchengode APMC,DECREASING,INCREASING,52.27
2026-07-02,Tiruchengode APMC,INCREASING,INCREASING,48.84
2026-07-04,Tiruchengode APMC,DECREASING,DECREASING,80.75
2026-07-05,Tiruchengode APMC,STABLE,STABLE,35.63
2026-07-06,Tiruchengode APMC,INCREASING,INCREASING,62.87
2026-07-07,Tiruchengode APMC,DECREASING,DECREASING,81.35
2026-07-08,Tiruchengode APMC,STABLE,INCREASING,52.05
2026-07-09,Tiruchengode APMC,DECREASING,INCREASING,53.38
2026-07-10,Tiruchengode APMC,INCREASING,INCREASING,60.24
2026-07-11,Tiruchengode APMC,DECREASING,DECREASING,78.69
2026-07-12,Tiruchengode APMC,DECREASING,STABLE,34.57
2026-07-13,Tiruchengode APMC,INCREASING,INCREASING,46.9
2026-07-14,Tiruchengode APMC,DECREASING,DECREASING,81.15
2026-07-15,Tiruchengode APMC,DECREASING,INCREASING,53.19
2026-07-16,Tiruchengode APMC,INCREASING,INCREASING,49.23
2026-07-17,Tiruchengode APMC,INCREASING,INCREASING,65.09
2026-07-18,Tiruchengode APMC,DECREASING,DECREASING,79.02
2026-07-19,Tiruchengode APMC,STABLE,INCREASING,36.3
2026-07-20,Tiruchengode APMC,INCREASING,INCREASING,63.94
2026-07-21,Tiruchengode APMC,DECREASING,DECREASING,80.47
2026-07-22,Tiruchengode APMC,STABLE,STABLE,50.59
2026-07-23,Tiruchengode APMC,INCREASING,STABLE,43.13
2026-07-24,Tiruchengode APMC,INCREASING,INCREASING,65.78
2026-07-25,Tiruchengode APMC,DECREASING,DECREASING,80.94
2026-07-26,Tiruchengode APMC,DECREASING,INCREASING,38.23
2026-07-27,Tiruchengode APMC,INCREASING,INCREASING,47.18
2026-07-28,Tiruchengode APMC,DECREASING,DECREASING,67.23
2026-07-29,Tiruchengode APMC,STABLE,STABLE,50.95
2026-07-30,Tiruchengode APMC,DECREASING,INCREASING,41.95
2026-07-31,Tiruchengode APMC,INCREASING,INCREASING,52.87
2026-08-01,Tiruchengode APMC,DECREASING,DECREASING,66.01
2026-08-02,Tiruchengode APMC,DECREASING,STABLE,58.11
2026-08-03,Tiruchengode APMC,INCREASING,INCREASING,49.92
2026-08-04,Tiruchengode APMC,DECREASING,DECREASING,61.33
2026-08-05,Tiruchengode APMC,DECREASING,INCREASING,43.27
2026-08-06,Tiruchengode APMC,STABLE,STABLE,51.35
2026-08-07,Tiruchengode APMC,INCREASING,INCREASING,53.9
2026-08-08,Tiruchengode APMC,DECREASING,DECREASING,65.87
2026-08-09,Tiruchengode APMC,STABLE,STABLE,66.76
2026-08-10,Tiruchengode APMC,INCREASING,INCREASING,50.0
2026-08-11,Tiruchengode APMC,DECREASING,DECREASING,68.39
2026-08-12,Tiruchengode APMC,INCREASING,STABLE,58.9
2026-08-13,Tiruchengode APMC,DECREASING,STABLE,43.54
2026-08-14,Tiruchengode APMC,INCREASING,INCREASING,52.66
2026-08-15,Tiruchengode APMC,DECREASING,DECREASING,60.52
2026-08-16,Tiruchengode APMC,STABLE,STABLE,69.16
2026-08-17,Tiruchengode APMC,INCREASING,INCREASING,48.52
2026-08-18,Tiruchengode APMC,DECREASING,DECREASING,62.59
2026-08-19,Tiruchengode APMC,INCREASING,STABLE,60.18
2026-08-20,Tiruchengode APMC,STABLE,STABLE,45.49
2026-08-21,Tiruchengode APMC,INCREASING,INCREASING,49.65
2026-08-22,Tiruchengode APMC,DECREASING,DECREASING,63.13
2026-08-23,Tiruchengode APMC,STABLE,STABLE,66.15
2026-06-29,Tirukattupalli(Uzhavar Sandhai ),STABLE,STABLE,74.96
2026-07-01,Tirukattupalli(Uzhavar Sandhai ),STABLE,STABLE,74.05
2026-07-02,Tirukattupalli(Uzhavar Sandhai ),DECREASING,STABLE,73.44
2026-07-03,Tirukattupalli(Uzhavar Sandhai ),STABLE,STABLE,65.2
2026-07-04,Tirukattupalli(Uzhavar Sandhai ),STABLE,STABLE,72.16
2026-07-05,Tirukattupalli(Uzhavar Sandhai ),STABLE,STABLE,65.29
2026-07-06,Tirukattupalli(Uzhavar Sandhai ),STABLE,STABLE,75.73
2026-07-08,Tirukattupalli(Uzhavar Sandhai ),INCREASING,STABLE,74.65
2026-07-09,Tirukattupalli(Uzhavar Sandhai ),DECREASING,STABLE,74.38
2026-07-10,Tirukattupalli(Uzhavar Sandhai ),STABLE,STABLE,71.94
2026-07-11,Tirukattupalli(Uzhavar Sandhai ),INCREASING,STABLE,71.95
2026-07-12,Tirukattupalli(Uzhavar Sandhai ),STABLE,STABLE,73.81
2026-07-13,Tirukattupalli(Uzhavar Sandhai ),STABLE,STABLE,76.11
2026-07-14,Tirukattupalli(Uzhavar Sandhai ),STABLE,STABLE,74.63
2026-07-15,Tirukattupalli(Uzhavar Sandhai ),STABLE,STABLE,73.81
2026-07-16,Tirukattupalli(Uzhavar Sandhai ),STABLE,STABLE,71.55
2026-07-17,Tirukattupalli(Uzhavar Sandhai ),STABLE,STABLE,63.97
2026-07-18,Tirukattupalli(Uzhavar Sandhai ),STABLE,STABLE,73.71
2026-07-19,Tirukattupalli(Uzhavar Sandhai ),STABLE,STABLE,72.88
2026-07-20,Tirukattupalli(Uzhavar Sandhai ),STABLE,STABLE,66.13
2026-07-21,Tirukattupalli(Uzhavar Sandhai ),STABLE,STABLE,73.9
2026-07-22,Tirukattupalli(Uzhavar Sandhai ),STABLE,STABLE,71.27
2026-07-23,Tirukattupalli(Uzhavar Sandhai ),STABLE,STABLE,72.79
2026-07-24,Tirukattupalli(Uzhavar Sandhai ),STABLE,STABLE,62.77
2026-07-25,Tirukattupalli(Uzhavar Sandhai ),INCREASING,STABLE,73.26
2026-07-26,Tirukattupalli(Uzhavar Sandhai ),STABLE,STABLE,73.73
2026-07-27,Tirukattupalli(Uzhavar Sandhai ),STABLE,STABLE,76.01
2026-07-28,Tirukattupalli(Uzhavar Sandhai ),STABLE,STABLE,74.87
2026-07-29,Tirukattupalli(Uzhavar Sandhai ),DECREASING,STABLE,74.64
2026-07-30,Tirukattupalli(Uzhavar Sandhai ),STABLE,STABLE,62.87
2026-07-31,Tirukattupalli(Uzhavar Sandhai ),STABLE,STABLE,70.73
2026-08-01,Tirukattupalli(Uzhavar Sandhai ),STABLE,STABLE,74.39
2026-08-02,Tirukattupalli(Uzhavar Sandhai ),STABLE,STABLE,74.1
2026-08-03,Tirukattupalli(Uzhavar Sandhai ),STABLE,STABLE,76.2
2026-08-04,Tirukattupalli(Uzhavar Sandhai ),STABLE,STABLE,75.17
2026-08-05,Tirukattupalli(Uzhavar Sandhai ),STABLE,STABLE,75.08
2026-08-06,Tirukattupalli(Uzhavar Sandhai ),STABLE,STABLE,73.01
2026-08-07,Tirukattupalli(Uzhavar Sandhai ),STABLE,STABLE,74.28
2026-08-08,Tirukattupalli(Uzhavar Sandhai ),STABLE,STABLE,74.5
2026-08-09,Tirukattupalli(Uzhavar Sandhai ),STABLE,STABLE,74.02
2026-08-10,Tirukattupalli(Uzhavar Sandhai ),STABLE,STABLE,76.4
2026-08-11,Tirukattupalli(Uzhavar Sandhai ),STABLE,STABLE,75.21
2026-08-12,Tirukattupalli(Uzhavar Sandhai ),STABLE,STABLE,75.15
2026-08-13,Tirukattupalli(Uzhavar Sandhai ),STABLE,STABLE,74.48
2026-08-14,Tirukattupalli(Uzhavar Sandhai ),STABLE,STABLE,74.19
2026-08-15,Tirukattupalli(Uzhavar Sandhai ),STABLE,STABLE,74.29
2026-08-16,Tirukattupalli(Uzhavar Sandhai ),STABLE,STABLE,73.95
2026-08-17,Tirukattupalli(Uzhavar Sandhai ),STABLE,STABLE,76.23
2026-08-18,Tirukattupalli(Uzhavar Sandhai ),STABLE,STABLE,74.98
2026-08-19,Tirukattupalli(Uzhavar Sandhai ),STABLE,STABLE,74.61
2026-08-20,Tirukattupalli(Uzhavar Sandhai ),DECREASING,STABLE,73.75
2026-08-21,Tirukattupalli(Uzhavar Sandhai ),STABLE,STABLE,72.54
2026-08-22,Tirukattupalli(Uzhavar Sandhai ),STABLE,STABLE,73.22
2026-08-23,Tirukattupalli(Uzhavar Sandhai ),STABLE,STABLE,73.2
2026-06-29,Tirupatthur(Uzhavar Sandhai ),STABLE,STABLE,90.12
2026-06-30,Tirupatthur(Uzhavar Sandhai ),STABLE,STABLE,89.73
2026-07-01,Tirupatthur(Uzhavar Sandhai ),STABLE,STABLE,89.92
2026-07-02,Tirupatthur(Uzhavar Sandhai ),STABLE,STABLE,89.52
2026-07-03,Tirupatthur(Uzhavar Sandhai ),STABLE,STABLE,90.03
2026-07-04,Tirupatthur(Uzhavar Sandhai ),STABLE,STABLE,90.1
2026-07-05,Tirupatthur(Uzhavar Sandhai ),STABLE,STABLE,89.31
2026-07-06,Tirupatthur(Uzhavar Sandhai ),STABLE,STABLE,90.84
2026-07-07,Tirupatthur(Uzhavar Sandhai ),STABLE,STABLE,90.54
2026-07-08,Tirupatthur(Uzhavar Sandhai ),STABLE,STABLE,90.38
2026-07-09,Tirupatthur(Uzhavar Sandhai ),STABLE,STABLE,90.13
2026-07-10,Tirupatthur(Uzhavar Sandhai ),STABLE,STABLE,90.08
2026-07-11,Tirupatthur(Uzhavar Sandhai ),STABLE,STABLE,90.16
2026-07-12,Tirupatthur(Uzhavar Sandhai ),STABLE,STABLE,88.75
2026-07-13,Tirupatthur(Uzhavar Sandhai ),STABLE,STABLE,90.77
2026-07-14,Tirupatthur(Uzhavar Sandhai ),STABLE,STABLE,90.27
2026-07-15,Tirupatthur(Uzhavar Sandhai ),STABLE,STABLE,90.09
2026-07-16,Tirupatthur(Uzhavar Sandhai ),STABLE,STABLE,89.66
2026-07-17,Tirupatthur(Uzhavar Sandhai ),STABLE,STABLE,89.9
2026-07-18,Tirupatthur(Uzhavar Sandhai ),STABLE,STABLE,90.06
2026-07-19,Tirupatthur(Uzhavar Sandhai ),STABLE,STABLE,88.52
2026-07-20,Tirupatthur(Uzhavar Sandhai ),STABLE,STABLE,90.49
2026-07-21,Tirupatthur(Uzhavar Sandhai ),STABLE,STABLE,90.03
2026-07-22,Tirupatthur(Uzhavar Sandhai ),STABLE,STABLE,89.47
2026-07-23,Tirupatthur(Uzhavar Sandhai ),STABLE,STABLE,89.56
2026-07-24,Tirupatthur(Uzhavar Sandhai ),STABLE,STABLE,89.53
2026-07-25,Tirupatthur(Uzhavar Sandhai ),STABLE,STABLE,89.7
2026-07-26,Tirupatthur(Uzhavar Sandhai ),STABLE,STABLE,88.17
2026-07-27,Tirupatthur(Uzhavar Sandhai ),STABLE,STABLE,90.17
2026-07-28,Tirupatthur(Uzhavar Sandhai ),STABLE,STABLE,89.6
2026-07-29,Tirupatthur(Uzhavar Sandhai ),STABLE,STABLE,89.71
2026-07-30,Tirupatthur(Uzhavar Sandhai ),STABLE,STABLE,89.31
2026-07-31,Tirupatthur(Uzhavar Sandhai ),STABLE,STABLE,87.58
2026-08-01,Tirupatthur(Uzhavar Sandhai ),STABLE,STABLE,89.52
2026-08-02,Tirupatthur(Uzhavar Sandhai ),STABLE,STABLE,88.78
2026-08-03,Tirupatthur(Uzhavar Sandhai ),STABLE,STABLE,90.74
2026-08-04,Tirupatthur(Uzhavar Sandhai ),STABLE,STABLE,90.37
2026-08-05,Tirupatthur(Uzhavar Sandhai ),STABLE,STABLE,90.28
2026-08-06,Tirupatthur(Uzhavar Sandhai ),STABLE,STABLE,89.92
2026-08-07,Tirupatthur(Uzhavar Sandhai ),STABLE,STABLE,90.1
2026-08-08,Tirupatthur(Uzhavar Sandhai ),STABLE,STABLE,90.22
2026-08-09,Tirupatthur(Uzhavar Sandhai ),STABLE,STABLE,88.67
2026-08-10,Tirupatthur(Uzhavar Sandhai ),STABLE,STABLE,90.93
2026-08-11,Tirupatthur(Uzhavar Sandhai ),STABLE,STABLE,90.43
2026-08-12,Tirupatthur(Uzhavar Sandhai ),STABLE,STABLE,90.34
2026-08-13,Tirupatthur(Uzhavar Sandhai ),STABLE,STABLE,89.89
2026-08-14,Tirupatthur(Uzhavar Sandhai ),STABLE,STABLE,89.68
2026-08-15,Tirupatthur(Uzhavar Sandhai ),STABLE,STABLE,89.85
2026-08-16,Tirupatthur(Uzhavar Sandhai ),STABLE,STABLE,89.01
2026-08-17,Tirupatthur(Uzhavar Sandhai ),STABLE,STABLE,90.54
2026-08-18,Tirupatthur(Uzhavar Sandhai ),STABLE,STABLE,90.01
2026-08-19,Tirupatthur(Uzhavar Sandhai ),STABLE,STABLE,89.91
2026-08-20,Tirupatthur(Uzhavar Sandhai ),STABLE,STABLE,89.64
2026-08-21,Tirupatthur(Uzhavar Sandhai ),STABLE,STABLE,89.63
2026-08-22,Tirupatthur(Uzhavar Sandhai ),STABLE,STABLE,89.41
2026-08-23,Tirupatthur(Uzhavar Sandhai ),STABLE,STABLE,88.98
2026-06-29,Tiruppur (North) (Uzhavar Sandhai ),STABLE,STABLE,50.28
2026-06-30,Tiruppur (North) (Uzhavar Sandhai ),STABLE,STABLE,49.26
2026-07-01,Tiruppur (North) (Uzhavar Sandhai ),STABLE,STABLE,55.47
2026-07-02,Tiruppur (North) (Uzhavar Sandhai ),INCREASING,STABLE,51.65
2026-07-03,Tiruppur (North) (Uzhavar Sandhai ),STABLE,STABLE,49.33
2026-07-05,Tiruppur (North) (Uzhavar Sandhai ),DECREASING,DECREASING,45.6
2026-07-06,Tiruppur (North) (Uzhavar Sandhai ),INCREASING,STABLE,44.68
2026-07-07,Tiruppur (North) (Uzhavar Sandhai ),INCREASING,STABLE,54.86
2026-07-08,Tiruppur (North) (Uzhavar Sandhai ),STABLE,STABLE,54.83
2026-07-09,Tiruppur (North) (Uzhavar Sandhai ),STABLE,STABLE,53.08
2026-07-10,Tiruppur (North) (Uzhavar Sandhai ),STABLE,STABLE,48.22
2026-07-11,Tiruppur (North) (Uzhavar Sandhai ),INCREASING,STABLE,48.68
2026-07-12,Tiruppur (North) (Uzhavar Sandhai ),DECREASING,DECREASING,47.49
2026-07-13,Tiruppur (North) (Uzhavar Sandhai ),INCREASING,STABLE,43.32
2026-07-14,Tiruppur (North) (Uzhavar Sandhai ),DECREASING,STABLE,51.54
2026-07-15,Tiruppur (North) (Uzhavar Sandhai ),INCREASING,STABLE,52.93
2026-07-16,Tiruppur (North) (Uzhavar Sandhai ),DECREASING,STABLE,54.71
2026-07-17,Tiruppur (North) (Uzhavar Sandhai ),DECREASING,STABLE,50.6
2026-07-18,Tiruppur (North) (Uzhavar Sandhai ),STABLE,STABLE,50.25
2026-07-19,Tiruppur (North) (Uzhavar Sandhai ),DECREASING,DECREASING,45.91
2026-07-20,Tiruppur (North) (Uzhavar Sandhai ),INCREASING,STABLE,43.38
2026-07-22,Tiruppur (North) (Uzhavar Sandhai ),STABLE,STABLE,50.76
2026-07-23,Tiruppur (North) (Uzhavar Sandhai ),DECREASING,STABLE,49.7
2026-07-24,Tiruppur (North) (Uzhavar Sandhai ),INCREASING,INCREASING,46.16
2026-07-25,Tiruppur (North) (Uzhavar Sandhai ),DECREASING,STABLE,49.79
2026-07-26,Tiruppur (North) (Uzhavar Sandhai ),STABLE,DECREASING,45.67
2026-07-27,Tiruppur (North) (Uzhavar Sandhai ),STABLE,STABLE,53.67
2026-07-28,Tiruppur (North) (Uzhavar Sandhai ),DECREASING,STABLE,50.76
2026-07-29,Tiruppur (North) (Uzhavar Sandhai ),STABLE,STABLE,41.3
2026-07-30,Tiruppur (North) (Uzhavar Sandhai ),STABLE,INCREASING,44.94
2026-07-31,Tiruppur (North) (Uzhavar Sandhai ),STABLE,INCREASING,46.39
2026-08-01,Tiruppur (North) (Uzhavar Sandhai ),INCREASING,INCREASING,45.6
2026-08-02,Tiruppur (North) (Uzhavar Sandhai ),DECREASING,DECREASING,46.39
2026-08-03,Tiruppur (North) (Uzhavar Sandhai ),INCREASING,STABLE,44.72
2026-08-04,Tiruppur (North) (Uzhavar Sandhai ),STABLE,STABLE,55.51
2026-08-05,Tiruppur (North) (Uzhavar Sandhai ),INCREASING,STABLE,56.41
2026-08-06,Tiruppur (North) (Uzhavar Sandhai ),DECREASING,STABLE,56.72
2026-08-07,Tiruppur (North) (Uzhavar Sandhai ),STABLE,STABLE,41.8
2026-08-08,Tiruppur (North) (Uzhavar Sandhai ),INCREASING,STABLE,51.12
2026-08-09,Tiruppur (North) (Uzhavar Sandhai ),STABLE,DECREASING,46.13
2026-08-10,Tiruppur (North) (Uzhavar Sandhai ),INCREASING,STABLE,52.74
2026-08-11,Tiruppur (North) (Uzhavar Sandhai ),DECREASING,STABLE,53.92
2026-08-12,Tiruppur (North) (Uzhavar Sandhai ),STABLE,STABLE,51.59
2026-08-13,Tiruppur (North) (Uzhavar Sandhai ),STABLE,STABLE,52.0
2026-08-14,Tiruppur (North) (Uzhavar Sandhai ),DECREASING,STABLE,39.93
2026-08-15,Tiruppur (North) (Uzhavar Sandhai ),STABLE,STABLE,48.5
2026-08-16,Tiruppur (North) (Uzhavar Sandhai ),DECREASING,DECREASING,47.68
2026-08-17,Tiruppur (North) (Uzhavar Sandhai ),INCREASING,STABLE,42.51
2026-08-18,Tiruppur (North) (Uzhavar Sandhai ),INCREASING,STABLE,45.97
2026-08-19,Tiruppur (North) (Uzhavar Sandhai ),INCREASING,STABLE,52.04
2026-08-20,Tiruppur (North) (Uzhavar Sandhai ),DECREASING,STABLE,51.97
2026-08-21,Tiruppur (North) (Uzhavar Sandhai ),DECREASING,STABLE,49.63
2026-08-22,Tiruppur (North) (Uzhavar Sandhai ),INCREASING,INCREASING,44.15
2026-08-23,Tiruppur (North) (Uzhavar Sandhai ),DECREASING,DECREASING,47.01
2026-07-03,Tiruppur (South) (Uzhavar Sandhai ),INCREASING,STABLE,72.27
2026-07-04,Tiruppur (South) (Uzhavar Sandhai ),STABLE,STABLE,79.69
2026-07-05,Tiruppur (South) (Uzhavar Sandhai ),DECREASING,STABLE,72.1
2026-07-06,Tiruppur (South) (Uzhavar Sandhai ),INCREASING,STABLE,81.51
2026-07-07,Tiruppur (South) (Uzhavar Sandhai ),DECREASING,STABLE,81.84
2026-07-08,Tiruppur (South) (Uzhavar Sandhai ),DECREASING,STABLE,79.71
2026-07-09,Tiruppur (South) (Uzhavar Sandhai ),STABLE,STABLE,76.12
2026-07-10,Tiruppur (South) (Uzhavar Sandhai ),INCREASING,STABLE,78.26
2026-07-11,Tiruppur (South) (Uzhavar Sandhai ),INCREASING,STABLE,75.15
2026-07-12,Tiruppur (South) (Uzhavar Sandhai ),STABLE,STABLE,66.67
2026-07-13,Tiruppur (South) (Uzhavar Sandhai ),STABLE,STABLE,79.02
2026-07-14,Tiruppur (South) (Uzhavar Sandhai ),DECREASING,STABLE,78.74
2026-07-15,Tiruppur (South) (Uzhavar Sandhai ),INCREASING,STABLE,79.93
2026-07-16,Tiruppur (South) (Uzhavar Sandhai ),STABLE,STABLE,76.15
2026-07-17,Tiruppur (South) (Uzhavar Sandhai ),INCREASING,STABLE,79.2
2026-07-18,Tiruppur (South) (Uzhavar Sandhai ),INCREASING,STABLE,78.78
2026-07-19,Tiruppur (South) (Uzhavar Sandhai ),DECREASING,STABLE,73.17
2026-07-20,Tiruppur (South) (Uzhavar Sandhai ),STABLE,STABLE,81.5
2026-07-21,Tiruppur (South) (Uzhavar Sandhai ),STABLE,STABLE,80.47
2026-07-22,Tiruppur (South) (Uzhavar Sandhai ),STABLE,STABLE,79.69
2026-07-23,Tiruppur (South) (Uzhavar Sandhai ),STABLE,STABLE,78.05
2026-07-24,Tiruppur (South) (Uzhavar Sandhai ),STABLE,STABLE,76.65
2026-07-25,Tiruppur (South) (Uzhavar Sandhai ),INCREASING,STABLE,77.82
2026-07-26,Tiruppur (South) (Uzhavar Sandhai ),DECREASING,STABLE,68.27
2026-07-27,Tiruppur (South) (Uzhavar Sandhai ),STABLE,STABLE,80.84
2026-07-28,Tiruppur (South) (Uzhavar Sandhai ),STABLE,STABLE,79.11
2026-07-29,Tiruppur (South) (Uzhavar Sandhai ),INCREASING,STABLE,76.45
2026-07-30,Tiruppur (South) (Uzhavar Sandhai ),STABLE,STABLE,77.96
2026-07-31,Tiruppur (South) (Uzhavar Sandhai ),STABLE,STABLE,74.14
2026-08-01,Tiruppur (South) (Uzhavar Sandhai ),INCREASING,STABLE,75.96
2026-08-02,Tiruppur (South) (Uzhavar Sandhai ),DECREASING,STABLE,68.37
2026-08-03,Tiruppur (South) (Uzhavar Sandhai ),STABLE,STABLE,77.4
2026-08-04,Tiruppur (South) (Uzhavar Sandhai ),INCREASING,STABLE,76.44
2026-08-05,Tiruppur (South) (Uzhavar Sandhai ),STABLE,STABLE,76.05
2026-08-06,Tiruppur (South) (Uzhavar Sandhai ),STABLE,STABLE,72.17
2026-08-07,Tiruppur (South) (Uzhavar Sandhai ),DECREASING,STABLE,73.46
2026-08-08,Tiruppur (South) (Uzhavar Sandhai ),INCREASING,STABLE,73.85
2026-08-09,Tiruppur (South) (Uzhavar Sandhai ),STABLE,STABLE,64.74
2026-08-10,Tiruppur (South) (Uzhavar Sandhai ),STABLE,STABLE,79.94
2026-08-11,Tiruppur (South) (Uzhavar Sandhai ),STABLE,STABLE,74.52
2026-08-12,Tiruppur (South) (Uzhavar Sandhai ),STABLE,STABLE,74.65
2026-08-13,Tiruppur (South) (Uzhavar Sandhai ),STABLE,STABLE,73.23
2026-08-14,Tiruppur (South) (Uzhavar Sandhai ),STABLE,STABLE,73.85
2026-08-15,Tiruppur (South) (Uzhavar Sandhai ),INCREASING,STABLE,73.89
2026-08-16,Tiruppur (South) (Uzhavar Sandhai ),DECREASING,STABLE,64.37
2026-08-17,Tiruppur (South) (Uzhavar Sandhai ),STABLE,STABLE,75.4
2026-08-18,Tiruppur (South) (Uzhavar Sandhai ),STABLE,STABLE,77.85
2026-08-19,Tiruppur (South) (Uzhavar Sandhai ),STABLE,STABLE,76.29
2026-08-20,Tiruppur (South) (Uzhavar Sandhai ),STABLE,STABLE,74.31
2026-08-21,Tiruppur (South) (Uzhavar Sandhai ),STABLE,STABLE,71.85
2026-08-22,Tiruppur (South) (Uzhavar Sandhai ),STABLE,STABLE,70.76
2026-08-23,Tiruppur (South) (Uzhavar Sandhai ),STABLE,STABLE,61.03
2026-06-29,Tiruthani(Uzhavar Sandhai ),STABLE,STABLE,81.84
2026-06-30,Tiruthani(Uzhavar Sandhai ),STABLE,STABLE,80.75
2026-07-01,Tiruthani(Uzhavar Sandhai ),STABLE,STABLE,81.26
2026-07-02,Tiruthani(Uzhavar Sandhai ),STABLE,STABLE,81.35
2026-07-03,Tiruthani(Uzhavar Sandhai ),STABLE,STABLE,81.86
2026-07-04,Tiruthani(Uzhavar Sandhai ),STABLE,STABLE,82.03
2026-07-05,Tiruthani(Uzhavar Sandhai ),STABLE,STABLE,81.89
2026-07-07,Tiruthani(Uzhavar Sandhai ),STABLE,STABLE,81.31
2026-07-08,Tiruthani(Uzhavar Sandhai ),STABLE,STABLE,81.67
2026-07-09,Tiruthani(Uzhavar Sandhai ),STABLE,STABLE,82.85
2026-07-10,Tiruthani(Uzhavar Sandhai ),STABLE,STABLE,83.55
2026-07-11,Tiruthani(Uzhavar Sandhai ),STABLE,STABLE,83.76
2026-07-12,Tiruthani(Uzhavar Sandhai ),STABLE,STABLE,83.67
2026-07-14,Tiruthani(Uzhavar Sandhai ),STABLE,STABLE,82.87
2026-07-15,Tiruthani(Uzhavar Sandhai ),STABLE,STABLE,83.09
2026-07-16,Tiruthani(Uzhavar Sandhai ),STABLE,STABLE,83.1
2026-07-17,Tiruthani(Uzhavar Sandhai ),STABLE,STABLE,83.59
2026-07-18,Tiruthani(Uzhavar Sandhai ),STABLE,STABLE,83.99
2026-07-19,Tiruthani(Uzhavar Sandhai ),STABLE,STABLE,83.5
2026-07-20,Tiruthani(Uzhavar Sandhai ),STABLE,STABLE,83.6
2026-07-21,Tiruthani(Uzhavar Sandhai ),STABLE,STABLE,82.57
2026-07-22,Tiruthani(Uzhavar Sandhai ),STABLE,STABLE,82.56
2026-07-23,Tiruthani(Uzhavar Sandhai ),STABLE,STABLE,83.29
2026-07-24,Tiruthani(Uzhavar Sandhai ),STABLE,STABLE,82.44
2026-07-25,Tiruthani(Uzhavar Sandhai ),STABLE,STABLE,82.88
2026-07-26,Tiruthani(Uzhavar Sandhai ),STABLE,STABLE,82.48
2026-07-27,Tiruthani(Uzhavar Sandhai ),STABLE,STABLE,82.5
2026-07-28,Tiruthani(Uzhavar Sandhai ),STABLE,STABLE,80.96
2026-07-29,Tiruthani(Uzhavar Sandhai ),STABLE,STABLE,81.97
2026-07-31,Tiruthani(Uzhavar Sandhai ),STABLE,STABLE,81.03
2026-08-01,Tiruthani(Uzhavar Sandhai ),STABLE,STABLE,83.37
2026-08-02,Tiruthani(Uzhavar Sandhai ),STABLE,STABLE,83.0
2026-08-03,Tiruthani(Uzhavar Sandhai ),STABLE,STABLE,83.16
2026-08-04,Tiruthani(Uzhavar Sandhai ),STABLE,STABLE,82.23
2026-08-05,Tiruthani(Uzhavar Sandhai ),STABLE,STABLE,82.87
2026-08-06,Tiruthani(Uzhavar Sandhai ),STABLE,STABLE,83.11
2026-08-07,Tiruthani(Uzhavar Sandhai ),STABLE,STABLE,83.69
2026-08-08,Tiruthani(Uzhavar Sandhai ),STABLE,STABLE,83.86
2026-08-09,Tiruthani(Uzhavar Sandhai ),STABLE,STABLE,83.08
2026-08-10,Tiruthani(Uzhavar Sandhai ),STABLE,STABLE,83.3
2026-08-11,Tiruthani(Uzhavar Sandhai ),STABLE,STABLE,82.46
2026-08-12,Tiruthani(Uzhavar Sandhai ),STABLE,STABLE,83.11
2026-08-13,Tiruthani(Uzhavar Sandhai ),STABLE,STABLE,83.43
2026-08-14,Tiruthani(Uzhavar Sandhai ),STABLE,STABLE,83.74
2026-08-15,Tiruthani(Uzhavar Sandhai ),STABLE,STABLE,83.97
2026-08-16,Tiruthani(Uzhavar Sandhai ),STABLE,STABLE,83.35
2026-08-17,Tiruthani(Uzhavar Sandhai ),STABLE,STABLE,83.75
2026-08-18,Tiruthani(Uzhavar Sandhai ),STABLE,STABLE,82.88
2026-08-19,Tiruthani(Uzhavar Sandhai ),STABLE,STABLE,83.14
2026-08-20,Tiruthani(Uzhavar Sandhai ),STABLE,STABLE,83.05
2026-08-21,Tiruthani(Uzhavar Sandhai ),STABLE,STABLE,83.64
2026-08-22,Tiruthani(Uzhavar Sandhai ),STABLE,STABLE,83.91
2026-08-23,Tiruthani(Uzhavar Sandhai ),STABLE,STABLE,83.48
2026-06-29,Tiruvallur(Uzhavar Sandhai ),STABLE,STABLE,58.34
2026-06-30,Tiruvallur(Uzhavar Sandhai ),STABLE,STABLE,57.8
2026-07-01,Tiruvallur(Uzhavar Sandhai ),STABLE,STABLE,65.45
2026-07-02,Tiruvallur(Uzhavar Sandhai ),STABLE,STABLE,64.67
2026-07-03,Tiruvallur(Uzhavar Sandhai ),STABLE,STABLE,67.29
2026-07-04,Tiruvallur(Uzhavar Sandhai ),STABLE,STABLE,67.53
2026-07-05,Tiruvallur(Uzhavar Sandhai ),STABLE,STABLE,66.63
2026-07-06,Tiruvallur(Uzhavar Sandhai ),STABLE,STABLE,69.98
2026-07-07,Tiruvallur(Uzhavar Sandhai ),DECREASING,STABLE,68.6
2026-07-08,Tiruvallur(Uzhavar Sandhai ),STABLE,STABLE,69.59
2026-07-09,Tiruvallur(Uzhavar Sandhai ),STABLE,STABLE,68.84
2026-07-10,Tiruvallur(Uzhavar Sandhai ),STABLE,STABLE,69.06
2026-07-11,Tiruvallur(Uzhavar Sandhai ),STABLE,STABLE,68.26
2026-07-12,Tiruvallur(Uzhavar Sandhai ),STABLE,STABLE,66.91
2026-07-13,Tiruvallur(Uzhavar Sandhai ),STABLE,STABLE,69.96
2026-07-14,Tiruvallur(Uzhavar Sandhai ),DECREASING,STABLE,69.3
2026-07-15,Tiruvallur(Uzhavar Sandhai ),STABLE,STABLE,69.21
2026-07-16,Tiruvallur(Uzhavar Sandhai ),STABLE,STABLE,68.57
2026-07-17,Tiruvallur(Uzhavar Sandhai ),STABLE,STABLE,69.02
2026-07-18,Tiruvallur(Uzhavar Sandhai ),DECREASING,STABLE,68.99
2026-07-19,Tiruvallur(Uzhavar Sandhai ),STABLE,STABLE,68.85
2026-07-20,Tiruvallur(Uzhavar Sandhai ),STABLE,STABLE,70.82
2026-07-21,Tiruvallur(Uzhavar Sandhai ),STABLE,STABLE,69.51
2026-07-22,Tiruvallur(Uzhavar Sandhai ),DECREASING,STABLE,69.4
2026-07-23,Tiruvallur(Uzhavar Sandhai ),STABLE,STABLE,68.82
2026-07-24,Tiruvallur(Uzhavar Sandhai ),STABLE,STABLE,69.02
2026-07-25,Tiruvallur(Uzhavar Sandhai ),STABLE,STABLE,69.21
2026-07-26,Tiruvallur(Uzhavar Sandhai ),STABLE,STABLE,66.41
2026-07-27,Tiruvallur(Uzhavar Sandhai ),STABLE,STABLE,69.57
2026-07-28,Tiruvallur(Uzhavar Sandhai ),DECREASING,STABLE,68.17
2026-07-29,Tiruvallur(Uzhavar Sandhai ),STABLE,STABLE,68.17
2026-07-30,Tiruvallur(Uzhavar Sandhai ),STABLE,STABLE,66.58
2026-07-31,Tiruvallur(Uzhavar Sandhai ),STABLE,STABLE,65.26
2026-08-01,Tiruvallur(Uzhavar Sandhai ),DECREASING,STABLE,69.8
2026-08-02,Tiruvallur(Uzhavar Sandhai ),STABLE,STABLE,68.6
2026-08-03,Tiruvallur(Uzhavar Sandhai ),STABLE,STABLE,69.69
2026-08-04,Tiruvallur(Uzhavar Sandhai ),STABLE,STABLE,69.91
2026-08-05,Tiruvallur(Uzhavar Sandhai ),STABLE,STABLE,68.82
2026-08-06,Tiruvallur(Uzhavar Sandhai ),STABLE,STABLE,68.39
2026-08-07,Tiruvallur(Uzhavar Sandhai ),STABLE,STABLE,68.22
2026-08-08,Tiruvallur(Uzhavar Sandhai ),DECREASING,STABLE,70.13
2026-08-09,Tiruvallur(Uzhavar Sandhai ),STABLE,STABLE,68.67
2026-08-10,Tiruvallur(Uzhavar Sandhai ),STABLE,STABLE,70.35
2026-08-11,Tiruvallur(Uzhavar Sandhai ),STABLE,STABLE,70.6
2026-08-12,Tiruvallur(Uzhavar Sandhai ),STABLE,STABLE,68.92
2026-08-13,Tiruvallur(Uzhavar Sandhai ),STABLE,STABLE,69.87
2026-08-14,Tiruvallur(Uzhavar Sandhai ),STABLE,STABLE,68.48
2026-08-15,Tiruvallur(Uzhavar Sandhai ),STABLE,STABLE,70.46
2026-08-16,Tiruvallur(Uzhavar Sandhai ),STABLE,STABLE,70.61
2026-08-17,Tiruvallur(Uzhavar Sandhai ),STABLE,STABLE,72.8
2026-08-18,Tiruvallur(Uzhavar Sandhai ),STABLE,STABLE,73.49
2026-08-19,Tiruvallur(Uzhavar Sandhai ),STABLE,STABLE,71.76
2026-08-20,Tiruvallur(Uzhavar Sandhai ),STABLE,STABLE,72.99
2026-08-21,Tiruvallur(Uzhavar Sandhai ),STABLE,STABLE,71.31
2026-08-22,Tiruvallur(Uzhavar Sandhai ),STABLE,STABLE,73.17
2026-08-23,Tiruvallur(Uzhavar Sandhai ),STABLE,STABLE,71.24
2026-06-29,Tiruvannamalai(Uzhavar Sandhai ),STABLE,STABLE,73.45
2026-06-30,Tiruvannamalai(Uzhavar Sandhai ),STABLE,STABLE,66.91
2026-07-01,Tiruvannamalai(Uzhavar Sandhai ),DECREASING,STABLE,72.35
2026-07-02,Tiruvannamalai(Uzhavar Sandhai ),DECREASING,STABLE,63.63
2026-07-03,Tiruvannamalai(Uzhavar Sandhai ),INCREASING,STABLE,61.03
2026-07-03,Tiruvannamalai(Uzhavar Sandhai ),INCREASING,STABLE,62.71
2026-07-04,Tiruvannamalai(Uzhavar Sandhai ),INCREASING,STABLE,73.16
2026-07-05,Tiruvannamalai(Uzhavar Sandhai ),DECREASING,STABLE,55.76
2026-07-07,Tiruvannamalai(Uzhavar Sandhai ),STABLE,STABLE,72.73
2026-07-08,Tiruvannamalai(Uzhavar Sandhai ),STABLE,STABLE,73.36
2026-07-09,Tiruvannamalai(Uzhavar Sandhai ),INCREASING,STABLE,70.55
2026-07-10,Tiruvannamalai(Uzhavar Sandhai ),STABLE,STABLE,73.33
2026-07-11,Tiruvannamalai(Uzhavar Sandhai ),INCREASING,STABLE,75.36
2026-07-12,Tiruvannamalai(Uzhavar Sandhai ),DECREASING,STABLE,56.45
2026-07-13,Tiruvannamalai(Uzhavar Sandhai ),INCREASING,STABLE,69.2
2026-07-14,Tiruvannamalai(Uzhavar Sandhai ),DECREASING,STABLE,77.31
2026-07-15,Tiruvannamalai(Uzhavar Sandhai ),STABLE,STABLE,73.81
2026-07-16,Tiruvannamalai(Uzhavar Sandhai ),DECREASING,STABLE,71.85
2026-07-17,Tiruvannamalai(Uzhavar Sandhai ),INCREASING,STABLE,62.87
2026-07-18,Tiruvannamalai(Uzhavar Sandhai ),STABLE,STABLE,74.93
2026-07-19,Tiruvannamalai(Uzhavar Sandhai ),DECREASING,STABLE,55.58
2026-07-20,Tiruvannamalai(Uzhavar Sandhai ),STABLE,STABLE,75.18
2026-07-21,Tiruvannamalai(Uzhavar Sandhai ),STABLE,STABLE,74.17
2026-07-22,Tiruvannamalai(Uzhavar Sandhai ),STABLE,STABLE,67.8
2026-07-23,Tiruvannamalai(Uzhavar Sandhai ),STABLE,STABLE,71.34
2026-07-24,Tiruvannamalai(Uzhavar Sandhai ),INCREASING,STABLE,63.11
2026-07-25,Tiruvannamalai(Uzhavar Sandhai ),STABLE,STABLE,77.94
2026-07-26,Tiruvannamalai(Uzhavar Sandhai ),STABLE,STABLE,59.06
2026-07-27,Tiruvannamalai(Uzhavar Sandhai ),STABLE,STABLE,75.3
2026-07-28,Tiruvannamalai(Uzhavar Sandhai ),STABLE,STABLE,73.8
2026-07-29,Tiruvannamalai(Uzhavar Sandhai ),STABLE,STABLE,74.13
2026-07-30,Tiruvannamalai(Uzhavar Sandhai ),STABLE,STABLE,70.38
2026-07-31,Tiruvannamalai(Uzhavar Sandhai ),STABLE,STABLE,71.32
2026-08-01,Tiruvannamalai(Uzhavar Sandhai ),INCREASING,STABLE,74.02
2026-08-02,Tiruvannamalai(Uzhavar Sandhai ),INCREASING,STABLE,56.86
2026-08-03,Tiruvannamalai(Uzhavar Sandhai ),DECREASING,STABLE,78.85
2026-08-05,Tiruvannamalai(Uzhavar Sandhai ),INCREASING,STABLE,68.26
2026-08-06,Tiruvannamalai(Uzhavar Sandhai ),STABLE,STABLE,76.87
2026-08-07,Tiruvannamalai(Uzhavar Sandhai ),DECREASING,STABLE,76.17
2026-08-08,Tiruvannamalai(Uzhavar Sandhai ),INCREASING,STABLE,72.16
2026-08-09,Tiruvannamalai(Uzhavar Sandhai ),DECREASING,STABLE,58.49
2026-08-10,Tiruvannamalai(Uzhavar Sandhai ),STABLE,STABLE,76.77
2026-08-11,Tiruvannamalai(Uzhavar Sandhai ),INCREASING,STABLE,75.09
2026-08-12,Tiruvannamalai(Uzhavar Sandhai ),DECREASING,STABLE,76.39
2026-08-13,Tiruvannamalai(Uzhavar Sandhai ),STABLE,STABLE,72.68
2026-08-14,Tiruvannamalai(Uzhavar Sandhai ),STABLE,STABLE,75.42
2026-08-15,Tiruvannamalai(Uzhavar Sandhai ),STABLE,STABLE,75.65
2026-08-16,Tiruvannamalai(Uzhavar Sandhai ),STABLE,STABLE,57.69
2026-08-17,Tiruvannamalai(Uzhavar Sandhai ),DECREASING,STABLE,76.62
2026-08-18,Tiruvannamalai(Uzhavar Sandhai ),INCREASING,STABLE,69.07
2026-08-19,Tiruvannamalai(Uzhavar Sandhai ),STABLE,STABLE,73.99
2026-08-20,Tiruvannamalai(Uzhavar Sandhai ),INCREASING,STABLE,70.99
2026-08-21,Tiruvannamalai(Uzhavar Sandhai ),STABLE,STABLE,75.83
2026-08-22,Tiruvannamalai(Uzhavar Sandhai ),STABLE,STABLE,75.04
2026-08-23,Tiruvannamalai(Uzhavar Sandhai ),DECREASING,STABLE,54.21
2026-07-02,Tiruvarur(Uzhavar Sandhai ),DECREASING,STABLE,43.19
2026-07-03,Tiruvarur(Uzhavar Sandhai ),INCREASING,STABLE,42.61
2026-07-06,Tiruvarur(Uzhavar Sandhai ),INCREASING,INCREASING,40.89
2026-07-07,Tiruvarur(Uzhavar Sandhai ),DECREASING,STABLE,54.14
2026-07-08,Tiruvarur(Uzhavar Sandhai ),INCREASING,INCREASING,42.24
2026-07-09,Tiruvarur(Uzhavar Sandhai ),STABLE,STABLE,54.69
2026-07-10,Tiruvarur(Uzhavar Sandhai ),INCREASING,STABLE,55.66
2026-07-11,Tiruvarur(Uzhavar Sandhai ),DECREASING,STABLE,57.02
2026-07-12,Tiruvarur(Uzhavar Sandhai ),STABLE,STABLE,56.48
2026-07-13,Tiruvarur(Uzhavar Sandhai ),DECREASING,STABLE,54.35
2026-07-14,Tiruvarur(Uzhavar Sandhai ),INCREASING,STABLE,53.92
2026-07-15,Tiruvarur(Uzhavar Sandhai ),DECREASING,STABLE,55.44
2026-07-16,Tiruvarur(Uzhavar Sandhai ),INCREASING,STABLE,41.93
2026-07-17,Tiruvarur(Uzhavar Sandhai ),DECREASING,STABLE,54.13
2026-07-18,Tiruvarur(Uzhavar Sandhai ),INCREASING,STABLE,42.18
2026-07-19,Tiruvarur(Uzhavar Sandhai ),INCREASING,STABLE,53.08
2026-07-20,Tiruvarur(Uzhavar Sandhai ),DECREASING,STABLE,55.8
2026-07-21,Tiruvarur(Uzhavar Sandhai ),STABLE,STABLE,53.28
2026-07-22,Tiruvarur(Uzhavar Sandhai ),STABLE,STABLE,53.82
2026-07-23,Tiruvarur(Uzhavar Sandhai ),STABLE,STABLE,51.91
2026-07-24,Tiruvarur(Uzhavar Sandhai ),DECREASING,STABLE,51.99
2026-07-25,Tiruvarur(Uzhavar Sandhai ),INCREASING,INCREASING,42.99
2026-07-26,Tiruvarur(Uzhavar Sandhai ),DECREASING,STABLE,53.12
2026-07-27,Tiruvarur(Uzhavar Sandhai ),INCREASING,INCREASING,41.87
2026-07-28,Tiruvarur(Uzhavar Sandhai ),DECREASING,STABLE,56.18
2026-07-29,Tiruvarur(Uzhavar Sandhai ),INCREASING,STABLE,52.42
2026-07-30,Tiruvarur(Uzhavar Sandhai ),DECREASING,STABLE,55.12
2026-07-31,Tiruvarur(Uzhavar Sandhai ),INCREASING,INCREASING,42.53
2026-08-01,Tiruvarur(Uzhavar Sandhai ),DECREASING,STABLE,55.49
2026-08-02,Tiruvarur(Uzhavar Sandhai ),INCREASING,INCREASING,41.41
2026-08-03,Tiruvarur(Uzhavar Sandhai ),INCREASING,STABLE,55.61
2026-08-04,Tiruvarur(Uzhavar Sandhai ),DECREASING,STABLE,56.45
2026-08-05,Tiruvarur(Uzhavar Sandhai ),INCREASING,STABLE,57.33
2026-08-06,Tiruvarur(Uzhavar Sandhai ),INCREASING,STABLE,57.06
2026-08-07,Tiruvarur(Uzhavar Sandhai ),STABLE,STABLE,56.61
2026-08-08,Tiruvarur(Uzhavar Sandhai ),STABLE,STABLE,56.54
2026-08-09,Tiruvarur(Uzhavar Sandhai ),INCREASING,STABLE,54.29
2026-08-10,Tiruvarur(Uzhavar Sandhai ),STABLE,STABLE,55.13
2026-08-11,Tiruvarur(Uzhavar Sandhai ),INCREASING,STABLE,57.75
2026-08-12,Tiruvarur(Uzhavar Sandhai ),INCREASING,STABLE,60.39
2026-08-13,Tiruvarur(Uzhavar Sandhai ),DECREASING,STABLE,66.41
2026-08-14,Tiruvarur(Uzhavar Sandhai ),INCREASING,STABLE,56.52
2026-08-15,Tiruvarur(Uzhavar Sandhai ),DECREASING,STABLE,67.0
2026-08-16,Tiruvarur(Uzhavar Sandhai ),INCREASING,STABLE,58.85
2026-08-17,Tiruvarur(Uzhavar Sandhai ),STABLE,STABLE,64.63
2026-08-18,Tiruvarur(Uzhavar Sandhai ),STABLE,STABLE,65.5
2026-08-19,Tiruvarur(Uzhavar Sandhai ),DECREASING,STABLE,65.7
2026-08-20,Tiruvarur(Uzhavar Sandhai ),STABLE,STABLE,58.91
2026-08-21,Tiruvarur(Uzhavar Sandhai ),STABLE,STABLE,55.5
2026-08-22,Tiruvarur(Uzhavar Sandhai ),INCREASING,STABLE,57.52
2026-08-23,Tiruvarur(Uzhavar Sandhai ),STABLE,STABLE,65.01
2026-06-29,Tuticorin(Uzhavar Sandhai ),STABLE,STABLE,93.28
2026-06-30,Tuticorin(Uzhavar Sandhai ),STABLE,STABLE,92.88
2026-07-02,Tuticorin(Uzhavar Sandhai ),STABLE,STABLE,92.93
2026-07-03,Tuticorin(Uzhavar Sandhai ),STABLE,STABLE,92.84
2026-07-06,Tuticorin(Uzhavar Sandhai ),STABLE,STABLE,93.46
2026-07-07,Tuticorin(Uzhavar Sandhai ),STABLE,STABLE,93.21
2026-07-08,Tuticorin(Uzhavar Sandhai ),STABLE,STABLE,93.21
2026-07-09,Tuticorin(Uzhavar Sandhai ),STABLE,STABLE,92.98
2026-07-10,Tuticorin(Uzhavar Sandhai ),STABLE,STABLE,92.85
2026-07-11,Tuticorin(Uzhavar Sandhai ),STABLE,STABLE,92.84
2026-07-12,Tuticorin(Uzhavar Sandhai ),STABLE,STABLE,89.35
2026-07-13,Tuticorin(Uzhavar Sandhai ),STABLE,STABLE,93.31
2026-07-14,Tuticorin(Uzhavar Sandhai ),STABLE,STABLE,92.93
2026-07-15,Tuticorin(Uzhavar Sandhai ),STABLE,STABLE,92.8
2026-07-16,Tuticorin(Uzhavar Sandhai ),STABLE,STABLE,92.73
2026-07-17,Tuticorin(Uzhavar Sandhai ),STABLE,STABLE,92.61
2026-07-18,Tuticorin(Uzhavar Sandhai ),STABLE,STABLE,92.74
2026-07-19,Tuticorin(Uzhavar Sandhai ),STABLE,STABLE,89.16
2026-07-20,Tuticorin(Uzhavar Sandhai ),STABLE,STABLE,93.23
2026-07-21,Tuticorin(Uzhavar Sandhai ),STABLE,STABLE,92.94
2026-07-22,Tuticorin(Uzhavar Sandhai ),STABLE,STABLE,92.85
2026-07-23,Tuticorin(Uzhavar Sandhai ),STABLE,STABLE,92.62
2026-07-24,Tuticorin(Uzhavar Sandhai ),STABLE,STABLE,92.41
2026-07-25,Tuticorin(Uzhavar Sandhai ),STABLE,STABLE,92.68
2026-07-26,Tuticorin(Uzhavar Sandhai ),STABLE,STABLE,89.18
2026-07-27,Tuticorin(Uzhavar Sandhai ),STABLE,STABLE,93.22
2026-07-28,Tuticorin(Uzhavar Sandhai ),STABLE,STABLE,92.93
2026-07-30,Tuticorin(Uzhavar Sandhai ),STABLE,STABLE,92.54
2026-07-31,Tuticorin(Uzhavar Sandhai ),STABLE,STABLE,91.57
2026-08-01,Tuticorin(Uzhavar Sandhai ),STABLE,STABLE,92.77
2026-08-02,Tuticorin(Uzhavar Sandhai ),STABLE,STABLE,89.22
2026-08-03,Tuticorin(Uzhavar Sandhai ),STABLE,STABLE,93.63
2026-08-04,Tuticorin(Uzhavar Sandhai ),STABLE,STABLE,93.41
2026-08-06,Tuticorin(Uzhavar Sandhai ),STABLE,STABLE,92.83
2026-08-07,Tuticorin(Uzhavar Sandhai ),STABLE,STABLE,92.71
2026-08-08,Tuticorin(Uzhavar Sandhai ),STABLE,STABLE,92.8
2026-08-09,Tuticorin(Uzhavar Sandhai ),STABLE,STABLE,89.25
2026-08-10,Tuticorin(Uzhavar Sandhai ),STABLE,STABLE,93.36
2026-08-11,Tuticorin(Uzhavar Sandhai ),STABLE,STABLE,93.13
2026-08-12,Tuticorin(Uzhavar Sandhai ),STABLE,STABLE,93.08
2026-08-13,Tuticorin(Uzhavar Sandhai ),STABLE,STABLE,92.78
2026-08-14,Tuticorin(Uzhavar Sandhai ),STABLE,STABLE,92.54
2026-08-15,Tuticorin(Uzhavar Sandhai ),STABLE,STABLE,92.67
2026-08-16,Tuticorin(Uzhavar Sandhai ),STABLE,STABLE,89.02
2026-08-17,Tuticorin(Uzhavar Sandhai ),STABLE,STABLE,93.22
2026-08-18,Tuticorin(Uzhavar Sandhai ),STABLE,STABLE,92.92
2026-08-19,Tuticorin(Uzhavar Sandhai ),STABLE,STABLE,92.8
2026-08-20,Tuticorin(Uzhavar Sandhai ),STABLE,STABLE,92.62
2026-08-21,Tuticorin(Uzhavar Sandhai ),STABLE,STABLE,92.51
2026-08-22,Tuticorin(Uzhavar Sandhai ),STABLE,STABLE,92.36
2026-08-23,Tuticorin(Uzhavar Sandhai ),STABLE,STABLE,88.83
2026-06-29,Udhagamandalam(Uzhavar Sandhai ),STABLE,STABLE,87.56
2026-06-30,Udhagamandalam(Uzhavar Sandhai ),STABLE,STABLE,86.94
2026-07-01,Udhagamandalam(Uzhavar Sandhai ),STABLE,STABLE,87.07
2026-07-02,Udhagamandalam(Uzhavar Sandhai ),STABLE,STABLE,87.64
2026-07-03,Udhagamandalam(Uzhavar Sandhai ),STABLE,STABLE,87.17
2026-07-04,Udhagamandalam(Uzhavar Sandhai ),STABLE,STABLE,86.79
2026-07-05,Udhagamandalam(Uzhavar Sandhai ),STABLE,STABLE,86.3
2026-07-06,Udhagamandalam(Uzhavar Sandhai ),STABLE,STABLE,88.67
2026-07-07,Udhagamandalam(Uzhavar Sandhai ),STABLE,STABLE,87.88
2026-07-08,Udhagamandalam(Uzhavar Sandhai ),STABLE,STABLE,88.41
2026-07-09,Udhagamandalam(Uzhavar Sandhai ),STABLE,STABLE,87.78
2026-07-10,Udhagamandalam(Uzhavar Sandhai ),STABLE,STABLE,87.76
2026-07-11,Udhagamandalam(Uzhavar Sandhai ),STABLE,STABLE,87.69
2026-07-12,Udhagamandalam(Uzhavar Sandhai ),STABLE,STABLE,87.75
2026-07-13,Udhagamandalam(Uzhavar Sandhai ),STABLE,STABLE,88.67
2026-07-14,Udhagamandalam(Uzhavar Sandhai ),STABLE,STABLE,88.64
2026-07-15,Udhagamandalam(Uzhavar Sandhai ),DECREASING,STABLE,88.41
2026-07-16,Udhagamandalam(Uzhavar Sandhai ),STABLE,STABLE,87.55
2026-07-17,Udhagamandalam(Uzhavar Sandhai ),STABLE,STABLE,87.92
2026-07-18,Udhagamandalam(Uzhavar Sandhai ),DECREASING,STABLE,87.57
2026-07-19,Udhagamandalam(Uzhavar Sandhai ),STABLE,STABLE,86.44
2026-07-20,Udhagamandalam(Uzhavar Sandhai ),STABLE,STABLE,88.52
2026-07-21,Udhagamandalam(Uzhavar Sandhai ),STABLE,STABLE,87.22
2026-07-22,Udhagamandalam(Uzhavar Sandhai ),STABLE,STABLE,87.41
2026-07-23,Udhagamandalam(Uzhavar Sandhai ),STABLE,STABLE,87.95
2026-07-24,Udhagamandalam(Uzhavar Sandhai ),STABLE,STABLE,85.61
2026-07-25,Udhagamandalam(Uzhavar Sandhai ),STABLE,STABLE,87.43
2026-07-26,Udhagamandalam(Uzhavar Sandhai ),STABLE,STABLE,86.43
2026-07-27,Udhagamandalam(Uzhavar Sandhai ),STABLE,STABLE,87.23
2026-07-28,Udhagamandalam(Uzhavar Sandhai ),STABLE,STABLE,87.34
2026-07-29,Udhagamandalam(Uzhavar Sandhai ),STABLE,STABLE,86.19
2026-07-30,Udhagamandalam(Uzhavar Sandhai ),STABLE,STABLE,85.58
2026-07-31,Udhagamandalam(Uzhavar Sandhai ),STABLE,STABLE,82.98
2026-08-01,Udhagamandalam(Uzhavar Sandhai ),STABLE,STABLE,86.04
2026-08-02,Udhagamandalam(Uzhavar Sandhai ),STABLE,STABLE,86.54
2026-08-03,Udhagamandalam(Uzhavar Sandhai ),STABLE,STABLE,88.12
2026-08-04,Udhagamandalam(Uzhavar Sandhai ),STABLE,STABLE,88.25
2026-08-05,Udhagamandalam(Uzhavar Sandhai ),STABLE,STABLE,87.82
2026-08-06,Udhagamandalam(Uzhavar Sandhai ),STABLE,STABLE,87.43
2026-08-07,Udhagamandalam(Uzhavar Sandhai ),STABLE,STABLE,86.95
2026-08-08,Udhagamandalam(Uzhavar Sandhai ),STABLE,STABLE,86.94
2026-08-09,Udhagamandalam(Uzhavar Sandhai ),STABLE,STABLE,87.1
2026-08-10,Udhagamandalam(Uzhavar Sandhai ),STABLE,STABLE,88.82
2026-08-11,Udhagamandalam(Uzhavar Sandhai ),STABLE,STABLE,89.68
2026-08-12,Udhagamandalam(Uzhavar Sandhai ),STABLE,STABLE,89.4
2026-08-13,Udhagamandalam(Uzhavar Sandhai ),STABLE,STABLE,88.35
2026-08-14,Udhagamandalam(Uzhavar Sandhai ),STABLE,STABLE,88.56
2026-08-15,Udhagamandalam(Uzhavar Sandhai ),STABLE,STABLE,87.43
2026-08-16,Udhagamandalam(Uzhavar Sandhai ),STABLE,STABLE,86.98
2026-08-17,Udhagamandalam(Uzhavar Sandhai ),STABLE,STABLE,88.31
2026-08-18,Udhagamandalam(Uzhavar Sandhai ),STABLE,STABLE,88.92
2026-08-19,Udhagamandalam(Uzhavar Sandhai ),STABLE,STABLE,89.49
2026-08-20,Udhagamandalam(Uzhavar Sandhai ),STABLE,STABLE,89.44
2026-08-21,Udhagamandalam(Uzhavar Sandhai ),STABLE,STABLE,89.06
2026-08-22,Udhagamandalam(Uzhavar Sandhai ),STABLE,STABLE,87.69
2026-08-23,Udhagamandalam(Uzhavar Sandhai ),STABLE,STABLE,87.45
2026-06-29,Udumalpet APMC,DECREASING,STABLE,55.58
2026-06-30,Udumalpet APMC,INCREASING,STABLE,71.37
2026-07-01,Udumalpet APMC,INCREASING,STABLE,51.81
2026-07-02,Udumalpet APMC,DECREASING,STABLE,51.22
2026-07-03,Udumalpet APMC,DECREASING,STABLE,47.02
2026-07-03,Udumalpet APMC,INCREASING,INCREASING,50.58
2026-07-04,Udumalpet APMC,DECREASING,STABLE,46.72
2026-07-05,Udumalpet APMC,INCREASING,STABLE,64.25
2026-07-06,Udumalpet APMC,STABLE,STABLE,51.92
2026-07-07,Udumalpet APMC,DECREASING,STABLE,49.36
2026-07-08,Udumalpet APMC,DECREASING,STABLE,71.05
2026-07-09,Udumalpet APMC,INCREASING,STABLE,44.87
2026-07-10,Udumalpet APMC,INCREASING,STABLE,59.08
2026-07-11,Udumalpet APMC,INCREASING,STABLE,43.37
2026-07-12,Udumalpet APMC,DECREASING,DECREASING,57.42
2026-07-13,Udumalpet APMC,STABLE,STABLE,51.26
2026-07-14,Udumalpet APMC,DECREASING,STABLE,51.85
2026-07-15,Udumalpet APMC,DECREASING,STABLE,44.9
2026-07-16,Udumalpet APMC,INCREASING,INCREASING,42.89
2026-07-17,Udumalpet APMC,STABLE,STABLE,45.77
2026-07-18,Udumalpet APMC,INCREASING,STABLE,62.44
2026-07-19,Udumalpet APMC,DECREASING,DECREASING,52.37
2026-07-20,Udumalpet APMC,INCREASING,STABLE,66.52
2026-07-21,Udumalpet APMC,STABLE,STABLE,53.46
2026-07-22,Udumalpet APMC,STABLE,STABLE,52.34
2026-07-23,Udumalpet APMC,DECREASING,STABLE,66.93
2026-07-24,Udumalpet APMC,INCREASING,INCREASING,46.82
2026-07-25,Udumalpet APMC,STABLE,STABLE,46.94
2026-07-26,Udumalpet APMC,DECREASING,DECREASING,48.31
2026-07-27,Udumalpet APMC,INCREASING,STABLE,51.46
2026-07-28,Udumalpet APMC,STABLE,STABLE,56.82
2026-07-29,Udumalpet APMC,STABLE,STABLE,53.1
2026-07-30,Udumalpet APMC,STABLE,STABLE,70.02
2026-07-31,Udumalpet APMC,STABLE,STABLE,62.11
2026-08-01,Udumalpet APMC,INCREASING,STABLE,45.03
2026-08-02,Udumalpet APMC,DECREASING,DECREASING,55.12
2026-08-03,Udumalpet APMC,DECREASING,STABLE,55.95
2026-08-04,Udumalpet APMC,STABLE,STABLE,68.12
2026-08-05,Udumalpet APMC,INCREASING,STABLE,70.58
2026-08-06,Udumalpet APMC,DECREASING,STABLE,49.66
2026-08-07,Udumalpet APMC,INCREASING,INCREASING,50.84
2026-08-08,Udumalpet APMC,STABLE,STABLE,43.8
2026-08-09,Udumalpet APMC,DECREASING,STABLE,56.49
2026-08-10,Udumalpet APMC,STABLE,STABLE,72.2
2026-08-11,Udumalpet APMC,STABLE,STABLE,70.17
2026-08-12,Udumalpet APMC,STABLE,STABLE,70.53
2026-08-13,Udumalpet APMC,STABLE,STABLE,67.78
2026-08-14,Udumalpet APMC,STABLE,INCREASING,45.87
2026-08-15,Udumalpet APMC,STABLE,STABLE,63.41
2026-08-16,Udumalpet APMC,DECREASING,STABLE,59.85
2026-08-17,Udumalpet APMC,DECREASING,STABLE,46.75
2026-08-18,Udumalpet APMC,STABLE,STABLE,45.7
2026-08-19,Udumalpet APMC,INCREASING,STABLE,41.15
2026-08-20,Udumalpet APMC,STABLE,STABLE,44.49
2026-08-21,Udumalpet APMC,INCREASING,INCREASING,43.25
2026-08-22,Udumalpet APMC,STABLE,STABLE,59.98
2026-08-23,Udumalpet APMC,INCREASING,STABLE,52.29
2026-06-29,Ulundurpettai APMC,STABLE,STABLE,55.56
2026-06-30,Ulundurpettai APMC,INCREASING,STABLE,44.54
2026-07-01,Ulundurpettai APMC,DECREASING,DECREASING,61.44
2026-07-02,Ulundurpettai APMC,STABLE,STABLE,60.02
2026-07-03,Ulundurpettai APMC,DECREASING,STABLE,70.79
2026-07-04,Ulundurpettai APMC,DECREASING,INCREASING,48.17
2026-07-05,Ulundurpettai APMC,INCREASING,INCREASING,51.36
2026-07-06,Ulundurpettai APMC,STABLE,INCREASING,60.4
2026-07-07,Ulundurpettai APMC,INCREASING,INCREASING,42.63
2026-07-08,Ulundurpettai APMC,DECREASING,DECREASING,65.35
2026-07-09,Ulundurpettai APMC,STABLE,STABLE,52.95
2026-07-10,Ulundurpettai APMC,STABLE,STABLE,70.29
2026-07-11,Ulundurpettai APMC,STABLE,STABLE,63.49
2026-07-12,Ulundurpettai APMC,DECREASING,STABLE,71.01
2026-07-13,Ulundurpettai APMC,DECREASING,INCREASING,63.74
2026-07-14,Ulundurpettai APMC,INCREASING,INCREASING,78.77
2026-07-15,Ulundurpettai APMC,DECREASING,DECREASING,51.48
2026-07-16,Ulundurpettai APMC,STABLE,INCREASING,60.38
2026-07-17,Ulundurpettai APMC,STABLE,STABLE,69.54
2026-07-18,Ulundurpettai APMC,STABLE,STABLE,62.09
2026-07-19,Ulundurpettai APMC,STABLE,STABLE,71.69
2026-07-20,Ulundurpettai APMC,STABLE,STABLE,51.66
2026-07-21,Ulundurpettai APMC,INCREASING,INCREASING,48.13
2026-07-22,Ulundurpettai APMC,DECREASING,DECREASING,71.26
2026-07-23,Ulundurpettai APMC,DECREASING,STABLE,51.87
2026-07-24,Ulundurpettai APMC,DECREASING,INCREASING,50.07
2026-07-25,Ulundurpettai APMC,INCREASING,INCREASING,55.68
2026-07-26,Ulundurpettai APMC,STABLE,INCREASING,47.33
2026-07-27,Ulundurpettai APMC,STABLE,STABLE,51.85
2026-07-28,Ulundurpettai APMC,INCREASING,INCREASING,42.76
2026-07-29,Ulundurpettai APMC,DECREASING,DECREASING,52.46
2026-07-30,Ulundurpettai APMC,STABLE,STABLE,52.75
2026-07-31,Ulundurpettai APMC,STABLE,STABLE,61.98
2026-08-01,Ulundurpettai APMC,INCREASING,STABLE,71.04
2026-08-02,Ulundurpettai APMC,DECREASING,STABLE,71.9
2026-08-03,Ulundurpettai APMC,DECREASING,INCREASING,60.91
2026-08-04,Ulundurpettai APMC,INCREASING,INCREASING,77.02
2026-08-05,Ulundurpettai APMC,DECREASING,STABLE,44.66
2026-08-06,Ulundurpettai APMC,STABLE,INCREASING,58.83
2026-08-07,Ulundurpettai APMC,STABLE,STABLE,70.17
2026-08-08,Ulundurpettai APMC,STABLE,STABLE,68.9
2026-08-09,Ulundurpettai APMC,STABLE,STABLE,71.49
2026-08-10,Ulundurpettai APMC,STABLE,STABLE,48.35
2026-08-11,Ulundurpettai APMC,INCREASING,INCREASING,43.75
2026-08-12,Ulundurpettai APMC,DECREASING,DECREASING,50.2
2026-08-13,Ulundurpettai APMC,DECREASING,INCREASING,61.13
2026-08-14,Ulundurpettai APMC,INCREASING,INCREASING,57.05
2026-08-15,Ulundurpettai APMC,STABLE,INCREASING,50.06
2026-08-16,Ulundurpettai APMC,STABLE,STABLE,71.66
2026-08-17,Ulundurpettai APMC,STABLE,STABLE,52.48
2026-08-18,Ulundurpettai APMC,INCREASING,INCREASING,43.57
2026-08-19,Ulundurpettai APMC,DECREASING,STABLE,47.48
2026-08-20,Ulundurpettai APMC,STABLE,STABLE,45.68
2026-08-21,Ulundurpettai APMC,DECREASING,STABLE,68.71
2026-08-22,Ulundurpettai APMC,DECREASING,INCREASING,50.51
2026-08-23,Ulundurpettai APMC,INCREASING,INCREASING,54.51
2026-06-30,Usilampatti(Uzhavar Sandhai ),INCREASING,STABLE,74.45
2026-07-01,Usilampatti(Uzhavar Sandhai ),STABLE,STABLE,78.67
2026-07-02,Usilampatti(Uzhavar Sandhai ),INCREASING,STABLE,78.26
2026-07-03,Usilampatti(Uzhavar Sandhai ),DECREASING,STABLE,75.05
2026-07-04,Usilampatti(Uzhavar Sandhai ),INCREASING,STABLE,75.64
2026-07-05,Usilampatti(Uzhavar Sandhai ),STABLE,STABLE,73.2
2026-07-07,Usilampatti(Uzhavar Sandhai ),STABLE,STABLE,78.7
2026-07-08,Usilampatti(Uzhavar Sandhai ),STABLE,STABLE,75.56
2026-07-09,Usilampatti(Uzhavar Sandhai ),STABLE,STABLE,75.33
2026-07-10,Usilampatti(Uzhavar Sandhai ),STABLE,STABLE,75.3
2026-07-11,Usilampatti(Uzhavar Sandhai ),STABLE,STABLE,75.52
2026-07-12,Usilampatti(Uzhavar Sandhai ),STABLE,STABLE,67.7
2026-07-13,Usilampatti(Uzhavar Sandhai ),DECREASING,STABLE,77.42
2026-07-14,Usilampatti(Uzhavar Sandhai ),INCREASING,STABLE,79.05
2026-07-15,Usilampatti(Uzhavar Sandhai ),DECREASING,STABLE,78.39
2026-07-16,Usilampatti(Uzhavar Sandhai ),STABLE,STABLE,78.04
2026-07-17,Usilampatti(Uzhavar Sandhai ),INCREASING,STABLE,77.04
2026-07-18,Usilampatti(Uzhavar Sandhai ),DECREASING,STABLE,76.56
2026-07-19,Usilampatti(Uzhavar Sandhai ),STABLE,STABLE,78.4
2026-07-20,Usilampatti(Uzhavar Sandhai ),STABLE,STABLE,79.51
2026-07-21,Usilampatti(Uzhavar Sandhai ),DECREASING,STABLE,78.16
2026-07-22,Usilampatti(Uzhavar Sandhai ),INCREASING,STABLE,77.62
2026-07-23,Usilampatti(Uzhavar Sandhai ),STABLE,STABLE,77.1
2026-07-24,Usilampatti(Uzhavar Sandhai ),STABLE,STABLE,76.46
2026-07-25,Usilampatti(Uzhavar Sandhai ),STABLE,STABLE,76.79
2026-07-26,Usilampatti(Uzhavar Sandhai ),STABLE,STABLE,73.49
2026-07-27,Usilampatti(Uzhavar Sandhai ),STABLE,STABLE,79.43
2026-07-28,Usilampatti(Uzhavar Sandhai ),STABLE,STABLE,78.41
2026-07-29,Usilampatti(Uzhavar Sandhai ),DECREASING,STABLE,75.55
2026-07-30,Usilampatti(Uzhavar Sandhai ),STABLE,STABLE,77.35
2026-07-31,Usilampatti(Uzhavar Sandhai ),STABLE,STABLE,75.26
2026-08-01,Usilampatti(Uzhavar Sandhai ),STABLE,STABLE,77.48
2026-08-02,Usilampatti(Uzhavar Sandhai ),STABLE,STABLE,78.4
2026-08-03,Usilampatti(Uzhavar Sandhai ),STABLE,STABLE,79.59
2026-08-04,Usilampatti(Uzhavar Sandhai ),STABLE,STABLE,78.86
2026-08-05,Usilampatti(Uzhavar Sandhai ),STABLE,STABLE,78.79
2026-08-06,Usilampatti(Uzhavar Sandhai ),STABLE,STABLE,78.03
2026-08-07,Usilampatti(Uzhavar Sandhai ),STABLE,STABLE,76.9
2026-08-08,Usilampatti(Uzhavar Sandhai ),STABLE,STABLE,77.14
2026-08-09,Usilampatti(Uzhavar Sandhai ),STABLE,STABLE,78.54
2026-08-10,Usilampatti(Uzhavar Sandhai ),INCREASING,STABLE,80.11
2026-08-11,Usilampatti(Uzhavar Sandhai ),STABLE,STABLE,79.14
2026-08-12,Usilampatti(Uzhavar Sandhai ),STABLE,STABLE,77.68
2026-08-13,Usilampatti(Uzhavar Sandhai ),STABLE,STABLE,76.56
2026-08-14,Usilampatti(Uzhavar Sandhai ),STABLE,STABLE,74.72
2026-08-15,Usilampatti(Uzhavar Sandhai ),STABLE,STABLE,75.19
2026-08-16,Usilampatti(Uzhavar Sandhai ),STABLE,STABLE,70.09
2026-08-17,Usilampatti(Uzhavar Sandhai ),STABLE,STABLE,77.8
2026-08-18,Usilampatti(Uzhavar Sandhai ),STABLE,STABLE,78.38
2026-08-19,Usilampatti(Uzhavar Sandhai ),STABLE,STABLE,77.11
2026-08-20,Usilampatti(Uzhavar Sandhai ),STABLE,STABLE,76.59
2026-08-21,Usilampatti(Uzhavar Sandhai ),STABLE,STABLE,76.55
2026-08-22,Usilampatti(Uzhavar Sandhai ),STABLE,STABLE,75.61
2026-08-23,Usilampatti(Uzhavar Sandhai ),STABLE,STABLE,72.08
2026-06-29,Vadalur(Uzhavar Sandhai ),STABLE,STABLE,76.64
2026-06-30,Vadalur(Uzhavar Sandhai ),STABLE,STABLE,75.4
2026-07-01,Vadalur(Uzhavar Sandhai ),STABLE,STABLE,76.82
2026-07-02,Vadalur(Uzhavar Sandhai ),STABLE,STABLE,76.48
2026-07-03,Vadalur(Uzhavar Sandhai ),STABLE,STABLE,76.15
2026-07-04,Vadalur(Uzhavar Sandhai ),STABLE,STABLE,76.62
2026-07-05,Vadalur(Uzhavar Sandhai ),STABLE,STABLE,71.75
2026-07-06,Vadalur(Uzhavar Sandhai ),STABLE,STABLE,78.75
2026-07-07,Vadalur(Uzhavar Sandhai ),STABLE,STABLE,76.54
2026-07-08,Vadalur(Uzhavar Sandhai ),STABLE,STABLE,75.94
2026-07-09,Vadalur(Uzhavar Sandhai ),STABLE,STABLE,76.17
2026-07-10,Vadalur(Uzhavar Sandhai ),STABLE,STABLE,75.88
2026-07-11,Vadalur(Uzhavar Sandhai ),STABLE,STABLE,76.01
2026-07-12,Vadalur(Uzhavar Sandhai ),STABLE,STABLE,73.85
2026-07-13,Vadalur(Uzhavar Sandhai ),STABLE,STABLE,76.89
2026-07-14,Vadalur(Uzhavar Sandhai ),STABLE,STABLE,76.06
2026-07-15,Vadalur(Uzhavar Sandhai ),STABLE,STABLE,75.99
2026-07-16,Vadalur(Uzhavar Sandhai ),STABLE,STABLE,75.16
2026-07-17,Vadalur(Uzhavar Sandhai ),STABLE,STABLE,75.19
2026-07-18,Vadalur(Uzhavar Sandhai ),STABLE,STABLE,75.43
2026-07-19,Vadalur(Uzhavar Sandhai ),STABLE,STABLE,73.05
2026-07-20,Vadalur(Uzhavar Sandhai ),STABLE,STABLE,76.95
2026-07-21,Vadalur(Uzhavar Sandhai ),STABLE,STABLE,75.54
2026-07-22,Vadalur(Uzhavar Sandhai ),STABLE,STABLE,74.46
2026-07-23,Vadalur(Uzhavar Sandhai ),STABLE,STABLE,74.41
2026-07-24,Vadalur(Uzhavar Sandhai ),STABLE,STABLE,73.39
2026-07-25,Vadalur(Uzhavar Sandhai ),STABLE,STABLE,73.45
2026-07-26,Vadalur(Uzhavar Sandhai ),DECREASING,STABLE,70.68
2026-07-27,Vadalur(Uzhavar Sandhai ),STABLE,STABLE,77.25
2026-07-28,Vadalur(Uzhavar Sandhai ),STABLE,STABLE,75.29
2026-07-29,Vadalur(Uzhavar Sandhai ),STABLE,STABLE,75.32
2026-07-30,Vadalur(Uzhavar Sandhai ),STABLE,STABLE,74.21
2026-07-31,Vadalur(Uzhavar Sandhai ),STABLE,STABLE,72.14
2026-08-01,Vadalur(Uzhavar Sandhai ),INCREASING,STABLE,76.46
2026-08-02,Vadalur(Uzhavar Sandhai ),STABLE,STABLE,70.76
2026-08-03,Vadalur(Uzhavar Sandhai ),STABLE,STABLE,77.28
2026-08-04,Vadalur(Uzhavar Sandhai ),STABLE,STABLE,77.76
2026-08-05,Vadalur(Uzhavar Sandhai ),STABLE,STABLE,75.7
2026-08-06,Vadalur(Uzhavar Sandhai ),STABLE,STABLE,75.08
2026-08-07,Vadalur(Uzhavar Sandhai ),STABLE,STABLE,74.1
2026-08-08,Vadalur(Uzhavar Sandhai ),STABLE,STABLE,75.4
2026-08-09,Vadalur(Uzhavar Sandhai ),STABLE,STABLE,73.53
2026-08-10,Vadalur(Uzhavar Sandhai ),STABLE,STABLE,76.37
2026-08-11,Vadalur(Uzhavar Sandhai ),STABLE,STABLE,75.85
2026-08-12,Vadalur(Uzhavar Sandhai ),STABLE,STABLE,75.88
2026-08-13,Vadalur(Uzhavar Sandhai ),STABLE,STABLE,76.11
2026-08-14,Vadalur(Uzhavar Sandhai ),STABLE,STABLE,75.48
2026-08-15,Vadalur(Uzhavar Sandhai ),STABLE,STABLE,76.1
2026-08-16,Vadalur(Uzhavar Sandhai ),STABLE,STABLE,73.23
2026-08-17,Vadalur(Uzhavar Sandhai ),DECREASING,STABLE,76.62
2026-08-18,Vadalur(Uzhavar Sandhai ),STABLE,STABLE,76.14
2026-08-19,Vadalur(Uzhavar Sandhai ),STABLE,STABLE,74.93
2026-08-20,Vadalur(Uzhavar Sandhai ),STABLE,STABLE,72.93
2026-08-21,Vadalur(Uzhavar Sandhai ),STABLE,STABLE,73.72
2026-08-22,Vadalur(Uzhavar Sandhai ),STABLE,STABLE,74.09
2026-08-23,Vadalur(Uzhavar Sandhai ),STABLE,STABLE,72.68
2026-06-29,Vadaseri APMC,STABLE,STABLE,76.45
2026-06-30,Vadaseri APMC,STABLE,STABLE,74.53
2026-07-01,Vadaseri APMC,STABLE,STABLE,75.7
2026-07-02,Vadaseri APMC,STABLE,STABLE,71.31
2026-07-03,Vadaseri APMC,STABLE,STABLE,71.76
2026-07-04,Vadaseri APMC,STABLE,STABLE,71.74
2026-07-05,Vadaseri APMC,STABLE,STABLE,74.48
2026-07-06,Vadaseri APMC,STABLE,STABLE,77.25
2026-07-07,Vadaseri APMC,STABLE,STABLE,75.45
2026-07-08,Vadaseri APMC,STABLE,STABLE,76.04
2026-07-09,Vadaseri APMC,STABLE,STABLE,71.17
2026-07-10,Vadaseri APMC,STABLE,STABLE,71.12
2026-07-11,Vadaseri APMC,STABLE,STABLE,71.28
2026-07-12,Vadaseri APMC,STABLE,STABLE,74.05
2026-07-13,Vadaseri APMC,STABLE,STABLE,76.73
2026-07-14,Vadaseri APMC,STABLE,STABLE,74.38
2026-07-15,Vadaseri APMC,STABLE,STABLE,74.94
2026-07-16,Vadaseri APMC,STABLE,STABLE,69.92
2026-07-17,Vadaseri APMC,STABLE,STABLE,70.48
2026-07-18,Vadaseri APMC,STABLE,STABLE,70.59
2026-07-19,Vadaseri APMC,STABLE,STABLE,73.43
2026-07-20,Vadaseri APMC,STABLE,STABLE,76.17
2026-07-21,Vadaseri APMC,STABLE,STABLE,74.26
2026-07-22,Vadaseri APMC,STABLE,STABLE,75.3
2026-07-23,Vadaseri APMC,STABLE,STABLE,70.44
2026-07-24,Vadaseri APMC,STABLE,STABLE,70.09
2026-07-25,Vadaseri APMC,STABLE,STABLE,70.68
2026-07-26,Vadaseri APMC,STABLE,STABLE,73.5
2026-07-27,Vadaseri APMC,STABLE,STABLE,76.37
2026-07-28,Vadaseri APMC,STABLE,STABLE,74.49
2026-07-29,Vadaseri APMC,STABLE,STABLE,74.96
2026-07-30,Vadaseri APMC,STABLE,STABLE,69.79
2026-07-31,Vadaseri APMC,STABLE,STABLE,68.46
2026-08-01,Vadaseri APMC,STABLE,STABLE,71.07
2026-08-02,Vadaseri APMC,STABLE,STABLE,74.08
2026-08-03,Vadaseri APMC,STABLE,STABLE,76.71
2026-08-04,Vadaseri APMC,STABLE,STABLE,74.96
2026-08-05,Vadaseri APMC,STABLE,STABLE,75.68
2026-08-06,Vadaseri APMC,STABLE,STABLE,71.06
2026-08-07,Vadaseri APMC,STABLE,STABLE,71.42
2026-08-08,Vadaseri APMC,STABLE,STABLE,71.64
2026-08-09,Vadaseri APMC,STABLE,STABLE,74.39
2026-08-10,Vadaseri APMC,STABLE,STABLE,77.13
2026-08-11,Vadaseri APMC,STABLE,STABLE,75.31
2026-08-12,Vadaseri APMC,STABLE,STABLE,75.9
2026-08-13,Vadaseri APMC,STABLE,STABLE,70.97
2026-08-14,Vadaseri APMC,STABLE,STABLE,70.96
2026-08-15,Vadaseri APMC,DECREASING,STABLE,71.16
2026-08-16,Vadaseri APMC,STABLE,STABLE,46.67
2026-08-17,Vadaseri APMC,INCREASING,STABLE,51.23
2026-08-18,Vadaseri APMC,INCREASING,STABLE,62.9
2026-08-19,Vadaseri APMC,STABLE,STABLE,68.7
2026-08-20,Vadaseri APMC,STABLE,STABLE,63.25
2026-08-21,Vadaseri APMC,STABLE,STABLE,64.62
2026-08-22,Vadaseri APMC,STABLE,STABLE,64.95
2026-08-23,Vadaseri APMC,STABLE,STABLE,65.85
2026-06-29,Vadavalli(Uzhavar Sandhai ),STABLE,STABLE,62.38
2026-06-30,Vadavalli(Uzhavar Sandhai ),STABLE,STABLE,60.74
2026-07-01,Vadavalli(Uzhavar Sandhai ),STABLE,STABLE,58.79
2026-07-02,Vadavalli(Uzhavar Sandhai ),STABLE,STABLE,53.83
2026-07-03,Vadavalli(Uzhavar Sandhai ),DECREASING,STABLE,51.26
2026-07-03,Vadavalli(Uzhavar Sandhai ),INCREASING,INCREASING,44.33
2026-07-04,Vadavalli(Uzhavar Sandhai ),INCREASING,STABLE,55.46
2026-07-05,Vadavalli(Uzhavar Sandhai ),DECREASING,DECREASING,63.15
2026-07-05,Vadavalli(Uzhavar Sandhai ),INCREASING,INCREASING,41.87
2026-07-06,Vadavalli(Uzhavar Sandhai ),STABLE,STABLE,59.36
2026-07-07,Vadavalli(Uzhavar Sandhai ),STABLE,STABLE,60.82
2026-07-08,Vadavalli(Uzhavar Sandhai ),STABLE,STABLE,61.31
2026-07-09,Vadavalli(Uzhavar Sandhai ),STABLE,STABLE,53.98
2026-07-10,Vadavalli(Uzhavar Sandhai ),STABLE,STABLE,52.64
2026-07-11,Vadavalli(Uzhavar Sandhai ),INCREASING,STABLE,53.02
2026-07-12,Vadavalli(Uzhavar Sandhai ),DECREASING,DECREASING,56.97
2026-07-13,Vadavalli(Uzhavar Sandhai ),STABLE,STABLE,64.85
2026-07-14,Vadavalli(Uzhavar Sandhai ),STABLE,STABLE,64.81
2026-07-15,Vadavalli(Uzhavar Sandhai ),INCREASING,STABLE,60.88
2026-07-16,Vadavalli(Uzhavar Sandhai ),STABLE,STABLE,65.94
2026-07-17,Vadavalli(Uzhavar Sandhai ),STABLE,STABLE,67.59
2026-07-18,Vadavalli(Uzhavar Sandhai ),STABLE,STABLE,68.04
2026-07-19,Vadavalli(Uzhavar Sandhai ),DECREASING,DECREASING,60.46
2026-07-20,Vadavalli(Uzhavar Sandhai ),STABLE,STABLE,62.17
2026-07-21,Vadavalli(Uzhavar Sandhai ),STABLE,STABLE,57.98
2026-07-22,Vadavalli(Uzhavar Sandhai ),STABLE,STABLE,57.02
2026-07-23,Vadavalli(Uzhavar Sandhai ),STABLE,STABLE,60.35
2026-07-24,Vadavalli(Uzhavar Sandhai ),STABLE,STABLE,65.74
2026-07-25,Vadavalli(Uzhavar Sandhai ),STABLE,STABLE,66.85
2026-07-26,Vadavalli(Uzhavar Sandhai ),DECREASING,DECREASING,62.14
2026-07-27,Vadavalli(Uzhavar Sandhai ),INCREASING,STABLE,58.08
2026-07-28,Vadavalli(Uzhavar Sandhai ),STABLE,STABLE,58.71
2026-07-29,Vadavalli(Uzhavar Sandhai ),STABLE,STABLE,57.54
2026-07-30,Vadavalli(Uzhavar Sandhai ),STABLE,STABLE,53.48
2026-07-31,Vadavalli(Uzhavar Sandhai ),STABLE,STABLE,51.03
2026-08-01,Vadavalli(Uzhavar Sandhai ),STABLE,STABLE,60.25
2026-08-02,Vadavalli(Uzhavar Sandhai ),STABLE,DECREASING,58.54
2026-08-03,Vadavalli(Uzhavar Sandhai ),DECREASING,STABLE,70.34
2026-08-04,Vadavalli(Uzhavar Sandhai ),STABLE,STABLE,62.57
2026-08-05,Vadavalli(Uzhavar Sandhai ),STABLE,STABLE,56.52
2026-08-06,Vadavalli(Uzhavar Sandhai ),STABLE,STABLE,53.53
2026-08-07,Vadavalli(Uzhavar Sandhai ),INCREASING,STABLE,65.11
2026-08-08,Vadavalli(Uzhavar Sandhai ),DECREASING,STABLE,74.29
2026-08-09,Vadavalli(Uzhavar Sandhai ),DECREASING,DECREASING,49.33
2026-08-10,Vadavalli(Uzhavar Sandhai ),INCREASING,STABLE,64.62
2026-08-11,Vadavalli(Uzhavar Sandhai ),STABLE,STABLE,69.71
2026-08-12,Vadavalli(Uzhavar Sandhai ),DECREASING,STABLE,69.88
2026-08-13,Vadavalli(Uzhavar Sandhai ),STABLE,STABLE,60.56
2026-08-14,Vadavalli(Uzhavar Sandhai ),STABLE,STABLE,58.99
2026-08-15,Vadavalli(Uzhavar Sandhai ),STABLE,STABLE,61.29
2026-08-16,Vadavalli(Uzhavar Sandhai ),INCREASING,DECREASING,56.85
2026-08-17,Vadavalli(Uzhavar Sandhai ),DECREASING,STABLE,71.37
2026-08-18,Vadavalli(Uzhavar Sandhai ),STABLE,STABLE,58.55
2026-08-19,Vadavalli(Uzhavar Sandhai ),STABLE,STABLE,53.32
2026-08-20,Vadavalli(Uzhavar Sandhai ),STABLE,STABLE,48.67
2026-08-21,Vadavalli(Uzhavar Sandhai ),INCREASING,STABLE,49.87
2026-08-22,Vadavalli(Uzhavar Sandhai ),STABLE,STABLE,67.67
2026-08-23,Vadavalli(Uzhavar Sandhai ),DECREASING,DECREASING,62.91
2026-06-29,Valangaiman APMC,STABLE,INCREASING,52.59
2026-06-30,Valangaiman APMC,INCREASING,INCREASING,51.62
2026-07-01,Valangaiman APMC,INCREASING,INCREASING,60.7
2026-07-02,Valangaiman APMC,DECREASING,STABLE,65.15
2026-07-03,Valangaiman APMC,DECREASING,INCREASING,58.53
2026-07-04,Valangaiman APMC,STABLE,INCREASING,53.24
2026-07-06,Valangaiman APMC,STABLE,INCREASING,58.22
2026-07-07,Valangaiman APMC,STABLE,INCREASING,56.69
2026-07-08,Valangaiman APMC,STABLE,INCREASING,56.44
2026-07-09,Valangaiman APMC,STABLE,INCREASING,55.99
2026-07-10,Valangaiman APMC,STABLE,INCREASING,54.67
2026-07-11,Valangaiman APMC,STABLE,INCREASING,54.3
2026-07-12,Valangaiman APMC,INCREASING,INCREASING,51.92
2026-07-13,Valangaiman APMC,DECREASING,INCREASING,63.13
2026-07-14,Valangaiman APMC,STABLE,INCREASING,57.26
2026-07-15,Valangaiman APMC,STABLE,INCREASING,57.54
2026-07-16,Valangaiman APMC,STABLE,INCREASING,56.27
2026-07-17,Valangaiman APMC,STABLE,INCREASING,54.96
2026-07-18,Valangaiman APMC,STABLE,INCREASING,53.82
2026-07-19,Valangaiman APMC,STABLE,INCREASING,51.76
2026-07-20,Valangaiman APMC,STABLE,INCREASING,58.16
2026-07-21,Valangaiman APMC,STABLE,INCREASING,56.7
2026-07-22,Valangaiman APMC,STABLE,INCREASING,55.91
2026-07-23,Valangaiman APMC,STABLE,INCREASING,54.65
2026-07-24,Valangaiman APMC,STABLE,INCREASING,53.32
2026-07-25,Valangaiman APMC,STABLE,INCREASING,51.83
2026-07-26,Valangaiman APMC,STABLE,INCREASING,48.87
2026-07-27,Valangaiman APMC,STABLE,INCREASING,55.24
2026-07-28,Valangaiman APMC,STABLE,INCREASING,53.42
2026-07-29,Valangaiman APMC,STABLE,INCREASING,53.15
2026-07-30,Valangaiman APMC,STABLE,INCREASING,52.34
2026-07-31,Valangaiman APMC,STABLE,INCREASING,50.21
2026-08-01,Valangaiman APMC,STABLE,INCREASING,53.3
2026-08-02,Valangaiman APMC,STABLE,INCREASING,51.32
2026-08-03,Valangaiman APMC,STABLE,INCREASING,60.04
2026-08-04,Valangaiman APMC,STABLE,INCREASING,58.53
2026-08-05,Valangaiman APMC,STABLE,INCREASING,58.36
2026-08-06,Valangaiman APMC,STABLE,INCREASING,57.71
2026-08-07,Valangaiman APMC,STABLE,INCREASING,55.05
2026-08-08,Valangaiman APMC,STABLE,INCREASING,54.59
2026-08-09,Valangaiman APMC,STABLE,INCREASING,52.3
2026-08-10,Valangaiman APMC,STABLE,INCREASING,58.75
2026-08-11,Valangaiman APMC,STABLE,INCREASING,57.27
2026-08-12,Valangaiman APMC,STABLE,INCREASING,57.2
2026-08-13,Valangaiman APMC,STABLE,INCREASING,55.65
2026-08-14,Valangaiman APMC,STABLE,INCREASING,53.98
2026-08-15,Valangaiman APMC,STABLE,INCREASING,53.76
2026-08-16,Valangaiman APMC,STABLE,INCREASING,51.29
2026-08-17,Valangaiman APMC,STABLE,INCREASING,57.94
2026-08-18,Valangaiman APMC,STABLE,INCREASING,56.22
2026-08-19,Valangaiman APMC,STABLE,INCREASING,55.95
2026-08-20,Valangaiman APMC,STABLE,INCREASING,54.6
2026-08-21,Valangaiman APMC,STABLE,INCREASING,53.44
2026-08-22,Valangaiman APMC,STABLE,INCREASING,52.41
2026-08-23,Valangaiman APMC,STABLE,INCREASING,49.94
2026-06-29,Vandavasi(Uzhavar Sandhai ),STABLE,STABLE,81.59
2026-06-30,Vandavasi(Uzhavar Sandhai ),STABLE,STABLE,77.07
2026-07-01,Vandavasi(Uzhavar Sandhai ),STABLE,STABLE,82.42
2026-07-02,Vandavasi(Uzhavar Sandhai ),STABLE,STABLE,82.03
2026-07-03,Vandavasi(Uzhavar Sandhai ),STABLE,STABLE,78.78
2026-07-03,Vandavasi(Uzhavar Sandhai ),STABLE,STABLE,80.8
2026-07-04,Vandavasi(Uzhavar Sandhai ),STABLE,STABLE,76.69
2026-07-04,Vandavasi(Uzhavar Sandhai ),STABLE,STABLE,80.65
2026-07-05,Vandavasi(Uzhavar Sandhai ),STABLE,STABLE,75.37
2026-07-06,Vandavasi(Uzhavar Sandhai ),STABLE,STABLE,79.01
2026-07-07,Vandavasi(Uzhavar Sandhai ),STABLE,STABLE,76.87
2026-07-08,Vandavasi(Uzhavar Sandhai ),STABLE,STABLE,79.16
2026-07-09,Vandavasi(Uzhavar Sandhai ),STABLE,STABLE,78.5
2026-07-10,Vandavasi(Uzhavar Sandhai ),INCREASING,STABLE,78.3
2026-07-11,Vandavasi(Uzhavar Sandhai ),DECREASING,STABLE,52.53
2026-07-12,Vandavasi(Uzhavar Sandhai ),INCREASING,STABLE,76.31
2026-07-13,Vandavasi(Uzhavar Sandhai ),DECREASING,STABLE,54.28
2026-07-14,Vandavasi(Uzhavar Sandhai ),STABLE,STABLE,79.12
2026-07-15,Vandavasi(Uzhavar Sandhai ),STABLE,STABLE,79.35
2026-07-16,Vandavasi(Uzhavar Sandhai ),STABLE,STABLE,78.76
2026-07-17,Vandavasi(Uzhavar Sandhai ),STABLE,STABLE,78.12
2026-07-18,Vandavasi(Uzhavar Sandhai ),STABLE,STABLE,78.11
2026-07-19,Vandavasi(Uzhavar Sandhai ),STABLE,STABLE,76.37
2026-07-20,Vandavasi(Uzhavar Sandhai ),STABLE,STABLE,78.91
2026-07-21,Vandavasi(Uzhavar Sandhai ),STABLE,STABLE,78.97
2026-07-22,Vandavasi(Uzhavar Sandhai ),STABLE,STABLE,78.46
2026-07-23,Vandavasi(Uzhavar Sandhai ),STABLE,STABLE,77.78
2026-07-24,Vandavasi(Uzhavar Sandhai ),STABLE,STABLE,77.62
2026-07-25,Vandavasi(Uzhavar Sandhai ),STABLE,STABLE,77.7
2026-07-26,Vandavasi(Uzhavar Sandhai ),STABLE,STABLE,75.6
2026-07-27,Vandavasi(Uzhavar Sandhai ),STABLE,STABLE,78.31
2026-07-28,Vandavasi(Uzhavar Sandhai ),STABLE,STABLE,77.54
2026-07-29,Vandavasi(Uzhavar Sandhai ),STABLE,STABLE,77.71
2026-07-30,Vandavasi(Uzhavar Sandhai ),STABLE,STABLE,76.34
2026-07-31,Vandavasi(Uzhavar Sandhai ),STABLE,STABLE,75.37
2026-08-01,Vandavasi(Uzhavar Sandhai ),STABLE,STABLE,77.29
2026-08-02,Vandavasi(Uzhavar Sandhai ),STABLE,STABLE,75.56
2026-08-03,Vandavasi(Uzhavar Sandhai ),STABLE,STABLE,78.39
2026-08-04,Vandavasi(Uzhavar Sandhai ),STABLE,STABLE,78.5
2026-08-05,Vandavasi(Uzhavar Sandhai ),STABLE,STABLE,78.78
2026-08-06,Vandavasi(Uzhavar Sandhai ),STABLE,STABLE,78.31
2026-08-07,Vandavasi(Uzhavar Sandhai ),STABLE,STABLE,77.46
2026-08-08,Vandavasi(Uzhavar Sandhai ),STABLE,STABLE,77.81
2026-08-09,Vandavasi(Uzhavar Sandhai ),INCREASING,STABLE,75.67
2026-08-10,Vandavasi(Uzhavar Sandhai ),DECREASING,STABLE,76.47
2026-08-11,Vandavasi(Uzhavar Sandhai ),STABLE,STABLE,79.23
2026-08-12,Vandavasi(Uzhavar Sandhai ),STABLE,STABLE,79.54
2026-08-13,Vandavasi(Uzhavar Sandhai ),INCREASING,STABLE,80.06
2026-08-14,Vandavasi(Uzhavar Sandhai ),DECREASING,STABLE,51.02
2026-08-15,Vandavasi(Uzhavar Sandhai ),STABLE,STABLE,78.78
2026-08-16,Vandavasi(Uzhavar Sandhai ),STABLE,STABLE,76.82
2026-08-17,Vandavasi(Uzhavar Sandhai ),STABLE,STABLE,80.61
2026-08-18,Vandavasi(Uzhavar Sandhai ),STABLE,STABLE,80.54
2026-08-19,Vandavasi(Uzhavar Sandhai ),STABLE,STABLE,79.31
2026-08-20,Vandavasi(Uzhavar Sandhai ),STABLE,STABLE,79.73
2026-08-21,Vandavasi(Uzhavar Sandhai ),STABLE,STABLE,78.46
2026-08-22,Vandavasi(Uzhavar Sandhai ),STABLE,STABLE,78.21
2026-08-23,Vandavasi(Uzhavar Sandhai ),INCREASING,STABLE,76.33
2026-06-29,Vaniyampadi(Uzhavar Sandhai ),STABLE,STABLE,62.46
2026-06-30,Vaniyampadi(Uzhavar Sandhai ),STABLE,STABLE,61.72
2026-07-01,Vaniyampadi(Uzhavar Sandhai ),STABLE,STABLE,67.49
2026-07-02,Vaniyampadi(Uzhavar Sandhai ),STABLE,STABLE,63.55
2026-07-03,Vaniyampadi(Uzhavar Sandhai ),STABLE,STABLE,66.2
2026-07-04,Vaniyampadi(Uzhavar Sandhai ),STABLE,STABLE,65.73
2026-07-06,Vaniyampadi(Uzhavar Sandhai ),STABLE,STABLE,67.31
2026-07-07,Vaniyampadi(Uzhavar Sandhai ),STABLE,STABLE,64.99
2026-07-08,Vaniyampadi(Uzhavar Sandhai ),STABLE,STABLE,63.64
2026-07-09,Vaniyampadi(Uzhavar Sandhai ),STABLE,STABLE,61.75
2026-07-10,Vaniyampadi(Uzhavar Sandhai ),STABLE,STABLE,63.34
2026-07-11,Vaniyampadi(Uzhavar Sandhai ),STABLE,STABLE,63.47
2026-07-12,Vaniyampadi(Uzhavar Sandhai ),DECREASING,STABLE,52.75
2026-07-13,Vaniyampadi(Uzhavar Sandhai ),INCREASING,STABLE,51.96
2026-07-14,Vaniyampadi(Uzhavar Sandhai ),DECREASING,STABLE,63.4
2026-07-15,Vaniyampadi(Uzhavar Sandhai ),INCREASING,STABLE,50.9
2026-07-16,Vaniyampadi(Uzhavar Sandhai ),STABLE,STABLE,59.9
2026-07-17,Vaniyampadi(Uzhavar Sandhai ),STABLE,STABLE,60.52
2026-07-18,Vaniyampadi(Uzhavar Sandhai ),STABLE,STABLE,61.79
2026-07-19,Vaniyampadi(Uzhavar Sandhai ),STABLE,DECREASING,51.96
2026-07-20,Vaniyampadi(Uzhavar Sandhai ),STABLE,STABLE,64.14
2026-07-21,Vaniyampadi(Uzhavar Sandhai ),STABLE,STABLE,60.58
2026-07-22,Vaniyampadi(Uzhavar Sandhai ),STABLE,STABLE,58.44
2026-07-23,Vaniyampadi(Uzhavar Sandhai ),STABLE,STABLE,59.19
2026-07-24,Vaniyampadi(Uzhavar Sandhai ),STABLE,STABLE,60.06
2026-07-25,Vaniyampadi(Uzhavar Sandhai ),STABLE,STABLE,63.39
2026-07-26,Vaniyampadi(Uzhavar Sandhai ),DECREASING,STABLE,55.85
2026-07-27,Vaniyampadi(Uzhavar Sandhai ),INCREASING,STABLE,52.54
2026-07-28,Vaniyampadi(Uzhavar Sandhai ),DECREASING,STABLE,64.44
2026-07-29,Vaniyampadi(Uzhavar Sandhai ),INCREASING,STABLE,52.36
2026-07-30,Vaniyampadi(Uzhavar Sandhai ),STABLE,STABLE,62.56
2026-07-31,Vaniyampadi(Uzhavar Sandhai ),DECREASING,STABLE,60.27
2026-08-01,Vaniyampadi(Uzhavar Sandhai ),INCREASING,STABLE,50.42
2026-08-02,Vaniyampadi(Uzhavar Sandhai ),DECREASING,STABLE,55.9
2026-08-03,Vaniyampadi(Uzhavar Sandhai ),STABLE,STABLE,52.68
2026-08-04,Vaniyampadi(Uzhavar Sandhai ),INCREASING,STABLE,51.59
2026-08-05,Vaniyampadi(Uzhavar Sandhai ),STABLE,STABLE,65.91
2026-08-06,Vaniyampadi(Uzhavar Sandhai ),INCREASING,STABLE,51.1
2026-08-07,Vaniyampadi(Uzhavar Sandhai ),DECREASING,STABLE,65.82
2026-08-08,Vaniyampadi(Uzhavar Sandhai ),INCREASING,STABLE,48.93
2026-08-09,Vaniyampadi(Uzhavar Sandhai ),STABLE,STABLE,52.37
2026-08-10,Vaniyampadi(Uzhavar Sandhai ),DECREASING,STABLE,65.29
2026-08-11,Vaniyampadi(Uzhavar Sandhai ),INCREASING,STABLE,51.29
2026-08-12,Vaniyampadi(Uzhavar Sandhai ),DECREASING,STABLE,63.86
2026-08-13,Vaniyampadi(Uzhavar Sandhai ),STABLE,STABLE,52.2
2026-08-14,Vaniyampadi(Uzhavar Sandhai ),INCREASING,STABLE,51.98
2026-08-15,Vaniyampadi(Uzhavar Sandhai ),STABLE,STABLE,65.14
2026-08-16,Vaniyampadi(Uzhavar Sandhai ),DECREASING,STABLE,50.35
2026-08-17,Vaniyampadi(Uzhavar Sandhai ),INCREASING,STABLE,53.54
2026-08-18,Vaniyampadi(Uzhavar Sandhai ),STABLE,STABLE,63.73
2026-08-19,Vaniyampadi(Uzhavar Sandhai ),STABLE,STABLE,63.82
2026-08-20,Vaniyampadi(Uzhavar Sandhai ),DECREASING,STABLE,63.28
2026-08-21,Vaniyampadi(Uzhavar Sandhai ),INCREASING,STABLE,49.87
2026-08-22,Vaniyampadi(Uzhavar Sandhai ),STABLE,STABLE,62.01
2026-08-23,Vaniyampadi(Uzhavar Sandhai ),DECREASING,STABLE,52.0
2026-06-29,Vazhapadi(Uzhavar Sandhai),STABLE,STABLE,65.0
2026-06-30,Vazhapadi(Uzhavar Sandhai),STABLE,STABLE,64.47
2026-07-01,Vazhapadi(Uzhavar Sandhai),STABLE,STABLE,65.59
2026-07-02,Vazhapadi(Uzhavar Sandhai),STABLE,STABLE,63.69
2026-07-03,Vazhapadi(Uzhavar Sandhai),STABLE,STABLE,64.06
2026-07-04,Vazhapadi(Uzhavar Sandhai),STABLE,STABLE,61.98
2026-07-05,Vazhapadi(Uzhavar Sandhai),STABLE,STABLE,57.07
2026-07-06,Vazhapadi(Uzhavar Sandhai),STABLE,STABLE,64.21
2026-07-07,Vazhapadi(Uzhavar Sandhai),STABLE,STABLE,62.63
2026-07-08,Vazhapadi(Uzhavar Sandhai),STABLE,STABLE,65.72
2026-07-09,Vazhapadi(Uzhavar Sandhai),STABLE,STABLE,66.18
2026-07-10,Vazhapadi(Uzhavar Sandhai),STABLE,STABLE,64.36
2026-07-11,Vazhapadi(Uzhavar Sandhai),STABLE,STABLE,64.23
2026-07-12,Vazhapadi(Uzhavar Sandhai),STABLE,STABLE,60.27
2026-07-13,Vazhapadi(Uzhavar Sandhai),STABLE,STABLE,65.65
2026-07-14,Vazhapadi(Uzhavar Sandhai),STABLE,STABLE,64.17
2026-07-15,Vazhapadi(Uzhavar Sandhai),STABLE,STABLE,63.82
2026-07-16,Vazhapadi(Uzhavar Sandhai),STABLE,STABLE,62.41
2026-07-17,Vazhapadi(Uzhavar Sandhai),DECREASING,STABLE,58.99
2026-07-18,Vazhapadi(Uzhavar Sandhai),STABLE,STABLE,63.89
2026-07-19,Vazhapadi(Uzhavar Sandhai),DECREASING,STABLE,56.98
2026-07-20,Vazhapadi(Uzhavar Sandhai),STABLE,STABLE,66.8
2026-07-21,Vazhapadi(Uzhavar Sandhai),STABLE,STABLE,62.42
2026-07-22,Vazhapadi(Uzhavar Sandhai),STABLE,STABLE,60.62
2026-07-23,Vazhapadi(Uzhavar Sandhai),STABLE,STABLE,58.09
2026-07-24,Vazhapadi(Uzhavar Sandhai),STABLE,STABLE,55.18
2026-07-25,Vazhapadi(Uzhavar Sandhai),STABLE,STABLE,55.88
2026-07-26,Vazhapadi(Uzhavar Sandhai),STABLE,DECREASING,56.83
2026-07-27,Vazhapadi(Uzhavar Sandhai),DECREASING,STABLE,58.0
2026-07-28,Vazhapadi(Uzhavar Sandhai),STABLE,STABLE,62.13
2026-07-29,Vazhapadi(Uzhavar Sandhai),INCREASING,STABLE,62.32
2026-07-30,Vazhapadi(Uzhavar Sandhai),STABLE,STABLE,57.14
2026-07-31,Vazhapadi(Uzhavar Sandhai),STABLE,STABLE,55.91
2026-08-01,Vazhapadi(Uzhavar Sandhai),INCREASING,STABLE,57.53
2026-08-02,Vazhapadi(Uzhavar Sandhai),DECREASING,DECREASING,54.5
2026-08-03,Vazhapadi(Uzhavar Sandhai),INCREASING,STABLE,55.42
2026-08-04,Vazhapadi(Uzhavar Sandhai),INCREASING,STABLE,65.59
2026-08-05,Vazhapadi(Uzhavar Sandhai),STABLE,STABLE,58.25
2026-08-06,Vazhapadi(Uzhavar Sandhai),STABLE,STABLE,58.75
2026-08-07,Vazhapadi(Uzhavar Sandhai),INCREASING,STABLE,61.73
2026-08-08,Vazhapadi(Uzhavar Sandhai),STABLE,STABLE,58.38
2026-08-09,Vazhapadi(Uzhavar Sandhai),DECREASING,DECREASING,56.11
2026-08-10,Vazhapadi(Uzhavar Sandhai),STABLE,STABLE,64.91
2026-08-11,Vazhapadi(Uzhavar Sandhai),INCREASING,STABLE,62.66
2026-08-12,Vazhapadi(Uzhavar Sandhai),DECREASING,STABLE,56.91
2026-08-13,Vazhapadi(Uzhavar Sandhai),STABLE,STABLE,61.07
2026-08-14,Vazhapadi(Uzhavar Sandhai),STABLE,STABLE,61.11
2026-08-15,Vazhapadi(Uzhavar Sandhai),STABLE,STABLE,59.6
2026-08-16,Vazhapadi(Uzhavar Sandhai),STABLE,DECREASING,50.83
2026-08-17,Vazhapadi(Uzhavar Sandhai),STABLE,STABLE,59.73
2026-08-18,Vazhapadi(Uzhavar Sandhai),STABLE,STABLE,56.43
2026-08-19,Vazhapadi(Uzhavar Sandhai),DECREASING,STABLE,54.69
2026-08-20,Vazhapadi(Uzhavar Sandhai),STABLE,STABLE,55.29
2026-08-21,Vazhapadi(Uzhavar Sandhai),INCREASING,STABLE,58.06
2026-08-22,Vazhapadi(Uzhavar Sandhai),DECREASING,STABLE,53.52
2026-08-23,Vazhapadi(Uzhavar Sandhai),STABLE,STABLE,53.43
2026-06-29,Vedaranyam(Uzhavar Sandhai),STABLE,STABLE,66.2
2026-06-30,Vedaranyam(Uzhavar Sandhai),STABLE,STABLE,64.21
2026-07-01,Vedaranyam(Uzhavar Sandhai),DECREASING,STABLE,53.81
2026-07-02,Vedaranyam(Uzhavar Sandhai),INCREASING,STABLE,41.4
2026-07-03,Vedaranyam(Uzhavar Sandhai),DECREASING,STABLE,53.29
2026-07-04,Vedaranyam(Uzhavar Sandhai),STABLE,STABLE,41.7
2026-07-05,Vedaranyam(Uzhavar Sandhai),INCREASING,STABLE,42.32
2026-07-07,Vedaranyam(Uzhavar Sandhai),STABLE,STABLE,54.95
2026-07-08,Vedaranyam(Uzhavar Sandhai),STABLE,STABLE,54.95
2026-07-09,Vedaranyam(Uzhavar Sandhai),STABLE,STABLE,53.96
2026-07-11,Vedaranyam(Uzhavar Sandhai),STABLE,STABLE,54.29
2026-07-12,Vedaranyam(Uzhavar Sandhai),INCREASING,STABLE,55.7
2026-07-13,Vedaranyam(Uzhavar Sandhai),DECREASING,STABLE,62.65
2026-07-14,Vedaranyam(Uzhavar Sandhai),INCREASING,STABLE,38.35
2026-07-15,Vedaranyam(Uzhavar Sandhai),STABLE,STABLE,61.64
2026-07-16,Vedaranyam(Uzhavar Sandhai),STABLE,STABLE,59.33
2026-07-17,Vedaranyam(Uzhavar Sandhai),STABLE,STABLE,59.35
2026-07-18,Vedaranyam(Uzhavar Sandhai),STABLE,STABLE,59.66
2026-07-19,Vedaranyam(Uzhavar Sandhai),DECREASING,STABLE,59.6
2026-07-20,Vedaranyam(Uzhavar Sandhai),INCREASING,STABLE,43.13
2026-07-21,Vedaranyam(Uzhavar Sandhai),STABLE,STABLE,61.61
2026-07-22,Vedaranyam(Uzhavar Sandhai),STABLE,STABLE,61.65
2026-07-23,Vedaranyam(Uzhavar Sandhai),STABLE,STABLE,63.26
2026-07-24,Vedaranyam(Uzhavar Sandhai),STABLE,STABLE,64.17
2026-07-25,Vedaranyam(Uzhavar Sandhai),STABLE,STABLE,64.5
2026-07-26,Vedaranyam(Uzhavar Sandhai),STABLE,STABLE,64.51
2026-07-27,Vedaranyam(Uzhavar Sandhai),STABLE,STABLE,66.09
2026-07-28,Vedaranyam(Uzhavar Sandhai),INCREASING,STABLE,65.23
2026-07-29,Vedaranyam(Uzhavar Sandhai),STABLE,STABLE,64.15
2026-07-30,Vedaranyam(Uzhavar Sandhai),STABLE,STABLE,63.3
2026-07-31,Vedaranyam(Uzhavar Sandhai),STABLE,STABLE,62.96
2026-08-02,Vedaranyam(Uzhavar Sandhai),STABLE,STABLE,53.93
2026-08-03,Vedaranyam(Uzhavar Sandhai),DECREASING,STABLE,54.87
2026-08-04,Vedaranyam(Uzhavar Sandhai),INCREASING,STABLE,39.8
2026-08-05,Vedaranyam(Uzhavar Sandhai),INCREASING,STABLE,54.5
2026-08-06,Vedaranyam(Uzhavar Sandhai),STABLE,STABLE,59.53
2026-08-07,Vedaranyam(Uzhavar Sandhai),STABLE,STABLE,53.44
2026-08-08,Vedaranyam(Uzhavar Sandhai),DECREASING,STABLE,53.76
2026-08-09,Vedaranyam(Uzhavar Sandhai),STABLE,STABLE,40.78
2026-08-10,Vedaranyam(Uzhavar Sandhai),INCREASING,STABLE,39.69
2026-08-11,Vedaranyam(Uzhavar Sandhai),DECREASING,STABLE,60.59
2026-08-12,Vedaranyam(Uzhavar Sandhai),INCREASING,INCREASING,48.57
2026-08-13,Vedaranyam(Uzhavar Sandhai),STABLE,STABLE,60.85
2026-08-14,Vedaranyam(Uzhavar Sandhai),DECREASING,STABLE,54.45
2026-08-15,Vedaranyam(Uzhavar Sandhai),INCREASING,STABLE,40.2
2026-08-16,Vedaranyam(Uzhavar Sandhai),STABLE,STABLE,59.04
2026-08-17,Vedaranyam(Uzhavar Sandhai),DECREASING,STABLE,60.62
2026-08-18,Vedaranyam(Uzhavar Sandhai),INCREASING,INCREASING,45.35
2026-08-19,Vedaranyam(Uzhavar Sandhai),STABLE,STABLE,61.41
2026-08-20,Vedaranyam(Uzhavar Sandhai),STABLE,STABLE,58.5
2026-08-21,Vedaranyam(Uzhavar Sandhai),DECREASING,STABLE,60.02
2026-08-22,Vedaranyam(Uzhavar Sandhai),INCREASING,STABLE,45.42
2026-08-23,Vedaranyam(Uzhavar Sandhai),STABLE,STABLE,63.52
2026-06-29,Vedasanthur(Uzhavar Sandhai ),STABLE,STABLE,66.87
2026-06-30,Vedasanthur(Uzhavar Sandhai ),DECREASING,STABLE,66.25
2026-07-01,Vedasanthur(Uzhavar Sandhai ),STABLE,INCREASING,57.78
2026-07-02,Vedasanthur(Uzhavar Sandhai ),STABLE,INCREASING,57.29
2026-07-03,Vedasanthur(Uzhavar Sandhai ),INCREASING,INCREASING,59.38
2026-07-04,Vedasanthur(Uzhavar Sandhai ),STABLE,STABLE,67.56
2026-07-05,Vedasanthur(Uzhavar Sandhai ),STABLE,STABLE,68.65
2026-07-06,Vedasanthur(Uzhavar Sandhai ),DECREASING,STABLE,70.45
2026-07-07,Vedasanthur(Uzhavar Sandhai ),INCREASING,INCREASING,61.58
2026-07-08,Vedasanthur(Uzhavar Sandhai ),STABLE,STABLE,65.15
2026-07-09,Vedasanthur(Uzhavar Sandhai ),DECREASING,STABLE,69.8
2026-07-10,Vedasanthur(Uzhavar Sandhai ),STABLE,INCREASING,66.45
2026-07-11,Vedasanthur(Uzhavar Sandhai ),INCREASING,INCREASING,67.02
2026-07-12,Vedasanthur(Uzhavar Sandhai ),DECREASING,STABLE,69.03
2026-07-13,Vedasanthur(Uzhavar Sandhai ),STABLE,INCREASING,64.51
2026-07-14,Vedasanthur(Uzhavar Sandhai ),STABLE,INCREASING,64.66
2026-07-15,Vedasanthur(Uzhavar Sandhai ),INCREASING,INCREASING,65.63
2026-07-16,Vedasanthur(Uzhavar Sandhai ),DECREASING,STABLE,70.57
2026-07-17,Vedasanthur(Uzhavar Sandhai ),STABLE,INCREASING,66.99
2026-07-18,Vedasanthur(Uzhavar Sandhai ),INCREASING,INCREASING,67.44
2026-07-19,Vedasanthur(Uzhavar Sandhai ),DECREASING,STABLE,69.07
2026-07-20,Vedasanthur(Uzhavar Sandhai ),STABLE,INCREASING,64.46
2026-07-21,Vedasanthur(Uzhavar Sandhai ),STABLE,INCREASING,64.1
2026-07-22,Vedasanthur(Uzhavar Sandhai ),STABLE,INCREASING,64.66
2026-07-23,Vedasanthur(Uzhavar Sandhai ),INCREASING,INCREASING,65.73
2026-07-24,Vedasanthur(Uzhavar Sandhai ),DECREASING,STABLE,69.71
2026-07-25,Vedasanthur(Uzhavar Sandhai ),INCREASING,INCREASING,66.67
2026-07-26,Vedasanthur(Uzhavar Sandhai ),STABLE,STABLE,68.92
2026-07-27,Vedasanthur(Uzhavar Sandhai ),DECREASING,STABLE,70.64
2026-07-28,Vedasanthur(Uzhavar Sandhai ),STABLE,INCREASING,63.0
2026-07-29,Vedasanthur(Uzhavar Sandhai ),INCREASING,INCREASING,65.04
2026-07-30,Vedasanthur(Uzhavar Sandhai ),DECREASING,STABLE,69.54
2026-07-31,Vedasanthur(Uzhavar Sandhai ),STABLE,INCREASING,65.92
2026-08-01,Vedasanthur(Uzhavar Sandhai ),INCREASING,INCREASING,60.85
2026-08-02,Vedasanthur(Uzhavar Sandhai ),DECREASING,STABLE,67.91
2026-08-03,Vedasanthur(Uzhavar Sandhai ),STABLE,INCREASING,57.94
2026-08-04,Vedasanthur(Uzhavar Sandhai ),INCREASING,INCREASING,57.87
2026-08-05,Vedasanthur(Uzhavar Sandhai ),STABLE,STABLE,70.7
2026-08-06,Vedasanthur(Uzhavar Sandhai ),DECREASING,STABLE,70.19
2026-08-07,Vedasanthur(Uzhavar Sandhai ),STABLE,INCREASING,64.39
2026-08-08,Vedasanthur(Uzhavar Sandhai ),INCREASING,INCREASING,64.64
2026-08-09,Vedasanthur(Uzhavar Sandhai ),DECREASING,STABLE,69.45
2026-08-10,Vedasanthur(Uzhavar Sandhai ),STABLE,INCREASING,64.08
2026-08-11,Vedasanthur(Uzhavar Sandhai ),STABLE,INCREASING,65.13
2026-08-12,Vedasanthur(Uzhavar Sandhai ),STABLE,INCREASING,65.8
2026-08-13,Vedasanthur(Uzhavar Sandhai ),STABLE,INCREASING,66.35
2026-08-14,Vedasanthur(Uzhavar Sandhai ),STABLE,INCREASING,67.22
2026-08-15,Vedasanthur(Uzhavar Sandhai ),INCREASING,INCREASING,67.36
2026-08-16,Vedasanthur(Uzhavar Sandhai ),DECREASING,STABLE,69.37
2026-08-17,Vedasanthur(Uzhavar Sandhai ),STABLE,INCREASING,64.66
2026-08-18,Vedasanthur(Uzhavar Sandhai ),INCREASING,INCREASING,64.65
2026-08-19,Vedasanthur(Uzhavar Sandhai ),STABLE,STABLE,70.78
2026-08-20,Vedasanthur(Uzhavar Sandhai ),DECREASING,STABLE,69.23
2026-08-21,Vedasanthur(Uzhavar Sandhai ),STABLE,INCREASING,66.53
2026-08-22,Vedasanthur(Uzhavar Sandhai ),INCREASING,INCREASING,66.45
2026-08-23,Vedasanthur(Uzhavar Sandhai ),DECREASING,STABLE,76.58
2026-06-29,Velayuthampalayam(Uzhavar Sandhai ),STABLE,STABLE,88.88
2026-06-30,Velayuthampalayam(Uzhavar Sandhai ),STABLE,STABLE,87.85
2026-07-01,Velayuthampalayam(Uzhavar Sandhai ),STABLE,STABLE,88.95
2026-07-02,Velayuthampalayam(Uzhavar Sandhai ),STABLE,STABLE,88.86
2026-07-03,Velayuthampalayam(Uzhavar Sandhai ),STABLE,STABLE,88.81
2026-07-04,Velayuthampalayam(Uzhavar Sandhai ),STABLE,STABLE,88.91
2026-07-05,Velayuthampalayam(Uzhavar Sandhai ),STABLE,STABLE,88.44
2026-07-06,Velayuthampalayam(Uzhavar Sandhai ),STABLE,STABLE,89.78
2026-07-07,Velayuthampalayam(Uzhavar Sandhai ),STABLE,STABLE,89.23
2026-07-08,Velayuthampalayam(Uzhavar Sandhai ),STABLE,STABLE,89.24
2026-07-09,Velayuthampalayam(Uzhavar Sandhai ),STABLE,STABLE,89.05
2026-07-10,Velayuthampalayam(Uzhavar Sandhai ),STABLE,STABLE,88.96
2026-07-11,Velayuthampalayam(Uzhavar Sandhai ),STABLE,STABLE,89.06
2026-07-12,Velayuthampalayam(Uzhavar Sandhai ),STABLE,STABLE,88.23
2026-07-13,Velayuthampalayam(Uzhavar Sandhai ),INCREASING,STABLE,89.86
2026-07-14,Velayuthampalayam(Uzhavar Sandhai ),STABLE,STABLE,88.98
2026-07-15,Velayuthampalayam(Uzhavar Sandhai ),STABLE,STABLE,89.04
2026-07-16,Velayuthampalayam(Uzhavar Sandhai ),STABLE,STABLE,88.52
2026-07-17,Velayuthampalayam(Uzhavar Sandhai ),STABLE,STABLE,88.52
2026-07-18,Velayuthampalayam(Uzhavar Sandhai ),STABLE,STABLE,88.66
2026-07-19,Velayuthampalayam(Uzhavar Sandhai ),STABLE,STABLE,87.89
2026-07-20,Velayuthampalayam(Uzhavar Sandhai ),STABLE,STABLE,89.37
2026-07-21,Velayuthampalayam(Uzhavar Sandhai ),STABLE,STABLE,88.36
2026-07-22,Velayuthampalayam(Uzhavar Sandhai ),STABLE,STABLE,87.4
2026-07-23,Velayuthampalayam(Uzhavar Sandhai ),STABLE,STABLE,86.77
2026-07-24,Velayuthampalayam(Uzhavar Sandhai ),STABLE,STABLE,86.99
2026-07-25,Velayuthampalayam(Uzhavar Sandhai ),STABLE,STABLE,87.44
2026-07-26,Velayuthampalayam(Uzhavar Sandhai ),STABLE,STABLE,86.84
2026-07-27,Velayuthampalayam(Uzhavar Sandhai ),STABLE,STABLE,88.59
2026-07-28,Velayuthampalayam(Uzhavar Sandhai ),STABLE,STABLE,88.0
2026-07-29,Velayuthampalayam(Uzhavar Sandhai ),STABLE,STABLE,87.88
2026-07-30,Velayuthampalayam(Uzhavar Sandhai ),DECREASING,STABLE,87.39
2026-07-31,Velayuthampalayam(Uzhavar Sandhai ),STABLE,STABLE,84.83
2026-08-01,Velayuthampalayam(Uzhavar Sandhai ),STABLE,STABLE,89.24
2026-08-02,Velayuthampalayam(Uzhavar Sandhai ),STABLE,STABLE,88.49
2026-08-03,Velayuthampalayam(Uzhavar Sandhai ),STABLE,STABLE,90.22
2026-08-04,Velayuthampalayam(Uzhavar Sandhai ),STABLE,STABLE,89.76
2026-08-05,Velayuthampalayam(Uzhavar Sandhai ),STABLE,STABLE,89.74
2026-08-06,Velayuthampalayam(Uzhavar Sandhai ),STABLE,STABLE,89.04
2026-08-07,Velayuthampalayam(Uzhavar Sandhai ),STABLE,STABLE,88.97
2026-08-08,Velayuthampalayam(Uzhavar Sandhai ),STABLE,STABLE,89.33
2026-08-09,Velayuthampalayam(Uzhavar Sandhai ),STABLE,STABLE,88.35
2026-08-10,Velayuthampalayam(Uzhavar Sandhai ),STABLE,STABLE,90.02
2026-08-11,Velayuthampalayam(Uzhavar Sandhai ),STABLE,STABLE,89.78
2026-08-12,Velayuthampalayam(Uzhavar Sandhai ),STABLE,STABLE,89.73
2026-08-13,Velayuthampalayam(Uzhavar Sandhai ),STABLE,STABLE,88.67
2026-08-14,Velayuthampalayam(Uzhavar Sandhai ),STABLE,STABLE,88.3
2026-08-15,Velayuthampalayam(Uzhavar Sandhai ),STABLE,STABLE,88.91
2026-08-16,Velayuthampalayam(Uzhavar Sandhai ),STABLE,STABLE,88.01
2026-08-17,Velayuthampalayam(Uzhavar Sandhai ),STABLE,STABLE,89.57
2026-08-18,Velayuthampalayam(Uzhavar Sandhai ),STABLE,STABLE,89.78
2026-08-19,Velayuthampalayam(Uzhavar Sandhai ),STABLE,STABLE,88.85
2026-08-20,Velayuthampalayam(Uzhavar Sandhai ),STABLE,STABLE,88.45
2026-08-21,Velayuthampalayam(Uzhavar Sandhai ),STABLE,STABLE,88.0
2026-08-22,Velayuthampalayam(Uzhavar Sandhai ),STABLE,STABLE,87.27
2026-08-23,Velayuthampalayam(Uzhavar Sandhai ),STABLE,STABLE,85.92
2026-06-29,Vellore APMC,STABLE,STABLE,80.0
2026-06-30,Vellore APMC,STABLE,STABLE,78.49
2026-07-01,Vellore APMC,STABLE,STABLE,78.43
2026-07-02,Vellore APMC,STABLE,STABLE,78.54
2026-07-03,Vellore APMC,STABLE,STABLE,78.24
2026-07-04,Vellore APMC,STABLE,STABLE,78.01
2026-07-07,Vellore APMC,STABLE,STABLE,79.61
2026-07-08,Vellore APMC,STABLE,STABLE,79.35
2026-07-09,Vellore APMC,STABLE,STABLE,78.5
2026-07-10,Vellore APMC,STABLE,STABLE,77.99
2026-07-11,Vellore APMC,DECREASING,STABLE,78.15
2026-07-13,Vellore APMC,STABLE,STABLE,74.25
2026-07-14,Vellore APMC,INCREASING,STABLE,73.07
2026-07-15,Vellore APMC,STABLE,STABLE,80.0
2026-07-16,Vellore APMC,STABLE,STABLE,78.74
2026-07-17,Vellore APMC,STABLE,STABLE,78.29
2026-07-18,Vellore APMC,STABLE,STABLE,78.16
2026-07-19,Vellore APMC,STABLE,STABLE,70.54
2026-07-20,Vellore APMC,DECREASING,STABLE,80.57
2026-07-21,Vellore APMC,STABLE,STABLE,79.54
2026-07-22,Vellore APMC,STABLE,STABLE,77.84
2026-07-23,Vellore APMC,STABLE,STABLE,77.22
2026-07-24,Vellore APMC,STABLE,STABLE,77.54
2026-07-25,Vellore APMC,STABLE,STABLE,78.01
2026-07-26,Vellore APMC,STABLE,STABLE,70.18
2026-07-27,Vellore APMC,STABLE,STABLE,80.19
2026-07-28,Vellore APMC,STABLE,STABLE,78.67
2026-07-29,Vellore APMC,STABLE,STABLE,79.36
2026-07-30,Vellore APMC,STABLE,STABLE,77.99
2026-07-31,Vellore APMC,STABLE,STABLE,77.28
2026-08-01,Vellore APMC,STABLE,STABLE,78.48
2026-08-02,Vellore APMC,STABLE,STABLE,71.4
2026-08-03,Vellore APMC,STABLE,STABLE,81.35
2026-08-04,Vellore APMC,STABLE,STABLE,79.57
2026-08-05,Vellore APMC,STABLE,STABLE,79.97
2026-08-06,Vellore APMC,STABLE,STABLE,79.56
2026-08-07,Vellore APMC,STABLE,STABLE,78.75
2026-08-08,Vellore APMC,STABLE,STABLE,78.53
2026-08-09,Vellore APMC,STABLE,STABLE,71.13
2026-08-10,Vellore APMC,STABLE,STABLE,74.56
2026-08-11,Vellore APMC,STABLE,STABLE,74.39
2026-08-12,Vellore APMC,STABLE,STABLE,73.97
2026-08-13,Vellore APMC,STABLE,STABLE,78.96
2026-08-14,Vellore APMC,STABLE,STABLE,77.72
2026-08-15,Vellore APMC,INCREASING,STABLE,77.96
2026-08-16,Vellore APMC,STABLE,STABLE,69.86
2026-08-17,Vellore APMC,STABLE,STABLE,74.0
2026-08-18,Vellore APMC,STABLE,STABLE,72.51
2026-08-19,Vellore APMC,STABLE,STABLE,72.87
2026-08-20,Vellore APMC,STABLE,STABLE,77.64
2026-08-21,Vellore APMC,STABLE,STABLE,77.1
2026-08-22,Vellore APMC,DECREASING,STABLE,75.4
2026-08-23,Vellore APMC,STABLE,STABLE,67.9
2026-07-01,Vengamedu(Uzhavar Sandhai ),DECREASING,STABLE,41.86
2026-07-06,Vengamedu(Uzhavar Sandhai ),INCREASING,INCREASING,44.17
2026-07-07,Vengamedu(Uzhavar Sandhai ),DECREASING,INCREASING,39.4
2026-07-08,Vengamedu(Uzhavar Sandhai ),INCREASING,INCREASING,41.77
2026-07-09,Vengamedu(Uzhavar Sandhai ),DECREASING,INCREASING,54.79
2026-07-10,Vengamedu(Uzhavar Sandhai ),STABLE,INCREASING,50.1
2026-07-11,Vengamedu(Uzhavar Sandhai ),INCREASING,INCREASING,53.54
2026-07-12,Vengamedu(Uzhavar Sandhai ),DECREASING,DECREASING,54.17
2026-07-13,Vengamedu(Uzhavar Sandhai ),INCREASING,INCREASING,45.99
2026-07-14,Vengamedu(Uzhavar Sandhai ),DECREASING,STABLE,43.78
2026-07-15,Vengamedu(Uzhavar Sandhai ),DECREASING,STABLE,40.05
2026-07-16,Vengamedu(Uzhavar Sandhai ),INCREASING,INCREASING,51.62
2026-07-17,Vengamedu(Uzhavar Sandhai ),INCREASING,INCREASING,47.48
2026-07-18,Vengamedu(Uzhavar Sandhai ),INCREASING,INCREASING,50.62
2026-07-19,Vengamedu(Uzhavar Sandhai ),DECREASING,DECREASING,50.08
2026-07-20,Vengamedu(Uzhavar Sandhai ),INCREASING,INCREASING,49.11
2026-07-21,Vengamedu(Uzhavar Sandhai ),DECREASING,INCREASING,40.92
2026-07-22,Vengamedu(Uzhavar Sandhai ),INCREASING,INCREASING,40.98
2026-07-23,Vengamedu(Uzhavar Sandhai ),INCREASING,INCREASING,49.15
2026-07-24,Vengamedu(Uzhavar Sandhai ),STABLE,INCREASING,51.79
2026-07-25,Vengamedu(Uzhavar Sandhai ),INCREASING,INCREASING,51.92
2026-07-26,Vengamedu(Uzhavar Sandhai ),DECREASING,DECREASING,52.84
2026-07-27,Vengamedu(Uzhavar Sandhai ),INCREASING,INCREASING,51.59
2026-07-28,Vengamedu(Uzhavar Sandhai ),DECREASING,INCREASING,42.32
2026-07-29,Vengamedu(Uzhavar Sandhai ),INCREASING,INCREASING,46.27
2026-07-30,Vengamedu(Uzhavar Sandhai ),STABLE,INCREASING,54.79
2026-07-31,Vengamedu(Uzhavar Sandhai ),INCREASING,INCREASING,54.88
2026-08-01,Vengamedu(Uzhavar Sandhai ),INCREASING,INCREASING,52.23
2026-08-02,Vengamedu(Uzhavar Sandhai ),DECREASING,DECREASING,50.46
2026-08-03,Vengamedu(Uzhavar Sandhai ),INCREASING,INCREASING,47.65
2026-08-04,Vengamedu(Uzhavar Sandhai ),STABLE,STABLE,40.0
2026-08-05,Vengamedu(Uzhavar Sandhai ),STABLE,STABLE,40.83
2026-08-06,Vengamedu(Uzhavar Sandhai ),DECREASING,INCREASING,44.45
2026-08-07,Vengamedu(Uzhavar Sandhai ),INCREASING,INCREASING,48.78
2026-08-08,Vengamedu(Uzhavar Sandhai ),INCREASING,INCREASING,51.74
2026-08-09,Vengamedu(Uzhavar Sandhai ),DECREASING,DECREASING,54.18
2026-08-10,Vengamedu(Uzhavar Sandhai ),INCREASING,INCREASING,49.68
2026-08-11,Vengamedu(Uzhavar Sandhai ),DECREASING,INCREASING,42.45
2026-08-12,Vengamedu(Uzhavar Sandhai ),STABLE,INCREASING,44.27
2026-08-13,Vengamedu(Uzhavar Sandhai ),STABLE,INCREASING,52.12
2026-08-14,Vengamedu(Uzhavar Sandhai ),INCREASING,INCREASING,48.67
2026-08-15,Vengamedu(Uzhavar Sandhai ),INCREASING,INCREASING,48.23
2026-08-16,Vengamedu(Uzhavar Sandhai ),DECREASING,DECREASING,49.31
2026-08-17,Vengamedu(Uzhavar Sandhai ),INCREASING,INCREASING,44.84
2026-08-18,Vengamedu(Uzhavar Sandhai ),DECREASING,INCREASING,39.76
2026-08-19,Vengamedu(Uzhavar Sandhai ),STABLE,INCREASING,43.5
2026-08-20,Vengamedu(Uzhavar Sandhai ),INCREASING,INCREASING,52.87
2026-08-21,Vengamedu(Uzhavar Sandhai ),INCREASING,INCREASING,52.82
2026-08-22,Vengamedu(Uzhavar Sandhai ),INCREASING,INCREASING,57.77
2026-08-23,Vengamedu(Uzhavar Sandhai ),DECREASING,DECREASING,53.78
2026-06-29,Villupuram(Uzhavar Sandhai ),DECREASING,STABLE,62.2
2026-06-30,Villupuram(Uzhavar Sandhai ),INCREASING,STABLE,53.24
2026-07-01,Villupuram(Uzhavar Sandhai ),STABLE,STABLE,65.16
2026-07-02,Villupuram(Uzhavar Sandhai ),STABLE,STABLE,65.28
2026-07-03,Villupuram(Uzhavar Sandhai ),DECREASING,STABLE,63.67
2026-07-04,Villupuram(Uzhavar Sandhai ),INCREASING,STABLE,54.93
2026-07-07,Villupuram(Uzhavar Sandhai ),DECREASING,STABLE,64.43
2026-07-08,Villupuram(Uzhavar Sandhai ),STABLE,STABLE,57.65
2026-07-09,Villupuram(Uzhavar Sandhai ),STABLE,STABLE,54.06
2026-07-10,Villupuram(Uzhavar Sandhai ),STABLE,STABLE,53.37
2026-07-11,Villupuram(Uzhavar Sandhai ),STABLE,STABLE,52.63
2026-07-12,Villupuram(Uzhavar Sandhai ),INCREASING,STABLE,53.06
2026-07-13,Villupuram(Uzhavar Sandhai ),INCREASING,STABLE,64.95
2026-07-14,Villupuram(Uzhavar Sandhai ),DECREASING,STABLE,58.27
2026-07-15,Villupuram(Uzhavar Sandhai ),STABLE,STABLE,52.07
2026-07-16,Villupuram(Uzhavar Sandhai ),STABLE,STABLE,51.86
2026-07-17,Villupuram(Uzhavar Sandhai ),STABLE,STABLE,51.99
2026-07-18,Villupuram(Uzhavar Sandhai ),STABLE,STABLE,51.29
2026-07-19,Villupuram(Uzhavar Sandhai ),STABLE,STABLE,54.04
2026-07-20,Villupuram(Uzhavar Sandhai ),STABLE,STABLE,54.61
2026-07-21,Villupuram(Uzhavar Sandhai ),STABLE,STABLE,53.05
2026-07-22,Villupuram(Uzhavar Sandhai ),STABLE,STABLE,51.68
2026-07-23,Villupuram(Uzhavar Sandhai ),STABLE,STABLE,53.11
2026-07-24,Villupuram(Uzhavar Sandhai ),DECREASING,STABLE,55.79
2026-07-25,Villupuram(Uzhavar Sandhai ),STABLE,STABLE,53.83
2026-07-26,Villupuram(Uzhavar Sandhai ),STABLE,STABLE,54.6
2026-07-27,Villupuram(Uzhavar Sandhai ),STABLE,STABLE,55.34
2026-07-28,Villupuram(Uzhavar Sandhai ),INCREASING,STABLE,52.64
2026-07-29,Villupuram(Uzhavar Sandhai ),STABLE,STABLE,55.48
2026-07-30,Villupuram(Uzhavar Sandhai ),INCREASING,STABLE,52.2
2026-07-31,Villupuram(Uzhavar Sandhai ),STABLE,STABLE,63.14
2026-08-01,Villupuram(Uzhavar Sandhai ),STABLE,STABLE,61.92
2026-08-02,Villupuram(Uzhavar Sandhai ),STABLE,STABLE,57.67
2026-08-03,Villupuram(Uzhavar Sandhai ),INCREASING,STABLE,56.74
2026-08-04,Villupuram(Uzhavar Sandhai ),DECREASING,STABLE,59.29
2026-08-05,Villupuram(Uzhavar Sandhai ),INCREASING,STABLE,57.73
2026-08-06,Villupuram(Uzhavar Sandhai ),STABLE,STABLE,62.91
2026-08-07,Villupuram(Uzhavar Sandhai ),INCREASING,STABLE,63.68
2026-08-08,Villupuram(Uzhavar Sandhai ),STABLE,STABLE,62.96
2026-08-09,Villupuram(Uzhavar Sandhai ),STABLE,STABLE,67.33
2026-08-10,Villupuram(Uzhavar Sandhai ),DECREASING,STABLE,61.84
2026-08-11,Villupuram(Uzhavar Sandhai ),INCREASING,STABLE,57.25
2026-08-12,Villupuram(Uzhavar Sandhai ),STABLE,STABLE,61.35
2026-08-13,Villupuram(Uzhavar Sandhai ),STABLE,STABLE,60.14
2026-08-14,Villupuram(Uzhavar Sandhai ),DECREASING,STABLE,61.0
2026-08-15,Villupuram(Uzhavar Sandhai ),STABLE,STABLE,62.4
2026-08-16,Villupuram(Uzhavar Sandhai ),STABLE,STABLE,66.78
2026-08-17,Villupuram(Uzhavar Sandhai ),DECREASING,STABLE,61.18
2026-08-18,Villupuram(Uzhavar Sandhai ),INCREASING,STABLE,61.52
2026-08-19,Villupuram(Uzhavar Sandhai ),STABLE,STABLE,60.04
2026-08-20,Villupuram(Uzhavar Sandhai ),DECREASING,STABLE,58.43
2026-08-21,Villupuram(Uzhavar Sandhai ),STABLE,STABLE,62.49
2026-08-22,Villupuram(Uzhavar Sandhai ),STABLE,STABLE,61.96
2026-08-23,Villupuram(Uzhavar Sandhai ),STABLE,STABLE,66.88
2026-06-29,Viralimalai(Uzhavar Sandhai ),STABLE,STABLE,73.99
2026-06-30,Viralimalai(Uzhavar Sandhai ),STABLE,STABLE,72.87
2026-07-01,Viralimalai(Uzhavar Sandhai ),INCREASING,STABLE,73.43
2026-07-02,Viralimalai(Uzhavar Sandhai ),DECREASING,STABLE,74.08
2026-07-03,Viralimalai(Uzhavar Sandhai ),STABLE,STABLE,73.19
2026-07-04,Viralimalai(Uzhavar Sandhai ),STABLE,STABLE,73.41
2026-07-05,Viralimalai(Uzhavar Sandhai ),INCREASING,STABLE,73.1
2026-07-06,Viralimalai(Uzhavar Sandhai ),DECREASING,STABLE,74.37
2026-07-07,Viralimalai(Uzhavar Sandhai ),INCREASING,STABLE,73.81
2026-07-08,Viralimalai(Uzhavar Sandhai ),STABLE,STABLE,74.5
2026-07-09,Viralimalai(Uzhavar Sandhai ),STABLE,STABLE,73.63
2026-07-10,Viralimalai(Uzhavar Sandhai ),STABLE,STABLE,72.76
2026-07-11,Viralimalai(Uzhavar Sandhai ),DECREASING,STABLE,73.64
2026-07-12,Viralimalai(Uzhavar Sandhai ),INCREASING,INCREASING,47.6
2026-07-13,Viralimalai(Uzhavar Sandhai ),DECREASING,STABLE,74.94
2026-07-14,Viralimalai(Uzhavar Sandhai ),INCREASING,STABLE,63.97
2026-07-15,Viralimalai(Uzhavar Sandhai ),DECREASING,STABLE,74.25
2026-07-16,Viralimalai(Uzhavar Sandhai ),STABLE,STABLE,56.36
2026-07-17,Viralimalai(Uzhavar Sandhai ),STABLE,STABLE,73.16
2026-07-18,Viralimalai(Uzhavar Sandhai ),STABLE,STABLE,73.61
2026-07-19,Viralimalai(Uzhavar Sandhai ),STABLE,STABLE,72.53
2026-07-20,Viralimalai(Uzhavar Sandhai ),STABLE,STABLE,74.9
2026-07-21,Viralimalai(Uzhavar Sandhai ),STABLE,STABLE,73.14
2026-07-22,Viralimalai(Uzhavar Sandhai ),STABLE,STABLE,58.86
2026-07-23,Viralimalai(Uzhavar Sandhai ),STABLE,STABLE,71.9
2026-07-24,Viralimalai(Uzhavar Sandhai ),STABLE,STABLE,71.87
2026-07-25,Viralimalai(Uzhavar Sandhai ),DECREASING,STABLE,73.26
2026-07-26,Viralimalai(Uzhavar Sandhai ),INCREASING,STABLE,42.78
2026-07-27,Viralimalai(Uzhavar Sandhai ),STABLE,STABLE,73.27
2026-07-28,Viralimalai(Uzhavar Sandhai ),STABLE,STABLE,73.46
2026-07-29,Viralimalai(Uzhavar Sandhai ),STABLE,STABLE,60.0
2026-07-30,Viralimalai(Uzhavar Sandhai ),STABLE,STABLE,72.07
2026-07-31,Viralimalai(Uzhavar Sandhai ),STABLE,STABLE,70.21
2026-08-01,Viralimalai(Uzhavar Sandhai ),DECREASING,STABLE,73.69
2026-08-02,Viralimalai(Uzhavar Sandhai ),INCREASING,INCREASING,53.77
2026-08-03,Viralimalai(Uzhavar Sandhai ),DECREASING,STABLE,74.19
2026-08-04,Viralimalai(Uzhavar Sandhai ),STABLE,STABLE,73.81
2026-08-05,Viralimalai(Uzhavar Sandhai ),STABLE,STABLE,73.72
2026-08-06,Viralimalai(Uzhavar Sandhai ),STABLE,STABLE,63.11
2026-08-07,Viralimalai(Uzhavar Sandhai ),STABLE,STABLE,72.75
2026-08-08,Viralimalai(Uzhavar Sandhai ),DECREASING,STABLE,73.75
2026-08-09,Viralimalai(Uzhavar Sandhai ),INCREASING,INCREASING,46.93
2026-08-10,Viralimalai(Uzhavar Sandhai ),INCREASING,STABLE,74.56
2026-08-11,Viralimalai(Uzhavar Sandhai ),STABLE,STABLE,75.64
2026-08-12,Viralimalai(Uzhavar Sandhai ),STABLE,STABLE,74.48
2026-08-13,Viralimalai(Uzhavar Sandhai ),STABLE,STABLE,73.59
2026-08-14,Viralimalai(Uzhavar Sandhai ),STABLE,STABLE,72.43
2026-08-15,Viralimalai(Uzhavar Sandhai ),DECREASING,STABLE,72.46
2026-08-16,Viralimalai(Uzhavar Sandhai ),INCREASING,INCREASING,47.54
2026-08-17,Viralimalai(Uzhavar Sandhai ),STABLE,STABLE,73.31
2026-08-18,Viralimalai(Uzhavar Sandhai ),DECREASING,STABLE,75.28
2026-08-19,Viralimalai(Uzhavar Sandhai ),INCREASING,INCREASING,47.14
2026-08-20,Viralimalai(Uzhavar Sandhai ),INCREASING,STABLE,55.58
2026-08-21,Viralimalai(Uzhavar Sandhai ),STABLE,STABLE,56.07
2026-08-22,Viralimalai(Uzhavar Sandhai ),DECREASING,STABLE,71.67
2026-08-23,Viralimalai(Uzhavar Sandhai ),INCREASING,STABLE,56.02
2026-06-29,Virudhunagar(Uzhavar Sandhai ),STABLE,DECREASING,39.84
2026-06-30,Virudhunagar(Uzhavar Sandhai ),STABLE,DECREASING,43.39
2026-07-01,Virudhunagar(Uzhavar Sandhai ),DECREASING,DECREASING,47.45
2026-07-02,Virudhunagar(Uzhavar Sandhai ),STABLE,INCREASING,41.93
2026-07-03,Virudhunagar(Uzhavar Sandhai ),DECREASING,INCREASING,49.25
2026-07-04,Virudhunagar(Uzhavar Sandhai ),INCREASING,INCREASING,49.21
2026-07-05,Virudhunagar(Uzhavar Sandhai ),DECREASING,DECREASING,63.09
2026-07-06,Virudhunagar(Uzhavar Sandhai ),DECREASING,INCREASING,49.53
2026-07-07,Virudhunagar(Uzhavar Sandhai ),STABLE,INCREASING,48.46
2026-07-08,Virudhunagar(Uzhavar Sandhai ),INCREASING,INCREASING,48.71
2026-07-09,Virudhunagar(Uzhavar Sandhai ),STABLE,INCREASING,43.51
2026-07-10,Virudhunagar(Uzhavar Sandhai ),INCREASING,INCREASING,49.7
2026-07-11,Virudhunagar(Uzhavar Sandhai ),DECREASING,DECREASING,44.98
2026-07-12,Virudhunagar(Uzhavar Sandhai ),STABLE,DECREASING,65.03
2026-07-13,Virudhunagar(Uzhavar Sandhai ),STABLE,DECREASING,41.31
2026-07-14,Virudhunagar(Uzhavar Sandhai ),INCREASING,DECREASING,46.81
2026-07-15,Virudhunagar(Uzhavar Sandhai ),DECREASING,DECREASING,47.64
2026-07-16,Virudhunagar(Uzhavar Sandhai ),STABLE,DECREASING,44.18
2026-07-17,Virudhunagar(Uzhavar Sandhai ),STABLE,DECREASING,38.14
2026-07-18,Virudhunagar(Uzhavar Sandhai ),STABLE,DECREASING,39.91
2026-07-19,Virudhunagar(Uzhavar Sandhai ),INCREASING,DECREASING,64.56
2026-07-20,Virudhunagar(Uzhavar Sandhai ),STABLE,STABLE,41.41
2026-07-21,Virudhunagar(Uzhavar Sandhai ),DECREASING,DECREASING,42.44
2026-07-22,Virudhunagar(Uzhavar Sandhai ),INCREASING,DECREASING,50.87
2026-07-23,Virudhunagar(Uzhavar Sandhai ),STABLE,DECREASING,41.74
2026-07-24,Virudhunagar(Uzhavar Sandhai ),DECREASING,STABLE,39.92
2026-07-25,Virudhunagar(Uzhavar Sandhai ),STABLE,DECREASING,39.74
2026-07-26,Virudhunagar(Uzhavar Sandhai ),STABLE,DECREASING,59.44
2026-07-27,Virudhunagar(Uzhavar Sandhai ),INCREASING,DECREASING,38.69
2026-07-28,Virudhunagar(Uzhavar Sandhai ),INCREASING,STABLE,41.58
2026-07-29,Virudhunagar(Uzhavar Sandhai ),DECREASING,STABLE,46.6
2026-07-30,Virudhunagar(Uzhavar Sandhai ),STABLE,DECREASING,44.68
2026-07-31,Virudhunagar(Uzhavar Sandhai ),STABLE,STABLE,42.61
2026-08-01,Virudhunagar(Uzhavar Sandhai ),STABLE,DECREASING,41.4
2026-08-02,Virudhunagar(Uzhavar Sandhai ),DECREASING,DECREASING,66.31
2026-08-03,Virudhunagar(Uzhavar Sandhai ),STABLE,DECREASING,45.11
2026-08-04,Virudhunagar(Uzhavar Sandhai ),INCREASING,DECREASING,47.37
2026-08-05,Virudhunagar(Uzhavar Sandhai ),STABLE,DECREASING,43.43
2026-08-06,Virudhunagar(Uzhavar Sandhai ),STABLE,DECREASING,40.69
2026-08-07,Virudhunagar(Uzhavar Sandhai ),DECREASING,DECREASING,39.04
2026-08-08,Virudhunagar(Uzhavar Sandhai ),INCREASING,DECREASING,44.83
2026-08-09,Virudhunagar(Uzhavar Sandhai ),DECREASING,DECREASING,66.4
2026-08-10,Virudhunagar(Uzhavar Sandhai ),INCREASING,DECREASING,44.4
2026-08-11,Virudhunagar(Uzhavar Sandhai ),STABLE,DECREASING,41.3
2026-08-12,Virudhunagar(Uzhavar Sandhai ),STABLE,DECREASING,44.03
2026-08-13,Virudhunagar(Uzhavar Sandhai ),STABLE,DECREASING,42.41
2026-08-14,Virudhunagar(Uzhavar Sandhai ),DECREASING,DECREASING,39.97
2026-08-15,Virudhunagar(Uzhavar Sandhai ),DECREASING,DECREASING,43.34
2026-08-16,Virudhunagar(Uzhavar Sandhai ),INCREASING,DECREASING,53.14
2026-08-17,Virudhunagar(Uzhavar Sandhai ),DECREASING,STABLE,50.18
2026-08-18,Virudhunagar(Uzhavar Sandhai ),STABLE,STABLE,47.58
2026-08-19,Virudhunagar(Uzhavar Sandhai ),STABLE,DECREASING,41.27
2026-08-20,Virudhunagar(Uzhavar Sandhai ),STABLE,STABLE,47.2
2026-08-21,Virudhunagar(Uzhavar Sandhai ),DECREASING,STABLE,47.65
2026-08-22,Virudhunagar(Uzhavar Sandhai ),STABLE,DECREASING,40.82
2026-08-23,Virudhunagar(Uzhavar Sandhai ),DECREASING,DECREASING,61.79
2026-06-29,Viruthachalam(Uzhavar Sandhai ),STABLE,STABLE,76.99
2026-06-30,Viruthachalam(Uzhavar Sandhai ),STABLE,STABLE,75.74
2026-07-01,Viruthachalam(Uzhavar Sandhai ),STABLE,STABLE,78.21
2026-07-02,Viruthachalam(Uzhavar Sandhai ),STABLE,STABLE,77.12
2026-07-03,Viruthachalam(Uzhavar Sandhai ),STABLE,STABLE,77.82
2026-07-04,Viruthachalam(Uzhavar Sandhai ),STABLE,STABLE,78.47
2026-07-05,Viruthachalam(Uzhavar Sandhai ),STABLE,STABLE,77.1
2026-07-06,Viruthachalam(Uzhavar Sandhai ),STABLE,STABLE,80.17
2026-07-07,Viruthachalam(Uzhavar Sandhai ),STABLE,STABLE,78.68
2026-07-08,Viruthachalam(Uzhavar Sandhai ),STABLE,STABLE,78.88
2026-07-09,Viruthachalam(Uzhavar Sandhai ),STABLE,STABLE,78.02
2026-07-10,Viruthachalam(Uzhavar Sandhai ),STABLE,STABLE,77.56
2026-07-11,Viruthachalam(Uzhavar Sandhai ),STABLE,STABLE,78.47
2026-07-12,Viruthachalam(Uzhavar Sandhai ),STABLE,STABLE,76.52
2026-07-13,Viruthachalam(Uzhavar Sandhai ),STABLE,STABLE,78.49
2026-07-14,Viruthachalam(Uzhavar Sandhai ),STABLE,STABLE,77.85
2026-07-15,Viruthachalam(Uzhavar Sandhai ),STABLE,STABLE,77.77
2026-07-16,Viruthachalam(Uzhavar Sandhai ),STABLE,STABLE,76.6
2026-07-17,Viruthachalam(Uzhavar Sandhai ),STABLE,STABLE,76.63
2026-07-18,Viruthachalam(Uzhavar Sandhai ),STABLE,STABLE,77.6
2026-07-19,Viruthachalam(Uzhavar Sandhai ),STABLE,STABLE,75.52
2026-07-20,Viruthachalam(Uzhavar Sandhai ),STABLE,STABLE,79.0
2026-07-21,Viruthachalam(Uzhavar Sandhai ),DECREASING,STABLE,76.89
2026-07-22,Viruthachalam(Uzhavar Sandhai ),INCREASING,STABLE,46.96
2026-07-23,Viruthachalam(Uzhavar Sandhai ),DECREASING,STABLE,72.96
2026-07-24,Viruthachalam(Uzhavar Sandhai ),INCREASING,STABLE,46.23
2026-07-25,Viruthachalam(Uzhavar Sandhai ),STABLE,STABLE,73.51
2026-07-26,Viruthachalam(Uzhavar Sandhai ),STABLE,STABLE,74.38
2026-07-27,Viruthachalam(Uzhavar Sandhai ),STABLE,STABLE,76.33
2026-07-28,Viruthachalam(Uzhavar Sandhai ),DECREASING,STABLE,75.05
2026-07-29,Viruthachalam(Uzhavar Sandhai ),INCREASING,STABLE,45.21
2026-07-30,Viruthachalam(Uzhavar Sandhai ),STABLE,STABLE,70.79
2026-07-31,Viruthachalam(Uzhavar Sandhai ),STABLE,STABLE,73.69
2026-08-01,Viruthachalam(Uzhavar Sandhai ),STABLE,STABLE,78.73
2026-08-02,Viruthachalam(Uzhavar Sandhai ),STABLE,STABLE,76.8
2026-08-03,Viruthachalam(Uzhavar Sandhai ),STABLE,STABLE,79.51
2026-08-04,Viruthachalam(Uzhavar Sandhai ),STABLE,STABLE,78.54
2026-08-05,Viruthachalam(Uzhavar Sandhai ),STABLE,STABLE,78.57
2026-08-06,Viruthachalam(Uzhavar Sandhai ),STABLE,STABLE,77.86
2026-08-07,Viruthachalam(Uzhavar Sandhai ),STABLE,STABLE,77.88
2026-08-08,Viruthachalam(Uzhavar Sandhai ),STABLE,STABLE,77.71
2026-08-09,Viruthachalam(Uzhavar Sandhai ),STABLE,STABLE,76.92
2026-08-10,Viruthachalam(Uzhavar Sandhai ),STABLE,STABLE,79.92
2026-08-11,Viruthachalam(Uzhavar Sandhai ),STABLE,STABLE,78.59
2026-08-12,Viruthachalam(Uzhavar Sandhai ),STABLE,STABLE,78.59
2026-08-13,Viruthachalam(Uzhavar Sandhai ),STABLE,STABLE,77.77
2026-08-14,Viruthachalam(Uzhavar Sandhai ),STABLE,STABLE,76.93
2026-08-15,Viruthachalam(Uzhavar Sandhai ),STABLE,STABLE,77.67
2026-08-16,Viruthachalam(Uzhavar Sandhai ),STABLE,STABLE,76.1
2026-08-17,Viruthachalam(Uzhavar Sandhai ),STABLE,STABLE,79.22
2026-08-18,Viruthachalam(Uzhavar Sandhai ),STABLE,STABLE,76.04
2026-08-19,Viruthachalam(Uzhavar Sandhai ),STABLE,STABLE,75.53
2026-08-20,Viruthachalam(Uzhavar Sandhai ),DECREASING,STABLE,75.62
2026-08-21,Viruthachalam(Uzhavar Sandhai ),INCREASING,STABLE,47.64
2026-08-22,Viruthachalam(Uzhavar Sandhai ),STABLE,STABLE,72.76
2026-08-23,Viruthachalam(Uzhavar Sandhai ),DECREASING,STABLE,71.31
